Date,Time,Game ID,Custom Game ID,Partner,Sport,Level,Home Team,Away Team,Site,Subsite,BillTo
09/07/2025,11:00,22002475,,GotSport,Soccer,U-19,EAST GREENWICH SA EGSA THUNDER 2009,HIGHLAND YOUTH SOCCER CLUB GALAXY 2008,E GREENWICH - THOMPSON FAMILY PARK,,
09/07/2025,11:00,21318415,,GotSport,Soccer,U-15,DELRAN FC SOCCER DELRAN FC BLAST 2011,MEDFORD SC MEDFORD SC RENEGADES 2011,,,
09/07/2025,11:00,21318454,,GotSport,Soccer,U-14,PENNSVILLE SOCCER ASSOCIATION PENNSVILLE EAGLES 2012,SWEDESBORO WOOLWICH SOCCER ASSOC. SWSA SHARKS 2012,PENNSVILLE,,
09/07/2025,11:00,21353097,,GotSport,Soccer,U-11,MAINLAND UNITED SA MAINLAND UNITED SA MUSTANGS BLACK 2015 B,WINSLOW TOWNSHIP YSA WINSLOW TITANS 2015,MAINLAND - MEMORIAL PARK,,
09/07/2025,11:00,21375421,,GotSport,Soccer,U-11,HARRISON SC HARRISON BLUE REBELS 2015,GATEWAY UNITED SOCCER CLUB GUSC THUNDER B2016,HARRISON - William Wilt Soccer Complex,,
09/07/2025,11:00,21333248,,GotSport,Soccer,U-13,HIGHLAND YOUTH SOCCER CLUB FURY 2013,MEDFORD SC MEDFORD SC BLUE DEVILS 2013,HIGHLAND - GLOUCESTER TWP PARK,,
09/07/2025,11:00,21354879,,GotSport,Soccer,U-13,MONROE TOWNSHIP YS MONROE UNITED 2013,MARLTON SOCCER CLUB MARLTON SC CHIEFS ORANGE 2014,MONROE TWP - CORKERY LANE,,
09/07/2025,11:00,21354878,,GotSport,Soccer,U-13,VOORHEES SA PREDATORS 2013,CINNAMINSON SC CINNAMINSON SC THUNDERBIRDS 2013,VOORHEES-EASTERN HS,,
09/07/2025,11:00,21318297,,GotSport,Soccer,U-15,WOODBURY SOCCER CLUB WOODBURY ARMORY 2011,PALMYRA RIVERTON SC WARRIORS 2011,WOODBURY,,
09/07/2025,11:00,21392090,,GotSport,Soccer,U-11,MARLTON SOCCER CLUB MARLTON SC CHIEFS WHITE 2015,AUDUBON SOCCER YOUTH ASSOCIATION AUDUBON BOYS LIGHTNING 2015,MARLTON - MEMORIAL,,
09/07/2025,11:00,21324743,,GotSport,Soccer,U-14,WTSC WTSC WASHINGTON PREMIER 2012 BOYS,MOUNT LAUREL UNITED (MLU) HAWKS 2012,,,
09/07/2025,11:00,21318300,,GotSport,Soccer,U-15,HAMMONTON YSA HAMMONTON HEAT BOYS 2011,VOORHEES SA FORCE 2012,HAMMONTON - MOSS MILL RD PARK SOCCER COMPLEX,,
09/07/2025,11:00,21318413,,GotSport,Soccer,U-15,MANTUA TOWNSHIP SA 2011B MANTUA UNION,BURLINGTON TOWNSHIP SOCCER REBELS 2011,MANTUA TWP,,
09/07/2025,11:00,22116990,,GotSport,Soccer,U-8,WTSC WTSC WASHINGTON SELECT 2018 BOYS,DEPTFORD SA DEPTFORD SPARTANS 2018 BOYS,,,
09/07/2025,11:00,21444935,,GotSport,Soccer,U-11,SENECA UNITED SC PARK RANGERS 2015,MEDFORD SC MEDFORD SC GOLD 2015,SENECA - STONEY CREEK FIELDS,,
09/07/2025,11:00,21445026,,GotSport,Soccer,U-9,WTSC WTSC WASHINGTON SELECT 2017B,AUDUBON SOCCER YOUTH ASSOCIATION AUDUBON BOYS 2017 TEAM 2,,,
09/07/2025,11:00,21346713,,GotSport,Soccer,U-11,DEPTFORD SA CYCLONES 2015,SJ FUTBOL CLUB SJ FUTBOL CLUB RAMS 2015,DEPTFORD SC,,
09/07/2025,12:00,21374654,,GotSport,Soccer,U-12,VOORHEES SA LIGHTNING 2014,HADDONFIELD SC RED 2014,VOORHEES-Echelon Complex,,
09/07/2025,12:00,21333002,,GotSport,Soccer,U-12,CHERRY HILL SC CHERRY HILL SC TITANS (2014),BURLINGTON TOWNSHIP SOCCER DYNAMITE 2014,CHSC - UPPER CHAPEL TURF,,
09/07/2025,12:00,21324315,,GotSport,Soccer,U-11,MILLVILLE SA MILLVILLE WARRIORS 2015,BURLINGTON TOWNSHIP SOCCER PHOENIX 2015,MILLVILLE SOCCER COMPLEX,,
09/07/2025,12:00,21342467,,GotSport,Soccer,U-9,SWEDESBORO WOOLWICH SOCCER ASSOC. SWSA VIPERS 2017,PENNS GROVE SC PENNS GROVE SC RENEGADES 2017,SW-Locke Avenue Park,,
09/07/2025,12:00,21444254,,GotSport,Soccer,U-12,WATERFORD ATHLETIC ASSN WINGS 2014,FRANKLIN TOWNSHIP YOUTH SOCCER ASSOCIATION KNIGHTS 2014,,,
09/07/2025,12:00,21352251,,GotSport,Soccer,U-16,WINSLOW TOWNSHIP YSA WINSLOW SLAYERS 2010,FRANKLIN TOWNSHIP YOUTH SOCCER ASSOCIATION STORM 2010,,,
09/07/2025,12:00,21444257,,GotSport,Soccer,U-12,MOORESTOWN SC HORNETS 2014,HARRISON SC HARRISON STRIKERS 2014,MOORESTOWN - SALEM RD/PRYOR PARK,,
09/07/2025,12:00,21374451,,GotSport,Soccer,U-14,CHERRY HILL FC 2012 JUNIORS BLACK,LOGAN SOCCER CLUB  LOGAN FORCE 2012,,,
09/07/2025,12:00,21353098,,GotSport,Soccer,U-11,CAPE EXPRESS CE SILVER STREAK 2015,MEDFORD SC MEDFORD SC WHITE 2015,CAPE EX SOCCER COMPLEX At Ockie Wisting,,
09/07/2025,12:00,21444936,,GotSport,Soccer,U-11,EAST GREENWICH SA EGSA TIGERS 2015,LOGAN SOCCER CLUB  LOGAN ARMADA BLACK 2015,E GREENWICH - THOMPSON FAMILY PARK,,
09/07/2025,12:00,21349228,,GotSport,Soccer,U-8,SENECA UNITED SC STORM 2018,HIGHLAND YOUTH SOCCER CLUB U8 BOYS 2018,SENECA - STONEY CREEK FIELDS,,
09/07/2025,12:00,21391789,,GotSport,Soccer,U-13,PALMYRA RIVERTON SC YOUNGBLOODS 2013,MOUNT LAUREL UNITED (MLU) GALAXY 2013,PAL-RIV - LEGION FIELD 11v11,,
09/07/2025,12:00,21409400,,GotSport,Soccer,U-10,EAST GREENWICH SA EGSA FALCONS 2016,PENNS GROVE SC PENNS GROVE SC DRAGONS 2016,E GREENWICH - THOMPSON FAMILY PARK,,
09/07/2025,12:00,21354940,,GotSport,Soccer,U-11,WEST DEPTFORD SC ANIMALS 2015,HADDON HEIGHTS SC HADDON HEIGHTS SC CHEETAHS 2015,W DEPTFORD-WD PARK,,
09/07/2025,12:00,21318414,,GotSport,Soccer,U-15,LOGAN SOCCER CLUB  LOGAN BLAZE 2011,SWEDESBORO WOOLWICH SOCCER ASSOC. SWSA RED FLAMES 2011,LOGAN - TWP LINE,,
09/07/2025,12:00,21332167,,GotSport,Soccer,U-9,VOORHEES SA BLUE DEVILS 2017,CINNAMINSON SC CINNAMINSON SC RED 2017,VOORHEES-Echelon Complex,,
09/07/2025,12:00,21349260,,GotSport,Soccer,U-8,DELRAN FC SOCCER DELRAN FC GREY 2018,NORTHERN BURLINGTON SA NORTHERN BURLINGTON BASH 2018,,,
09/07/2025,12:00,21375570,,GotSport,Soccer,U-9,LOGAN SOCCER CLUB  LOGAN BOOM BLUE 2017,LOGAN SOCCER CLUB  LOGAN BOOM BLACK 2017,LOGAN - TWP LINE,,
09/07/2025,12:00,21318298,,GotSport,Soccer,U-15,HADDONFIELD SC WHITE 2011,HIGHLAND YOUTH SOCCER CLUB U15 BOYS 2011/12,HADDONFIELD - CROWS WOODS,,
09/07/2025,12:00,21318368,,GotSport,Soccer,U-10,HADDONFIELD SC RED 2016,DELRAN FC SOCCER SHARKS 2016,HADDONFIELD - CROWS WOODS,,
09/07/2025,12:00,21345289,,GotSport,Soccer,U-10,MONROE TOWNSHIP YS MONROE UNITED 2017,HARRISON SC HARRISON HORNETS 2016,MONROE TWP - CORKERY LANE,,
09/07/2025,12:30,21342792,,GotSport,Soccer,U-9,RANCOCAS VALLEY SC RANCOCAS VALLEY SC BOYS PREMIER 2017,AUDUBON SOCCER YOUTH ASSOCIATION AUDUBON CROSSFIRE 2017,Rancocas Valley-LUMBERTON MUNICIPAL,,
09/07/2025,12:30,21353140,,GotSport,Soccer,U-12,HIGHLAND YOUTH SOCCER CLUB THUNDER 2014,VOORHEES SA VIKINGS 2014,HIGHLAND - GLOUCESTER TWP PARK,,
09/07/2025,12:30,21716254,,GotSport,Soccer,U-10,PALMYRA RIVERTON SC LEGENDARY 2016,MOORESTOWN SC TIGERS 2016,,,
09/07/2025,12:30,21346039,,GotSport,Soccer,U-9,DEPTFORD SA SCORPIONS 2017,BORDENTOWN FC BORDENTOWN FC REVOLUTION 2017,DEPTFORD SC,,
09/07/2025,12:30,21354864,,GotSport,Soccer,U-10,HARRISON SC HARRISON LEGENDS 2016,CINNAMINSON SC CINNAMINSON SC VIPERS 2016,HARRISON - William Wilt Soccer Complex,,
09/07/2025,12:30,21332817,,GotSport,Soccer,U-13,MONROE TOWNSHIP YS UNITED BOYS BLUE 2013,WTSC WTSC WASHINGTON UNITED 2014B,MONROE TWP - CORKERY LANE,,
09/07/2025,12:30,21332816,,GotSport,Soccer,U-13,MARLTON SOCCER CLUB MARLTON SC CHIEFS WHITE 2013,PENNSAUKEN YOUTH SOCCER CLUB REBELS 2013,MARLTON - MEMORIAL,,
09/07/2025,12:30,21354850,,GotSport,Soccer,U-10,WTSC WTSC WASHINGTON UNITED 2016B,EGG HARBOR TOWNSHIP SC EGG HARBOR SC EAGLES WHITE 2016,,,
09/07/2025,12:30,21346056,,GotSport,Soccer,U-9,CHERRY HILL SC CHERRY HILL SC COBRAS 2017,HADDON TWP SOCCER CLUB HADDON TWP. WHITE HAWKS 2017,CHSC - CH WEST HS,,
09/07/2025,12:30,21409147,,GotSport,Soccer,U-10,PITMAN SA PITMAN SA BOBCATS 2016,GATEWAY UNITED SOCCER CLUB GUSC GATORS B2016/17,PITMAN - Dell,,
09/07/2025,12:30,21391790,,GotSport,Soccer,U-13,WOODBURY SOCCER CLUB WOODBURY BISON 2013,HADDONFIELD SC BLACK 2013,WOODBURY,,
09/07/2025,12:30,21373602,,GotSport,Soccer,U-10,WOODSTOWN SOCCER CLUB WOODSTOWN WOLVES 2016,MOORESTOWN SC RENEGADES 2016,WOODSTOWN,,
09/07/2025,12:30,21354720,,GotSport,Soccer,U-12,GATEWAY UNITED SOCCER CLUB GU GREYHOUNDS 2014,MANTUA TOWNSHIP SA MANTUA OUTLAWS 2014B,GATEWAY UTD. - WESTVILLE,,
09/07/2025,12:30,21354722,,GotSport,Soccer,U-12,MEDFORD SC MEDFORD SC CAROLINA 2014,TBAA TBAA TBAA SYNDICATE 2014,MEDFORD - BENDE PARK,,
09/07/2025,12:30,21332119,,GotSport,Soccer,U-12,COLLINGSWOOD OAKLYN SOCCER CLUB COSC JAGUARS 2015,TBAA TBAA TBAA REVOLUTION 2015,COSC- Oaklyn Public School,,
09/07/2025,12:30,21352107,,GotSport,Soccer,U-11,SENECA UNITED SC RAPTORS 2015,MEDFORD SC MEDFORD SC COLUMBIA 2015,SENECA - STONEY CREEK FIELDS,,
09/07/2025,12:30,21352106,,GotSport,Soccer,U-11,EDGEWATER PARK ATHLETIC ASSOCIATION EP WARRIORS 2015,ATLANTIC UNITED SOCCER CLUB ATLANTIC UNITED PREMIER FIRE 2015 B,,,
09/07/2025,12:30,21349053,,GotSport,Soccer,U-9,CINNAMINSON SC CINNAMINSON SC UNION 2017,MARLTON SOCCER CLUB MARLTON SC CHIEFS WHITE 2017,CINNAMINSON SC - MEMORIAL,,
09/07/2025,12:30,21405644,,GotSport,Soccer,U-10,MILLVILLE SA MILLVILLE THUNDER 2016,MAINLAND UNITED SA MAINLAND UNITED SA MUSTANGS RED 2016 B,MILLVILLE SOCCER COMPLEX,,
09/07/2025,12:30,21324680,,GotSport,Soccer,U-13,VOORHEES SA RAPTORS 2013,EGG HARBOR TOWNSHIP SC EGG HARBOR SC EAGLES BLACK 2013,VOORHEES-EASTERN HS,,
09/07/2025,12:30,21324744,,GotSport,Soccer,U-14,CINNAMINSON SC CINNAMINSON SC SKULLS 2012,MOORESTOWN SC UNION 2012,CINNAMINSON SC - MEMORIAL,,
09/07/2025,12:30,21444256,,GotSport,Soccer,U-12,HADDONFIELD SC BLACK 2014,PENNSVILLE SOCCER ASSOCIATION PENNSVILLE EAGLES 2014,HADDONFIELD - CROWS WOODS,,
09/07/2025,12:30,21444937,,GotSport,Soccer,U-11,HARRISON SC HARRISON BLUE ARSENAL 2015,SWEDESBORO WOOLWICH SOCCER ASSOC. SWSA GUNNERS 2015,HARRISON - William Wilt Soccer Complex,,
09/07/2025,12:30,21318367,,GotSport,Soccer,U-10,CINNAMINSON SC CINNAMINSON SC LIGHTNING 2016,VOORHEES SA DESTROYERS 2016,CINNAMINSON SC - MEMORIAL,,
09/07/2025,12:30,21346835,,GotSport,Soccer,U-13,CHERRY HILL SC CHERRY HILL SC UNITED 2014,CHERRY HILL FC RED HAWKS 2013,CHSC - CH WEST HS,,
09/07/2025,12:30,21444975,,GotSport,Soccer,U-11,PITMAN SA PITMAN SA WILDCATS 2015,PENNSVILLE SOCCER ASSOCIATION PENNSVILLE EAGLES BLUE 2015,PITMAN-LAMBS ROAD,,
09/07/2025,12:30,21375420,,GotSport,Soccer,U-11,PENNSVILLE SOCCER ASSOCIATION PENNSVILLE EAGLES GOLD 2015,NORTHERN BURLINGTON SA NORTHERN BURLINGTON JACKALS 2015,PENNSVILLE,,
09/07/2025,12:30,21354880,,GotSport,Soccer,U-13,MEDFORD STRIKERS SC MEDFORD STRIKERS 2013 BOYS,EGG HARBOR TOWNSHIP SC EGG HARBOR SC EAGLES WHITE 2013,MEDFORD STRIKERS - ARK ROAD COMPLEX,,
09/07/2025,12:30,21392018,,GotSport,Soccer,U-8,HADDON TWP SOCCER CLUB HADDON TWP. RED HAWKS 2018,PITTSGROVE SOCCER CLUB PSC DYNASTY 2018,,,
09/07/2025,12:30,21332250,,GotSport,Soccer,U-11,MAPLE SHADE SC MAPLE SHADE WILD 2015,CHERRY HILL SC CHERRY HILL SC COMETS (2015),MAPLE SHADE - TURF FIELD,,
09/07/2025,12:30,21349345,,GotSport,Soccer,U-13,WOODSTOWN SOCCER CLUB WOODSTOWN WOLVERINES 2013,VOORHEES SA VOORHEES COSMOS 2013,WOODSTOWN,,
09/07/2025,12:30,21347620,,GotSport,Soccer,U-8,HADDON HEIGHTS SC VIPERS 2018,HADDONFIELD SC REBELS 2018,HADD HGTS - DEVON,,
09/07/2025,12:30,21351921,,GotSport,Soccer,U-13,UPPER TOWNSHIP SA UPPER TOWNSHIP SA HURRICANES WHITE 2014,MILLVILLE SA MILLVILLE REBELS 2013,UPPER TWP-Amanda's Field Complex,,
09/07/2025,12:30,21324316,,GotSport,Soccer,U-11,WOODSTOWN SOCCER CLUB WOODSTOWN WILD 2015,UPPER TOWNSHIP SA UPPER TOWNSHIP SA COMETS WHITE 2015,WOODSTOWN,,
09/07/2025,12:30,21345319,,GotSport,Soccer,U-11,MAINLAND UNITED SA MAINLAND UNITED SA MUSTANGS RED 2015 B,PENNS GROVE SC PENNS GROVE SC LIL DEVILS 2015,MAINLAND - MEMORIAL PARK,,
09/07/2025,12:30,21345320,,GotSport,Soccer,U-11,RANCOCAS VALLEY SC RANCOCAS VALLEY SC BOYS UNITED 2015,PENNSAUKEN YOUTH SOCCER CLUB UNITED 2015,Rancocas Valley-LUMBERTON MUNICIPAL,,
09/07/2025,12:30,21366128,,GotSport,Soccer,U-12,PITTSGROVE SOCCER CLUB PSC PREMIER 2014,TBAA TBAA TBAA OUTLAWS 2014,PITTSGROVE-GREEN BRANCH,,
09/07/2025,12:30,21352823,,GotSport,Soccer,U-11,HADDON TWP SOCCER CLUB HADDON TWP RED HAWKS 2015,UPPER TOWNSHIP SA UPPER TOWNSHIP SA SUPER SONICS 2015,HADDON TWP - RECCHINO FIELDS,,
09/07/2025,12:30,21367882,,GotSport,Soccer,U-11,VINELAND SA VINELAND FC 2015B,EGG HARBOR TOWNSHIP SC EGG HARBOR SC EAGLES BLACK 2015,VINELAND SA,,
09/07/2025,12:30,21349318,,GotSport,Soccer,U-12,WTSC WTSC WASHINGTON SELECT 2014B,RANCOCAS VALLEY SC RVSC - FOREST 2014,,,
09/07/2025,12:30,21342794,,GotSport,Soccer,U-9,BURLINGTON TOWNSHIP SOCCER BT FIRE 2017,SJ FUTBOL CLUB SJ FUTBOL CLUB HAMMERS 2017,BURLINGTON TWP - PINEWALD AVE,,
09/07/2025,12:30,21349386,,GotSport,Soccer,U-14,AUDUBON SOCCER YOUTH ASSOCIATION AUDUBON SOCCER YOUTH BALLERS 2012,WEST DEPTFORD SC UNION 2012,AUDUBON - GREEN WAVE PARK,,
09/07/2025,12:30,21345291,,GotSport,Soccer,U-10,MOUNT LAUREL UNITED (MLU) REVOLUTION 2016,MEDFORD SC MEDFORD SC COLUMBIA 2016,MLU-MARNE HWY,,
09/07/2025,12:30,21375356,,GotSport,Soccer,U-9,WTSC WTSC WASHINGTON PREMIER 2017B,MOORESTOWN SC SCORPIONS 2017,,,
09/07/2025,12:30,21405645,,GotSport,Soccer,U-10,UPPER TOWNSHIP SA UPPER TOWNSHIP SA BREAKERS 2016,HIGHLAND YOUTH SOCCER CLUB HAVOK 2016,UPPER TWP-Amanda's Field Complex,,
09/07/2025,12:30,21375358,,GotSport,Soccer,U-9,MEDFORD SC MEDFORD SC WHITE LIGHTNING 2017B,HADDON HEIGHTS SC HAVOC 2017,MEDFORD SC - Bob Meyer Memorial Park,,
09/07/2025,12:30,21409704,,GotSport,Soccer,U-16,WTSC WTSC WASHINGTON UNITED 2010 BOYS,BORDENTOWN FC BORDENTOWN FC PANTHERS 2010,,,
09/07/2025,12:30,21342082,,GotSport,Soccer,U-11,MOUNT LAUREL UNITED (MLU) KNIGHTS 2015B,MOORESTOWN SC VIPERS 2015,MLU-TROTTERS,,
09/07/2025,12:30,21716236,,GotSport,Soccer,U-10,CHERRY HILL SC CHERRY HILL SC BLUE STORM (2016) - BOYS,WINSLOW TOWNSHIP YSA WINSLOW SPARTANS 2016,CHSC - UPPER CHAPEL TURF,,
09/07/2025,12:40,21317867,,GotSport,Soccer,U-15,DELRAN FC SOCCER DELRAN FC FLASH 2011,WINSLOW TOWNSHIP YSA WINSLOW WILDCATS 2011,,,
09/07/2025,12:45,21352250,,GotSport,Soccer,U-16,EAST GREENWICH SA EGSA BLAZE 2010,HARRISON SC HARRISON SC STORM 2010,E GREENWICH - THOMPSON FAMILY PARK,,
09/07/2025,12:45,21345321,,GotSport,Soccer,U-11,HAMMONTON YSA HAMMONTON HEAT BOYS 2015,LOGAN SOCCER CLUB  LOGAN ARMADA WHITE 2015,HAMMONTON - MOSS MILL RD PARK SOCCER COMPLEX,,
09/07/2025,13:00,21375422,,GotSport,Soccer,U-11,MANTUA TOWNSHIP SA MANTUA FROGS 2015B,BURLINGTON TOWNSHIP SOCCER THUNDER 2015,MANTUA TWP,,
09/07/2025,13:00,21445028,,GotSport,Soccer,U-9,HADDONFIELD SC BLACK 2017,HADDON HEIGHTS SC PHANTOMS 2017,HADDONFIELD - CROWS WOODS,,
09/07/2025,13:15,21324317,,GotSport,Soccer,U-11,WATERFORD ATHLETIC ASSN WATERFORD WINGS 2015,NORTHERN BURLINGTON SA NORTHERN BURLINGTON STORM 2015,,,
09/07/2025,13:15,21390183,,GotSport,Soccer,U-10,LOGAN SOCCER CLUB  LOGAN MAYHEM BLACK 2016,MARLTON SOCCER CLUB MARLTON SC CHIEFS WHITE 2016,LOGAN - TWP LINE,,
09/07/2025,13:15,21349319,,GotSport,Soccer,U-12,WEST DEPTFORD SC AVALANCHE 2014,TBAA TBAA TBAA REVOLUTION 2014,W DEPTFORD-WD PARK,,
09/07/2025,13:15,21346485,,GotSport,Soccer,U-10,DELRAN FC SOCCER DELRAN FC UNION 2016,TBAA TBAA TBAA KNIGHTS 2016,,,
09/07/2025,13:15,21353138,,GotSport,Soccer,U-12,EAST GREENWICH SA EGSA STARS 2014,PITMAN SA PITMAN SA BENGALS 2014,E GREENWICH - THOMPSON FAMILY PARK,,
09/07/2025,13:15,21342465,,GotSport,Soccer,U-9,EAST GREENWICH SA EGSA COBRAS 2017,HADDONFIELD SC SILVER 2017,E GREENWICH - THOMPSON FAMILY PARK,,
09/07/2025,13:15,21445006,,GotSport,Soccer,U-9,SWEDESBORO WOOLWICH SOCCER ASSOC. SWSA COBRAS 2017,CINNAMINSON SC CINNAMINSON SC RAIDERS 2017,SW-Locke Avenue Park,,
09/07/2025,13:15,21352021,,GotSport,Soccer,U-9,SENECA UNITED SC WILDCATS 2017,EGG HARBOR TOWNSHIP SC EGG HARBOR SC EAGLES BLACK 2017,SENECA - STONEY CREEK FIELDS,,
09/07/2025,13:15,21333090,,GotSport,Soccer,U-8,HADDONFIELD SC FIRE 2018,EGG HARBOR TOWNSHIP SC EGG HARBOR SC EAGLES WHITE 2018,HADDONFIELD - CROWS WOODS,,
09/07/2025,13:15,21342214,,GotSport,Soccer,U-8,CAPE EXPRESS CE TORNADOS 2018,UPPER TOWNSHIP SA UPPER TOWNSHIP SA COMETS 2018,CAPE EX SOCCER COMPLEX At Ockie Wisting,,
09/07/2025,13:15,21332118,,GotSport,Soccer,U-12,VOORHEES SA VSA KNIGHTS 2014,TAR-KILL SOCCER CLUB TARKILL CHELSEA 2014,VOORHEES-Echelon Complex,,
09/07/2025,13:15,21332135,,GotSport,Soccer,U-12,CHERRY HILL SC CHERRY HILL SC UNION 2015,MOUNT LAUREL UNITED (MLU) LIGHTNING 2014,CHSC - UPPER CHAPEL TURF,,
09/07/2025,13:15,21408635,,GotSport,Soccer,U-10,VOORHEES SA TITANS 2016,HARRISON SC HARRISON HURRICANES 2016,VOORHEES-Echelon Complex,,
09/07/2025,13:15,21408636,,GotSport,Soccer,U-10,MONROE TOWNSHIP YS MONROE UNITED BLUE 2016,COLLINGSWOOD OAKLYN SOCCER CLUB WARRIORS 2016,MONROE TWP - CORKERY LANE,,
09/07/2025,13:15,21349055,,GotSport,Soccer,U-9,MOORESTOWN SC YELLOW VIPERS 2017,MEDFORD SC MEDFORD SC COLUMBIA 2017B,MOORESTOWN - SALEM RD/PRYOR PARK,,
09/07/2025,13:30,21333293,,GotSport,Soccer,U-13,MILLVILLE SA MILLVILLE UNITED 2013,PEMBERTON SC PEMBERTON SOCCER 2013,MILLVILLE SOCCER COMPLEX,,
09/07/2025,13:45,21331753,,GotSport,Soccer,U-14,HADDONFIELD SC RED 2012,HIGHLAND YOUTH SOCCER CLUB FORCE 2012,HADDONFIELD - CROWS WOODS,,
09/07/2025,13:45,21444589,,GotSport,Soccer,U-15,DEPTFORD SA TORNADOES 2011,HARRISON SC HARRISON THUNDER FÚTBOL ACADEMY 2011,DEPTFORD SC,,
09/07/2025,13:45,22002476,,GotSport,Soccer,U-19,WINSLOW TOWNSHIP YSA WINSLOW VIPERS 2009,HIGHLAND YOUTH SOCCER CLUB FUSION 2008,,,
09/07/2025,14:00,21454375,,GotSport,Soccer,U-9,PITTSGROVE SOCCER CLUB PSC RAPTORS 2017,MAINLAND UNITED SA MAINLAND UNITED SA MUSTANGS RED 2017 B,PITTSGROVE-GREEN BRANCH,,
09/07/2025,14:00,21409146,,GotSport,Soccer,U-10,CHERRY HILL FC JUNIOR BLACK 2016,MEDFORD SC MEDFORD SC GOLD 2016,CHFC - DeCOU,,
09/07/2025,14:00,21351674,,GotSport,Soccer,U-8,PITMAN SA PITMAN SA TOMCATS 2018,SOUTH HARRISON TOWNSHIP SOCCER CLUB SOUTH HARRISON SCORPIONS 2018,PITMAN - Dell,,
09/07/2025,14:00,21405458,,GotSport,Soccer,U-9,MILLVILLE SA MILLVILLE PANTHERS 2017,PENNSVILLE SOCCER ASSOCIATION PENNSVILLE EAGLES GOLD 2017,MILLVILLE SOCCER COMPLEX,,
09/07/2025,14:00,21342275,,GotSport,Soccer,U-12,WOODSTOWN SOCCER CLUB WOODSTOWN WOLFPACK 2014,EGG HARBOR TOWNSHIP SC EGG HARBOR SC EAGLES 2014,WOODSTOWN,,
09/07/2025,14:00,21444384,,GotSport,Soccer,U-14,MEDFORD SC MEDFORD SC DESTROYERS 2012,TAR-KILL SOCCER CLUB TARKILL BARCELONA 2012,MEDFORD - BENDE PARK,,
09/07/2025,14:00,21390182,,GotSport,Soccer,U-10,TAR-KILL SOCCER CLUB TARKILL 2016 BOYS,COLLINGSWOOD OAKLYN SOCCER CLUB SPARTANS 2016,TARKILL-STERLING HS,,
09/07/2025,14:00,21349054,,GotSport,Soccer,U-9,PALMYRA RIVERTON SC RIPPERS 2017,DELRAN FC SOCCER DELRAN FC RAPTORS 2017,,,
09/07/2025,14:00,21354721,,GotSport,Soccer,U-12,LOGAN SOCCER CLUB  LOGAN CHARGE BLACK 2014,HAMMONTON YSA HAMMONTON HEAT BOYS 2014,LOGAN - TWP LINE,,
09/07/2025,14:00,21716255,,GotSport,Soccer,U-10,CINNAMINSON SC CINNAMINSON SC CHAOS 2016,HADDONFIELD SC GREY 2016,CINNAMINSON SC - MEMORIAL,,
09/07/2025,14:00,21324272,,GotSport,Soccer,U-9,RANCOCAS VALLEY SC RANCOCAS VALLEY SC BOYS DEVILS 2017,PENNSAUKEN YOUTH SOCCER CLUB ROARING CUBS 2017,Rancocas Valley-LUMBERTON MUNICIPAL,,
09/07/2025,14:00,21333290,,GotSport,Soccer,U-13,PITMAN SA PITMAN SA TIGERS 2013,MOORESTOWN SC THUNDER 2013,PITMAN - ALCYON LAKE,,
09/07/2025,14:00,21333250,,GotSport,Soccer,U-13,PITTSGROVE SOCCER CLUB PSC LEGACY 2013,HADDONFIELD SC RED 2013,PITTSGROVE-GREEN BRANCH,,
09/07/2025,14:00,21444386,,GotSport,Soccer,U-14,CHERRY HILL SC CHERRY HILL SC COBRAS 2012,FRANKLIN TOWNSHIP YOUTH SOCCER ASSOCIATION CRUSADERS 2012,CHSC - CH WEST HS,,
09/07/2025,14:00,21373603,,GotSport,Soccer,U-10,VINELAND SA VINELAND VIPERS 2016 BOYS,HADDONFIELD SC WHITE 2016,VINELAND SA,,
09/07/2025,14:00,21405646,,GotSport,Soccer,U-10,WTSC WTSC WASHINGTON PREMIER 2016B,EGG HARBOR TOWNSHIP SC EGG HARBOR SC EAGLES BLACK 2016,,,
09/07/2025,14:00,21318299,,GotSport,Soccer,U-15,PENNSVILLE SOCCER ASSOCIATION PENNSVILLE EAGLES 2011,DELRAN FC SOCCER STORM,PENNSVILLE,,
09/07/2025,14:00,21352108,,GotSport,Soccer,U-11,HIGHLAND YOUTH SOCCER CLUB STORM 2015,VOORHEES SA PYTHONS 2015,HIGHLAND - GLOUCESTER TWP PARK,,
09/07/2025,14:00,21349317,,GotSport,Soccer,U-12,HADDON TWP SOCCER CLUB HADDON TWP WHITE HAWKS 2014,MOORESTOWN SC WOLVERINES 2014,HADDON TWP - RECCHINO FIELDS,,
09/07/2025,14:00,21324763,,GotSport,Soccer,U-12,WTSC WTSC WASHINGTON PREMIER 2014B,MONROE TOWNSHIP YS UNITED BOYS BLUE 2014,,,
09/07/2025,14:00,21352187,,GotSport,Soccer,U-14,EDGEWATER PARK ATHLETIC ASSOCIATION EP UNITED 2012,MAPLE SHADE SC MAPLE SHADE FORCE 2012,,,
09/07/2025,14:00,21408606,,GotSport,Soccer,U-11,GATEWAY UNITED SOCCER CLUB GUSC LIGHTNING PP B2015/2016,HADDONFIELD SC RED 2015,GATEWAY UTD. - WESTVILLE,,
09/07/2025,14:00,21346715,,GotSport,Soccer,U-11,WOODBURY SOCCER CLUB WOODBURY BOLTS 2015,HADDON TWP SOCCER CLUB HADDON TWP RED HAWKS 2016,WOODBURY,,
09/07/2025,14:00,21409399,,GotSport,Soccer,U-10,WOODSTOWN SOCCER CLUB WOODSTOWN UNITED 2016,PENNSVILLE SOCCER ASSOCIATION PENNSVILLE EAGLES 2016,WOODSTOWN,,
09/07/2025,14:00,21375419,,GotSport,Soccer,U-11,HADDONFIELD SC BLACK 2015,MONROE TOWNSHIP YS UNITED BLUE 2015,HADDONFIELD - CROWS WOODS,,
09/07/2025,14:00,21324678,,GotSport,Soccer,U-13,HARRISON SC HARRISON SC LIGHTNING 2013,RANCOCAS VALLEY SC RANCOCAS VALLEY SC BOYS RONALDO 2013,HARRISON - William Wilt Soccer Complex,,
09/07/2025,14:00,21324679,,GotSport,Soccer,U-13,UPPER TOWNSHIP SA UPPER TOWNSHIP SA CYCLONES 2013,NORTHERN BURLINGTON SA NORTHERN BURLINGTON SA GLADIATORS 2013,UPPER TWP-Amanda's Field Complex,,
09/07/2025,14:00,21333003,,GotSport,Soccer,U-12,PALMYRA RIVERTON SC TORNADOES 2014,MOORESTOWN SC KILLER BEES 2014,,,
09/07/2025,14:00,21333004,,GotSport,Soccer,U-12,COLLINGSWOOD OAKLYN SOCCER CLUB OUTLAWS 2014,DELRAN FC SOCCER DELRAN FC HAWKS 2014,COSC- Oaklyn Public School,,
09/07/2025,14:00,21375571,,GotSport,Soccer,U-9,HARRISON SC HARRISON HURRICANES 2017,COLLINGSWOOD OAKLYN SOCCER CLUB COSC TSUNAMI 2017,HARRISON - William Wilt Soccer Complex,,
09/07/2025,14:00,21324764,,GotSport,Soccer,U-12,AUDUBON SOCCER YOUTH ASSOCIATION AUDUBON ATTACK - BOYS 2014,HADDON HEIGHTS SC HADDON HEIGHTS SC MIGHTY TITANS 2014,AUDUBON - GREEN WAVE PARK,,
09/07/2025,14:00,21374318,,GotSport,Soccer,U-14,COLLINGSWOOD OAKLYN SOCCER CLUB KNIGHTS 2012,CAPE EXPRESS CE AVENGERS 2013,WOODBURY,,
09/07/2025,14:00,21408637,,GotSport,Soccer,U-10,HADDON HEIGHTS SC RUCKUS 2016,SWEDESBORO WOOLWICH SOCCER ASSOC. SWSA VENOM 2016,HADD HGTS - DEVON,,
09/07/2025,14:00,21349365,,GotSport,Soccer,U-15,MONROE TOWNSHIP YS UNITED BOYS 2011 BLUE,PITMAN SA PITMAN SA JAGUARS 2012,MONROE TWP - CORKERY LANE,,
09/07/2025,14:00,21374317,,GotSport,Soccer,U-14,HADDON TWP SOCCER CLUB HADDON TWP RED HAWKS 2012,PITTSGROVE SOCCER CLUB PSC SPURS '12,HADDON TWP - RECCHINO FIELDS,,
09/07/2025,14:00,21333091,,GotSport,Soccer,U-8,WTSC WTSC WASHINGTON PREMIER 2018 BOYS,MEDFORD SC MEDFORD SC WHITE 2018B,,,
09/07/2025,14:00,21346486,,GotSport,Soccer,U-10,MEDFORD STRIKERS SC MEDFORD STRIKERS 2016 BOYS,CHERRY HILL SC CHERRY HILL SC THUNDER (2016),MEDFORD STRIKERS - ARK ROAD COMPLEX,,
09/07/2025,14:00,21354979,,GotSport,Soccer,U-12,DEPTFORD SA FUSION 2015,CINNAMINSON SC CINNAMINSON SC CHARGERS 2014,DEPTFORD SC,,
09/07/2025,14:00,21333089,,GotSport,Soccer,U-8,MOUNT LAUREL UNITED (MLU) TITANS 2018,VOORHEES SA JEDI KNIGHTS 2018,MLU-MARNE HWY,,
09/07/2025,14:00,21354941,,GotSport,Soccer,U-11,MEDFORD STRIKERS SC MEDFORD STRIKERS 2015 BOYS,DELRAN FC SOCCER DELRAN FC COBRAS 2015,MEDFORD STRIKERS - ARK ROAD COMPLEX,,
09/07/2025,14:00,21331754,,GotSport,Soccer,U-14,VINELAND SA JERSEY BOYZ 2012,MARLTON SOCCER CLUB MARLTON SC CHIEFS WHITE 2012,VINELAND SA,,
09/07/2025,14:00,21354692,,GotSport,Soccer,U-9,MEDFORD SC MEDFORD SC NAVY RENEGADES 2017B,WTSC WTSC WASHINGTON UNITED 2017B,MEDFORD SC - Bob Meyer Memorial Park,,
09/07/2025,14:00,21444604,,GotSport,Soccer,U-15,PENNSAUKEN YOUTH SOCCER CLUB WARRIORS 2011,VOORHEES SA ATTACK 2011,Pennsauken Community Recreation Facility,,
09/07/2025,14:00,21332851,,GotSport,Soccer,U-16,MARLTON SOCCER CLUB MARLTON SC CHIEFS WHITE 2010,CINNAMINSON SC CINNAMINSON SC PIRATES 2010,MARLTON - MEMORIAL,,
09/07/2025,14:00,21347618,,GotSport,Soccer,U-8,CINNAMINSON SC CINNAMINSON SC PIRATES 2018,AUDUBON SOCCER YOUTH ASSOCIATION AUDUBON 2018 BOYS,CINNAMINSON SC - MEMORIAL,,
09/07/2025,14:00,21332876,,GotSport,Soccer,U-13,MAINLAND UNITED SA MAINLAND UNITED SA MUSTANGS RED 2014 B,BURLINGTON TOWNSHIP SOCCER STRIKERS 2013,MAINLAND - MEMORIAL PARK,,
09/07/2025,14:00,21324273,,GotSport,Soccer,U-9,MAPLE SHADE SC MAPLE SHADE CHAOS 2017,MEDFORD SC MEDFORD SC GOLD 2017B,MAPLE SHADE - TURF FIELD,,
09/07/2025,14:00,21352022,,GotSport,Soccer,U-9,UPPER TOWNSHIP SA UPPER TOWNSHIP SA HEAT 2017,HAMMONTON YSA HAMMONTON HEAT BOYS 2017,UPPER TWP-Amanda's Field Complex,,
09/07/2025,14:00,21374652,,GotSport,Soccer,U-12,SENECA UNITED SC THUNDER 2014,SJ FUTBOL CLUB SJ FUTBOL CLUB SOUNDERS 2014,SENECA - STONEY CREEK FIELDS,,
09/07/2025,14:00,21367880,,GotSport,Soccer,U-11,CLAYTON SA CLIPPERS 2015,ATLANTIC UNITED SOCCER CLUB ATLANTIC UNITED PREMIER WHITE 2015B,CLAYTON - BENTZ,,
09/07/2025,14:00,21351920,,GotSport,Soccer,U-13,MOUNT LAUREL UNITED (MLU) TIGERS 2013,HADDON HEIGHTS SC 2013 GARNET STORM,MLU-TROTTERS,,
09/07/2025,14:00,21445027,,GotSport,Soccer,U-9,CHERRY HILL SC CHERRY HILL SC WHITE (2017) - BOYS,MOORESTOWN SC PANTHERS 2017,CHSC - CH WEST HS,,
09/07/2025,14:00,22116987,,GotSport,Soccer,U-8,MANTUA TOWNSHIP SA MANTUA WARRIORS 2018B,WEST DEPTFORD SC STRIKERS 2018,MANTUA TWP,,
09/07/2025,14:00,21352822,,GotSport,Soccer,U-11,RANCOCAS VALLEY SC RANCOCAS VALLEY SC BOYS STEALTH 2015,TAR-KILL SOCCER CLUB TARKILL BLUES 2015,Rancocas Valley-LUMBERTON MUNICIPAL,,
09/07/2025,14:00,21351919,,GotSport,Soccer,U-13,WOODSTOWN SOCCER CLUB WOODSTOWN PREDATORS 2013,HIGHLAND YOUTH SOCCER CLUB CHAOS 2013,WOODSTOWN,,
09/07/2025,14:00,21366127,,GotSport,Soccer,U-12,FRANKLIN TOWNSHIP YOUTH SOCCER ASSOCIATION STORM 2014,MEDFORD SC MEDFORD SC AVENGERS 2014,FRANKLIN TWP YOUTH COMPLEX,,
09/07/2025,14:00,21332877,,GotSport,Soccer,U-13,CINNAMINSON SC CINNAMINSON SC STRIKERS 2013,MOORESTOWN SC RAPTORS 2013,CINNAMINSON SC - MEMORIAL,,
09/07/2025,14:00,21346040,,GotSport,Soccer,U-9,MOUNT LAUREL UNITED (MLU) SUPER EAGLES 2017,HIGHLAND YOUTH SOCCER CLUB THUNDER 2017,MLU-MARNE HWY,,
09/07/2025,14:00,21332184,,GotSport,Soccer,U-9,CHERRY HILL SC CHERRY HILL SC DYNAMO (2017),MOUNT LAUREL UNITED (MLU) PRESTIGE 2017,CHSC - UPPER CHAPEL TURF,,
09/07/2025,14:15,21349346,,GotSport,Soccer,U-13,WTSC WTSC WASHINGTON SELECT 2013B,RANCOCAS VALLEY SC RVSC - CELTIC 2014,,,
09/07/2025,14:15,21406101,,GotSport,Soccer,U-10,HAMMONTON YSA HAMMONTON HEAT BOYS 2016,FRANKLIN TOWNSHIP YOUTH SOCCER ASSOCIATION UNITED 2016,HAMMONTON - MOSS MILL RD PARK SOCCER COMPLEX,,
09/07/2025,14:20,21374488,,GotSport,Soccer,U-14,DELRAN FC SOCCER GREY 2013B,EGG HARBOR TOWNSHIP SC EGG HARBOR SC EAGLES 2012 BLACK,,,
09/07/2025,14:30,21343114,,GotSport,Soccer,U-8,MARLTON SOCCER CLUB MARLTON SC CHIEFS ORANGE 2018,CHERRY HILL SC CHERRY HILL SC VORTEX (2018),MARLTON - MEMORIAL,,
09/07/2025,14:30,21354691,,GotSport,Soccer,U-9,SWEDESBORO WOOLWICH SOCCER ASSOC. SWSA PANTHERS 2017,MARLTON SOCCER CLUB MARLTON SC CHIEFS ORANGE 2017,SW-Locke Avenue Park,,
09/07/2025,14:30,21353139,,GotSport,Soccer,U-12,WEST DEPTFORD SC EAGLES 2014,MOUNT LAUREL UNITED (MLU) COBRAS 2014,W DEPTFORD-WD PARK,,
09/07/2025,14:30,21390181,,GotSport,Soccer,U-10,SENECA UNITED SC RAPTORS 2016,EAST GREENWICH SA EGSA LIONS 2016,SENECA - STONEY CREEK FIELDS,,
09/07/2025,14:30,21347619,,GotSport,Soccer,U-8,DELRAN FC SOCCER DELRAN FC BLACK 2018,HADDON TWP SOCCER CLUB HADDON TWP. WHITE HAWKS 2018,,,
09/07/2025,14:30,21354690,,GotSport,Soccer,U-9,EAST GREENWICH SA EGSA UNITED 2017,HARRISON SC HARRISON UNITED 2017,E GREENWICH - THOMPSON FAMILY PARK,,
09/07/2025,14:30,21342793,,GotSport,Soccer,U-9,HADDONFIELD SC RED 2017,PITTSGROVE SOCCER CLUB PSC PREDATORS 2017,HADDONFIELD - CROWS WOODS,,
09/07/2025,14:30,21318369,,GotSport,Soccer,U-10,MONROE TOWNSHIP YS MONROE UNITED 2016B,MEDFORD SC MEDFORD SC WHITE 2016,MONROE TWP - CORKERY LANE,,
09/07/2025,14:30,21454376,,GotSport,Soccer,U-9,CAPE EXPRESS CE BARCA 2017,UPPER TOWNSHIP SA UPPER TOWNSHIP SA FLASH 2017,CAPE EX SOCCER COMPLEX At Ockie Wisting,,
09/07/2025,14:30,21352839,,GotSport,Soccer,U-11,CHERRY HILL SC CHERRY HILL SC RAPTORS 2015,WTSC WTSC WASHINGTON PREMIER 2015B,CHSC - UPPER CHAPEL TURF,,
09/07/2025,14:30,21374653,,GotSport,Soccer,U-12,MANTUA TOWNSHIP SA 2014B MANTUA UNITED,HADDON TWP SOCCER CLUB HADDON TWP WHITE HAWKS 2015,MANTUA TWP,,
09/07/2025,14:30,21333249,,GotSport,Soccer,U-13,EAST GREENWICH SA EGSA DYNAMO 2013,CHERRY HILL SC CHERRY HILL SC THUNDER 2013,E GREENWICH - THOMPSON FAMILY PARK,,
09/07/2025,14:30,21454377,,GotSport,Soccer,U-9,WATERFORD ATHLETIC ASSN WINGS 2017,EGG HARBOR TOWNSHIP SC EGG HARBOR SC EAGLES 2017,,,
09/07/2025,14:30,21408605,,GotSport,Soccer,U-11,VOORHEES SA VIPERS 2015,HARRISON SC HARRISON FURY 2015,VOORHEES-Echelon Complex,,
09/07/2025,14:30,22116989,,GotSport,Soccer,U-8,LOGAN SOCCER CLUB  LOGAN IMPACT BLACK 2018,MONROE TOWNSHIP YS MONROE UNITED BLUE 2018,LOGAN - TWP LINE,,
09/07/2025,14:30,21444976,,GotSport,Soccer,U-11,EAST GREENWICH SA EGSA FLYERS 2015,WEST DEPTFORD SC COBRAS 2015,E GREENWICH - THOMPSON FAMILY PARK,,
09/07/2025,14:30,21349230,,GotSport,Soccer,U-8,MOORESTOWN SC GOLDEN STRIKERS 2018,VOORHEES SA RAIDERS 2018,MOORESTOWN - SALEM RD/PRYOR PARK,,
09/07/2025,14:30,21349229,,GotSport,Soccer,U-8,HADDONFIELD SC THUNDER 2018,BARRINGTON SC BARRINGTON SC STRIKERS 2018,HADDONFIELD - CROWS WOODS,,
09/07/2025,15:00,21332850,,GotSport,Soccer,U-16,MILLVILLE SA MILLVILLE VENOM 2010,AUDUBON SOCCER YOUTH ASSOCIATION AUDUBON SOCCER YOUTH UNITED 2010,MILLVILLE SOCCER COMPLEX,,
09/07/2025,15:20,21409703,,GotSport,Soccer,U-16,SJ FUTBOL CLUB SJ FUTBOL CLUB WOLVES,MAPLE SHADE SC MAPLE SHADE BEST ELEVEN 2010,SJFC - UPPER DEERFIELD RECREATION COMPLEX,,
09/07/2025,15:30,21375357,,GotSport,Soccer,U-9,TAR-KILL SOCCER CLUB TARKILL UNION 2017,NORTHERN BURLINGTON SA NORTHERN BURLINGTON FORCE 2017,TARKILL-STERLING HS,,
09/07/2025,15:30,22116988,,GotSport,Soccer,U-8,CHERRY HILL SC CHERRY HILL SC BLACKOUT (2018) - BOYS,EAST GREENWICH SA EGSA PUMAS 2018,CHSC - CH WEST HS,,
09/07/2025,15:30,21352020,,GotSport,Soccer,U-9,PITMAN SA PITMAN SA LIONS 2017,ATLANTIC UNITED SOCCER CLUB ATLANTIC UNITED PREMIER 2017 B,PITMAN - Dell,,
09/07/2025,15:30,21445005,,GotSport,Soccer,U-9,CHERRY HILL FC JUNIOR PREMIER RED 2017,WEST DEPTFORD SC DRAGONS 2017,CHFC - DeCOU,,
09/07/2025,15:30,21354981,,GotSport,Soccer,U-12,MEDFORD STRIKERS SC MEDFORD STRIKERS 2014 BOYS,MARLTON SOCCER CLUB MARLTON SC CHIEFS WHITE 2014,MEDFORD STRIKERS - ARK ROAD COMPLEX,,
09/07/2025,15:30,21332248,,GotSport,Soccer,U-11,DEPTFORD SA THUNDER 2015,CINNAMINSON SC CINNAMINSON SC BANDITS 2015,DEPTFORD SC,,
09/07/2025,15:30,21332249,,GotSport,Soccer,U-11,PALMYRA RIVERTON SC NATIONALS 2015,PENNSAUKEN YOUTH SOCCER CLUB LIONS 2015,,,
09/07/2025,15:30,21392019,,GotSport,Soccer,U-8,WTSC WTSC WASHINGTON UNITED 2018 BOYS,TBAA TBAA TBAA SAVAGES 2018,,,
09/07/2025,15:30,21392020,,GotSport,Soccer,U-8,HARRISON SC HARRISON WOLVES 2018,SWEDESBORO WOOLWICH SOCCER ASSOC. SWSA SUPERNOVA 2018,HARRISON - William Wilt Soccer Complex,,
09/07/2025,15:30,21353099,,GotSport,Soccer,U-11,HIGHLAND YOUTH SOCCER CLUB LIGHTNING 2015,EGG HARBOR TOWNSHIP SC EGG HARBOR SC EAGLES WHITE 2015,HIGHLAND - GLOUCESTER TWP PARK,,
09/07/2025,15:30,21331752,,GotSport,Soccer,U-14,HARRISON SC HARRISON SC STRIKERS 2012,TAR-KILL SOCCER CLUB TARKILL LIVERPOOL 2012,HARRISON - William Wilt Soccer Complex,,
09/07/2025,15:30,21390116,,GotSport,Soccer,U-10,UPPER TOWNSHIP SA UPPER TOWNSHIP SA THUNDER 2016,AUDUBON SOCCER YOUTH ASSOCIATION AUDUBON 2016 BOYS,UPPER TWP-Amanda's Field Complex,,
09/07/2025,15:30,21390117,,GotSport,Soccer,U-10,CHERRY HILL SC CHERRY HILL SC 72S DEL MUNDO 2016,HADDONFIELD SC BLACK 2016,CHSC - UPPER CHAPEL TURF,,
09/07/2025,15:30,21374487,,GotSport,Soccer,U-14,WINSLOW TOWNSHIP YSA WINSLOW GREEN DRAGONS 2012,SWEDESBORO WOOLWICH SOCCER ASSOC. SWSA CYCLONES 2012/2013,,,
09/07/2025,15:30,21374486,,GotSport,Soccer,U-14,WOODSTOWN SOCCER CLUB WOODSTOWN THUNDER 2012,LOGAN SOCCER CLUB  LOGAN FUSION 2012,WOODSTOWN,,
09/07/2025,15:30,21343113,,GotSport,Soccer,U-8,MOUNT LAUREL UNITED (MLU) TRIBE 2018,VOORHEES SA SUPER STRIKERS 2018,MLU-MARNE HWY,,
09/07/2025,15:30,21354939,,GotSport,Soccer,U-11,MILLVILLE SA MILLVILLE PREDATORS 2015,MOORESTOWN SC ELECTRIC RAYS 2015,MILLVILLE SOCCER COMPLEX,,
09/07/2025,15:30,21444255,,GotSport,Soccer,U-12,LOGAN SOCCER CLUB  LOGAN CHARGE BLUE 2014,WOODSTOWN SOCCER CLUB WOODSTOWN WOLVERINES 2014,LOGAN - TWP LINE,,
09/07/2025,15:30,21343128,,GotSport,Soccer,U-8,MEDFORD SC MEDFORD SC NAVY 2018B,MONROE TOWNSHIP YS MONROE UNITED BOYS 2018,MEDFORD SC - Bob Meyer Memorial Park,,
09/07/2025,15:30,21342213,,GotSport,Soccer,U-8,PITTSGROVE SOCCER CLUB PSC CREW 2018,SJ FUTBOL CLUB SJ FUTBOL CLUB VIPERS 2018,PITTSGROVE-GREEN BRANCH,,
09/07/2025,15:30,21405473,,GotSport,Soccer,U-9,WTSC WTSC WASHINGTON LEGACY 2017B,PITMAN SA PITMAN SA PANTHERS 2017,,,
09/07/2025,15:30,21342791,,GotSport,Soccer,U-9,MEDFORD STRIKERS SC MEDFORD STRIKERS 2017 BOYS,HADDON TWP SOCCER CLUB HADDON TWP. RED HAWKS 2017,MEDFORD STRIKERS - ARK ROAD COMPLEX,,
09/07/2025,15:30,21346818,,GotSport,Soccer,U-13,DEPTFORD SA TORNADOES 2013,PENNS GROVE SC PENNS GROVE WILD 2013,DEPTFORD SC,,
09/07/2025,15:30,21392089,,GotSport,Soccer,U-11,CINNAMINSON SC CINNAMINSON SC PIRATES SEA DOGS 2015,MOUNT LAUREL UNITED (MLU) SHARKS 2015,CINNAMINSON SC - MEMORIAL,,
09/07/2025,15:30,21317868,,GotSport,Soccer,U-15,CHERRY HILL SC CHERRY HILL SC BLUE (2011) - BOYS,TBAA TBAA TBAA TITANS 2011,CHSC - CH WEST HS,,
09/07/2025,15:30,21317869,,GotSport,Soccer,U-15,MOUNT LAUREL UNITED (MLU) RANGERS 2011,EGG HARBOR TOWNSHIP SC EGG HARBOR SC EAGLES WHITE 2011,MLU-TROTTERS,,
09/07/2025,15:30,21354994,,GotSport,Soccer,U-12,PENNSAUKEN YOUTH SOCCER CLUB AVENGERS 2014,MARLTON SOCCER CLUB MARLTON SC CHIEFS ORANGE 2015,Pennsauken Community Recreation Facility,,
09/07/2025,15:30,21409397,,GotSport,Soccer,U-10,CLAYTON SA CLIPPERS 2016,FRANKLIN TOWNSHIP YOUTH SOCCER ASSOCIATION JERSEY DEVILS 2016,CLAYTON - BENTZ,,
09/07/2025,15:30,21409398,,GotSport,Soccer,U-10,MANTUA TOWNSHIP SA MANTUA 2016B,GATEWAY UNITED SOCCER CLUB GUSC BLUES B2016/17,MANTUA TWP,,
09/07/2025,15:30,21346714,,GotSport,Soccer,U-11,COLLINGSWOOD OAKLYN SOCCER CLUB COSC COBRAS 2015,PITTSGROVE SOCCER CLUB PSC GALAXY 2015,COSC- Oaklyn Public School,,
09/07/2025,15:30,21352189,,GotSport,Soccer,U-14,HADDONFIELD SC BLACK 2012,MARLTON SOCCER CLUB MARLTON SC CHIEFS BLACK 2012,HADDONFIELD - CROWS WOODS,,
09/07/2025,15:30,21352188,,GotSport,Soccer,U-14,HADDON TWP SOCCER CLUB HADDON TWP WHITE HAWKS 2012,PENNSAUKEN YOUTH SOCCER CLUB TITANS 2012,HADDON TWP - RECCHINO FIELDS,,
09/07/2025,15:30,21349258,,GotSport,Soccer,U-8,CINNAMINSON SC CINNAMINSON SC BLACK 2018,MOORESTOWN SC SHOOTERS 2018,CINNAMINSON SC - MEMORIAL,,
09/07/2025,15:30,21391788,,GotSport,Soccer,U-13,MARLTON SOCCER CLUB MARLTON SC CHIEFS BLACK 2013,WINSLOW TOWNSHIP YSA WINSLOW SHARKS 2013,MARLTON - MEMORIAL,,
09/07/2025,15:30,21349320,,GotSport,Soccer,U-12,HAMILTON ELITE FC PREMIER 2014B,BORDENTOWN FC BORDENTOWN FC UNION 2014,HAMILTON ELITE FC - HICKORY FIELDS,,
09/07/2025,15:30,21318455,,GotSport,Soccer,U-14,VINELAND SA FURY 2012,CAPE EXPRESS CE WHITE CAPS 2012,VINELAND SA,,
09/07/2025,15:30,21405460,,GotSport,Soccer,U-9,WOODBURY SOCCER CLUB WOODBURY WARRIORS 2017,HARRISON SC HARRISON HAVOC 2017,WOODBURY,,
09/07/2025,15:30,21444591,,GotSport,Soccer,U-15,UPPER TOWNSHIP SA UPPER TOWNSHIP SA TSUNAMIS 2011,EGG HARBOR TOWNSHIP SC EGG HARBOR SC EAGLES BLACK 2011,UPPER TWP-Amanda's Field Complex,,
09/07/2025,15:30,21317870,,GotSport,Soccer,U-15,GATEWAY UNITED SOCCER CLUB GUSC WILDCATS B2011,VOORHEES SA BLUES 2011,GATEWAY UTD. - WESTVILLE,,
09/07/2025,15:30,21342080,,GotSport,Soccer,U-11,FRANKLIN TOWNSHIP YOUTH SOCCER ASSOCIATION ATLAS 2015,CINNAMINSON SC CINNAMINSON SC PRIME 2015,FRANKLIN TWP YOUTH COMPLEX,,
09/07/2025,15:30,21392161,,GotSport,Soccer,U-11,HADDONFIELD SC WHITE 2015,LOGAN SOCCER CLUB  LOGAN ARMADA BLUE 2015,HADDONFIELD - CROWS WOODS,,
09/07/2025,15:30,21333292,,GotSport,Soccer,U-13,PENNSVILLE SOCCER ASSOCIATION PENNSVILLE EAGLES 2013,WEST DEPTFORD SC WARRIORS 2013,PENNSVILLE,,
09/07/2025,15:30,21332878,,GotSport,Soccer,U-13,COLLINGSWOOD OAKLYN SOCCER CLUB TITANS 2013,WTSC WTSC WASHINGTON PREMIER 2013B,WOODBURY,,
09/07/2025,15:30,21349385,,GotSport,Soccer,U-14,MONROE TOWNSHIP YS UNITED 2012 BLUE,PENNS GROVE SC PENNS GROVE SC RAGE 2012,MONROE TWP - CORKERY LANE,,
09/07/2025,15:30,21349387,,GotSport,Soccer,U-14,BERLIN SOCCER CLUB BALL BREAKERS 2012/13,HARRISON SC HARRISON WILDCATS 2012,BERLIN SC - FRANKLIN FIELDS,,
09/07/2025,15:30,21444385,,GotSport,Soccer,U-14,SENECA UNITED SC 2012 PRIDE,DEPTFORD SA THUNDER 2012,SENECA - STONEY CREEK FIELDS,,
09/07/2025,15:30,21345290,,GotSport,Soccer,U-10,RANCOCAS VALLEY SC RANCOCAS VALLEY SC BOYS PREMIER 2016,MOORESTOWN SC WARRIORS 2016,Rancocas Valley-LUMBERTON MUNICIPAL,,
09/07/2025,15:30,21342274,,GotSport,Soccer,U-12,VINELAND SA VINELAND TERMINATORS 2014,HARRISON SC HARRISON WAVE 2014,VINELAND SA,,
09/07/2025,15:30,21444977,,GotSport,Soccer,U-11,COHANSEY SC COHANSEY PREMIER DYNAMO 2015 SJSL,SWEDESBORO WOOLWICH SOCCER ASSOC. SWSA MAYHEM FC 2015,Cohansey - Cumberland County Tech School,,
09/07/2025,15:30,21366129,,GotSport,Soccer,U-12,HADDON TWP SOCCER CLUB HADDON TWP RED HAWKS 2014,EGG HARBOR TOWNSHIP SC EGG HARBOR SC EAGLES BLACK 2014,HADDON TWP - RECCHINO FIELDS,,
09/07/2025,15:30,21409148,,GotSport,Soccer,U-10,HADDON HEIGHTS SC WARRIORS 2016,LOGAN SOCCER CLUB  LOGAN MAYHEM BLUE 2016,HADD HGTS - DEVON,,
09/07/2025,15:30,21349259,,GotSport,Soccer,U-8,PALMYRA RIVERTON SC NEW U8B - 2018,MOORESTOWN SC LIGHTNING 2018,,,
09/07/2025,15:30,21342466,,GotSport,Soccer,U-9,WOODSTOWN SOCCER CLUB WOODSTOWN WARRIORS 2017,PENNSVILLE SOCCER ASSOCIATION PENNSVILLE EAGLES BLUE 2017,WOODSTOWN,,
09/07/2025,15:30,21408607,,GotSport,Soccer,U-11,WTSC WTSC WASHINGTON UNITED 2015B,SWEDESBORO WOOLWICH SOCCER ASSOC. SWSA STRIKERS 2015,,,
09/07/2025,15:30,21347737,,GotSport,Soccer,U-10,CINNAMINSON SC CINNAMINSON SC TITANS 2016,WINSLOW TOWNSHIP YSA WINSLOW KINGS 2016,CINNAMINSON SC - MEMORIAL,,
09/07/2025,15:30,21347738,,GotSport,Soccer,U-10,MOUNT LAUREL UNITED (MLU) RENEGADES 2016,HADDON TWP SOCCER CLUB HADDON TWP WHITE HAWKS 2016,MLU-MARNE HWY,,
09/07/2025,15:30,21332815,,GotSport,Soccer,U-13,MAINLAND UNITED SA MAINLAND UNITED SA MUSTANGS RED 2013 B,WEST DEPTFORD SC WEST DEPTFORD WIZARDS 2013,MAINLAND - MEMORIAL PARK,,
09/07/2025,15:30,21347739,,GotSport,Soccer,U-10,MAPLE SHADE SC MAPLE SHADE SHARKS 2016,NORTHERN BURLINGTON SA NORTHERN BURLINGTON BOOM 2016,MAPLE SHADE - TURF FIELD,,
09/07/2025,15:45,21346484,,GotSport,Soccer,U-10,SWEDESBORO WOOLWICH SOCCER ASSOC. SWSA HAVOC 2016,BORDENTOWN FC BORDENTOWN FC REVOLUTION 2016,SW-Locke Avenue Park,,
09/07/2025,15:45,21373601,,GotSport,Soccer,U-10,EAST GREENWICH SA EGSA ROYALS 2016,WEST DEPTFORD SC TSUNAMI 2016,E GREENWICH - THOMPSON FAMILY PARK,,
09/07/2025,15:45,21375572,,GotSport,Soccer,U-9,HADDONFIELD SC WHITE 2017,EAST GREENWICH SA EGSA STRIKERS 2017,HADDONFIELD - CROWS WOODS,,
09/07/2025,15:45,21351675,,GotSport,Soccer,U-8,LOGAN SOCCER CLUB  LOGAN IMPACT BLUE 2018,GATEWAY UNITED SOCCER CLUB GUSC MAGPIES B2018,LOGAN - TWP LINE,,
09/07/2025,15:45,21324271,,GotSport,Soccer,U-9,HADDONFIELD SC GREY 2017,BURLINGTON TOWNSHIP SOCCER BURLINGTON TOWNSHIP XTREME 2017,HADDONFIELD - CROWS WOODS,,
09/07/2025,15:45,21406099,,GotSport,Soccer,U-10,WEST DEPTFORD SC WILDCATS 2016,ATLANTIC UNITED SOCCER CLUB ATLANTIC UNITED PREMIER RED 2016/2017 B,W DEPTFORD-WD PARK,,
09/07/2025,15:45,21354849,,GotSport,Soccer,U-10,MOORESTOWN SC UNITED 2016,MARLTON SOCCER CLUB MARLTON SC CHIEFS ORANGE 2016,MOORESTOWN - SALEM RD/PRYOR PARK,,
09/07/2025,15:45,21342464,,GotSport,Soccer,U-9,WATERFORD ATHLETIC ASSN WATERFORD WINGS 2017,WEST DEPTFORD SC WARRIORS 2017,,,
09/07/2025,15:45,21332168,,GotSport,Soccer,U-9,DELRAN FC SOCCER DELRAN FC DEVILS 2017,TBAA TBAA TBAA REVOLUTION 2017,,,
09/07/2025,15:45,21406100,,GotSport,Soccer,U-10,CAPE EXPRESS CE NOR'EASTERS 2016,HIGHLAND YOUTH SOCCER CLUB MAYHEM 2016,CAPE EX SOCCER COMPLEX At Ockie Wisting,,
09/07/2025,15:45,21342215,,GotSport,Soccer,U-8,HAMMONTON YSA HAMMONTON HEAT BOYS 2018,EGG HARBOR TOWNSHIP SC EGG HARBOR SC EAGLES BLACK 2018,HAMMONTON - MOSS MILL RD PARK SOCCER COMPLEX,,
09/07/2025,15:45,21324765,,GotSport,Soccer,U-12,CHERRY HILL SC CHERRY HILL SC FORCE 2014,SWEDESBORO WOOLWICH SOCCER ASSOC. SWSA LIGHTNING 2014,CHSC - UPPER CHAPEL TURF,,
09/07/2025,15:45,21342081,,GotSport,Soccer,U-11,VOORHEES SA COBRAS 2015,UPPER TOWNSHIP SA UPPER TOWNSHIP SA COMETS GREEN 2015,VOORHEES-Echelon Complex,,
09/07/2025,15:45,21349366,,GotSport,Soccer,U-15,WTSC WTSC PREMIER 2011 BOYS,RANCOCAS VALLEY SC RANCOCAS VALLEY SC BOYS 2011 UNITED,,,
09/07/2025,15:45,21390115,,GotSport,Soccer,U-10,SENECA UNITED SC EAGLES 2016,PITTSGROVE SOCCER CLUB PSC PRIME 2016,SENECA - STONEY CREEK FIELDS,,
09/07/2025,15:50,21346819,,GotSport,Soccer,U-13,DELRAN FC SOCCER DELRAN FC KNIGHTS 2014,PITTSGROVE SOCCER CLUB PSC PYTHONS 2013,,,
09/07/2025,16:00,21318453,,GotSport,Soccer,U-14,EAST GREENWICH SA EGSA VENOM 2012,BURLINGTON TOWNSHIP SOCCER DRAGONS 2012,E GREENWICH - THOMPSON FAMILY PARK,,
09/07/2025,16:00,21333291,,GotSport,Soccer,U-13,EAST GREENWICH SA EGSA PANTHERS 2013,CHERRY HILL SC CHERRY HILL SC FORCE 2013,E GREENWICH - THOMPSON FAMILY PARK,,
09/14/2025,11:00,21354695,,GotSport,Soccer,U-9,WTSC WTSC WASHINGTON UNITED 2017B,HARRISON SC HARRISON UNITED 2017,,,
09/14/2025,11:00,21444938,,GotSport,Soccer,U-11,HARRISON SC HARRISON BLUE ARSENAL 2015,EAST GREENWICH SA EGSA TIGERS 2015,HARRISON - William Wilt Soccer Complex,,
09/14/2025,11:00,21354851,,GotSport,Soccer,U-10,WTSC WTSC WASHINGTON UNITED 2016B,MOORESTOWN SC UNITED 2016,,,
09/14/2025,11:00,21324766,,GotSport,Soccer,U-12,CHERRY HILL SC CHERRY HILL SC FORCE 2014,AUDUBON SOCCER YOUTH ASSOCIATION AUDUBON ATTACK - BOYS 2014,CHSC - UPPER CHAPEL TURF,,
09/14/2025,11:00,21375361,,GotSport,Soccer,U-9,HADDON HEIGHTS SC HAVOC 2017,MOORESTOWN SC SCORPIONS 2017,HADD HGTS - DEVON,,
09/14/2025,11:00,21349368,,GotSport,Soccer,U-15,RANCOCAS VALLEY SC RANCOCAS VALLEY SC BOYS 2011 UNITED,MONROE TOWNSHIP YS UNITED BOYS 2011 BLUE,Rancocas Valley-LUMBERTON MUNICIPAL,,
09/14/2025,11:00,21454380,,GotSport,Soccer,U-9,EGG HARBOR TOWNSHIP SC EGG HARBOR SC EAGLES 2017,MAINLAND UNITED SA MAINLAND UNITED SA MUSTANGS RED 2017 B,Egg Harbor Twp HS,,
09/14/2025,11:00,21324275,,GotSport,Soccer,U-9,PENNSAUKEN YOUTH SOCCER CLUB ROARING CUBS 2017,HADDONFIELD SC GREY 2017,Pennsauken Community Recreation Facility,,
09/14/2025,11:00,21318285,,GotSport,Soccer,U-15,WOODBURY SOCCER CLUB WOODBURY ARMORY 2011,HAMMONTON YSA HAMMONTON HEAT BOYS 2011,WOODBURY,,
09/14/2025,11:00,21374655,,GotSport,Soccer,U-12,VOORHEES SA LIGHTNING 2014,MANTUA TOWNSHIP SA 2014B MANTUA UNITED,VOORHEES-Echelon Complex,,
09/14/2025,11:00,21332122,,GotSport,Soccer,U-12,TBAA TBAA TBAA REVOLUTION 2015,VOORHEES SA VSA KNIGHTS 2014,TBAA-VALLEY BROOK,,
09/14/2025,11:00,21391792,,GotSport,Soccer,U-13,MOUNT LAUREL UNITED (MLU) GALAXY 2013,MARLTON SOCCER CLUB MARLTON SC CHIEFS BLACK 2013,MLU-TROTTERS,,
09/14/2025,11:00,21346822,,GotSport,Soccer,U-13,PITTSGROVE SOCCER CLUB PSC PYTHONS 2013,DEPTFORD SA TORNADOES 2013,PITTSGROVE-GREEN BRANCH,,
09/14/2025,11:00,21331756,,GotSport,Soccer,U-14,HIGHLAND YOUTH SOCCER CLUB FORCE 2012,HARRISON SC HARRISON SC STRIKERS 2012,HIGHLAND - GLOUCESTER TWP PARK,,
09/14/2025,11:00,21374491,,GotSport,Soccer,U-14,EGG HARBOR TOWNSHIP SC EGG HARBOR SC EAGLES 2012 BLACK,LOGAN SOCCER CLUB  LOGAN FUSION 2012,Egg Harbor Twp HS,,
09/14/2025,11:00,21333253,,GotSport,Soccer,U-13,HADDONFIELD SC RED 2013,MEDFORD SC MEDFORD SC BLUE DEVILS 2013,HADDONFIELD - CROWS WOODS,,
09/14/2025,11:00,21716230,,GotSport,Soccer,U-10,HADDONFIELD SC GREY 2016,PALMYRA RIVERTON SC LEGENDARY 2016,HADDONFIELD - CROWS WOODS,,
09/14/2025,12:00,21317855,,GotSport,Soccer,U-15,DELRAN FC SOCCER DELRAN FC FLASH 2011,GATEWAY UNITED SOCCER CLUB GUSC WILDCATS B2011,,,
09/14/2025,12:00,21317857,,GotSport,Soccer,U-15,WINSLOW TOWNSHIP YSA WINSLOW WILDCATS 2011,VOORHEES SA BLUES 2011,,,
09/14/2025,12:00,21408610,,GotSport,Soccer,U-11,SWEDESBORO WOOLWICH SOCCER ASSOC. SWSA STRIKERS 2015,HARRISON SC HARRISON FURY 2015,SW-Locke Avenue Park,,
09/14/2025,12:00,21318417,,GotSport,Soccer,U-15,SWEDESBORO WOOLWICH SOCCER ASSOC. SWSA RED FLAMES 2011,MANTUA TOWNSHIP SA 2011B MANTUA UNION,SW-Locke Avenue Park,,
09/14/2025,12:00,21392023,,GotSport,Soccer,U-8,SWEDESBORO WOOLWICH SOCCER ASSOC. SWSA SUPERNOVA 2018,PITTSGROVE SOCCER CLUB PSC DYNASTY 2018,SW-Locke Avenue Park,,
09/14/2025,12:00,21332853,,GotSport,Soccer,U-16,CINNAMINSON SC CINNAMINSON SC PIRATES 2010,MILLVILLE SA MILLVILLE VENOM 2010,CINNAMINSON SC - MEMORIAL,,
09/14/2025,12:00,21375574,,GotSport,Soccer,U-9,COLLINGSWOOD OAKLYN SOCCER CLUB COSC TSUNAMI 2017,LOGAN SOCCER CLUB  LOGAN BOOM BLUE 2017,COSC- Oaklyn Public School,,
09/14/2025,12:00,21342453,,GotSport,Soccer,U-9,EAST GREENWICH SA EGSA COBRAS 2017,WOODSTOWN SOCCER CLUB WOODSTOWN WARRIORS 2017,E GREENWICH - THOMPSON FAMILY PARK,,
09/14/2025,12:00,21332881,,GotSport,Soccer,U-13,WTSC WTSC WASHINGTON PREMIER 2013B,BURLINGTON TOWNSHIP SOCCER STRIKERS 2013,,,
09/14/2025,12:00,21324276,,GotSport,Soccer,U-9,MEDFORD SC MEDFORD SC GOLD 2017B,BURLINGTON TOWNSHIP SOCCER BURLINGTON TOWNSHIP XTREME 2017,MEDFORD SC - Bob Meyer Memorial Park,,
09/14/2025,12:00,21318418,,GotSport,Soccer,U-15,MEDFORD SC MEDFORD SC RENEGADES 2011,BURLINGTON TOWNSHIP SOCCER REBELS 2011,MEDFORD - BENDE PARK,,
09/14/2025,12:00,21354694,,GotSport,Soccer,U-9,MARLTON SOCCER CLUB MARLTON SC CHIEFS ORANGE 2017,EAST GREENWICH SA EGSA UNITED 2017,MARLTON - MEMORIAL,,
09/14/2025,12:00,21366130,,GotSport,Soccer,U-12,HADDON TWP SOCCER CLUB HADDON TWP RED HAWKS 2014,PITTSGROVE SOCCER CLUB PSC PREMIER 2014,HADDON TWP - RECCHINO FIELDS,,
09/14/2025,12:00,21324318,,GotSport,Soccer,U-11,WATERFORD ATHLETIC ASSN WATERFORD WINGS 2015,WOODSTOWN SOCCER CLUB WOODSTOWN WILD 2015,,,
09/14/2025,12:00,21408609,,GotSport,Soccer,U-11,HADDONFIELD SC RED 2015,VOORHEES SA VIPERS 2015,HADDONFIELD - CROWS WOODS,,
09/14/2025,12:00,21346042,,GotSport,Soccer,U-9,HADDON TWP SOCCER CLUB HADDON TWP. WHITE HAWKS 2017,MOUNT LAUREL UNITED (MLU) SUPER EAGLES 2017,,,
09/14/2025,12:00,21352110,,GotSport,Soccer,U-11,MEDFORD SC MEDFORD SC COLUMBIA 2015,EDGEWATER PARK ATHLETIC ASSOCIATION EP WARRIORS 2015,MEDFORD - BENDE PARK,,
09/14/2025,12:15,21342218,,GotSport,Soccer,U-8,EGG HARBOR TOWNSHIP SC EGG HARBOR SC EAGLES BLACK 2018,SJ FUTBOL CLUB SJ FUTBOL CLUB VIPERS 2018,Egg Harbor Twp HS,,
09/14/2025,12:15,21347621,,GotSport,Soccer,U-8,HADDON HEIGHTS SC VIPERS 2018,DELRAN FC SOCCER DELRAN FC BLACK 2018,HADD HGTS - DEVON,,
09/14/2025,12:15,21317858,,GotSport,Soccer,U-15,TBAA TBAA TBAA TITANS 2011,EGG HARBOR TOWNSHIP SC EGG HARBOR SC EAGLES WHITE 2011,TBAA-VALLEY BROOK,,
09/14/2025,12:30,21352827,,GotSport,Soccer,U-11,CHERRY HILL SC CHERRY HILL SC RAPTORS 2015,TAR-KILL SOCCER CLUB TARKILL BLUES 2015,CHSC - UPPER CHAPEL TURF,,
09/14/2025,12:30,21375444,,GotSport,Soccer,U-11,HARRISON SC HARRISON BLUE REBELS 2015,PENNSVILLE SOCCER ASSOCIATION PENNSVILLE EAGLES GOLD 2015,HARRISON - William Wilt Soccer Complex,,
09/14/2025,12:30,21333251,,GotSport,Soccer,U-13,PITTSGROVE SOCCER CLUB PSC LEGACY 2013,EAST GREENWICH SA EGSA DYNAMO 2013,PITTSGROVE-GREEN BRANCH,,
09/14/2025,12:30,21354883,,GotSport,Soccer,U-13,EGG HARBOR TOWNSHIP SC EGG HARBOR SC EAGLES WHITE 2013,CINNAMINSON SC CINNAMINSON SC THUNDERBIRDS 2013,Egg Harbor Twp HS,,
09/14/2025,12:30,21354881,,GotSport,Soccer,U-13,MEDFORD STRIKERS SC MEDFORD STRIKERS 2013 BOYS,MONROE TOWNSHIP YS MONROE UNITED 2013,MEDFORD STRIKERS - ARK ROAD COMPLEX,,
09/14/2025,12:30,21409707,,GotSport,Soccer,U-16,BORDENTOWN FC BORDENTOWN FC PANTHERS 2010,SJ FUTBOL CLUB SJ FUTBOL CLUB WOLVES,BORDENTOWN - FRIENDSHIP FIELDS,,
09/14/2025,12:30,21716231,,GotSport,Soccer,U-10,BARRINGTON SC BARRINGTON SC STORM 2016,WINSLOW TOWNSHIP YSA WINSLOW SPARTANS 2016,BARRINGTON-DEERE FIELD,,
09/14/2025,12:30,21716229,,GotSport,Soccer,U-10,CHERRY HILL SC CHERRY HILL SC BLUE STORM (2016) - BOYS,MOORESTOWN SC TIGERS 2016,CHSC - CH WEST HS,,
09/14/2025,12:30,21367885,,GotSport,Soccer,U-11,EGG HARBOR TOWNSHIP SC EGG HARBOR SC EAGLES BLACK 2015,ATLANTIC UNITED SOCCER CLUB ATLANTIC UNITED PREMIER WHITE 2015B,Egg Harbor Twp HS,,
09/14/2025,12:30,21445030,,GotSport,Soccer,U-9,MOORESTOWN SC PANTHERS 2017,WTSC WTSC WASHINGTON SELECT 2017B,MOORESTOWN - SALEM RD/PRYOR PARK,,
09/14/2025,12:30,21349057,,GotSport,Soccer,U-9,DELRAN FC SOCCER DELRAN FC RAPTORS 2017,CINNAMINSON SC CINNAMINSON SC UNION 2017,,,
09/14/2025,12:30,22002478,,GotSport,Soccer,U-19,HIGHLAND YOUTH SOCCER CLUB GALAXY 2008,DEPTFORD SA AVENGERS 2009,HIGHLAND - GLOUCESTER TWP PARK,,
09/14/2025,12:30,21373605,,GotSport,Soccer,U-10,MOORESTOWN SC RENEGADES 2016,EAST GREENWICH SA EGSA ROYALS 2016,MOORESTOWN - MEMORIAL FIELDS,,
09/14/2025,12:30,21349058,,GotSport,Soccer,U-9,MEDFORD SC MEDFORD SC COLUMBIA 2017B,MARLTON SOCCER CLUB MARLTON SC CHIEFS WHITE 2017,MEDFORD SC - Bob Meyer Memorial Park,,
09/14/2025,12:30,21332172,,GotSport,Soccer,U-9,CHERRY HILL SC CHERRY HILL SC DYNAMO (2017),CINNAMINSON SC CINNAMINSON SC RED 2017,CHSC - UPPER CHAPEL TURF,,
09/14/2025,12:30,21342454,,GotSport,Soccer,U-9,WEST DEPTFORD SC WARRIORS 2017,PENNS GROVE SC PENNS GROVE SC RENEGADES 2017,W DEPTFORD-WD PARK,,
09/14/2025,12:30,21409150,,GotSport,Soccer,U-10,GATEWAY UNITED SOCCER CLUB GUSC GATORS B2016/17,CHERRY HILL FC JUNIOR BLACK 2016,GATEWAY UTD. - LANGSTON FIELD,,
09/14/2025,12:30,21333252,,GotSport,Soccer,U-13,CHERRY HILL SC CHERRY HILL SC THUNDER 2013,HIGHLAND YOUTH SOCCER CLUB FURY 2013,CHSC - CH WEST HS,,
09/14/2025,12:30,21332121,,GotSport,Soccer,U-12,MOUNT LAUREL UNITED (MLU) LIGHTNING 2014,COLLINGSWOOD OAKLYN SOCCER CLUB COSC JAGUARS 2015,MLU-TROTTERS,,
09/14/2025,12:30,21318456,,GotSport,Soccer,U-14,VINELAND SA FURY 2012,PENNSVILLE SOCCER ASSOCIATION PENNSVILLE EAGLES 2012,VINELAND SA,,
09/14/2025,12:30,21318458,,GotSport,Soccer,U-14,CAPE EXPRESS CE WHITE CAPS 2012,BURLINGTON TOWNSHIP SOCCER DRAGONS 2012,CAPE EX SOCCER COMPLEX At Ockie Wisting,,
09/14/2025,12:30,21352190,,GotSport,Soccer,U-14,HADDONFIELD SC BLACK 2012,HADDON TWP SOCCER CLUB HADDON TWP WHITE HAWKS 2012,HADDONFIELD - CROWS WOODS,,
09/14/2025,12:30,21406102,,GotSport,Soccer,U-10,HAMMONTON YSA HAMMONTON HEAT BOYS 2016,CAPE EXPRESS CE NOR'EASTERS 2016,HAMMONTON - MOSS MILL RD PARK SOCCER COMPLEX,,
09/14/2025,12:30,21406104,,GotSport,Soccer,U-10,FRANKLIN TOWNSHIP YOUTH SOCCER ASSOCIATION UNITED 2016,ATLANTIC UNITED SOCCER CLUB ATLANTIC UNITED PREMIER RED 2016/2017 B,FRANKLIN TWP YOUTH COMPLEX,,
09/14/2025,12:30,21333006,,GotSport,Soccer,U-12,MOORESTOWN SC KILLER BEES 2014,CHERRY HILL SC CHERRY HILL SC TITANS (2014),MOORESTOWN - SALEM RD/PRYOR PARK,,
09/14/2025,12:30,21324746,,GotSport,Soccer,U-14,MOORESTOWN SC UNION 2012,WTSC WTSC WASHINGTON PREMIER 2012 BOYS,MOORESTOWN - MEMORIAL FIELDS,,
09/14/2025,12:30,21342217,,GotSport,Soccer,U-8,UPPER TOWNSHIP SA UPPER TOWNSHIP SA COMETS 2018,PITTSGROVE SOCCER CLUB PSC CREW 2018,UPPER TWP-Amanda's Field Complex,,
09/14/2025,12:30,21333092,,GotSport,Soccer,U-8,WTSC WTSC WASHINGTON PREMIER 2018 BOYS,HADDONFIELD SC FIRE 2018,,,
09/14/2025,12:30,21346821,,GotSport,Soccer,U-13,CHERRY HILL FC RED HAWKS 2013,DELRAN FC SOCCER DELRAN FC KNIGHTS 2014,,,
09/14/2025,12:30,21331757,,GotSport,Soccer,U-14,MARLTON SOCCER CLUB MARLTON SC CHIEFS WHITE 2012,TAR-KILL SOCCER CLUB TARKILL LIVERPOOL 2012,MARLTON - MEMORIAL,,
09/14/2025,12:30,21392021,,GotSport,Soccer,U-8,HARRISON SC HARRISON WOLVES 2018,WTSC WTSC WASHINGTON UNITED 2018 BOYS,HARRISON - William Wilt Soccer Complex,,
09/14/2025,12:30,21347623,,GotSport,Soccer,U-8,HADDONFIELD SC REBELS 2018,AUDUBON SOCCER YOUTH ASSOCIATION AUDUBON 2018 BOYS,HADDONFIELD - CROWS WOODS,,
09/14/2025,12:30,21352826,,GotSport,Soccer,U-11,UPPER TOWNSHIP SA UPPER TOWNSHIP SA SUPER SONICS 2015,RANCOCAS VALLEY SC RANCOCAS VALLEY SC BOYS STEALTH 2015,UPPER TWP-Amanda's Field Complex,,
09/14/2025,12:30,21390119,,GotSport,Soccer,U-10,AUDUBON SOCCER YOUTH ASSOCIATION AUDUBON 2016 BOYS,SENECA UNITED SC EAGLES 2016,AUDUBON - GREEN WAVE PARK,,
09/14/2025,12:30,21343116,,GotSport,Soccer,U-8,VOORHEES SA SUPER STRIKERS 2018,MONROE TOWNSHIP YS MONROE UNITED BOYS 2018,VOORHEES-Echelon Complex,,
09/14/2025,12:30,21333279,,GotSport,Soccer,U-13,EAST GREENWICH SA EGSA PANTHERS 2013,PENNSVILLE SOCCER ASSOCIATION PENNSVILLE EAGLES 2013,E GREENWICH - THOMPSON FAMILY PARK,,
09/14/2025,12:30,21333278,,GotSport,Soccer,U-13,PITMAN SA PITMAN SA TIGERS 2013,MILLVILLE SA MILLVILLE UNITED 2013,PITMAN - ALCYON LAKE,,
09/14/2025,12:30,21342292,,GotSport,Soccer,U-12,VINELAND SA VINELAND TERMINATORS 2014,EGG HARBOR TOWNSHIP SC EGG HARBOR SC EAGLES 2014,VINELAND SA,,
09/14/2025,12:30,21332819,,GotSport,Soccer,U-13,PENNSAUKEN YOUTH SOCCER CLUB REBELS 2013,MAINLAND UNITED SA MAINLAND UNITED SA MUSTANGS RED 2013 B,Pennsauken Community Recreation Facility,,
09/14/2025,12:30,21332818,,GotSport,Soccer,U-13,MONROE TOWNSHIP YS UNITED BOYS BLUE 2013,MARLTON SOCCER CLUB MARLTON SC CHIEFS WHITE 2013,MONROE TWP - CORKERY LANE,,
09/14/2025,12:30,21347742,,GotSport,Soccer,U-10,NORTHERN BURLINGTON SA NORTHERN BURLINGTON BOOM 2016,WINSLOW TOWNSHIP YSA WINSLOW KINGS 2016,,,
09/14/2025,12:30,21444387,,GotSport,Soccer,U-14,CHERRY HILL SC CHERRY HILL SC COBRAS 2012,SENECA UNITED SC 2012 PRIDE,CHSC - CH WEST HS,,
09/14/2025,12:30,21345324,,GotSport,Soccer,U-11,LOGAN SOCCER CLUB  LOGAN ARMADA WHITE 2015,PENNS GROVE SC PENNS GROVE SC LIL DEVILS 2015,LOGAN - TWP LINE,,
09/14/2025,12:30,21345322,,GotSport,Soccer,U-11,HAMMONTON YSA HAMMONTON HEAT BOYS 2015,RANCOCAS VALLEY SC RANCOCAS VALLEY SC BOYS UNITED 2015,HAMMONTON - MOSS MILL RD PARK SOCCER COMPLEX,,
09/14/2025,12:30,21351922,,GotSport,Soccer,U-13,UPPER TOWNSHIP SA UPPER TOWNSHIP SA HURRICANES WHITE 2014,MOUNT LAUREL UNITED (MLU) TIGERS 2013,UPPER TWP-Amanda's Field Complex,,
09/14/2025,12:30,21351923,,GotSport,Soccer,U-13,HADDON HEIGHTS SC 2013 GARNET STORM,WOODSTOWN SOCCER CLUB WOODSTOWN PREDATORS 2013,HADD HGTS - DEVON,,
09/14/2025,12:30,21351924,,GotSport,Soccer,U-13,MILLVILLE SA MILLVILLE REBELS 2013,HIGHLAND YOUTH SOCCER CLUB CHAOS 2013,MILLVILLE SOCCER COMPLEX,,
09/14/2025,12:30,21332251,,GotSport,Soccer,U-11,MAPLE SHADE SC MAPLE SHADE WILD 2015,PALMYRA RIVERTON SC NATIONALS 2015,MAPLE SHADE - TURF FIELD,,
09/14/2025,12:30,21346488,,GotSport,Soccer,U-10,TBAA TBAA TBAA KNIGHTS 2016,SWEDESBORO WOOLWICH SOCCER ASSOC. SWSA HAVOC 2016,TBAA-VALLEY BROOK,,
09/14/2025,12:30,21375573,,GotSport,Soccer,U-9,HADDONFIELD SC WHITE 2017,HARRISON SC HARRISON HURRICANES 2017,HADDONFIELD - CROWS WOODS,,
09/14/2025,12:30,21352109,,GotSport,Soccer,U-11,HIGHLAND YOUTH SOCCER CLUB STORM 2015,SENECA UNITED SC RAPTORS 2015,HIGHLAND - GLOUCESTER TWP PARK,,
09/14/2025,12:30,21352111,,GotSport,Soccer,U-11,VOORHEES SA PYTHONS 2015,ATLANTIC UNITED SOCCER CLUB ATLANTIC UNITED PREMIER FIRE 2015 B,VOORHEES-Echelon Complex,,
09/14/2025,12:30,21349306,,GotSport,Soccer,U-12,WTSC WTSC WASHINGTON SELECT 2014B,WEST DEPTFORD SC AVALANCHE 2014,,,
09/14/2025,12:30,21354984,,GotSport,Soccer,U-12,MARLTON SOCCER CLUB MARLTON SC CHIEFS WHITE 2014,CINNAMINSON SC CINNAMINSON SC CHARGERS 2014,MARLTON - MEMORIAL,,
09/14/2025,12:30,21354983,,GotSport,Soccer,U-12,PENNSAUKEN YOUTH SOCCER CLUB AVENGERS 2014,DEPTFORD SA FUSION 2015,Pennsauken Community Recreation Facility,,
09/14/2025,12:30,21390184,,GotSport,Soccer,U-10,LOGAN SOCCER CLUB  LOGAN MAYHEM BLACK 2016,TAR-KILL SOCCER CLUB TARKILL 2016 BOYS,LOGAN - TWP LINE,,
09/14/2025,12:30,21375410,,GotSport,Soccer,U-11,NORTHERN BURLINGTON SA NORTHERN BURLINGTON JACKALS 2015,GATEWAY UNITED SOCCER CLUB GUSC THUNDER B2016,,,
09/14/2025,12:45,21391791,,GotSport,Soccer,U-13,WOODBURY SOCCER CLUB WOODBURY BISON 2013,PALMYRA RIVERTON SC YOUNGBLOODS 2013,WOODBURY,,
09/14/2025,12:45,21349348,,GotSport,Soccer,U-13,RANCOCAS VALLEY SC RVSC - CELTIC 2014,WOODSTOWN SOCCER CLUB WOODSTOWN WOLVERINES 2013,Rancocas Valley-LUMBERTON MUNICIPAL,,
09/14/2025,13:00,21346043,,GotSport,Soccer,U-9,HIGHLAND YOUTH SOCCER CLUB THUNDER 2017,DEPTFORD SA SCORPIONS 2017,HIGHLAND - GLOUCESTER TWP PARK,,
09/14/2025,13:15,21392094,,GotSport,Soccer,U-11,HADDONFIELD SC WHITE 2015,MOUNT LAUREL UNITED (MLU) SHARKS 2015,HADDONFIELD - CROWS WOODS,,
09/14/2025,13:15,21408640,,GotSport,Soccer,U-10,SWEDESBORO WOOLWICH SOCCER ASSOC. SWSA VENOM 2016,HARRISON SC HARRISON HURRICANES 2016,SW-Locke Avenue Park,,
09/14/2025,13:15,21347622,,GotSport,Soccer,U-8,HADDON TWP SOCCER CLUB HADDON TWP. WHITE HAWKS 2018,CINNAMINSON SC CINNAMINSON SC PIRATES 2018,,,
09/14/2025,13:15,21324768,,GotSport,Soccer,U-12,SWEDESBORO WOOLWICH SOCCER ASSOC. SWSA LIGHTNING 2014,MONROE TOWNSHIP YS UNITED BOYS BLUE 2014,SW-Locke Avenue Park,,
09/14/2025,13:15,21375575,,GotSport,Soccer,U-9,EAST GREENWICH SA EGSA STRIKERS 2017,LOGAN SOCCER CLUB  LOGAN BOOM BLACK 2017,E GREENWICH - THOMPSON FAMILY PARK,,
09/14/2025,13:15,21333005,,GotSport,Soccer,U-12,COLLINGSWOOD OAKLYN SOCCER CLUB OUTLAWS 2014,PALMYRA RIVERTON SC TORNADOES 2014,COSC- Oaklyn Public School,,
09/14/2025,13:15,21346718,,GotSport,Soccer,U-11,HADDON TWP SOCCER CLUB HADDON TWP RED HAWKS 2016,SJ FUTBOL CLUB SJ FUTBOL CLUB RAMS 2015,HADDON TWP - RECCHINO FIELDS,,
09/14/2025,13:15,21354852,,GotSport,Soccer,U-10,MARLTON SOCCER CLUB MARLTON SC CHIEFS ORANGE 2016,CINNAMINSON SC CINNAMINSON SC VIPERS 2016,MARLTON - MEMORIAL,,
09/14/2025,13:15,21444242,,GotSport,Soccer,U-12,WATERFORD ATHLETIC ASSN WINGS 2014,MOORESTOWN SC HORNETS 2014,,,
09/14/2025,13:15,21345294,,GotSport,Soccer,U-10,MEDFORD SC MEDFORD SC COLUMBIA 2016,HARRISON SC HARRISON HORNETS 2016,MEDFORD SC - Bob Meyer Memorial Park,,
09/14/2025,13:30,21354853,,GotSport,Soccer,U-10,EGG HARBOR TOWNSHIP SC EGG HARBOR SC EAGLES WHITE 2016,HARRISON SC HARRISON LEGENDS 2016,Egg Harbor Twp HS,,
09/14/2025,13:30,21353101,,GotSport,Soccer,U-11,MEDFORD SC MEDFORD SC WHITE 2015,MAINLAND UNITED SA MAINLAND UNITED SA MUSTANGS BLACK 2015 B,MEDFORD - BENDE PARK,,
09/14/2025,13:30,21349378,,GotSport,Soccer,U-15,WTSC WTSC PREMIER 2011 BOYS,WINSLOW TOWNSHIP YSA WINSLOW REAPERS 2011,,,
09/14/2025,13:30,21445031,,GotSport,Soccer,U-9,HADDON HEIGHTS SC PHANTOMS 2017,AUDUBON SOCCER YOUTH ASSOCIATION AUDUBON BOYS 2017 TEAM 2,HADD HGTS - DEVON,,
09/14/2025,13:40,22002477,,GotSport,Soccer,U-19,WINSLOW TOWNSHIP YSA WINSLOW VIPERS 2009,EAST GREENWICH SA EGSA THUNDER 2009,,,
09/14/2025,13:45,21318457,,GotSport,Soccer,U-14,SWEDESBORO WOOLWICH SOCCER ASSOC. SWSA SHARKS 2012,EAST GREENWICH SA EGSA VENOM 2012,SW-Locke Avenue Park,,
09/14/2025,13:45,21318416,,GotSport,Soccer,U-15,DELRAN FC SOCCER DELRAN FC BLAST 2011,LOGAN SOCCER CLUB  LOGAN BLAZE 2011,,,
09/14/2025,13:45,21409708,,GotSport,Soccer,U-16,MEDFORD SC MEDFORD SC MAD DOGS WHITE 2010,MAPLE SHADE SC MAPLE SHADE BEST ELEVEN 2010,MEDFORD - BENDE PARK,,
09/14/2025,14:00,21374472,,GotSport,Soccer,U-14,PITTSGROVE SOCCER CLUB PSC SPURS '12,MOUNT LAUREL UNITED (MLU) HAWKS 2012,PITTSGROVE-GREEN BRANCH,,
09/14/2025,14:00,21342085,,GotSport,Soccer,U-11,MOORESTOWN SC VIPERS 2015,CINNAMINSON SC CINNAMINSON SC PRIME 2015,MOORESTOWN - SALEM RD/PRYOR PARK,,
09/14/2025,14:00,21342779,,GotSport,Soccer,U-9,MEDFORD STRIKERS SC MEDFORD STRIKERS 2017 BOYS,BURLINGTON TOWNSHIP SOCCER BT FIRE 2017,MEDFORD STRIKERS - ARK ROAD COMPLEX,,
09/14/2025,14:00,21353143,,GotSport,Soccer,U-12,VOORHEES SA VIKINGS 2014,PITMAN SA PITMAN SA BENGALS 2014,VOORHEES-Echelon Complex,,
09/14/2025,14:00,21342782,,GotSport,Soccer,U-9,AUDUBON SOCCER YOUTH ASSOCIATION AUDUBON CROSSFIRE 2017,PITTSGROVE SOCCER CLUB PSC PREDATORS 2017,AUDUBON - GREEN WAVE PARK,,
09/14/2025,14:00,21409388,,GotSport,Soccer,U-10,GATEWAY UNITED SOCCER CLUB GUSC BLUES B2016/17,PENNSVILLE SOCCER ASSOCIATION PENNSVILLE EAGLES 2016,GATEWAY UTD. - LANGSTON FIELD,,
09/14/2025,14:00,21409387,,GotSport,Soccer,U-10,FRANKLIN TOWNSHIP YOUTH SOCCER ASSOCIATION JERSEY DEVILS 2016,PENNS GROVE SC PENNS GROVE SC DRAGONS 2016,FRANKLIN TWP YOUTH COMPLEX,,
09/14/2025,14:00,21409386,,GotSport,Soccer,U-10,MANTUA TOWNSHIP SA MANTUA 2016B,WOODSTOWN SOCCER CLUB WOODSTOWN UNITED 2016,MANTUA TWP,,
09/14/2025,14:00,21444243,,GotSport,Soccer,U-12,LOGAN SOCCER CLUB  LOGAN CHARGE BLUE 2014,HADDONFIELD SC BLACK 2014,LOGAN - TWP LINE,,
09/14/2025,14:00,21405647,,GotSport,Soccer,U-10,WTSC WTSC WASHINGTON PREMIER 2016B,UPPER TOWNSHIP SA UPPER TOWNSHIP SA BREAKERS 2016,,,
09/14/2025,14:00,21346044,,GotSport,Soccer,U-9,CHERRY HILL SC CHERRY HILL SC COBRAS 2017,BORDENTOWN FC BORDENTOWN FC REVOLUTION 2017,CHSC - UPPER CHAPEL TURF,,
09/14/2025,14:00,21353100,,GotSport,Soccer,U-11,HIGHLAND YOUTH SOCCER CLUB LIGHTNING 2015,CAPE EXPRESS CE SILVER STREAK 2015,HIGHLAND - GLOUCESTER TWP PARK,,
09/14/2025,14:00,21342455,,GotSport,Soccer,U-9,HADDONFIELD SC SILVER 2017,PENNSVILLE SOCCER ASSOCIATION PENNSVILLE EAGLES BLUE 2017,HADDONFIELD - CROWS WOODS,,
09/14/2025,14:00,21373606,,GotSport,Soccer,U-10,HADDONFIELD SC WHITE 2016,WEST DEPTFORD SC TSUNAMI 2016,HADDONFIELD - CROWS WOODS,,
09/14/2025,14:00,21366132,,GotSport,Soccer,U-12,EGG HARBOR TOWNSHIP SC EGG HARBOR SC EAGLES BLACK 2014,MEDFORD SC MEDFORD SC AVENGERS 2014,Egg Harbor Twp HS,,
09/14/2025,14:00,21331755,,GotSport,Soccer,U-14,VINELAND SA JERSEY BOYZ 2012,HADDONFIELD SC RED 2012,VINELAND SA,,
09/14/2025,14:00,21333094,,GotSport,Soccer,U-8,MEDFORD SC MEDFORD SC WHITE 2018B,VOORHEES SA JEDI KNIGHTS 2018,MEDFORD SC - Bob Meyer Memorial Park,,
09/14/2025,14:00,21352038,,GotSport,Soccer,U-9,PITMAN SA PITMAN SA LIONS 2017,EGG HARBOR TOWNSHIP SC EGG HARBOR SC EAGLES BLACK 2017,PITMAN - Dell,,
09/14/2025,14:00,21409151,,GotSport,Soccer,U-10,LOGAN SOCCER CLUB  LOGAN MAYHEM BLUE 2016,MEDFORD SC MEDFORD SC GOLD 2016,LOGAN - TWP LINE,,
09/14/2025,14:00,21444979,,GotSport,Soccer,U-11,WEST DEPTFORD SC COBRAS 2015,PITMAN SA PITMAN SA WILDCATS 2015,W DEPTFORD-WD PARK,,
09/14/2025,14:00,21346823,,GotSport,Soccer,U-13,CHERRY HILL SC CHERRY HILL SC UNITED 2014,PENNS GROVE SC PENNS GROVE WILD 2013,CHSC - CH WEST HS,,
09/14/2025,14:00,21349232,,GotSport,Soccer,U-8,BARRINGTON SC BARRINGTON SC STRIKERS 2018,SENECA UNITED SC STORM 2018,BARRINGTON-DEERE FIELD,,
09/14/2025,14:00,21349231,,GotSport,Soccer,U-8,MOORESTOWN SC GOLDEN STRIKERS 2018,HADDONFIELD SC THUNDER 2018,MOORESTOWN - SALEM RD/PRYOR PARK,,
09/14/2025,14:00,21342216,,GotSport,Soccer,U-8,HAMMONTON YSA HAMMONTON HEAT BOYS 2018,CAPE EXPRESS CE TORNADOS 2018,HAMMONTON - MOSS MILL RD PARK SOCCER COMPLEX,,
09/14/2025,14:00,21405461,,GotSport,Soccer,U-9,WOODBURY SOCCER CLUB WOODBURY WARRIORS 2017,PITMAN SA PITMAN SA PANTHERS 2017,WOODBURY,,
09/14/2025,14:00,21352023,,GotSport,Soccer,U-9,UPPER TOWNSHIP SA UPPER TOWNSHIP SA HEAT 2017,SENECA UNITED SC WILDCATS 2017,UPPER TWP-Amanda's Field Complex,,
09/14/2025,14:00,21324745,,GotSport,Soccer,U-14,CHERRY HILL FC 2012 JUNIORS BLACK,CINNAMINSON SC CINNAMINSON SC SKULLS 2012,,,
09/14/2025,14:00,21332253,,GotSport,Soccer,U-11,CHERRY HILL SC CHERRY HILL SC COMETS (2015),CINNAMINSON SC CINNAMINSON SC BANDITS 2015,CHSC - UPPER CHAPEL TURF,,
09/14/2025,14:00,21375360,,GotSport,Soccer,U-9,NORTHERN BURLINGTON SA NORTHERN BURLINGTON FORCE 2017,WTSC WTSC WASHINGTON PREMIER 2017B,,,
09/14/2025,14:00,21392163,,GotSport,Soccer,U-11,MARLTON SOCCER CLUB MARLTON SC CHIEFS WHITE 2015,CLAYTON SA CLIPPERS 2015,MARLTON - MEMORIAL,,
09/14/2025,14:00,21366131,,GotSport,Soccer,U-12,TBAA TBAA TBAA OUTLAWS 2014,FRANKLIN TOWNSHIP YOUTH SOCCER ASSOCIATION STORM 2014,TBAA-VALLEY BROOK,,
09/14/2025,14:00,21367883,,GotSport,Soccer,U-11,VINELAND SA VINELAND FC 2015B,LOGAN SOCCER CLUB  LOGAN ARMADA BLUE 2015,VINELAND SA,,
09/14/2025,14:00,21345323,,GotSport,Soccer,U-11,PENNSAUKEN YOUTH SOCCER CLUB UNITED 2015,MAINLAND UNITED SA MAINLAND UNITED SA MUSTANGS RED 2015 B,Pennsauken Community Recreation Facility,,
09/14/2025,14:00,21354724,,GotSport,Soccer,U-12,HAMMONTON YSA HAMMONTON HEAT BOYS 2014,GATEWAY UNITED SOCCER CLUB GU GREYHOUNDS 2014,HAMMONTON - MOSS MILL RD PARK SOCCER COMPLEX,,
09/14/2025,14:00,21408608,,GotSport,Soccer,U-11,WTSC WTSC WASHINGTON UNITED 2015B,GATEWAY UNITED SOCCER CLUB GUSC LIGHTNING PP B2015/2016,,,
09/14/2025,14:00,21324320,,GotSport,Soccer,U-11,NORTHERN BURLINGTON SA NORTHERN BURLINGTON STORM 2015,BURLINGTON TOWNSHIP SOCCER PHOENIX 2015,,,
09/14/2025,14:00,21324319,,GotSport,Soccer,U-11,UPPER TOWNSHIP SA UPPER TOWNSHIP SA COMETS WHITE 2015,MILLVILLE SA MILLVILLE WARRIORS 2015,UPPER TWP-Amanda's Field Complex,,
09/14/2025,14:00,21332170,,GotSport,Soccer,U-9,MOUNT LAUREL UNITED (MLU) PRESTIGE 2017,DELRAN FC SOCCER DELRAN FC DEVILS 2017,MLU-MARNE HWY,,
09/14/2025,14:00,21332171,,GotSport,Soccer,U-9,TBAA TBAA TBAA REVOLUTION 2017,VOORHEES SA BLUE DEVILS 2017,TBAA-VALLEY BROOK,,
09/14/2025,14:00,21445007,,GotSport,Soccer,U-9,VOORHEES SA VENOM 2017,SWEDESBORO WOOLWICH SOCCER ASSOC. SWSA COBRAS 2017,VOORHEES-Echelon Complex,,
09/14/2025,14:00,21444389,,GotSport,Soccer,U-14,FRANKLIN TOWNSHIP YOUTH SOCCER ASSOCIATION CRUSADERS 2012,TAR-KILL SOCCER CLUB TARKILL BARCELONA 2012,FRANKLIN TWP YOUTH COMPLEX,,
09/14/2025,14:00,21445008,,GotSport,Soccer,U-9,CINNAMINSON SC CINNAMINSON SC RAIDERS 2017,CHERRY HILL FC JUNIOR PREMIER RED 2017,CINNAMINSON SC - MEMORIAL,,
09/14/2025,14:00,21347740,,GotSport,Soccer,U-10,MAPLE SHADE SC MAPLE SHADE SHARKS 2016,MOUNT LAUREL UNITED (MLU) RENEGADES 2016,MAPLE SHADE - TURF FIELD,,
09/14/2025,14:00,21318371,,GotSport,Soccer,U-10,DELRAN FC SOCCER SHARKS 2016,CINNAMINSON SC CINNAMINSON SC LIGHTNING 2016,,,
09/14/2025,14:00,21444592,,GotSport,Soccer,U-15,UPPER TOWNSHIP SA UPPER TOWNSHIP SA TSUNAMIS 2011,VOORHEES SA ATTACK 2011,UPPER TWP-Amanda's Field Complex,,
09/14/2025,14:00,21405463,,GotSport,Soccer,U-9,HARRISON SC HARRISON HAVOC 2017,PENNSVILLE SOCCER ASSOCIATION PENNSVILLE EAGLES GOLD 2017,HARRISON - William Wilt Soccer Complex,,
09/14/2025,14:00,21390118,,GotSport,Soccer,U-10,CHERRY HILL SC CHERRY HILL SC 72S DEL MUNDO 2016,UPPER TOWNSHIP SA UPPER TOWNSHIP SA THUNDER 2016,CHSC - CH WEST HS,,
09/14/2025,14:00,21444594,,GotSport,Soccer,U-15,EGG HARBOR TOWNSHIP SC EGG HARBOR SC EAGLES BLACK 2011,HARRISON SC HARRISON THUNDER FÚTBOL ACADEMY 2011,Egg Harbor Twp HS,,
09/14/2025,14:00,21345293,,GotSport,Soccer,U-10,MOORESTOWN SC WARRIORS 2016,MONROE TOWNSHIP YS MONROE UNITED 2017,MOORESTOWN - MEMORIAL FIELDS,,
09/14/2025,14:00,21354944,,GotSport,Soccer,U-11,DELRAN FC SOCCER DELRAN FC COBRAS 2015,MOORESTOWN SC ELECTRIC RAYS 2015,,,
09/14/2025,14:00,21354943,,GotSport,Soccer,U-11,HADDON HEIGHTS SC HADDON HEIGHTS SC CHEETAHS 2015,MILLVILLE SA MILLVILLE PREDATORS 2015,HADD HGTS - DEVON,,
09/14/2025,14:00,21375409,,GotSport,Soccer,U-11,MONROE TOWNSHIP YS UNITED BLUE 2015,BURLINGTON TOWNSHIP SOCCER THUNDER 2015,MONROE TWP - CORKERY LANE,,
09/14/2025,14:00,21333280,,GotSport,Soccer,U-13,MOORESTOWN SC THUNDER 2013,PEMBERTON SC PEMBERTON SOCCER 2013,MOORESTOWN - MEMORIAL FIELDS,,
09/14/2025,14:00,21333281,,GotSport,Soccer,U-13,CHERRY HILL SC CHERRY HILL SC FORCE 2013,WEST DEPTFORD SC WARRIORS 2013,CHSC - CH WEST HS,,
09/14/2025,14:00,21391793,,GotSport,Soccer,U-13,HADDONFIELD SC BLACK 2013,WINSLOW TOWNSHIP YSA WINSLOW SHARKS 2013,HADDONFIELD - CROWS WOODS,,
09/14/2025,14:00,21349390,,GotSport,Soccer,U-14,HARRISON SC HARRISON WILDCATS 2012,PENNS GROVE SC PENNS GROVE SC RAGE 2012,HARRISON - William Wilt Soccer Complex,,
09/14/2025,14:00,21374321,,GotSport,Soccer,U-14,CAPE EXPRESS CE AVENGERS 2013,LOGAN SOCCER CLUB  LOGAN FORCE 2012,CAPE EX SOCCER COMPLEX At Ockie Wisting,,
09/14/2025,14:00,21352191,,GotSport,Soccer,U-14,PENNSAUKEN YOUTH SOCCER CLUB TITANS 2012,EDGEWATER PARK ATHLETIC ASSOCIATION EP UNITED 2012,Pennsauken Community Recreation Facility,,
09/14/2025,14:00,21352192,,GotSport,Soccer,U-14,MARLTON SOCCER CLUB MARLTON SC CHIEFS BLACK 2012,MAPLE SHADE SC MAPLE SHADE FORCE 2012,MARLTON - MEMORIAL,,
09/14/2025,14:00,21342083,,GotSport,Soccer,U-11,MOUNT LAUREL UNITED (MLU) KNIGHTS 2015B,VOORHEES SA COBRAS 2015,MLU-TROTTERS,,
09/14/2025,14:15,21318288,,GotSport,Soccer,U-15,HIGHLAND YOUTH SOCCER CLUB U15 BOYS 2011/12,DELRAN FC SOCCER STORM,HIGHLAND - GLOUCESTER TWP PARK,,
09/14/2025,14:15,21354942,,GotSport,Soccer,U-11,MEDFORD STRIKERS SC MEDFORD STRIKERS 2015 BOYS,WEST DEPTFORD SC ANIMALS 2015,MEDFORD STRIKERS - ARK ROAD COMPLEX,,
09/14/2025,14:15,21332879,,GotSport,Soccer,U-13,COLLINGSWOOD OAKLYN SOCCER CLUB TITANS 2013,CINNAMINSON SC CINNAMINSON SC STRIKERS 2013,WOODBURY,,
09/14/2025,14:30,21444940,,GotSport,Soccer,U-11,SWEDESBORO WOOLWICH SOCCER ASSOC. SWSA GUNNERS 2015,MEDFORD SC MEDFORD SC GOLD 2015,SW-Locke Avenue Park,,
09/14/2025,14:30,21454378,,GotSport,Soccer,U-9,WATERFORD ATHLETIC ASSN WINGS 2017,CAPE EXPRESS CE BARCA 2017,,,
09/14/2025,14:30,21375359,,GotSport,Soccer,U-9,MEDFORD SC MEDFORD SC WHITE LIGHTNING 2017B,TAR-KILL SOCCER CLUB TARKILL UNION 2017,MEDFORD SC - Bob Meyer Memorial Park,,
09/14/2025,14:30,21390186,,GotSport,Soccer,U-10,MARLTON SOCCER CLUB MARLTON SC CHIEFS WHITE 2016,EAST GREENWICH SA EGSA LIONS 2016,MARLTON - MEMORIAL,,
09/14/2025,14:30,21375407,,GotSport,Soccer,U-11,HADDONFIELD SC BLACK 2015,MANTUA TOWNSHIP SA MANTUA FROGS 2015B,HADDONFIELD - CROWS WOODS,,
09/14/2025,14:30,21347741,,GotSport,Soccer,U-10,HADDON TWP SOCCER CLUB HADDON TWP WHITE HAWKS 2016,CINNAMINSON SC CINNAMINSON SC TITANS 2016,,,
09/14/2025,14:30,21349308,,GotSport,Soccer,U-12,RANCOCAS VALLEY SC RVSC - FOREST 2014,TBAA TBAA TBAA REVOLUTION 2014,Rancocas Valley-LUMBERTON MUNICIPAL,,
09/14/2025,14:30,21390185,,GotSport,Soccer,U-10,COLLINGSWOOD OAKLYN SOCCER CLUB SPARTANS 2016,SENECA UNITED SC RAPTORS 2016,COSC- Oaklyn Public School,,
09/14/2025,14:30,22116978,,GotSport,Soccer,U-8,EAST GREENWICH SA EGSA PUMAS 2018,MONROE TOWNSHIP YS MONROE UNITED BLUE 2018,E GREENWICH - THOMPSON FAMILY PARK,,
09/14/2025,14:30,21406103,,GotSport,Soccer,U-10,HIGHLAND YOUTH SOCCER CLUB MAYHEM 2016,WEST DEPTFORD SC WILDCATS 2016,HIGHLAND - GLOUCESTER TWP PARK,,
09/14/2025,14:30,21374656,,GotSport,Soccer,U-12,HADDON TWP SOCCER CLUB HADDON TWP WHITE HAWKS 2015,SENECA UNITED SC THUNDER 2014,HADDON TWP - RECCHINO FIELDS,,
09/14/2025,14:45,21408638,,GotSport,Soccer,U-10,HADDON HEIGHTS SC RUCKUS 2016,MONROE TOWNSHIP YS MONROE UNITED BLUE 2016,HADD HGTS - DEVON,,
09/14/2025,14:45,21405649,,GotSport,Soccer,U-10,EGG HARBOR TOWNSHIP SC EGG HARBOR SC EAGLES BLACK 2016,MAINLAND UNITED SA MAINLAND UNITED SA MUSTANGS RED 2016 B,Egg Harbor Twp HS,,
09/14/2025,15:00,21354723,,GotSport,Soccer,U-12,MEDFORD SC MEDFORD SC CAROLINA 2014,LOGAN SOCCER CLUB  LOGAN CHARGE BLACK 2014,MEDFORD - BENDE PARK,,
09/14/2025,15:15,21332820,,GotSport,Soccer,U-13,WTSC WTSC WASHINGTON UNITED 2014B,WEST DEPTFORD SC WEST DEPTFORD WIZARDS 2013,,,
09/14/2025,15:15,21318287,,GotSport,Soccer,U-15,PALMYRA RIVERTON SC WARRIORS 2011,VOORHEES SA FORCE 2012,PAL-RIV - LEGION FIELD 11v11,,
09/14/2025,15:20,21352252,,GotSport,Soccer,U-16,WINSLOW TOWNSHIP YSA WINSLOW SLAYERS 2010,EAST GREENWICH SA EGSA BLAZE 2010,,,
09/14/2025,15:30,21374490,,GotSport,Soccer,U-14,SWEDESBORO WOOLWICH SOCCER ASSOC. SWSA CYCLONES 2012/2013,WOODSTOWN SOCCER CLUB WOODSTOWN THUNDER 2012,SW-Locke Avenue Park,,
09/14/2025,15:30,21332852,,GotSport,Soccer,U-16,VINELAND SA STRIKERS 2011,MARLTON SOCCER CLUB MARLTON SC CHIEFS WHITE 2010,VINELAND SA,,
09/14/2025,15:30,21444402,,GotSport,Soccer,U-14,MEDFORD SC MEDFORD SC DESTROYERS 2012,DEPTFORD SA THUNDER 2012,MEDFORD - BENDE PARK,,
09/14/2025,15:30,21353142,,GotSport,Soccer,U-12,MOUNT LAUREL UNITED (MLU) COBRAS 2014,EAST GREENWICH SA EGSA STARS 2014,MLU-TROTTERS,,
09/14/2025,15:30,21349389,,GotSport,Soccer,U-14,WEST DEPTFORD SC UNION 2012,MONROE TOWNSHIP YS UNITED 2012 BLUE,W DEPTFORD-WD PARK,,
09/14/2025,15:30,21324767,,GotSport,Soccer,U-12,HADDON HEIGHTS SC HADDON HEIGHTS SC MIGHTY TITANS 2014,WTSC WTSC WASHINGTON PREMIER 2014B,HADD HGTS - DEVON,,
09/14/2025,15:30,21324682,,GotSport,Soccer,U-13,NORTHERN BURLINGTON SA NORTHERN BURLINGTON SA GLADIATORS 2013,HARRISON SC HARRISON SC LIGHTNING 2013,NB- MANSFIELD TOWNSHIP ELEMENTARY SCHOOL,,
09/14/2025,15:30,21332252,,GotSport,Soccer,U-11,PENNSAUKEN YOUTH SOCCER CLUB LIONS 2015,DEPTFORD SA THUNDER 2015,Pennsauken Community Recreation Facility,,
09/14/2025,15:30,21349347,,GotSport,Soccer,U-13,HAMMONTON YSA HAMMONTON HEAT BOYS 2013,WTSC WTSC WASHINGTON SELECT 2013B,HAMMONTON - MOSS MILL RD PARK SOCCER COMPLEX,,
09/14/2025,15:30,21373604,,GotSport,Soccer,U-10,VINELAND SA VINELAND VIPERS 2016 BOYS,WOODSTOWN SOCCER CLUB WOODSTOWN WOLVES 2016,VINELAND SA,,
09/14/2025,15:30,21349056,,GotSport,Soccer,U-9,MOORESTOWN SC YELLOW VIPERS 2017,PALMYRA RIVERTON SC RIPPERS 2017,MOORESTOWN - MEMORIAL FIELDS,,
09/14/2025,15:30,21345292,,GotSport,Soccer,U-10,MOUNT LAUREL UNITED (MLU) REVOLUTION 2016,RANCOCAS VALLEY SC RANCOCAS VALLEY SC BOYS PREMIER 2016,MLU-MARNE HWY,,
09/14/2025,15:30,21352825,,GotSport,Soccer,U-11,WTSC WTSC WASHINGTON PREMIER 2015B,HADDON TWP SOCCER CLUB HADDON TWP RED HAWKS 2015,,,
09/14/2025,15:30,21444593,,GotSport,Soccer,U-15,PENNSAUKEN YOUTH SOCCER CLUB WARRIORS 2011,DEPTFORD SA TORNADOES 2011,Pennsauken Community Recreation Facility,,
09/14/2025,15:30,21353102,,GotSport,Soccer,U-11,EGG HARBOR TOWNSHIP SC EGG HARBOR SC EAGLES WHITE 2015,WINSLOW TOWNSHIP YSA WINSLOW TITANS 2015,Egg Harbor Twp HS,,
09/14/2025,15:30,22117013,,GotSport,Soccer,U-8,DEPTFORD SA DEPTFORD SPARTANS 2018 BOYS,WEST DEPTFORD SC STRIKERS 2018,DEPTFORD SC,,
09/14/2025,15:30,21342084,,GotSport,Soccer,U-11,UPPER TOWNSHIP SA UPPER TOWNSHIP SA COMETS GREEN 2015,FRANKLIN TOWNSHIP YOUTH SOCCER ASSOCIATION ATLAS 2015,UPPER TWP-Amanda's Field Complex,,
09/14/2025,15:30,21354725,,GotSport,Soccer,U-12,TBAA TBAA TBAA SYNDICATE 2014,MANTUA TOWNSHIP SA MANTUA OUTLAWS 2014B,TBAA-VALLEY BROOK,,
09/14/2025,15:30,21444244,,GotSport,Soccer,U-12,FRANKLIN TOWNSHIP YOUTH SOCCER ASSOCIATION KNIGHTS 2014,HARRISON SC HARRISON STRIKERS 2014,FRANKLIN TWP YOUTH COMPLEX,,
09/14/2025,15:30,21333007,,GotSport,Soccer,U-12,DELRAN FC SOCCER DELRAN FC HAWKS 2014,BURLINGTON TOWNSHIP SOCCER DYNAMITE 2014,,,
09/14/2025,15:30,21351679,,GotSport,Soccer,U-8,HARRISON SC HARRISON HAVOC 2018,SOUTH HARRISON TOWNSHIP SOCCER CLUB SOUTH HARRISON SCORPIONS 2018,HARRISON - William Wilt Soccer Complex,,
09/14/2025,15:30,21324681,,GotSport,Soccer,U-13,VOORHEES SA RAPTORS 2013,UPPER TOWNSHIP SA UPPER TOWNSHIP SA CYCLONES 2013,VOORHEES-EASTERN HS,,
09/14/2025,15:30,21444939,,GotSport,Soccer,U-11,LOGAN SOCCER CLUB  LOGAN ARMADA BLACK 2015,SENECA UNITED SC PARK RANGERS 2015,LOGAN - TWP LINE,,
09/14/2025,15:30,21318286,,GotSport,Soccer,U-15,HADDONFIELD SC WHITE 2011,PENNSVILLE SOCCER ASSOCIATION PENNSVILLE EAGLES 2011,HADDONFIELD - CROWS WOODS,,
09/14/2025,15:30,21374489,,GotSport,Soccer,U-14,DELRAN FC SOCCER GREY 2013B,WINSLOW TOWNSHIP YSA WINSLOW GREEN DRAGONS 2012,,,
09/14/2025,15:30,21332123,,GotSport,Soccer,U-12,CHERRY HILL SC CHERRY HILL SC UNION 2015,TAR-KILL SOCCER CLUB TARKILL CHELSEA 2014,CHSC - UPPER CHAPEL TURF,,
09/14/2025,15:30,21349261,,GotSport,Soccer,U-8,DELRAN FC SOCCER DELRAN FC GREY 2018,PALMYRA RIVERTON SC NEW U8B - 2018,,,
09/14/2025,15:30,21346716,,GotSport,Soccer,U-11,WOODBURY SOCCER CLUB WOODBURY BOLTS 2015,COLLINGSWOOD OAKLYN SOCCER CLUB COSC COBRAS 2015,WOODBURY,,
09/14/2025,15:30,21349262,,GotSport,Soccer,U-8,MOORESTOWN SC LIGHTNING 2018,CINNAMINSON SC CINNAMINSON SC BLACK 2018,MOORESTOWN - SALEM RD/PRYOR PARK,,
09/14/2025,15:30,21349263,,GotSport,Soccer,U-8,NORTHERN BURLINGTON SA NORTHERN BURLINGTON BASH 2018,MOORESTOWN SC SHOOTERS 2018,,,
09/14/2025,15:30,21352253,,GotSport,Soccer,U-16,HARRISON SC HARRISON SC STORM 2010,EDGEWATER PARK ATHLETIC ASSOCIATION EP WIZARDS 2010,HARRISON - William Wilt Soccer Complex,,
09/14/2025,15:30,21444978,,GotSport,Soccer,U-11,COHANSEY SC COHANSEY PREMIER DYNAMO 2015 SJSL,EAST GREENWICH SA EGSA FLYERS 2015,Cohansey - Cumberland County Tech School,,
09/14/2025,15:30,21317856,,GotSport,Soccer,U-15,CHERRY HILL SC CHERRY HILL SC BLUE (2011) - BOYS,MOUNT LAUREL UNITED (MLU) RANGERS 2011,CHSC - CH WEST HS,,
09/14/2025,15:30,21390120,,GotSport,Soccer,U-10,HADDONFIELD SC BLACK 2016,PITTSGROVE SOCCER CLUB PSC PRIME 2016,HADDONFIELD - CROWS WOODS,,
09/14/2025,15:30,21324274,,GotSport,Soccer,U-9,MAPLE SHADE SC MAPLE SHADE CHAOS 2017,RANCOCAS VALLEY SC RANCOCAS VALLEY SC BOYS DEVILS 2017,MAPLE SHADE - TURF FIELD,,
09/14/2025,15:30,21444245,,GotSport,Soccer,U-12,WOODSTOWN SOCCER CLUB WOODSTOWN WOLVERINES 2014,PENNSVILLE SOCCER ASSOCIATION PENNSVILLE EAGLES 2014,WOODSTOWN,,
09/14/2025,15:30,21349233,,GotSport,Soccer,U-8,VOORHEES SA RAIDERS 2018,HIGHLAND YOUTH SOCCER CLUB U8 BOYS 2018,VOORHEES-Echelon Complex,,
09/14/2025,15:30,21342277,,GotSport,Soccer,U-12,MARLTON SOCCER CLUB MARLTON SC CHIEFS BLACK 2014,WOODSTOWN SOCCER CLUB WOODSTOWN WOLFPACK 2014,MARLTON - MEMORIAL,,
09/14/2025,15:30,21392093,,GotSport,Soccer,U-11,AUDUBON SOCCER YOUTH ASSOCIATION AUDUBON BOYS LIGHTNING 2015,CINNAMINSON SC CINNAMINSON SC PIRATES SEA DOGS 2015,AUDUBON - GREEN WAVE PARK,,
09/14/2025,15:30,21346487,,GotSport,Soccer,U-10,MEDFORD STRIKERS SC MEDFORD STRIKERS 2016 BOYS,DELRAN FC SOCCER DELRAN FC UNION 2016,MEDFORD STRIKERS - ARK ROAD COMPLEX,,
09/14/2025,15:30,21346489,,GotSport,Soccer,U-10,CHERRY HILL SC CHERRY HILL SC THUNDER (2016),BORDENTOWN FC BORDENTOWN FC REVOLUTION 2016,CHSC - CH WEST HS,,
09/14/2025,15:30,21318370,,GotSport,Soccer,U-10,MONROE TOWNSHIP YS MONROE UNITED 2016B,HADDONFIELD SC RED 2016,MONROE TWP - CORKERY LANE,,
09/14/2025,15:30,22117012,,GotSport,Soccer,U-8,LOGAN SOCCER CLUB  LOGAN IMPACT BLACK 2018,CHERRY HILL SC CHERRY HILL SC BLACKOUT (2018) - BOYS,LOGAN - TWP LINE,,
09/14/2025,15:30,21405462,,GotSport,Soccer,U-9,WTSC WTSC WASHINGTON LEGACY 2017B,MILLVILLE SA MILLVILLE PANTHERS 2017,,,
09/14/2025,15:30,21352025,,GotSport,Soccer,U-9,HAMMONTON YSA HAMMONTON HEAT BOYS 2017,ATLANTIC UNITED SOCCER CLUB ATLANTIC UNITED PREMIER 2017 B,HAMMONTON - MOSS MILL RD PARK SOCCER COMPLEX,,
09/14/2025,15:30,21354693,,GotSport,Soccer,U-9,MEDFORD SC MEDFORD SC NAVY RENEGADES 2017B,SWEDESBORO WOOLWICH SOCCER ASSOC. SWSA PANTHERS 2017,MEDFORD SC - Bob Meyer Memorial Park,,
09/14/2025,15:30,21354882,,GotSport,Soccer,U-13,MARLTON SOCCER CLUB MARLTON SC CHIEFS ORANGE 2014,VOORHEES SA PREDATORS 2013,MARLTON - MEMORIAL,,
09/14/2025,15:30,21351678,,GotSport,Soccer,U-8,GATEWAY UNITED SOCCER CLUB GUSC MAGPIES B2018,PITMAN SA PITMAN SA TOMCATS 2018,GATEWAY UTD. - LANGSTON FIELD,,
09/14/2025,15:30,21445029,,GotSport,Soccer,U-9,HADDONFIELD SC BLACK 2017,CHERRY HILL SC CHERRY HILL SC WHITE (2017) - BOYS,HADDONFIELD - CROWS WOODS,,
09/14/2025,15:30,21332880,,GotSport,Soccer,U-13,MOORESTOWN SC RAPTORS 2013,MAINLAND UNITED SA MAINLAND UNITED SA MUSTANGS RED 2014 B,MOORESTOWN - MEMORIAL FIELDS,,
09/14/2025,15:30,21343117,,GotSport,Soccer,U-8,CHERRY HILL SC CHERRY HILL SC VORTEX (2018),MEDFORD SC MEDFORD SC NAVY 2018B,CHSC - UPPER CHAPEL TURF,,
09/14/2025,15:30,21349388,,GotSport,Soccer,U-14,BERLIN SOCCER CLUB BALL BREAKERS 2012/13,AUDUBON SOCCER YOUTH ASSOCIATION AUDUBON SOCCER YOUTH BALLERS 2012,BERLIN SC - FRANKLIN FIELDS,,
09/14/2025,15:30,21454379,,GotSport,Soccer,U-9,UPPER TOWNSHIP SA UPPER TOWNSHIP SA FLASH 2017,PITTSGROVE SOCCER CLUB PSC RAPTORS 2017,UPPER TWP-Amanda's Field Complex,,
09/14/2025,15:30,21349307,,GotSport,Soccer,U-12,MOORESTOWN SC WOLVERINES 2014,BORDENTOWN FC BORDENTOWN FC UNION 2014,MOORESTOWN - SALEM RD/PRYOR PARK,,
09/14/2025,15:30,21353141,,GotSport,Soccer,U-12,HIGHLAND YOUTH SOCCER CLUB THUNDER 2014,WEST DEPTFORD SC EAGLES 2014,HIGHLAND - GLOUCESTER TWP PARK,,
09/14/2025,15:30,21392022,,GotSport,Soccer,U-8,TBAA TBAA TBAA SAVAGES 2018,HADDON TWP SOCCER CLUB HADDON TWP. RED HAWKS 2018,TBAA-VALLEY BROOK,,
09/14/2025,15:30,22116975,,GotSport,Soccer,U-8,MANTUA TOWNSHIP SA MANTUA WARRIORS 2018B,WTSC WTSC WASHINGTON SELECT 2018 BOYS,MANTUA TWP,,
09/14/2025,15:40,21324683,,GotSport,Soccer,U-13,EGG HARBOR TOWNSHIP SC EGG HARBOR SC EAGLES BLACK 2013,RANCOCAS VALLEY SC RANCOCAS VALLEY SC BOYS RONALDO 2013,Egg Harbor Twp HS,,
09/14/2025,15:45,21444980,,GotSport,Soccer,U-11,SWEDESBORO WOOLWICH SOCCER ASSOC. SWSA MAYHEM FC 2015,PENNSVILLE SOCCER ASSOCIATION PENNSVILLE EAGLES BLUE 2015,SW-Locke Avenue Park,,
09/14/2025,15:45,21318372,,GotSport,Soccer,U-10,MEDFORD SC MEDFORD SC WHITE 2016,VOORHEES SA DESTROYERS 2016,MEDFORD SC - Bob Meyer Memorial Park,,
09/14/2025,15:45,21342780,,GotSport,Soccer,U-9,RANCOCAS VALLEY SC RANCOCAS VALLEY SC BOYS PREMIER 2017,HADDONFIELD SC RED 2017,Rancocas Valley-LUMBERTON MUNICIPAL,,
09/14/2025,15:45,21408639,,GotSport,Soccer,U-10,COLLINGSWOOD OAKLYN SOCCER CLUB WARRIORS 2016,VOORHEES SA TITANS 2016,COSC- Oaklyn Public School,,
09/14/2025,15:45,21374657,,GotSport,Soccer,U-12,HADDONFIELD SC RED 2014,SJ FUTBOL CLUB SJ FUTBOL CLUB SOUNDERS 2014,HADDONFIELD - CROWS WOODS,,
09/14/2025,15:45,21343115,,GotSport,Soccer,U-8,MARLTON SOCCER CLUB MARLTON SC CHIEFS ORANGE 2018,MOUNT LAUREL UNITED (MLU) TRIBE 2018,MARLTON - MEMORIAL,,
09/14/2025,15:45,21346717,,GotSport,Soccer,U-11,PITTSGROVE SOCCER CLUB PSC GALAXY 2015,DEPTFORD SA CYCLONES 2015,PITTSGROVE-GREEN BRANCH,,
09/14/2025,15:45,21409421,,GotSport,Soccer,U-10,EAST GREENWICH SA EGSA FALCONS 2016,CLAYTON SA CLIPPERS 2016,E GREENWICH - THOMPSON FAMILY PARK,,
09/14/2025,15:45,21349305,,GotSport,Soccer,U-12,HADDON TWP SOCCER CLUB HADDON TWP WHITE HAWKS 2014,HAMILTON ELITE FC PREMIER 2014B,HADDON TWP - RECCHINO FIELDS,,
09/14/2025,15:45,21342452,,GotSport,Soccer,U-9,WATERFORD ATHLETIC ASSN WATERFORD WINGS 2017,SWEDESBORO WOOLWICH SOCCER ASSOC. SWSA VIPERS 2017,,,
09/14/2025,15:45,21342781,,GotSport,Soccer,U-9,HADDON TWP SOCCER CLUB HADDON TWP. RED HAWKS 2017,SJ FUTBOL CLUB SJ FUTBOL CLUB HAMMERS 2017,,,
09/14/2025,15:45,21374319,,GotSport,Soccer,U-14,COLLINGSWOOD OAKLYN SOCCER CLUB KNIGHTS 2012,HADDON TWP SOCCER CLUB HADDON TWP RED HAWKS 2012,WOODBURY,,
09/14/2025,15:45,21405648,,GotSport,Soccer,U-10,HIGHLAND YOUTH SOCCER CLUB HAVOK 2016,MILLVILLE SA MILLVILLE THUNDER 2016,HIGHLAND - GLOUCESTER TWP PARK,,
09/14/2025,15:45,21354982,,GotSport,Soccer,U-12,MEDFORD STRIKERS SC MEDFORD STRIKERS 2014 BOYS,MARLTON SOCCER CLUB MARLTON SC CHIEFS ORANGE 2015,MEDFORD STRIKERS - ARK ROAD COMPLEX,,
09/14/2025,16:00,21333093,,GotSport,Soccer,U-8,EGG HARBOR TOWNSHIP SC EGG HARBOR SC EAGLES WHITE 2018,MOUNT LAUREL UNITED (MLU) TITANS 2018,Egg Harbor Twp HS,,
09/14/2025,16:00,21409149,,GotSport,Soccer,U-10,HADDON HEIGHTS SC WARRIORS 2016,PITMAN SA PITMAN SA BOBCATS 2016,HADD HGTS - DEVON,,
09/21/2025,11:00,21354884,,GotSport,Soccer,U-13,VOORHEES SA PREDATORS 2013,MEDFORD STRIKERS SC MEDFORD STRIKERS 2013 BOYS,VOORHEES-EASTERN HS,,
09/21/2025,11:00,21445034,,GotSport,Soccer,U-9,AUDUBON SOCCER YOUTH ASSOCIATION AUDUBON BOYS 2017 TEAM 2,MOORESTOWN SC PANTHERS 2017,AUDUBON - GREEN WAVE PARK,,
09/21/2025,11:00,21324771,,GotSport,Soccer,U-12,MONROE TOWNSHIP YS UNITED BOYS BLUE 2014,HADDON HEIGHTS SC HADDON HEIGHTS SC MIGHTY TITANS 2014,MONROE TWP - CORKERY LANE,,
09/21/2025,11:00,21408613,,GotSport,Soccer,U-11,HARRISON SC HARRISON FURY 2015,HADDONFIELD SC RED 2015,HARRISON - William Wilt Soccer Complex,,
09/21/2025,11:00,21366135,,GotSport,Soccer,U-12,MEDFORD SC MEDFORD SC AVENGERS 2014,TBAA TBAA TBAA OUTLAWS 2014,MEDFORD - BENDE PARK,,
09/21/2025,11:00,21392097,,GotSport,Soccer,U-11,MOUNT LAUREL UNITED (MLU) SHARKS 2015,AUDUBON SOCCER YOUTH ASSOCIATION AUDUBON BOYS LIGHTNING 2015,MLU-TROTTERS,,
09/21/2025,11:00,21353104,,GotSport,Soccer,U-11,CAPE EXPRESS CE SILVER STREAK 2015,EGG HARBOR TOWNSHIP SC EGG HARBOR SC EAGLES WHITE 2015,CAPE EX SOCCER COMPLEX At Ockie Wisting,,
09/21/2025,12:00,21318420,,GotSport,Soccer,U-15,LOGAN SOCCER CLUB  LOGAN BLAZE 2011,MEDFORD SC MEDFORD SC RENEGADES 2011,LOGAN - TWP LINE,,
09/21/2025,12:00,21346825,,GotSport,Soccer,U-13,DELRAN FC SOCCER DELRAN FC KNIGHTS 2014,CHERRY HILL SC CHERRY HILL SC UNITED 2014,,,
09/21/2025,12:00,21332175,,GotSport,Soccer,U-9,CINNAMINSON SC CINNAMINSON SC RED 2017,TBAA TBAA TBAA REVOLUTION 2017,CINNAMINSON SC - MEMORIAL,,
09/21/2025,12:00,21444612,,GotSport,Soccer,U-15,EGG HARBOR TOWNSHIP SC EGG HARBOR SC EAGLES BLACK 2011,VOORHEES SA ATTACK 2011,Egg Harbor Twp HS,,
09/21/2025,12:00,21352114,,GotSport,Soccer,U-11,ATLANTIC UNITED SOCCER CLUB ATLANTIC UNITED PREMIER FIRE 2015 B,MEDFORD SC MEDFORD SC COLUMBIA 2015,ATLANTIC - TARTAGLIO,,
09/21/2025,12:00,21349335,,GotSport,Soccer,U-12,MOORESTOWN SC WOLVERINES 2014,TBAA TBAA TBAA REVOLUTION 2014,MOORESTOWN - SALEM RD/PRYOR PARK,,
09/21/2025,12:00,22002497,,GotSport,Soccer,U-19,HIGHLAND YOUTH SOCCER CLUB FUSION 2008,EAST GREENWICH SA EGSA THUNDER 2009,HIGHLAND - GLOUCESTER TWP PARK,,
09/21/2025,12:00,21317860,,GotSport,Soccer,U-15,GATEWAY UNITED SOCCER CLUB GUSC WILDCATS B2011,CHERRY HILL SC CHERRY HILL SC BLUE (2011) - BOYS,GATEWAY UTD. - WESTVILLE,,
09/21/2025,12:00,21349234,,GotSport,Soccer,U-8,SENECA UNITED SC STORM 2018,MOORESTOWN SC GOLDEN STRIKERS 2018,SENECA - STONEY CREEK FIELDS,,
09/21/2025,12:00,21318461,,GotSport,Soccer,U-14,BURLINGTON TOWNSHIP SOCCER DRAGONS 2012,SWEDESBORO WOOLWICH SOCCER ASSOC. SWSA SHARKS 2012,BURLINGTON TWP - PINEWALD AVE,,
09/21/2025,12:00,21318419,,GotSport,Soccer,U-15,MANTUA TOWNSHIP SA 2011B MANTUA UNION,DELRAN FC SOCCER DELRAN FC BLAST 2011,MANTUA TWP,,
09/21/2025,12:00,21409710,,GotSport,Soccer,U-16,WTSC WTSC WASHINGTON UNITED 2010 BOYS,MEDFORD SC MEDFORD SC MAD DOGS WHITE 2010,,,
09/21/2025,12:00,22002480,,GotSport,Soccer,U-19,DEPTFORD SA AVENGERS 2009,WINSLOW TOWNSHIP YSA WINSLOW VIPERS 2009,DEPTFORD SC,,
09/21/2025,12:00,21354985,,GotSport,Soccer,U-12,DEPTFORD SA FUSION 2015,MEDFORD STRIKERS SC MEDFORD STRIKERS 2014 BOYS,DEPTFORD SC,,
09/21/2025,12:00,21318289,,GotSport,Soccer,U-15,PENNSVILLE SOCCER ASSOCIATION PENNSVILLE EAGLES 2011,WOODBURY SOCCER CLUB WOODBURY ARMORY 2011,PENNSVILLE,,
09/21/2025,12:00,21318290,,GotSport,Soccer,U-15,HAMMONTON YSA HAMMONTON HEAT BOYS 2011,HADDONFIELD SC WHITE 2011,HAMMONTON - MOSS MILL RD PARK SOCCER COMPLEX,,
09/21/2025,12:00,21354854,,GotSport,Soccer,U-10,CINNAMINSON SC CINNAMINSON SC VIPERS 2016,WTSC WTSC WASHINGTON UNITED 2016B,CINNAMINSON SC - MEMORIAL,,
09/21/2025,12:00,21391795,,GotSport,Soccer,U-13,PALMYRA RIVERTON SC YOUNGBLOODS 2013,HADDONFIELD SC BLACK 2013,PAL-RIV - LEGION FIELD 11v11,,
09/21/2025,12:00,21351681,,GotSport,Soccer,U-8,LOGAN SOCCER CLUB  LOGAN IMPACT BLUE 2018,HARRISON SC HARRISON HAVOC 2018,LOGAN - TWP LINE,,
09/21/2025,12:00,21444942,,GotSport,Soccer,U-11,EAST GREENWICH SA EGSA TIGERS 2015,SWEDESBORO WOOLWICH SOCCER ASSOC. SWSA GUNNERS 2015,E GREENWICH - THOMPSON FAMILY PARK,,
09/21/2025,12:00,21390189,,GotSport,Soccer,U-10,EAST GREENWICH SA EGSA LIONS 2016,COLLINGSWOOD OAKLYN SOCCER CLUB SPARTANS 2016,E GREENWICH - THOMPSON FAMILY PARK,,
09/21/2025,12:00,21343118,,GotSport,Soccer,U-8,MONROE TOWNSHIP YS MONROE UNITED BOYS 2018,MARLTON SOCCER CLUB MARLTON SC CHIEFS ORANGE 2018,MONROE TWP - CORKERY LANE,,
09/21/2025,12:00,21375362,,GotSport,Soccer,U-9,WTSC WTSC WASHINGTON PREMIER 2017B,MEDFORD SC MEDFORD SC WHITE LIGHTNING 2017B,,,
09/21/2025,12:00,21406105,,GotSport,Soccer,U-10,WEST DEPTFORD SC WILDCATS 2016,HAMMONTON YSA HAMMONTON HEAT BOYS 2016,W DEPTFORD-WD PARK,,
09/21/2025,12:00,21366134,,GotSport,Soccer,U-12,PITTSGROVE SOCCER CLUB PSC PREMIER 2014,EGG HARBOR TOWNSHIP SC EGG HARBOR SC EAGLES BLACK 2014,PITTSGROVE-GREEN BRANCH,,
09/21/2025,12:00,21342221,,GotSport,Soccer,U-8,SJ FUTBOL CLUB SJ FUTBOL CLUB VIPERS 2018,UPPER TOWNSHIP SA UPPER TOWNSHIP SA COMETS 2018,SJFC - UPPER DEERFIELD RECREATION COMPLEX,,
09/21/2025,12:00,21374658,,GotSport,Soccer,U-12,SENECA UNITED SC THUNDER 2014,VOORHEES SA LIGHTNING 2014,SENECA - STONEY CREEK FIELDS,,
09/21/2025,12:00,21347744,,GotSport,Soccer,U-10,MOUNT LAUREL UNITED (MLU) RENEGADES 2016,NORTHERN BURLINGTON SA NORTHERN BURLINGTON BOOM 2016,MLU-MARNE HWY,,
09/21/2025,12:00,21408641,,GotSport,Soccer,U-10,VOORHEES SA TITANS 2016,HADDON HEIGHTS SC RUCKUS 2016,VOORHEES-Echelon Complex,,
09/21/2025,12:00,21405650,,GotSport,Soccer,U-10,MILLVILLE SA MILLVILLE THUNDER 2016,WTSC WTSC WASHINGTON PREMIER 2016B,MILLVILLE SOCCER COMPLEX,,
09/21/2025,12:15,21324770,,GotSport,Soccer,U-12,AUDUBON SOCCER YOUTH ASSOCIATION AUDUBON ATTACK - BOYS 2014,SWEDESBORO WOOLWICH SOCCER ASSOC. SWSA LIGHTNING 2014,AUDUBON - GREEN WAVE PARK,,
09/21/2025,12:30,21342295,,GotSport,Soccer,U-12,MARLTON SOCCER CLUB MARLTON SC CHIEFS BLACK 2014,VINELAND SA VINELAND TERMINATORS 2014,MARLTON - MEMORIAL,,
09/21/2025,12:30,21375411,,GotSport,Soccer,U-11,HARRISON SC HARRISON BLUE REBELS 2015,HADDONFIELD SC BLACK 2015,HARRISON - William Wilt Soccer Complex,,
09/21/2025,12:30,21354946,,GotSport,Soccer,U-11,WEST DEPTFORD SC ANIMALS 2015,DELRAN FC SOCCER DELRAN FC COBRAS 2015,W DEPTFORD-WD PARK,,
09/21/2025,12:30,21345297,,GotSport,Soccer,U-10,HARRISON SC HARRISON HORNETS 2016,MOORESTOWN SC WARRIORS 2016,HARRISON - William Wilt Soccer Complex,,
09/21/2025,12:30,21352112,,GotSport,Soccer,U-11,EDGEWATER PARK ATHLETIC ASSOCIATION EP WARRIORS 2015,HIGHLAND YOUTH SOCCER CLUB STORM 2015,,,
09/21/2025,12:30,21333008,,GotSport,Soccer,U-12,CHERRY HILL SC CHERRY HILL SC TITANS (2014),COLLINGSWOOD OAKLYN SOCCER CLUB OUTLAWS 2014,CHSC - UPPER CHAPEL TURF,,
09/21/2025,12:30,21352829,,GotSport,Soccer,U-11,HADDON TWP SOCCER CLUB HADDON TWP RED HAWKS 2015,CHERRY HILL SC CHERRY HILL SC RAPTORS 2015,HADDON TWP - RECCHINO FIELDS,,
09/21/2025,12:30,21324323,,GotSport,Soccer,U-11,BURLINGTON TOWNSHIP SOCCER PHOENIX 2015,UPPER TOWNSHIP SA UPPER TOWNSHIP SA COMETS WHITE 2015,BURLINGTON TWP - PINEWALD AVE,,
09/21/2025,12:30,21345326,,GotSport,Soccer,U-11,RANCOCAS VALLEY SC RANCOCAS VALLEY SC BOYS UNITED 2015,LOGAN SOCCER CLUB  LOGAN ARMADA WHITE 2015,Rancocas Valley-LUMBERTON MUNICIPAL,,
09/21/2025,12:30,21367886,,GotSport,Soccer,U-11,CLAYTON SA CLIPPERS 2015,VINELAND SA VINELAND FC 2015B,CLAYTON - BENTZ,,
09/21/2025,12:30,22116982,,GotSport,Soccer,U-8,DEPTFORD SA DEPTFORD SPARTANS 2018 BOYS,EAST GREENWICH SA EGSA PUMAS 2018,DEPTFORD SC,,
09/21/2025,12:30,21333256,,GotSport,Soccer,U-13,MEDFORD SC MEDFORD SC BLUE DEVILS 2013,CHERRY HILL SC CHERRY HILL SC THUNDER 2013,MEDFORD - BENDE PARK,,
09/21/2025,12:30,21331758,,GotSport,Soccer,U-14,HARRISON SC HARRISON SC STRIKERS 2012,VINELAND SA JERSEY BOYZ 2012,HARRISON - William Wilt Soccer Complex,,
09/21/2025,12:30,21342220,,GotSport,Soccer,U-8,CAPE EXPRESS CE TORNADOS 2018,EGG HARBOR TOWNSHIP SC EGG HARBOR SC EAGLES BLACK 2018,CAPE EX SOCCER COMPLEX At Ockie Wisting,,
09/21/2025,12:30,21346826,,GotSport,Soccer,U-13,PENNS GROVE SC PENNS GROVE WILD 2013,PITTSGROVE SOCCER CLUB PSC PYTHONS 2013,PG-CP-PED- Carney's Point Rec Center,,
09/21/2025,12:30,21349350,,GotSport,Soccer,U-13,VOORHEES SA VOORHEES COSMOS 2013,RANCOCAS VALLEY SC RVSC - CELTIC 2014,VOORHEES-EASTERN HS,,
09/21/2025,12:30,21409711,,GotSport,Soccer,U-16,MAPLE SHADE SC MAPLE SHADE BEST ELEVEN 2010,BORDENTOWN FC BORDENTOWN FC PANTHERS 2010,MAPLE SHADE - TURF FIELD,,
09/21/2025,12:30,21373608,,GotSport,Soccer,U-10,WOODSTOWN SOCCER CLUB WOODSTOWN WOLVES 2016,HADDONFIELD SC WHITE 2016,WOODSTOWN,,
09/21/2025,12:30,21354697,,GotSport,Soccer,U-9,SWEDESBORO WOOLWICH SOCCER ASSOC. SWSA PANTHERS 2017,WTSC WTSC WASHINGTON UNITED 2017B,SW-Locke Avenue Park,,
09/21/2025,12:30,21324748,,GotSport,Soccer,U-14,MOUNT LAUREL UNITED (MLU) HAWKS 2012,MOORESTOWN SC UNION 2012,MLU-TROTTERS,,
09/21/2025,12:30,21352026,,GotSport,Soccer,U-9,PITMAN SA PITMAN SA LIONS 2017,UPPER TOWNSHIP SA UPPER TOWNSHIP SA HEAT 2017,PITMAN - Dell,,
09/21/2025,12:30,21331759,,GotSport,Soccer,U-14,HADDONFIELD SC RED 2012,MARLTON SOCCER CLUB MARLTON SC CHIEFS WHITE 2012,HADDONFIELD - CROWS WOODS,,
09/21/2025,12:30,21354886,,GotSport,Soccer,U-13,CINNAMINSON SC CINNAMINSON SC THUNDERBIRDS 2013,MARLTON SOCCER CLUB MARLTON SC CHIEFS ORANGE 2014,CINNAMINSON SC - MEMORIAL,,
09/21/2025,12:30,21318374,,GotSport,Soccer,U-10,HADDONFIELD SC RED 2016,MEDFORD SC MEDFORD SC WHITE 2016,HADDONFIELD - CROWS WOODS,,
09/21/2025,12:30,21346492,,GotSport,Soccer,U-10,BORDENTOWN FC BORDENTOWN FC REVOLUTION 2016,TBAA TBAA TBAA KNIGHTS 2016,BORDENTOWN - FRIENDSHIP FIELDS,,
09/21/2025,12:30,21349236,,GotSport,Soccer,U-8,HIGHLAND YOUTH SOCCER CLUB U8 BOYS 2018,BARRINGTON SC BARRINGTON SC STRIKERS 2018,HIGHLAND - GLOUCESTER TWP PARK,,
09/21/2025,12:30,21331760,,GotSport,Soccer,U-14,TAR-KILL SOCCER CLUB TARKILL LIVERPOOL 2012,HIGHLAND YOUTH SOCCER CLUB FORCE 2012,TARKILL-STERLING HS,,
09/21/2025,12:30,21409154,,GotSport,Soccer,U-10,MEDFORD SC MEDFORD SC GOLD 2016,GATEWAY UNITED SOCCER CLUB GUSC GATORS B2016/17,MEDFORD SC - Bob Meyer Memorial Park,,
09/21/2025,12:30,21342458,,GotSport,Soccer,U-9,PENNSVILLE SOCCER ASSOCIATION PENNSVILLE EAGLES BLUE 2017,WEST DEPTFORD SC WARRIORS 2017,PENNSVILLE,,
09/21/2025,12:30,21392024,,GotSport,Soccer,U-8,HADDON TWP SOCCER CLUB HADDON TWP. RED HAWKS 2018,HARRISON SC HARRISON WOLVES 2018,,,
09/21/2025,12:30,21392026,,GotSport,Soccer,U-8,PITTSGROVE SOCCER CLUB PSC DYNASTY 2018,TBAA TBAA TBAA SAVAGES 2018,PITTSGROVE-GREEN BRANCH,,
09/21/2025,12:30,21349310,,GotSport,Soccer,U-12,HAMILTON ELITE FC PREMIER 2014B,WTSC WTSC WASHINGTON SELECT 2014B,HAMILTON ELITE FC - HICKORY FIELDS,,
09/21/2025,12:30,21374493,,GotSport,Soccer,U-14,WINSLOW TOWNSHIP YSA WINSLOW GREEN DRAGONS 2012,EGG HARBOR TOWNSHIP SC EGG HARBOR SC EAGLES 2012 BLACK,,,
09/21/2025,12:30,21374492,,GotSport,Soccer,U-14,WOODSTOWN SOCCER CLUB WOODSTOWN THUNDER 2012,DELRAN FC SOCCER GREY 2013B,WOODSTOWN,,
09/21/2025,12:30,21353146,,GotSport,Soccer,U-12,PITMAN SA PITMAN SA BENGALS 2014,MOUNT LAUREL UNITED (MLU) COBRAS 2014,PITMAN-LAMBS ROAD,,
09/21/2025,12:30,21346720,,GotSport,Soccer,U-11,COLLINGSWOOD OAKLYN SOCCER CLUB COSC COBRAS 2015,HADDON TWP SOCCER CLUB HADDON TWP RED HAWKS 2016,COSC- Oaklyn Public School,,
09/21/2025,12:30,21332822,,GotSport,Soccer,U-13,MARLTON SOCCER CLUB MARLTON SC CHIEFS WHITE 2013,WTSC WTSC WASHINGTON UNITED 2014B,MARLTON - MEMORIAL,,
09/21/2025,12:30,21405651,,GotSport,Soccer,U-10,UPPER TOWNSHIP SA UPPER TOWNSHIP SA BREAKERS 2016,EGG HARBOR TOWNSHIP SC EGG HARBOR SC EAGLES BLACK 2016,UPPER TWP-Amanda's Field Complex,,
09/21/2025,12:30,21332821,,GotSport,Soccer,U-13,MAINLAND UNITED SA MAINLAND UNITED SA MUSTANGS RED 2013 B,MONROE TOWNSHIP YS UNITED BOYS BLUE 2013,MAINLAND - MEMORIAL PARK,,
09/21/2025,12:30,21375364,,GotSport,Soccer,U-9,MOORESTOWN SC SCORPIONS 2017,NORTHERN BURLINGTON SA NORTHERN BURLINGTON FORCE 2017,MOORESTOWN - MEMORIAL FIELDS,,
09/21/2025,12:30,21332124,,GotSport,Soccer,U-12,VOORHEES SA VSA KNIGHTS 2014,MOUNT LAUREL UNITED (MLU) LIGHTNING 2014,VOORHEES-Echelon Complex,,
09/21/2025,12:30,21716233,,GotSport,Soccer,U-10,PALMYRA RIVERTON SC LEGENDARY 2016,CHERRY HILL SC CHERRY HILL SC BLUE STORM (2016) - BOYS,,,
09/21/2025,12:30,21349369,,GotSport,Soccer,U-15,MONROE TOWNSHIP YS UNITED BOYS 2011 BLUE,WINSLOW TOWNSHIP YSA WINSLOW REAPERS 2011,MONROE TWP - CORKERY LANE,,
09/21/2025,12:30,21444248,,GotSport,Soccer,U-12,PENNSVILLE SOCCER ASSOCIATION PENNSVILLE EAGLES 2014,FRANKLIN TOWNSHIP YOUTH SOCCER ASSOCIATION KNIGHTS 2014,PENNSVILLE,,
09/21/2025,12:30,21405652,,GotSport,Soccer,U-10,MAINLAND UNITED SA MAINLAND UNITED SA MUSTANGS RED 2016 B,HIGHLAND YOUTH SOCCER CLUB HAVOK 2016,MAINLAND - MEMORIAL PARK,,
09/21/2025,12:30,21332174,,GotSport,Soccer,U-9,DELRAN FC SOCCER DELRAN FC DEVILS 2017,CHERRY HILL SC CHERRY HILL SC DYNAMO (2017),,,
09/21/2025,12:30,21352830,,GotSport,Soccer,U-11,TAR-KILL SOCCER CLUB TARKILL BLUES 2015,UPPER TOWNSHIP SA UPPER TOWNSHIP SA SUPER SONICS 2015,TARKILL-STERLING HS,,
09/21/2025,13:00,21354696,,GotSport,Soccer,U-9,EAST GREENWICH SA EGSA UNITED 2017,MEDFORD SC MEDFORD SC NAVY RENEGADES 2017B,E GREENWICH - THOMPSON FAMILY PARK,,
09/21/2025,13:15,21352113,,GotSport,Soccer,U-11,SENECA UNITED SC RAPTORS 2015,VOORHEES SA PYTHONS 2015,SENECA - STONEY CREEK FIELDS,,
09/21/2025,13:15,22116979,,GotSport,Soccer,U-8,LOGAN SOCCER CLUB  LOGAN IMPACT BLACK 2018,MANTUA TOWNSHIP SA MANTUA WARRIORS 2018B,LOGAN - TWP LINE,,
09/21/2025,13:15,21343119,,GotSport,Soccer,U-8,MOUNT LAUREL UNITED (MLU) TRIBE 2018,CHERRY HILL SC CHERRY HILL SC VORTEX (2018),MLU-MARNE HWY,,
09/21/2025,13:15,21444247,,GotSport,Soccer,U-12,MOORESTOWN SC HORNETS 2014,LOGAN SOCCER CLUB  LOGAN CHARGE BLUE 2014,MOORESTOWN - SALEM RD/PRYOR PARK,,
09/21/2025,13:15,21392025,,GotSport,Soccer,U-8,WTSC WTSC WASHINGTON UNITED 2018 BOYS,SWEDESBORO WOOLWICH SOCCER ASSOC. SWSA SUPERNOVA 2018,,,
09/21/2025,13:15,21332173,,GotSport,Soccer,U-9,VOORHEES SA BLUE DEVILS 2017,MOUNT LAUREL UNITED (MLU) PRESTIGE 2017,VOORHEES-Echelon Complex,,
09/21/2025,13:15,21392165,,GotSport,Soccer,U-11,ATLANTIC UNITED SOCCER CLUB ATLANTIC UNITED PREMIER WHITE 2015B,CINNAMINSON SC CINNAMINSON SC PIRATES SEA DOGS 2015,ATLANTIC - TARTAGLIO,,
09/21/2025,13:15,21349059,,GotSport,Soccer,U-9,CINNAMINSON SC CINNAMINSON SC UNION 2017,MOORESTOWN SC YELLOW VIPERS 2017,CINNAMINSON SC - MEMORIAL,,
09/21/2025,13:15,21445010,,GotSport,Soccer,U-9,WEST DEPTFORD SC DRAGONS 2017,CINNAMINSON SC CINNAMINSON SC RAIDERS 2017,W DEPTFORD-WD PARK,,
09/21/2025,13:15,21345295,,GotSport,Soccer,U-10,MONROE TOWNSHIP YS MONROE UNITED 2017,MOUNT LAUREL UNITED (MLU) REVOLUTION 2016,MONROE TWP - CORKERY LANE,,
09/21/2025,13:15,21405464,,GotSport,Soccer,U-9,MILLVILLE SA MILLVILLE PANTHERS 2017,WOODBURY SOCCER CLUB WOODBURY WARRIORS 2017,MILLVILLE SOCCER COMPLEX,,
09/21/2025,13:15,21342786,,GotSport,Soccer,U-9,SJ FUTBOL CLUB SJ FUTBOL CLUB HAMMERS 2017,AUDUBON SOCCER YOUTH ASSOCIATION AUDUBON CROSSFIRE 2017,SJFC - UPPER DEERFIELD RECREATION COMPLEX,,
09/21/2025,13:15,21373607,,GotSport,Soccer,U-10,EAST GREENWICH SA EGSA ROYALS 2016,VINELAND SA VINELAND VIPERS 2016 BOYS,E GREENWICH - THOMPSON FAMILY PARK,,
09/21/2025,13:15,21346719,,GotSport,Soccer,U-11,DEPTFORD SA CYCLONES 2015,WOODBURY SOCCER CLUB WOODBURY BOLTS 2015,DEPTFORD SC,,
09/21/2025,13:15,21347743,,GotSport,Soccer,U-10,CINNAMINSON SC CINNAMINSON SC TITANS 2016,MAPLE SHADE SC MAPLE SHADE SHARKS 2016,CINNAMINSON SC - MEMORIAL,,
09/21/2025,13:15,21332256,,GotSport,Soccer,U-11,CINNAMINSON SC CINNAMINSON SC BANDITS 2015,PENNSAUKEN YOUTH SOCCER CLUB LIONS 2015,CINNAMINSON SC - MEMORIAL,,
09/21/2025,13:15,21390187,,GotSport,Soccer,U-10,SENECA UNITED SC RAPTORS 2016,LOGAN SOCCER CLUB  LOGAN MAYHEM BLACK 2016,SENECA - STONEY CREEK FIELDS,,
09/21/2025,13:30,21342785,,GotSport,Soccer,U-9,PITTSGROVE SOCCER CLUB PSC PREDATORS 2017,HADDON TWP SOCCER CLUB HADDON TWP. RED HAWKS 2017,PITTSGROVE-GREEN BRANCH,,
09/21/2025,13:30,21352256,,GotSport,Soccer,U-16,EAST GREENWICH SA EGSA BLAZE 2010,FRANKLIN TOWNSHIP YOUTH SOCCER ASSOCIATION STORM 2010,E GREENWICH - THOMPSON FAMILY PARK,,
09/21/2025,13:30,21333283,,GotSport,Soccer,U-13,MILLVILLE SA MILLVILLE UNITED 2013,EAST GREENWICH SA EGSA PANTHERS 2013,MILLVILLE SOCCER COMPLEX,,
09/21/2025,13:40,21317861,,GotSport,Soccer,U-15,EGG HARBOR TOWNSHIP SC EGG HARBOR SC EAGLES WHITE 2011,WINSLOW TOWNSHIP YSA WINSLOW WILDCATS 2011,Egg Harbor Twp HS,,
09/21/2025,13:40,21318291,,GotSport,Soccer,U-15,DELRAN FC SOCCER STORM,PALMYRA RIVERTON SC WARRIORS 2011,,,
09/21/2025,13:45,21324747,,GotSport,Soccer,U-14,WTSC WTSC WASHINGTON PREMIER 2012 BOYS,CHERRY HILL FC 2012 JUNIORS BLACK,,,
09/21/2025,13:45,21318421,,GotSport,Soccer,U-15,BURLINGTON TOWNSHIP SOCCER REBELS 2011,SWEDESBORO WOOLWICH SOCCER ASSOC. SWSA RED FLAMES 2011,BURLINGTON TWP - PINEWALD AVE,,
09/21/2025,13:45,21332855,,GotSport,Soccer,U-16,AUDUBON SOCCER YOUTH ASSOCIATION AUDUBON SOCCER YOUTH UNITED 2010,CINNAMINSON SC CINNAMINSON SC PIRATES 2010,AUDUBON - GREEN WAVE PARK,,
09/21/2025,13:45,21333254,,GotSport,Soccer,U-13,HIGHLAND YOUTH SOCCER CLUB FURY 2013,PITTSGROVE SOCCER CLUB PSC LEGACY 2013,HIGHLAND - GLOUCESTER TWP PARK,,
09/21/2025,13:45,21374324,,GotSport,Soccer,U-14,LOGAN SOCCER CLUB  LOGAN FORCE 2012,PITTSGROVE SOCCER CLUB PSC SPURS '12,LOGAN - TWP LINE,,
09/21/2025,13:45,21354726,,GotSport,Soccer,U-12,GATEWAY UNITED SOCCER CLUB GU GREYHOUNDS 2014,MEDFORD SC MEDFORD SC CAROLINA 2014,GATEWAY UTD. - WESTVILLE,,
09/21/2025,13:45,21318460,,GotSport,Soccer,U-14,PENNSVILLE SOCCER ASSOCIATION PENNSVILLE EAGLES 2012,CAPE EXPRESS CE WHITE CAPS 2012,PENNSVILLE,,
09/21/2025,13:45,21444595,,GotSport,Soccer,U-15,DEPTFORD SA TORNADOES 2011,UPPER TOWNSHIP SA UPPER TOWNSHIP SA TSUNAMIS 2011,DEPTFORD SC,,
09/21/2025,14:00,21445009,,GotSport,Soccer,U-9,CHERRY HILL FC JUNIOR PREMIER RED 2017,VOORHEES SA VENOM 2017,CHFC - DeCOU,,
09/21/2025,14:00,21349060,,GotSport,Soccer,U-9,PALMYRA RIVERTON SC RIPPERS 2017,MEDFORD SC MEDFORD SC COLUMBIA 2017B,,,
09/21/2025,14:00,21390188,,GotSport,Soccer,U-10,TAR-KILL SOCCER CLUB TARKILL 2016 BOYS,MARLTON SOCCER CLUB MARLTON SC CHIEFS WHITE 2016,TARKILL-STERLING HS,,
09/21/2025,14:00,21342459,,GotSport,Soccer,U-9,PENNS GROVE SC PENNS GROVE SC RENEGADES 2017,HADDONFIELD SC SILVER 2017,PG-CP-PED- Carney's Point Rec Center,,
09/21/2025,14:00,21454381,,GotSport,Soccer,U-9,PITTSGROVE SOCCER CLUB PSC RAPTORS 2017,WATERFORD ATHLETIC ASSN WINGS 2017,PITTSGROVE-GREEN BRANCH,,
09/21/2025,14:00,21408643,,GotSport,Soccer,U-10,HARRISON SC HARRISON HURRICANES 2016,COLLINGSWOOD OAKLYN SOCCER CLUB WARRIORS 2016,HARRISON - William Wilt Soccer Complex,,
09/21/2025,14:00,21408611,,GotSport,Soccer,U-11,VOORHEES SA VIPERS 2015,WTSC WTSC WASHINGTON UNITED 2015B,VOORHEES-Echelon Complex,,
09/21/2025,14:00,21333271,,GotSport,Soccer,U-13,HADDONFIELD SC RED 2013,EAST GREENWICH SA EGSA DYNAMO 2013,HADDONFIELD - CROWS WOODS,,
09/21/2025,14:00,21347640,,GotSport,Soccer,U-8,HADDON TWP SOCCER CLUB HADDON TWP. WHITE HAWKS 2018,AUDUBON SOCCER YOUTH ASSOCIATION AUDUBON 2018 BOYS,,,
09/21/2025,14:00,21332125,,GotSport,Soccer,U-12,COLLINGSWOOD OAKLYN SOCCER CLUB COSC JAGUARS 2015,CHERRY HILL SC CHERRY HILL SC UNION 2015,COSC- Oaklyn Public School,,
09/21/2025,14:00,21354728,,GotSport,Soccer,U-12,MANTUA TOWNSHIP SA MANTUA OUTLAWS 2014B,HAMMONTON YSA HAMMONTON HEAT BOYS 2014,MANTUA TWP,,
09/21/2025,14:00,21343120,,GotSport,Soccer,U-8,MEDFORD SC MEDFORD SC NAVY 2018B,VOORHEES SA SUPER STRIKERS 2018,MEDFORD SC - Bob Meyer Memorial Park,,
09/21/2025,14:00,21391796,,GotSport,Soccer,U-13,WINSLOW TOWNSHIP YSA WINSLOW SHARKS 2013,MOUNT LAUREL UNITED (MLU) GALAXY 2013,,,
09/21/2025,14:00,21391794,,GotSport,Soccer,U-13,MARLTON SOCCER CLUB MARLTON SC CHIEFS BLACK 2013,WOODBURY SOCCER CLUB WOODBURY BISON 2013,MARLTON - MEMORIAL,,
09/21/2025,14:00,21409413,,GotSport,Soccer,U-10,CLAYTON SA CLIPPERS 2016,WOODSTOWN SOCCER CLUB WOODSTOWN UNITED 2016,CLAYTON - BENTZ,,
09/21/2025,14:00,21352193,,GotSport,Soccer,U-14,EDGEWATER PARK ATHLETIC ASSOCIATION EP UNITED 2012,HADDONFIELD SC BLACK 2012,,,
09/21/2025,14:00,21324684,,GotSport,Soccer,U-13,HARRISON SC HARRISON SC LIGHTNING 2013,VOORHEES SA RAPTORS 2013,HARRISON - William Wilt Soccer Complex,,
09/21/2025,14:00,21333009,,GotSport,Soccer,U-12,PALMYRA RIVERTON SC TORNADOES 2014,DELRAN FC SOCCER DELRAN FC HAWKS 2014,,,
09/21/2025,14:00,21333010,,GotSport,Soccer,U-12,BURLINGTON TOWNSHIP SOCCER DYNAMITE 2014,MOORESTOWN SC KILLER BEES 2014,BURLINGTON TWP - PINEWALD AVE,,
09/21/2025,14:00,21406106,,GotSport,Soccer,U-10,CAPE EXPRESS CE NOR'EASTERS 2016,FRANKLIN TOWNSHIP YOUTH SOCCER ASSOCIATION UNITED 2016,CAPE EX SOCCER COMPLEX At Ockie Wisting,,
09/21/2025,14:00,21444390,,GotSport,Soccer,U-14,MEDFORD SC MEDFORD SC DESTROYERS 2012,CHERRY HILL SC CHERRY HILL SC COBRAS 2012,MEDFORD - BENDE PARK,,
09/21/2025,14:00,21333096,,GotSport,Soccer,U-8,HADDONFIELD SC FIRE 2018,MEDFORD SC MEDFORD SC WHITE 2018B,HADDONFIELD - CROWS WOODS,,
09/21/2025,14:00,21349266,,GotSport,Soccer,U-8,MOORESTOWN SC SHOOTERS 2018,MOORESTOWN SC LIGHTNING 2018,MOORESTOWN - MEMORIAL FIELDS,,
09/21/2025,14:00,21445033,,GotSport,Soccer,U-9,CHERRY HILL SC CHERRY HILL SC WHITE (2017) - BOYS,HADDON HEIGHTS SC PHANTOMS 2017,CHSC - UPPER CHAPEL TURF,,
09/21/2025,14:00,21392096,,GotSport,Soccer,U-11,MARLTON SOCCER CLUB MARLTON SC CHIEFS WHITE 2015,HADDONFIELD SC WHITE 2015,MARLTON - MEMORIAL,,
09/21/2025,14:00,21444981,,GotSport,Soccer,U-11,PITMAN SA PITMAN SA WILDCATS 2015,COHANSEY SC COHANSEY PREMIER DYNAMO 2015 SJSL,PITMAN-LAMBS ROAD,,
09/21/2025,14:00,21352828,,GotSport,Soccer,U-11,RANCOCAS VALLEY SC RANCOCAS VALLEY SC BOYS STEALTH 2015,WTSC WTSC WASHINGTON PREMIER 2015B,Rancocas Valley-LUMBERTON MUNICIPAL,,
09/21/2025,14:00,21347745,,GotSport,Soccer,U-10,WINSLOW TOWNSHIP YSA WINSLOW KINGS 2016,HADDON TWP SOCCER CLUB HADDON TWP WHITE HAWKS 2016,,,
09/21/2025,14:00,21390122,,GotSport,Soccer,U-10,UPPER TOWNSHIP SA UPPER TOWNSHIP SA THUNDER 2016,HADDONFIELD SC BLACK 2016,UPPER TWP-Amanda's Field Complex,,
09/21/2025,14:00,21342784,,GotSport,Soccer,U-9,BURLINGTON TOWNSHIP SOCCER BT FIRE 2017,RANCOCAS VALLEY SC RANCOCAS VALLEY SC BOYS PREMIER 2017,BURLINGTON TWP - PINEWALD AVE,,
09/21/2025,14:00,21342783,,GotSport,Soccer,U-9,HADDONFIELD SC RED 2017,MEDFORD STRIKERS SC MEDFORD STRIKERS 2017 BOYS,HADDONFIELD - CROWS WOODS,,
09/21/2025,14:00,21342086,,GotSport,Soccer,U-11,FRANKLIN TOWNSHIP YOUTH SOCCER ASSOCIATION ATLAS 2015,MOUNT LAUREL UNITED (MLU) KNIGHTS 2015B,FRANKLIN TWP YOUTH COMPLEX,,
09/21/2025,14:00,21374323,,GotSport,Soccer,U-14,HADDON TWP SOCCER CLUB HADDON TWP RED HAWKS 2012,CAPE EXPRESS CE AVENGERS 2013,HADDON TWP - RECCHINO FIELDS,,
09/21/2025,14:00,21349393,,GotSport,Soccer,U-14,PENNS GROVE SC PENNS GROVE SC RAGE 2012,WEST DEPTFORD SC UNION 2012,PG-CP-PED- Carney's Point Rec Center,,
09/21/2025,14:00,21333284,,GotSport,Soccer,U-13,WEST DEPTFORD SC WARRIORS 2013,MOORESTOWN SC THUNDER 2013,W DEPTFORD-WD PARK,,
09/21/2025,14:00,21345296,,GotSport,Soccer,U-10,RANCOCAS VALLEY SC RANCOCAS VALLEY SC BOYS PREMIER 2016,MEDFORD SC MEDFORD SC COLUMBIA 2016,Rancocas Valley-LUMBERTON MUNICIPAL,,
09/21/2025,14:00,21342282,,GotSport,Soccer,U-12,HARRISON SC HARRISON WAVE 2014,EGG HARBOR TOWNSHIP SC EGG HARBOR SC EAGLES 2014,HARRISON - William Wilt Soccer Complex,,
09/21/2025,14:00,21332882,,GotSport,Soccer,U-13,MAINLAND UNITED SA MAINLAND UNITED SA MUSTANGS RED 2014 B,COLLINGSWOOD OAKLYN SOCCER CLUB TITANS 2013,MAINLAND - MEMORIAL PARK,,
09/21/2025,14:00,21346047,,GotSport,Soccer,U-9,BORDENTOWN FC BORDENTOWN FC REVOLUTION 2017,HIGHLAND YOUTH SOCCER CLUB THUNDER 2017,BORDENTOWN - FRIENDSHIP FIELDS,,
09/21/2025,14:00,21332883,,GotSport,Soccer,U-13,CINNAMINSON SC CINNAMINSON SC STRIKERS 2013,WTSC WTSC WASHINGTON PREMIER 2013B,CINNAMINSON SC - MEMORIAL,,
09/21/2025,14:00,21375577,,GotSport,Soccer,U-9,HARRISON SC HARRISON HURRICANES 2017,EAST GREENWICH SA EGSA STRIKERS 2017,HARRISON - William Wilt Soccer Complex,,
09/21/2025,14:00,21444392,,GotSport,Soccer,U-14,TAR-KILL SOCCER CLUB TARKILL BARCELONA 2012,DEPTFORD SA THUNDER 2012,TARKILL-STERLING HS,,
09/21/2025,14:00,21324322,,GotSport,Soccer,U-11,WOODSTOWN SOCCER CLUB WOODSTOWN WILD 2015,NORTHERN BURLINGTON SA NORTHERN BURLINGTON STORM 2015,WOODSTOWN,,
09/21/2025,14:00,21345325,,GotSport,Soccer,U-11,MAINLAND UNITED SA MAINLAND UNITED SA MUSTANGS RED 2015 B,HAMMONTON YSA HAMMONTON HEAT BOYS 2015,MAINLAND - MEMORIAL PARK,,
09/21/2025,14:00,21351926,,GotSport,Soccer,U-13,MOUNT LAUREL UNITED (MLU) TIGERS 2013,MILLVILLE SA MILLVILLE REBELS 2013,MLU-TROTTERS,,
09/21/2025,14:00,21349349,,GotSport,Soccer,U-13,WOODSTOWN SOCCER CLUB WOODSTOWN WOLVERINES 2013,HAMMONTON YSA HAMMONTON HEAT BOYS 2013,WOODSTOWN,,
09/21/2025,14:00,21346491,,GotSport,Soccer,U-10,DELRAN FC SOCCER DELRAN FC UNION 2016,CHERRY HILL SC CHERRY HILL SC THUNDER (2016),,,
09/21/2025,14:00,21346490,,GotSport,Soccer,U-10,SWEDESBORO WOOLWICH SOCCER ASSOC. SWSA HAVOC 2016,MEDFORD STRIKERS SC MEDFORD STRIKERS 2016 BOYS,SW-Locke Avenue Park,,
09/21/2025,14:00,21317862,,GotSport,Soccer,U-15,VOORHEES SA BLUES 2011,TBAA TBAA TBAA TITANS 2011,VOORHEES-EASTERN HS,,
09/21/2025,14:00,21375436,,GotSport,Soccer,U-11,PENNSVILLE SOCCER ASSOCIATION PENNSVILLE EAGLES GOLD 2015,MANTUA TOWNSHIP SA MANTUA FROGS 2015B,PENNSVILLE,,
09/21/2025,14:00,21349391,,GotSport,Soccer,U-14,MONROE TOWNSHIP YS UNITED 2012 BLUE,BERLIN SOCCER CLUB BALL BREAKERS 2012/13,MONROE TWP - CORKERY LANE,,
09/21/2025,14:00,21405465,,GotSport,Soccer,U-9,PITMAN SA PITMAN SA PANTHERS 2017,HARRISON SC HARRISON HAVOC 2017,PITMAN - Dell,,
09/21/2025,14:00,21405466,,GotSport,Soccer,U-9,PENNSVILLE SOCCER ASSOCIATION PENNSVILLE EAGLES GOLD 2017,WTSC WTSC WASHINGTON LEGACY 2017B,PENNSVILLE,,
09/21/2025,14:15,21352195,,GotSport,Soccer,U-14,MAPLE SHADE SC MAPLE SHADE FORCE 2012,PENNSAUKEN YOUTH SOCCER CLUB TITANS 2012,MAPLE SHADE - TURF FIELD,,
09/21/2025,14:30,21324321,,GotSport,Soccer,U-11,MILLVILLE SA MILLVILLE WARRIORS 2015,WATERFORD ATHLETIC ASSN WATERFORD WINGS 2015,MILLVILLE SOCCER COMPLEX,,
09/21/2025,14:30,21352027,,GotSport,Soccer,U-9,SENECA UNITED SC WILDCATS 2017,HAMMONTON YSA HAMMONTON HEAT BOYS 2017,SENECA - STONEY CREEK FIELDS,,
09/21/2025,14:30,21716234,,GotSport,Soccer,U-10,CINNAMINSON SC CINNAMINSON SC CHAOS 2016,BARRINGTON SC BARRINGTON SC STORM 2016,CINNAMINSON SC - MEMORIAL,,
09/21/2025,14:30,21352028,,GotSport,Soccer,U-9,ATLANTIC UNITED SOCCER CLUB ATLANTIC UNITED PREMIER 2017 B,EGG HARBOR TOWNSHIP SC EGG HARBOR SC EAGLES BLACK 2017,ATLANTIC - TARTAGLIO,,
09/21/2025,14:30,21332254,,GotSport,Soccer,U-11,DEPTFORD SA THUNDER 2015,MAPLE SHADE SC MAPLE SHADE WILD 2015,DEPTFORD SC,,
09/21/2025,14:30,21354947,,GotSport,Soccer,U-11,MOORESTOWN SC ELECTRIC RAYS 2015,HADDON HEIGHTS SC HADDON HEIGHTS SC CHEETAHS 2015,MOORESTOWN - SALEM RD/PRYOR PARK,,
09/21/2025,14:30,21333097,,GotSport,Soccer,U-8,VOORHEES SA JEDI KNIGHTS 2018,EGG HARBOR TOWNSHIP SC EGG HARBOR SC EAGLES WHITE 2018,VOORHEES-Echelon Complex,,
09/21/2025,14:30,21374660,,GotSport,Soccer,U-12,SJ FUTBOL CLUB SJ FUTBOL CLUB SOUNDERS 2014,HADDON TWP SOCCER CLUB HADDON TWP WHITE HAWKS 2015,SJFC - UPPER DEERFIELD RECREATION COMPLEX,,
09/21/2025,14:30,21349309,,GotSport,Soccer,U-12,WEST DEPTFORD SC AVALANCHE 2014,HADDON TWP SOCCER CLUB HADDON TWP WHITE HAWKS 2014,W DEPTFORD-WD PARK,,
09/21/2025,14:30,21354987,,GotSport,Soccer,U-12,CINNAMINSON SC CINNAMINSON SC CHARGERS 2014,PENNSAUKEN YOUTH SOCCER CLUB AVENGERS 2014,CINNAMINSON SC - MEMORIAL,,
09/21/2025,14:30,21354727,,GotSport,Soccer,U-12,LOGAN SOCCER CLUB  LOGAN CHARGE BLACK 2014,TBAA TBAA TBAA SYNDICATE 2014,LOGAN - TWP LINE,,
09/21/2025,14:30,21444982,,GotSport,Soccer,U-11,EAST GREENWICH SA EGSA FLYERS 2015,SWEDESBORO WOOLWICH SOCCER ASSOC. SWSA MAYHEM FC 2015,E GREENWICH - THOMPSON FAMILY PARK,,
09/21/2025,14:30,21408642,,GotSport,Soccer,U-10,MONROE TOWNSHIP YS MONROE UNITED BLUE 2016,SWEDESBORO WOOLWICH SOCCER ASSOC. SWSA VENOM 2016,MONROE TWP - CORKERY LANE,,
09/21/2025,14:30,21349264,,GotSport,Soccer,U-8,CINNAMINSON SC CINNAMINSON SC BLACK 2018,DELRAN FC SOCCER DELRAN FC GREY 2018,CINNAMINSON SC - MEMORIAL,,
09/21/2025,14:30,21444941,,GotSport,Soccer,U-11,SENECA UNITED SC PARK RANGERS 2015,HARRISON SC HARRISON BLUE ARSENAL 2015,SENECA - STONEY CREEK FIELDS,,
09/21/2025,14:30,21445032,,GotSport,Soccer,U-9,WTSC WTSC WASHINGTON SELECT 2017B,HADDONFIELD SC BLACK 2017,,,
09/21/2025,14:30,21346046,,GotSport,Soccer,U-9,MOUNT LAUREL UNITED (MLU) SUPER EAGLES 2017,CHERRY HILL SC CHERRY HILL SC COBRAS 2017,MLU-MARNE HWY,,
09/21/2025,14:30,21409390,,GotSport,Soccer,U-10,EAST GREENWICH SA EGSA FALCONS 2016,MANTUA TOWNSHIP SA MANTUA 2016B,E GREENWICH - THOMPSON FAMILY PARK,,
09/21/2025,14:30,21375578,,GotSport,Soccer,U-9,LOGAN SOCCER CLUB  LOGAN BOOM BLACK 2017,COLLINGSWOOD OAKLYN SOCCER CLUB COSC TSUNAMI 2017,LOGAN - TWP LINE,,
09/21/2025,15:00,21390123,,GotSport,Soccer,U-10,PITTSGROVE SOCCER CLUB PSC PRIME 2016,AUDUBON SOCCER YOUTH ASSOCIATION AUDUBON 2016 BOYS,PITTSGROVE-GREEN BRANCH,,
09/21/2025,15:00,21408612,,GotSport,Soccer,U-11,GATEWAY UNITED SOCCER CLUB GUSC LIGHTNING PP B2015/2016,SWEDESBORO WOOLWICH SOCCER ASSOC. SWSA STRIKERS 2015,GATEWAY UTD. - WESTVILLE,,
09/21/2025,15:15,21332854,,GotSport,Soccer,U-16,MILLVILLE SA MILLVILLE VENOM 2010,VINELAND SA STRIKERS 2011,MILLVILLE SOCCER COMPLEX,,
09/21/2025,15:30,21351925,,GotSport,Soccer,U-13,WOODSTOWN SOCCER CLUB WOODSTOWN PREDATORS 2013,UPPER TOWNSHIP SA UPPER TOWNSHIP SA HURRICANES WHITE 2014,WOODSTOWN,,
09/21/2025,15:30,21352255,,GotSport,Soccer,U-16,EDGEWATER PARK ATHLETIC ASSOCIATION EP WIZARDS 2010,WINSLOW TOWNSHIP YSA WINSLOW SLAYERS 2010,,,
09/21/2025,15:30,21444597,,GotSport,Soccer,U-15,HARRISON SC HARRISON THUNDER FÚTBOL ACADEMY 2011,PENNSAUKEN YOUTH SOCCER CLUB WARRIORS 2011,HARRISON - William Wilt Soccer Complex,,
09/21/2025,15:30,21444249,,GotSport,Soccer,U-12,HARRISON SC HARRISON STRIKERS 2014,WOODSTOWN SOCCER CLUB WOODSTOWN WOLVERINES 2014,HARRISON - William Wilt Soccer Complex,,
09/21/2025,15:30,21354885,,GotSport,Soccer,U-13,MONROE TOWNSHIP YS MONROE UNITED 2013,EGG HARBOR TOWNSHIP SC EGG HARBOR SC EAGLES WHITE 2013,MONROE TWP - CORKERY LANE,,
09/21/2025,15:30,21354856,,GotSport,Soccer,U-10,HARRISON SC HARRISON LEGENDS 2016,MARLTON SOCCER CLUB MARLTON SC CHIEFS ORANGE 2016,HARRISON - William Wilt Soccer Complex,,
09/21/2025,15:30,21444246,,GotSport,Soccer,U-12,HADDONFIELD SC BLACK 2014,WATERFORD ATHLETIC ASSN WINGS 2014,HADDONFIELD - CROWS WOODS,,
09/21/2025,15:30,21324279,,GotSport,Soccer,U-9,BURLINGTON TOWNSHIP SOCCER BURLINGTON TOWNSHIP XTREME 2017,PENNSAUKEN YOUTH SOCCER CLUB ROARING CUBS 2017,BURLINGTON TWP - PINEWALD AVE,,
09/21/2025,15:30,21324278,,GotSport,Soccer,U-9,RANCOCAS VALLEY SC RANCOCAS VALLEY SC BOYS DEVILS 2017,MEDFORD SC MEDFORD SC GOLD 2017B,Rancocas Valley-LUMBERTON MUNICIPAL,,
09/21/2025,15:30,21374473,,GotSport,Soccer,U-14,CINNAMINSON SC CINNAMINSON SC SKULLS 2012,COLLINGSWOOD OAKLYN SOCCER CLUB KNIGHTS 2012,CINNAMINSON SC - MEMORIAL,,
09/21/2025,15:30,21333285,,GotSport,Soccer,U-13,PEMBERTON SC PEMBERTON SOCCER 2013,CHERRY HILL SC CHERRY HILL SC FORCE 2013,PEMBERTON - HIGH SCHOOL,,
09/21/2025,15:30,21333282,,GotSport,Soccer,U-13,PENNSVILLE SOCCER ASSOCIATION PENNSVILLE EAGLES 2013,PITMAN SA PITMAN SA TIGERS 2013,PENNSVILLE,,
09/21/2025,15:30,21352194,,GotSport,Soccer,U-14,HADDON TWP SOCCER CLUB HADDON TWP WHITE HAWKS 2012,MARLTON SOCCER CLUB MARLTON SC CHIEFS BLACK 2012,HADDON TWP - RECCHINO FIELDS,,
09/21/2025,15:30,21374494,,GotSport,Soccer,U-14,LOGAN SOCCER CLUB  LOGAN FUSION 2012,SWEDESBORO WOOLWICH SOCCER ASSOC. SWSA CYCLONES 2012/2013,LOGAN - TWP LINE,,
09/21/2025,15:30,21317859,,GotSport,Soccer,U-15,MOUNT LAUREL UNITED (MLU) RANGERS 2011,DELRAN FC SOCCER DELRAN FC FLASH 2011,MLU-TROTTERS,,
09/21/2025,15:30,21346824,,GotSport,Soccer,U-13,DEPTFORD SA TORNADOES 2013,CHERRY HILL FC RED HAWKS 2013,DEPTFORD SC,,
09/21/2025,15:30,21354698,,GotSport,Soccer,U-9,HARRISON SC HARRISON UNITED 2017,MARLTON SOCCER CLUB MARLTON SC CHIEFS ORANGE 2017,HARRISON - William Wilt Soccer Complex,,
09/21/2025,15:30,21349370,,GotSport,Soccer,U-15,PITMAN SA PITMAN SA JAGUARS 2012,RANCOCAS VALLEY SC RANCOCAS VALLEY SC BOYS 2011 UNITED,PITMAN - ALCYON LAKE,,
09/21/2025,15:30,21318459,,GotSport,Soccer,U-14,EAST GREENWICH SA EGSA VENOM 2012,VINELAND SA FURY 2012,E GREENWICH - THOMPSON FAMILY PARK,,
09/21/2025,15:30,21347625,,GotSport,Soccer,U-8,DELRAN FC SOCCER DELRAN FC BLACK 2018,HADDONFIELD SC REBELS 2018,,,
09/21/2025,15:30,21342087,,GotSport,Soccer,U-11,VOORHEES SA COBRAS 2015,MOORESTOWN SC VIPERS 2015,VOORHEES-Echelon Complex,,
09/21/2025,15:30,21409152,,GotSport,Soccer,U-10,CHERRY HILL FC JUNIOR BLACK 2016,HADDON HEIGHTS SC WARRIORS 2016,CHFC - DeCOU,,
09/21/2025,15:30,21342457,,GotSport,Soccer,U-9,SWEDESBORO WOOLWICH SOCCER ASSOC. SWSA VIPERS 2017,EAST GREENWICH SA EGSA COBRAS 2017,SW-Locke Avenue Park,,
09/21/2025,15:30,21349235,,GotSport,Soccer,U-8,HADDONFIELD SC THUNDER 2018,VOORHEES SA RAIDERS 2018,HADDONFIELD - CROWS WOODS,,
09/21/2025,15:30,21349312,,GotSport,Soccer,U-12,BORDENTOWN FC BORDENTOWN FC UNION 2014,RANCOCAS VALLEY SC RVSC - FOREST 2014,BORDENTOWN - FRIENDSHIP FIELDS,,
09/21/2025,15:30,21351682,,GotSport,Soccer,U-8,SOUTH HARRISON TOWNSHIP SOCCER CLUB SOUTH HARRISON SCORPIONS 2018,GATEWAY UNITED SOCCER CLUB GUSC MAGPIES B2018,,,
09/21/2025,15:30,21409391,,GotSport,Soccer,U-10,PENNSVILLE SOCCER ASSOCIATION PENNSVILLE EAGLES 2016,FRANKLIN TOWNSHIP YOUTH SOCCER ASSOCIATION JERSEY DEVILS 2016,PENNSVILLE,,
09/21/2025,15:30,21332823,,GotSport,Soccer,U-13,WEST DEPTFORD SC WEST DEPTFORD WIZARDS 2013,PENNSAUKEN YOUTH SOCCER CLUB REBELS 2013,W DEPTFORD-WD PARK,,
09/21/2025,15:30,21345327,,GotSport,Soccer,U-11,PENNS GROVE SC PENNS GROVE SC LIL DEVILS 2015,PENNSAUKEN YOUTH SOCCER CLUB UNITED 2015,PG-CP-PED- Carney's Point Rec Center,,
09/21/2025,15:30,21349061,,GotSport,Soccer,U-9,MARLTON SOCCER CLUB MARLTON SC CHIEFS WHITE 2017,DELRAN FC SOCCER DELRAN FC RAPTORS 2017,MARLTON - MEMORIAL,,
09/21/2025,15:30,21351927,,GotSport,Soccer,U-13,HIGHLAND YOUTH SOCCER CLUB CHAOS 2013,HADDON HEIGHTS SC 2013 GARNET STORM,HIGHLAND - GLOUCESTER TWP PARK,,
09/21/2025,15:30,21342219,,GotSport,Soccer,U-8,PITTSGROVE SOCCER CLUB PSC CREW 2018,HAMMONTON YSA HAMMONTON HEAT BOYS 2018,PITTSGROVE-GREEN BRANCH,,
09/21/2025,15:30,21374659,,GotSport,Soccer,U-12,MANTUA TOWNSHIP SA 2014B MANTUA UNITED,HADDONFIELD SC RED 2014,MANTUA TWP,,
09/21/2025,15:30,21324769,,GotSport,Soccer,U-12,WTSC WTSC WASHINGTON PREMIER 2014B,CHERRY HILL SC CHERRY HILL SC FORCE 2014,,,
09/21/2025,15:30,21375414,,GotSport,Soccer,U-11,BURLINGTON TOWNSHIP SOCCER THUNDER 2015,NORTHERN BURLINGTON SA NORTHERN BURLINGTON JACKALS 2015,BURLINGTON TWP - PINEWALD AVE,,
09/21/2025,15:30,21342456,,GotSport,Soccer,U-9,WOODSTOWN SOCCER CLUB WOODSTOWN WARRIORS 2017,WATERFORD ATHLETIC ASSN WATERFORD WINGS 2017,WOODSTOWN,,
09/21/2025,15:30,21324685,,GotSport,Soccer,U-13,UPPER TOWNSHIP SA UPPER TOWNSHIP SA CYCLONES 2013,EGG HARBOR TOWNSHIP SC EGG HARBOR SC EAGLES BLACK 2013,UPPER TWP-Amanda's Field Complex,,
09/21/2025,15:30,21366133,,GotSport,Soccer,U-12,FRANKLIN TOWNSHIP YOUTH SOCCER ASSOCIATION STORM 2014,HADDON TWP SOCCER CLUB HADDON TWP RED HAWKS 2014,FRANKLIN TWP YOUTH COMPLEX,,
09/21/2025,15:30,21324686,,GotSport,Soccer,U-13,RANCOCAS VALLEY SC RANCOCAS VALLEY SC BOYS RONALDO 2013,NORTHERN BURLINGTON SA NORTHERN BURLINGTON SA GLADIATORS 2013,Rancocas Valley-LUMBERTON MUNICIPAL,,
09/21/2025,15:30,21716232,,GotSport,Soccer,U-10,WINSLOW TOWNSHIP YSA WINSLOW SPARTANS 2016,HADDONFIELD SC GREY 2016,,,
09/21/2025,15:30,21349265,,GotSport,Soccer,U-8,PALMYRA RIVERTON SC NEW U8B - 2018,NORTHERN BURLINGTON SA NORTHERN BURLINGTON BASH 2018,,,
09/21/2025,15:30,21349392,,GotSport,Soccer,U-14,AUDUBON SOCCER YOUTH ASSOCIATION AUDUBON SOCCER YOUTH BALLERS 2012,HARRISON SC HARRISON WILDCATS 2012,AUDUBON - GREEN WAVE PARK,,
09/21/2025,15:30,21454383,,GotSport,Soccer,U-9,MAINLAND UNITED SA MAINLAND UNITED SA MUSTANGS RED 2017 B,UPPER TOWNSHIP SA UPPER TOWNSHIP SA FLASH 2017,MAINLAND - MEMORIAL PARK,,
09/21/2025,15:30,21375363,,GotSport,Soccer,U-9,TAR-KILL SOCCER CLUB TARKILL UNION 2017,HADDON HEIGHTS SC HAVOC 2017,TARKILL-STERLING HS,,
09/21/2025,15:30,21353105,,GotSport,Soccer,U-11,WINSLOW TOWNSHIP YSA WINSLOW TITANS 2015,MEDFORD SC MEDFORD SC WHITE 2015,,,
09/21/2025,15:30,21454382,,GotSport,Soccer,U-9,CAPE EXPRESS CE BARCA 2017,EGG HARBOR TOWNSHIP SC EGG HARBOR SC EAGLES 2017,CAPE EX SOCCER COMPLEX At Ockie Wisting,,
09/21/2025,15:30,21332126,,GotSport,Soccer,U-12,TAR-KILL SOCCER CLUB TARKILL CHELSEA 2014,TBAA TBAA TBAA REVOLUTION 2015,TARKILL-STERLING HS,,
09/21/2025,15:30,21324277,,GotSport,Soccer,U-9,HADDONFIELD SC GREY 2017,MAPLE SHADE SC MAPLE SHADE CHAOS 2017,HADDONFIELD - CROWS WOODS,,
09/21/2025,15:30,21332884,,GotSport,Soccer,U-13,BURLINGTON TOWNSHIP SOCCER STRIKERS 2013,MOORESTOWN SC RAPTORS 2013,BURLINGTON TWP - PINEWALD AVE,,
09/21/2025,15:30,21373623,,GotSport,Soccer,U-10,MOORESTOWN SC RENEGADES 2016,WEST DEPTFORD SC TSUNAMI 2016,MOORESTOWN - MEMORIAL FIELDS,,
09/21/2025,15:30,21409392,,GotSport,Soccer,U-10,PENNS GROVE SC PENNS GROVE SC DRAGONS 2016,GATEWAY UNITED SOCCER CLUB GUSC BLUES B2016/17,PG-CP-PED- Carney's Point Rec Center,,
09/21/2025,15:30,21409153,,GotSport,Soccer,U-10,PITMAN SA PITMAN SA BOBCATS 2016,LOGAN SOCCER CLUB  LOGAN MAYHEM BLUE 2016,PITMAN - Dell,,
09/21/2025,15:30,21444983,,GotSport,Soccer,U-11,PENNSVILLE SOCCER ASSOCIATION PENNSVILLE EAGLES BLUE 2015,WEST DEPTFORD SC COBRAS 2015,PENNSVILLE,,
09/21/2025,15:30,21332255,,GotSport,Soccer,U-11,PALMYRA RIVERTON SC NATIONALS 2015,CHERRY HILL SC CHERRY HILL SC COMETS (2015),,,
09/21/2025,15:40,21318292,,GotSport,Soccer,U-15,VOORHEES SA FORCE 2012,HIGHLAND YOUTH SOCCER CLUB U15 BOYS 2011/12,VOORHEES-EASTERN HS,,
09/21/2025,15:45,22116980,,GotSport,Soccer,U-8,WTSC WTSC WASHINGTON SELECT 2018 BOYS,CHERRY HILL SC CHERRY HILL SC BLACKOUT (2018) - BOYS,,,
09/21/2025,15:45,21346045,,GotSport,Soccer,U-9,DEPTFORD SA SCORPIONS 2017,HADDON TWP SOCCER CLUB HADDON TWP. WHITE HAWKS 2017,DEPTFORD SC,,
09/21/2025,15:45,21333095,,GotSport,Soccer,U-8,MOUNT LAUREL UNITED (MLU) TITANS 2018,WTSC WTSC WASHINGTON PREMIER 2018 BOYS,MLU-MARNE HWY,,
09/21/2025,15:45,21367887,,GotSport,Soccer,U-11,LOGAN SOCCER CLUB  LOGAN ARMADA BLUE 2015,EGG HARBOR TOWNSHIP SC EGG HARBOR SC EAGLES BLACK 2015,LOGAN - TWP LINE,,
09/21/2025,15:45,21318373,,GotSport,Soccer,U-10,CINNAMINSON SC CINNAMINSON SC LIGHTNING 2016,MONROE TOWNSHIP YS MONROE UNITED 2016B,CINNAMINSON SC - MEMORIAL,,
09/21/2025,15:45,21354986,,GotSport,Soccer,U-12,MARLTON SOCCER CLUB MARLTON SC CHIEFS ORANGE 2015,MARLTON SOCCER CLUB MARLTON SC CHIEFS WHITE 2014,MARLTON - MEMORIAL,,
09/21/2025,15:45,21444391,,GotSport,Soccer,U-14,SENECA UNITED SC 2012 PRIDE,FRANKLIN TOWNSHIP YOUTH SOCCER ASSOCIATION CRUSADERS 2012,SENECA - STONEY CREEK FIELDS,,
09/21/2025,15:45,21354945,,GotSport,Soccer,U-11,MILLVILLE SA MILLVILLE PREDATORS 2015,MEDFORD STRIKERS SC MEDFORD STRIKERS 2015 BOYS,MILLVILLE SOCCER COMPLEX,,
09/21/2025,15:45,21353145,,GotSport,Soccer,U-12,WEST DEPTFORD SC EAGLES 2014,VOORHEES SA VIKINGS 2014,W DEPTFORD-WD PARK,,
09/21/2025,15:45,21346721,,GotSport,Soccer,U-11,SJ FUTBOL CLUB SJ FUTBOL CLUB RAMS 2015,PITTSGROVE SOCCER CLUB PSC GALAXY 2015,SJFC - UPPER DEERFIELD RECREATION COMPLEX,,
09/21/2025,15:45,21375576,,GotSport,Soccer,U-9,LOGAN SOCCER CLUB  LOGAN BOOM BLUE 2017,HADDONFIELD SC WHITE 2017,LOGAN - TWP LINE,,
09/21/2025,15:45,21347624,,GotSport,Soccer,U-8,CINNAMINSON SC CINNAMINSON SC PIRATES 2018,HADDON HEIGHTS SC VIPERS 2018,CINNAMINSON SC - MEMORIAL,,
09/21/2025,15:45,21444943,,GotSport,Soccer,U-11,MEDFORD SC MEDFORD SC GOLD 2015,LOGAN SOCCER CLUB  LOGAN ARMADA BLACK 2015,MEDFORD - BENDE PARK,,
09/21/2025,15:45,21390121,,GotSport,Soccer,U-10,SENECA UNITED SC EAGLES 2016,CHERRY HILL SC CHERRY HILL SC 72S DEL MUNDO 2016,SENECA - STONEY CREEK FIELDS,,
09/21/2025,15:45,21354855,,GotSport,Soccer,U-10,MOORESTOWN SC UNITED 2016,EGG HARBOR TOWNSHIP SC EGG HARBOR SC EAGLES WHITE 2016,MOORESTOWN - SALEM RD/PRYOR PARK,,
09/21/2025,15:45,21342088,,GotSport,Soccer,U-11,CINNAMINSON SC CINNAMINSON SC PRIME 2015,UPPER TOWNSHIP SA UPPER TOWNSHIP SA COMETS GREEN 2015,CINNAMINSON SC - MEMORIAL,,
09/21/2025,15:45,21353144,,GotSport,Soccer,U-12,EAST GREENWICH SA EGSA STARS 2014,HIGHLAND YOUTH SOCCER CLUB THUNDER 2014,E GREENWICH - THOMPSON FAMILY PARK,,
09/21/2025,15:45,21318375,,GotSport,Soccer,U-10,VOORHEES SA DESTROYERS 2016,DELRAN FC SOCCER SHARKS 2016,VOORHEES-Echelon Complex,,
09/21/2025,15:45,21406107,,GotSport,Soccer,U-10,ATLANTIC UNITED SOCCER CLUB ATLANTIC UNITED PREMIER RED 2016/2017 B,HIGHLAND YOUTH SOCCER CLUB MAYHEM 2016,ATLANTIC - TARTAGLIO,,
09/21/2025,15:45,21353103,,GotSport,Soccer,U-11,MAINLAND UNITED SA MAINLAND UNITED SA MUSTANGS BLACK 2015 B,HIGHLAND YOUTH SOCCER CLUB LIGHTNING 2015,MAINLAND - MEMORIAL PARK,,
09/21/2025,15:45,22116981,,GotSport,Soccer,U-8,MONROE TOWNSHIP YS MONROE UNITED BLUE 2018,WEST DEPTFORD SC STRIKERS 2018,MONROE TWP - CORKERY LANE,,
09/21/2025,16:15,21375413,,GotSport,Soccer,U-11,GATEWAY UNITED SOCCER CLUB GUSC THUNDER B2016,MONROE TOWNSHIP YS UNITED BLUE 2015,GATEWAY UTD. - WESTVILLE,,
09/26/2025,19:00,21346829,,GotSport,Soccer,U-13,CHERRY HILL SC CHERRY HILL SC UNITED 2014,PITTSGROVE SOCCER CLUB PSC PYTHONS 2013,CHSC - UPPER CHAPEL TURF,,
09/28/2025,11:00,21374496,,GotSport,Soccer,U-14,DELRAN FC SOCCER GREY 2013B,LOGAN SOCCER CLUB  LOGAN FUSION 2012,Delran Middle School,,
09/28/2025,11:00,21318422,,GotSport,Soccer,U-15,LOGAN SOCCER CLUB  LOGAN BLAZE 2011,MANTUA TOWNSHIP SA 2011B MANTUA UNION,LOGAN - TWP LINE,,
09/28/2025,11:00,21409714,,GotSport,Soccer,U-16,MEDFORD SC MEDFORD SC MAD DOGS WHITE 2010,BORDENTOWN FC BORDENTOWN FC PANTHERS 2010,MEDFORD - BENDE PARK,,
09/28/2025,11:00,21454386,,GotSport,Soccer,U-9,EGG HARBOR TOWNSHIP SC EGG HARBOR SC EAGLES 2017,UPPER TOWNSHIP SA UPPER TOWNSHIP SA FLASH 2017,Egg Harbor Twp HS,,
09/28/2025,11:00,22002485,,GotSport,Soccer,U-19,HIGHLAND YOUTH SOCCER CLUB FUSION 2008,HIGHLAND YOUTH SOCCER CLUB GALAXY 2008,HIGHLAND - GLOUCESTER TWP PARK,,
09/28/2025,11:00,21409712,,GotSport,Soccer,U-16,WTSC WTSC WASHINGTON UNITED 2010 BOYS,SJ FUTBOL CLUB SJ FUTBOL CLUB WOLVES,,,
09/28/2025,11:00,21375417,,GotSport,Soccer,U-11,MONROE TOWNSHIP YS UNITED BLUE 2015,NORTHERN BURLINGTON SA NORTHERN BURLINGTON JACKALS 2015,MONROE TWP - CORKERY LANE,,
09/28/2025,11:00,21318293,,GotSport,Soccer,U-15,WOODBURY SOCCER CLUB WOODBURY ARMORY 2011,HADDONFIELD SC WHITE 2011,WOODBURY,,
09/28/2025,11:00,21318295,,GotSport,Soccer,U-15,PALMYRA RIVERTON SC WARRIORS 2011,HIGHLAND YOUTH SOCCER CLUB U15 BOYS 2011/12,PAL-RIV - LEGION FIELD 11v11,,
09/28/2025,11:00,21373612,,GotSport,Soccer,U-10,HADDONFIELD SC WHITE 2016,MOORESTOWN SC RENEGADES 2016,HADDONFIELD - CROWS WOODS,,
09/28/2025,11:00,21444251,,GotSport,Soccer,U-12,HADDONFIELD SC BLACK 2014,MOORESTOWN SC HORNETS 2014,HADDONFIELD - CROWS WOODS,,
09/28/2025,11:00,21324772,,GotSport,Soccer,U-12,AUDUBON SOCCER YOUTH ASSOCIATION AUDUBON ATTACK - BOYS 2014,WTSC WTSC WASHINGTON PREMIER 2014B,AUDUBON - GREEN WAVE PARK,,
09/28/2025,11:00,21391799,,GotSport,Soccer,U-13,HADDONFIELD SC BLACK 2013,MOUNT LAUREL UNITED (MLU) GALAXY 2013,HADDONFIELD - CROWS WOODS,,
09/28/2025,11:00,21405469,,GotSport,Soccer,U-9,HARRISON SC HARRISON HAVOC 2017,WTSC WTSC WASHINGTON LEGACY 2017B,HARRISON - William Wilt Soccer Complex,,
09/28/2025,11:00,21352198,,GotSport,Soccer,U-14,MARLTON SOCCER CLUB MARLTON SC CHIEFS BLACK 2012,PENNSAUKEN YOUTH SOCCER CLUB TITANS 2012,MARLTON - MEMORIAL,,
09/28/2025,12:00,21332178,,GotSport,Soccer,U-9,CHERRY HILL SC CHERRY HILL SC DYNAMO (2017),TBAA TBAA TBAA REVOLUTION 2017,CHSC - UPPER CHAPEL TURF,,
09/28/2025,12:00,21324773,,GotSport,Soccer,U-12,CHERRY HILL SC CHERRY HILL SC FORCE 2014,MONROE TOWNSHIP YS UNITED BOYS BLUE 2014,CHSC - UPPER CHAPEL TURF,,
09/28/2025,12:00,21408616,,GotSport,Soccer,U-11,SWEDESBORO WOOLWICH SOCCER ASSOC. SWSA STRIKERS 2015,HADDONFIELD SC RED 2015,SW-Locke Avenue Park,,
09/28/2025,12:00,21390124,,GotSport,Soccer,U-10,UPPER TOWNSHIP SA UPPER TOWNSHIP SA THUNDER 2016,SENECA UNITED SC EAGLES 2016,UPPER TWP-Amanda's Field Complex,,
09/28/2025,12:00,21318294,,GotSport,Soccer,U-15,PENNSVILLE SOCCER ASSOCIATION PENNSVILLE EAGLES 2011,HAMMONTON YSA HAMMONTON HEAT BOYS 2011,PENNSVILLE,,
09/28/2025,12:00,21324325,,GotSport,Soccer,U-11,WATERFORD ATHLETIC ASSN WATERFORD WINGS 2015,BURLINGTON TOWNSHIP SOCCER PHOENIX 2015,,,
09/28/2025,12:00,21408645,,GotSport,Soccer,U-10,HADDON HEIGHTS SC RUCKUS 2016,HARRISON SC HARRISON HURRICANES 2016,HADD HGTS - DEVON,,
09/28/2025,12:00,22002483,,GotSport,Soccer,U-19,EAST GREENWICH SA EGSA THUNDER 2009,DEPTFORD SA AVENGERS 2009,E GREENWICH - THOMPSON FAMILY PARK,,
09/28/2025,12:00,21331762,,GotSport,Soccer,U-14,VINELAND SA JERSEY BOYZ 2012,TAR-KILL SOCCER CLUB TARKILL LIVERPOOL 2012,VINELAND SA,,
09/28/2025,12:00,21317866,,GotSport,Soccer,U-15,EGG HARBOR TOWNSHIP SC EGG HARBOR SC EAGLES WHITE 2011,VOORHEES SA BLUES 2011,,,
09/28/2025,12:00,21351929,,GotSport,Soccer,U-13,UPPER TOWNSHIP SA UPPER TOWNSHIP SA HURRICANES WHITE 2014,HIGHLAND YOUTH SOCCER CLUB CHAOS 2013,UPPER TWP-Amanda's Field Complex,,
09/28/2025,12:00,21408646,,GotSport,Soccer,U-10,SWEDESBORO WOOLWICH SOCCER ASSOC. SWSA VENOM 2016,COLLINGSWOOD OAKLYN SOCCER CLUB WARRIORS 2016,SW-Locke Avenue Park,,
09/28/2025,12:00,21347627,,GotSport,Soccer,U-8,DELRAN FC SOCCER DELRAN FC BLACK 2018,CINNAMINSON SC CINNAMINSON SC PIRATES 2018,,,
09/28/2025,12:00,21374662,,GotSport,Soccer,U-12,VOORHEES SA LIGHTNING 2014,SJ FUTBOL CLUB SJ FUTBOL CLUB SOUNDERS 2014,VOORHEES-Echelon Complex,,
09/28/2025,12:00,21409157,,GotSport,Soccer,U-10,LOGAN SOCCER CLUB  LOGAN MAYHEM BLUE 2016,GATEWAY UNITED SOCCER CLUB GUSC GATORS B2016/17,LOGAN - TWP LINE,,
09/28/2025,12:00,21351928,,GotSport,Soccer,U-13,MOUNT LAUREL UNITED (MLU) TIGERS 2013,WOODSTOWN SOCCER CLUB WOODSTOWN PREDATORS 2013,MLU-TROTTERS,,
09/28/2025,12:00,21345300,,GotSport,Soccer,U-10,MEDFORD SC MEDFORD SC COLUMBIA 2016,MOORESTOWN SC WARRIORS 2016,MEDFORD SC - Bob Meyer Memorial Park,,
09/28/2025,12:00,21318423,,GotSport,Soccer,U-15,DELRAN FC SOCCER DELRAN FC BLAST 2011,BURLINGTON TOWNSHIP SOCCER REBELS 2011,,,
09/28/2025,12:00,21352831,,GotSport,Soccer,U-11,HADDON TWP SOCCER CLUB HADDON TWP RED HAWKS 2015,RANCOCAS VALLEY SC RANCOCAS VALLEY SC BOYS STEALTH 2015,HADDON TWP - RECCHINO FIELDS,,
09/28/2025,12:00,21317865,,GotSport,Soccer,U-15,WINSLOW TOWNSHIP YSA WINSLOW WILDCATS 2011,TBAA TBAA TBAA TITANS 2011,,,
09/28/2025,12:30,21354701,,GotSport,Soccer,U-9,WTSC WTSC WASHINGTON UNITED 2017B,MARLTON SOCCER CLUB MARLTON SC CHIEFS ORANGE 2017,,,
09/28/2025,12:30,21374663,,GotSport,Soccer,U-12,HADDONFIELD SC RED 2014,HADDON TWP SOCCER CLUB HADDON TWP WHITE HAWKS 2015,HADDONFIELD - CROWS WOODS,,
09/28/2025,12:30,21373610,,GotSport,Soccer,U-10,WOODSTOWN SOCCER CLUB WOODSTOWN WOLVES 2016,EAST GREENWICH SA EGSA ROYALS 2016,WOODSTOWN,,
09/28/2025,12:30,21352115,,GotSport,Soccer,U-11,SENECA UNITED SC RAPTORS 2015,EDGEWATER PARK ATHLETIC ASSOCIATION EP WARRIORS 2015,SENECA - STONEY CREEK FIELDS,,
09/28/2025,12:30,21345328,,GotSport,Soccer,U-11,RANCOCAS VALLEY SC RANCOCAS VALLEY SC BOYS UNITED 2015,MAINLAND UNITED SA MAINLAND UNITED SA MUSTANGS RED 2015 B,Rancocas Valley-LUMBERTON MUNICIPAL,,
09/28/2025,12:30,21342790,,GotSport,Soccer,U-9,PITTSGROVE SOCCER CLUB PSC PREDATORS 2017,SJ FUTBOL CLUB SJ FUTBOL CLUB HAMMERS 2017,PITTSGROVE-GREEN BRANCH,,
09/28/2025,12:30,21332824,,GotSport,Soccer,U-13,MARLTON SOCCER CLUB MARLTON SC CHIEFS WHITE 2013,MAINLAND UNITED SA MAINLAND UNITED SA MUSTANGS RED 2013 B,MARLTON - MEMORIAL,,
09/28/2025,12:30,21332826,,GotSport,Soccer,U-13,WTSC WTSC WASHINGTON UNITED 2014B,PENNSAUKEN YOUTH SOCCER CLUB REBELS 2013,,,
09/28/2025,12:30,21349062,,GotSport,Soccer,U-9,PALMYRA RIVERTON SC RIPPERS 2017,CINNAMINSON SC CINNAMINSON SC UNION 2017,,,
09/28/2025,12:30,21444252,,GotSport,Soccer,U-12,FRANKLIN TOWNSHIP YOUTH SOCCER ASSOCIATION KNIGHTS 2014,WOODSTOWN SOCCER CLUB WOODSTOWN WOLVERINES 2014,FRANKLIN TWP YOUTH COMPLEX,,
09/28/2025,12:30,21349352,,GotSport,Soccer,U-13,HAMMONTON YSA HAMMONTON HEAT BOYS 2013,VOORHEES SA VOORHEES COSMOS 2013,HAMMONTON - MOSS MILL RD PARK SOCCER COMPLEX,,
09/28/2025,12:30,21324750,,GotSport,Soccer,U-14,CHERRY HILL FC 2012 JUNIORS BLACK,MOUNT LAUREL UNITED (MLU) HAWKS 2012,,,
09/28/2025,12:30,21405467,,GotSport,Soccer,U-9,PITMAN SA PITMAN SA PANTHERS 2017,MILLVILLE SA MILLVILLE PANTHERS 2017,PITMAN - Dell,,
09/28/2025,12:30,22116983,,GotSport,Soccer,U-8,MANTUA TOWNSHIP SA MANTUA WARRIORS 2018B,CHERRY HILL SC CHERRY HILL SC BLACKOUT (2018) - BOYS,MANTUA TWP,,
09/28/2025,12:30,21392179,,GotSport,Soccer,U-11,EGG HARBOR TOWNSHIP SC EGG HARBOR SC EAGLES BLACK 2015,MOUNT LAUREL UNITED (MLU) SHARKS 2015,Egg Harbor Twp HS,,
09/28/2025,12:30,21375580,,GotSport,Soccer,U-9,HADDONFIELD SC WHITE 2017,LOGAN SOCCER CLUB  LOGAN BOOM BLACK 2017,HADDONFIELD - CROWS WOODS,,
09/28/2025,12:30,21351930,,GotSport,Soccer,U-13,MILLVILLE SA MILLVILLE REBELS 2013,HADDON HEIGHTS SC 2013 GARNET STORM,MILLVILLE SOCCER COMPLEX,,
09/28/2025,12:30,21444944,,GotSport,Soccer,U-11,EAST GREENWICH SA EGSA TIGERS 2015,SENECA UNITED SC PARK RANGERS 2015,E GREENWICH - THOMPSON FAMILY PARK,,
09/28/2025,12:30,21354887,,GotSport,Soccer,U-13,MONROE TOWNSHIP YS MONROE UNITED 2013,VOORHEES SA PREDATORS 2013,MONROE TWP - CORKERY LANE,,
09/28/2025,12:30,21444945,,GotSport,Soccer,U-11,HARRISON SC HARRISON BLUE ARSENAL 2015,MEDFORD SC MEDFORD SC GOLD 2015,HARRISON - William Wilt Soccer Complex,,
09/28/2025,12:30,21333288,,GotSport,Soccer,U-13,MOORESTOWN SC THUNDER 2013,CHERRY HILL SC CHERRY HILL SC FORCE 2013,MOORESTOWN - MEMORIAL FIELDS,,
09/28/2025,12:30,21346049,,GotSport,Soccer,U-9,HADDON TWP SOCCER CLUB HADDON TWP. WHITE HAWKS 2017,BORDENTOWN FC BORDENTOWN FC REVOLUTION 2017,,,
09/28/2025,12:30,21346048,,GotSport,Soccer,U-9,MOUNT LAUREL UNITED (MLU) SUPER EAGLES 2017,DEPTFORD SA SCORPIONS 2017,MLU-MARNE HWY,,
09/28/2025,12:30,21354858,,GotSport,Soccer,U-10,WTSC WTSC WASHINGTON UNITED 2016B,HARRISON SC HARRISON LEGENDS 2016,,,
09/28/2025,12:30,21349063,,GotSport,Soccer,U-9,MOORESTOWN SC YELLOW VIPERS 2017,MARLTON SOCCER CLUB MARLTON SC CHIEFS WHITE 2017,MOORESTOWN - SALEM RD/PRYOR PARK,,
09/28/2025,12:30,21406110,,GotSport,Soccer,U-10,FRANKLIN TOWNSHIP YOUTH SOCCER ASSOCIATION UNITED 2016,HIGHLAND YOUTH SOCCER CLUB MAYHEM 2016,FRANKLIN TWP YOUTH COMPLEX,,
09/28/2025,12:30,21352832,,GotSport,Soccer,U-11,WTSC WTSC WASHINGTON PREMIER 2015B,TAR-KILL SOCCER CLUB TARKILL BLUES 2015,,,
09/28/2025,12:30,21332258,,GotSport,Soccer,U-11,MAPLE SHADE SC MAPLE SHADE WILD 2015,CINNAMINSON SC CINNAMINSON SC BANDITS 2015,MAPLE SHADE - TURF FIELD,,
09/28/2025,12:30,21342463,,GotSport,Soccer,U-9,PENNSVILLE SOCCER ASSOCIATION PENNSVILLE EAGLES BLUE 2017,PENNS GROVE SC PENNS GROVE SC RENEGADES 2017,PENNSVILLE,,
09/28/2025,12:30,21345330,,GotSport,Soccer,U-11,LOGAN SOCCER CLUB  LOGAN ARMADA WHITE 2015,PENNSAUKEN YOUTH SOCCER CLUB UNITED 2015,LOGAN - TWP LINE,,
09/28/2025,12:30,21375366,,GotSport,Soccer,U-9,MEDFORD SC MEDFORD SC WHITE LIGHTNING 2017B,MOORESTOWN SC SCORPIONS 2017,MEDFORD SC - Bob Meyer Memorial Park,,
09/28/2025,12:30,21367890,,GotSport,Soccer,U-11,VINELAND SA VINELAND FC 2015B,ATLANTIC UNITED SOCCER CLUB ATLANTIC UNITED PREMIER WHITE 2015B,VINELAND SA,,
09/28/2025,12:30,21353106,,GotSport,Soccer,U-11,CAPE EXPRESS CE SILVER STREAK 2015,MAINLAND UNITED SA MAINLAND UNITED SA MUSTANGS BLACK 2015 B,CAPE EX SOCCER COMPLEX At Ockie Wisting,,
09/28/2025,12:30,21331761,,GotSport,Soccer,U-14,HADDONFIELD SC RED 2012,HARRISON SC HARRISON SC STRIKERS 2012,HADDONFIELD - CROWS WOODS,,
09/28/2025,12:30,21716243,,GotSport,Soccer,U-10,CHERRY HILL SC CHERRY HILL SC BLUE STORM (2016) - BOYS,BARRINGTON SC BARRINGTON SC STORM 2016,CHSC - CH WEST HS,,
09/28/2025,12:30,21716242,,GotSport,Soccer,U-10,MOORESTOWN SC TIGERS 2016,CINNAMINSON SC CINNAMINSON SC CHAOS 2016,MOORESTOWN - MEMORIAL FIELDS,,
09/28/2025,12:30,21374497,,GotSport,Soccer,U-14,EGG HARBOR TOWNSHIP SC EGG HARBOR SC EAGLES 2012 BLACK,SWEDESBORO WOOLWICH SOCCER ASSOC. SWSA CYCLONES 2012/2013,Egg Harbor Twp HS,,
09/28/2025,12:30,21342224,,GotSport,Soccer,U-8,EGG HARBOR TOWNSHIP SC EGG HARBOR SC EAGLES BLACK 2018,UPPER TOWNSHIP SA UPPER TOWNSHIP SA COMETS 2018,Egg Harbor Twp HS,,
09/28/2025,12:30,21342222,,GotSport,Soccer,U-8,CAPE EXPRESS CE TORNADOS 2018,PITTSGROVE SOCCER CLUB PSC CREW 2018,CAPE EX SOCCER COMPLEX At Ockie Wisting,,
09/28/2025,12:30,21392028,,GotSport,Soccer,U-8,HARRISON SC HARRISON WOLVES 2018,PITTSGROVE SOCCER CLUB PSC DYNASTY 2018,HARRISON - William Wilt Soccer Complex,,
09/28/2025,12:30,21390192,,GotSport,Soccer,U-10,MARLTON SOCCER CLUB MARLTON SC CHIEFS WHITE 2016,COLLINGSWOOD OAKLYN SOCCER CLUB SPARTANS 2016,MARLTON - MEMORIAL,,
09/28/2025,12:30,21353147,,GotSport,Soccer,U-12,WEST DEPTFORD SC EAGLES 2014,EAST GREENWICH SA EGSA STARS 2014,W DEPTFORD-WD PARK,,
09/28/2025,12:30,21349394,,GotSport,Soccer,U-14,AUDUBON SOCCER YOUTH ASSOCIATION AUDUBON SOCCER YOUTH BALLERS 2012,MONROE TOWNSHIP YS UNITED 2012 BLUE,AUDUBON - GREEN WAVE PARK,,
09/28/2025,12:30,21333289,,GotSport,Soccer,U-13,WEST DEPTFORD SC WARRIORS 2013,PEMBERTON SC PEMBERTON SOCCER 2013,W DEPTFORD-WD PARK,,
09/28/2025,12:30,21352031,,GotSport,Soccer,U-9,HAMMONTON YSA HAMMONTON HEAT BOYS 2017,EGG HARBOR TOWNSHIP SC EGG HARBOR SC EAGLES BLACK 2017,HAMMONTON - MOSS MILL RD PARK SOCCER COMPLEX,,
09/28/2025,12:30,21354990,,GotSport,Soccer,U-12,MARLTON SOCCER CLUB MARLTON SC CHIEFS WHITE 2014,PENNSAUKEN YOUTH SOCCER CLUB AVENGERS 2014,MARLTON - MEMORIAL,,
09/28/2025,12:30,21354888,,GotSport,Soccer,U-13,MEDFORD STRIKERS SC MEDFORD STRIKERS 2013 BOYS,CINNAMINSON SC CINNAMINSON SC THUNDERBIRDS 2013,MEDFORD STRIKERS - ARK ROAD COMPLEX,,
09/28/2025,12:30,21342283,,GotSport,Soccer,U-12,WOODSTOWN SOCCER CLUB WOODSTOWN WOLFPACK 2014,VINELAND SA VINELAND TERMINATORS 2014,WOODSTOWN,,
09/28/2025,12:30,21408644,,GotSport,Soccer,U-10,MONROE TOWNSHIP YS MONROE UNITED BLUE 2016,VOORHEES SA TITANS 2016,MONROE TWP - CORKERY LANE,,
09/28/2025,12:30,21318376,,GotSport,Soccer,U-10,HADDONFIELD SC RED 2016,CINNAMINSON SC CINNAMINSON SC LIGHTNING 2016,HADDONFIELD - CROWS WOODS,,
09/28/2025,12:30,21349395,,GotSport,Soccer,U-14,BERLIN SOCCER CLUB BALL BREAKERS 2012/13,PENNS GROVE SC PENNS GROVE SC RAGE 2012,BERLIN SC - FRANKLIN FIELDS,,
09/28/2025,12:30,21346827,,GotSport,Soccer,U-13,DELRAN FC SOCCER DELRAN FC KNIGHTS 2014,DEPTFORD SA TORNADOES 2013,Delran Middle School,,
09/28/2025,12:30,21333012,,GotSport,Soccer,U-12,COLLINGSWOOD OAKLYN SOCCER CLUB OUTLAWS 2014,BURLINGTON TOWNSHIP SOCCER DYNAMITE 2014,COSC- Oaklyn Public School,,
09/28/2025,12:30,21347748,,GotSport,Soccer,U-10,NORTHERN BURLINGTON SA NORTHERN BURLINGTON BOOM 2016,HADDON TWP SOCCER CLUB HADDON TWP WHITE HAWKS 2016,,,
09/28/2025,12:40,21391797,,GotSport,Soccer,U-13,PALMYRA RIVERTON SC YOUNGBLOODS 2013,MARLTON SOCCER CLUB MARLTON SC CHIEFS BLACK 2013,PAL-RIV - LEGION FIELD 11v11,,
09/28/2025,12:40,21318424,,GotSport,Soccer,U-15,MEDFORD SC MEDFORD SC RENEGADES 2011,SWEDESBORO WOOLWICH SOCCER ASSOC. SWSA RED FLAMES 2011,MEDFORD - BENDE PARK,,
09/28/2025,12:45,21391798,,GotSport,Soccer,U-13,WOODBURY SOCCER CLUB WOODBURY BISON 2013,WINSLOW TOWNSHIP YSA WINSLOW SHARKS 2013,WOODBURY,,
09/28/2025,13:00,21353148,,GotSport,Soccer,U-12,HIGHLAND YOUTH SOCCER CLUB THUNDER 2014,PITMAN SA PITMAN SA BENGALS 2014,HIGHLAND - GLOUCESTER TWP PARK,,
09/28/2025,13:15,21352833,,GotSport,Soccer,U-11,CHERRY HILL SC CHERRY HILL SC RAPTORS 2015,UPPER TOWNSHIP SA UPPER TOWNSHIP SA SUPER SONICS 2015,CHSC - UPPER CHAPEL TURF,,
09/28/2025,13:15,21390191,,GotSport,Soccer,U-10,LOGAN SOCCER CLUB  LOGAN MAYHEM BLACK 2016,EAST GREENWICH SA EGSA LIONS 2016,LOGAN - TWP LINE,,
09/28/2025,13:15,21343123,,GotSport,Soccer,U-8,CHERRY HILL SC CHERRY HILL SC VORTEX (2018),VOORHEES SA SUPER STRIKERS 2018,CHSC - UPPER CHAPEL TURF,,
09/28/2025,13:15,21409156,,GotSport,Soccer,U-10,HADDON HEIGHTS SC WARRIORS 2016,MEDFORD SC MEDFORD SC GOLD 2016,HADD HGTS - DEVON,,
09/28/2025,13:15,21445011,,GotSport,Soccer,U-9,SWEDESBORO WOOLWICH SOCCER ASSOC. SWSA COBRAS 2017,CHERRY HILL FC JUNIOR PREMIER RED 2017,SW-Locke Avenue Park,,
09/28/2025,13:15,21366137,,GotSport,Soccer,U-12,HADDON TWP SOCCER CLUB HADDON TWP RED HAWKS 2014,MEDFORD SC MEDFORD SC AVENGERS 2014,HADDON TWP - RECCHINO FIELDS,,
09/28/2025,13:15,21318378,,GotSport,Soccer,U-10,MEDFORD SC MEDFORD SC WHITE 2016,DELRAN FC SOCCER SHARKS 2016,MEDFORD SC - Bob Meyer Memorial Park,,
09/28/2025,13:15,21349268,,GotSport,Soccer,U-8,DELRAN FC SOCCER DELRAN FC GREY 2018,MOORESTOWN SC SHOOTERS 2018,,,
09/28/2025,13:15,21353149,,GotSport,Soccer,U-12,VOORHEES SA VIKINGS 2014,MOUNT LAUREL UNITED (MLU) COBRAS 2014,VOORHEES-Echelon Complex,,
09/28/2025,13:15,21324774,,GotSport,Soccer,U-12,SWEDESBORO WOOLWICH SOCCER ASSOC. SWSA LIGHTNING 2014,HADDON HEIGHTS SC HADDON HEIGHTS SC MIGHTY TITANS 2014,SW-Locke Avenue Park,,
09/28/2025,13:15,21444250,,GotSport,Soccer,U-12,WATERFORD ATHLETIC ASSN WINGS 2014,LOGAN SOCCER CLUB  LOGAN CHARGE BLUE 2014,,,
09/28/2025,13:30,21352030,,GotSport,Soccer,U-9,UPPER TOWNSHIP SA UPPER TOWNSHIP SA HEAT 2017,ATLANTIC UNITED SOCCER CLUB ATLANTIC UNITED PREMIER 2017 B,UPPER TWP-Amanda's Field Complex,,
09/28/2025,13:30,21342090,,GotSport,Soccer,U-11,MOUNT LAUREL UNITED (MLU) KNIGHTS 2015B,CINNAMINSON SC CINNAMINSON SC PRIME 2015,MLU-TROTTERS,,
09/28/2025,13:40,21317863,,GotSport,Soccer,U-15,DELRAN FC SOCCER DELRAN FC FLASH 2011,CHERRY HILL SC CHERRY HILL SC BLUE (2011) - BOYS,,,
09/28/2025,13:45,21444599,,GotSport,Soccer,U-15,UPPER TOWNSHIP SA UPPER TOWNSHIP SA TSUNAMIS 2011,HARRISON SC HARRISON THUNDER FÚTBOL ACADEMY 2011,UPPER TWP-Amanda's Field Complex,,
09/28/2025,13:45,21349372,,GotSport,Soccer,U-15,WINSLOW TOWNSHIP YSA WINSLOW REAPERS 2011,PITMAN SA PITMAN SA JAGUARS 2012,,,
09/28/2025,13:45,21332857,,GotSport,Soccer,U-16,VINELAND SA STRIKERS 2011,AUDUBON SOCCER YOUTH ASSOCIATION AUDUBON SOCCER YOUTH UNITED 2010,VINELAND SA,,
09/28/2025,13:45,21318462,,GotSport,Soccer,U-14,PENNSVILLE SOCCER ASSOCIATION PENNSVILLE EAGLES 2012,EAST GREENWICH SA EGSA VENOM 2012,PENNSVILLE,,
09/28/2025,13:45,21333257,,GotSport,Soccer,U-13,EAST GREENWICH SA EGSA DYNAMO 2013,HIGHLAND YOUTH SOCCER CLUB FURY 2013,E GREENWICH - THOMPSON FAMILY PARK,,
09/28/2025,13:45,21444600,,GotSport,Soccer,U-15,EGG HARBOR TOWNSHIP SC EGG HARBOR SC EAGLES BLACK 2011,PENNSAUKEN YOUTH SOCCER CLUB WARRIORS 2011,,,
09/28/2025,14:00,21445012,,GotSport,Soccer,U-9,VOORHEES SA VENOM 2017,WEST DEPTFORD SC DRAGONS 2017,VOORHEES-Echelon Complex,,
09/28/2025,14:00,21347747,,GotSport,Soccer,U-10,MAPLE SHADE SC MAPLE SHADE SHARKS 2016,WINSLOW TOWNSHIP YSA WINSLOW KINGS 2016,MAPLE SHADE - TURF FIELD,,
09/28/2025,14:00,21406108,,GotSport,Soccer,U-10,CAPE EXPRESS CE NOR'EASTERS 2016,WEST DEPTFORD SC WILDCATS 2016,CAPE EX SOCCER COMPLEX At Ockie Wisting,,
09/28/2025,14:00,21406109,,GotSport,Soccer,U-10,HAMMONTON YSA HAMMONTON HEAT BOYS 2016,ATLANTIC UNITED SOCCER CLUB ATLANTIC UNITED PREMIER RED 2016/2017 B,HAMMONTON - MOSS MILL RD PARK SOCCER COMPLEX,,
09/28/2025,14:00,21352197,,GotSport,Soccer,U-14,HADDONFIELD SC BLACK 2012,MAPLE SHADE SC MAPLE SHADE FORCE 2012,HADDONFIELD - CROWS WOODS,,
09/28/2025,14:00,21342462,,GotSport,Soccer,U-9,WEST DEPTFORD SC WARRIORS 2017,HADDONFIELD SC SILVER 2017,W DEPTFORD-WD PARK,,
09/28/2025,14:00,21333258,,GotSport,Soccer,U-13,PITTSGROVE SOCCER CLUB PSC LEGACY 2013,MEDFORD SC MEDFORD SC BLUE DEVILS 2013,PITTSGROVE-GREEN BRANCH,,
09/28/2025,14:00,21324689,,GotSport,Soccer,U-13,EGG HARBOR TOWNSHIP SC EGG HARBOR SC EAGLES BLACK 2013,NORTHERN BURLINGTON SA NORTHERN BURLINGTON SA GLADIATORS 2013,Egg Harbor Twp HS,,
09/28/2025,14:00,21324749,,GotSport,Soccer,U-14,CINNAMINSON SC CINNAMINSON SC SKULLS 2012,WTSC WTSC WASHINGTON PREMIER 2012 BOYS,CINNAMINSON SC - MEMORIAL,,
09/28/2025,14:00,21333099,,GotSport,Soccer,U-8,WTSC WTSC WASHINGTON PREMIER 2018 BOYS,VOORHEES SA JEDI KNIGHTS 2018,,,
09/28/2025,14:00,21405654,,GotSport,Soccer,U-10,WTSC WTSC WASHINGTON PREMIER 2016B,MAINLAND UNITED SA MAINLAND UNITED SA MUSTANGS RED 2016 B,,,
09/28/2025,14:00,21375418,,GotSport,Soccer,U-11,GATEWAY UNITED SOCCER CLUB GUSC THUNDER B2016,BURLINGTON TOWNSHIP SOCCER THUNDER 2015,GATEWAY UTD. - WESTVILLE,,
09/28/2025,14:00,21354988,,GotSport,Soccer,U-12,MARLTON SOCCER CLUB MARLTON SC CHIEFS ORANGE 2015,DEPTFORD SA FUSION 2015,MARLTON - MEMORIAL,,
09/28/2025,14:00,21405468,,GotSport,Soccer,U-9,WOODBURY SOCCER CLUB WOODBURY WARRIORS 2017,PENNSVILLE SOCCER ASSOCIATION PENNSVILLE EAGLES GOLD 2017,WOODBURY,,
09/28/2025,14:00,21332127,,GotSport,Soccer,U-12,COLLINGSWOOD OAKLYN SOCCER CLUB COSC JAGUARS 2015,VOORHEES SA VSA KNIGHTS 2014,COSC- Oaklyn Public School,,
09/28/2025,14:00,21390126,,GotSport,Soccer,U-10,HADDONFIELD SC BLACK 2016,AUDUBON SOCCER YOUTH ASSOCIATION AUDUBON 2016 BOYS,HADDONFIELD - CROWS WOODS,,
09/28/2025,14:00,21354859,,GotSport,Soccer,U-10,EGG HARBOR TOWNSHIP SC EGG HARBOR SC EAGLES WHITE 2016,MARLTON SOCCER CLUB MARLTON SC CHIEFS ORANGE 2016,Egg Harbor Twp HS,,
09/28/2025,14:00,21374327,,GotSport,Soccer,U-14,CAPE EXPRESS CE AVENGERS 2013,PITTSGROVE SOCCER CLUB PSC SPURS '12,CAPE EX SOCCER COMPLEX At Ockie Wisting,,
09/28/2025,14:00,21375365,,GotSport,Soccer,U-9,TAR-KILL SOCCER CLUB TARKILL UNION 2017,WTSC WTSC WASHINGTON PREMIER 2017B,TARKILL-STERLING HS,,
09/28/2025,14:00,21345329,,GotSport,Soccer,U-11,HAMMONTON YSA HAMMONTON HEAT BOYS 2015,PENNS GROVE SC PENNS GROVE SC LIL DEVILS 2015,HAMMONTON - MOSS MILL RD PARK SOCCER COMPLEX,,
09/28/2025,14:00,21409417,,GotSport,Soccer,U-10,MANTUA TOWNSHIP SA MANTUA 2016B,CLAYTON SA CLIPPERS 2016,MANTUA TWP,,
09/28/2025,14:00,21324324,,GotSport,Soccer,U-11,WOODSTOWN SOCCER CLUB WOODSTOWN WILD 2015,MILLVILLE SA MILLVILLE WARRIORS 2015,WOODSTOWN,,
09/28/2025,14:00,21409155,,GotSport,Soccer,U-10,PITMAN SA PITMAN SA BOBCATS 2016,CHERRY HILL FC JUNIOR BLACK 2016,PITMAN - Dell,,
09/28/2025,14:00,22116986,,GotSport,Soccer,U-8,MONROE TOWNSHIP YS MONROE UNITED BLUE 2018,DEPTFORD SA DEPTFORD SPARTANS 2018 BOYS,MONROE TWP - CORKERY LANE,,
09/28/2025,14:00,21444984,,GotSport,Soccer,U-11,EAST GREENWICH SA EGSA FLYERS 2015,PITMAN SA PITMAN SA WILDCATS 2015,E GREENWICH - THOMPSON FAMILY PARK,,
09/28/2025,14:00,21352196,,GotSport,Soccer,U-14,HADDON TWP SOCCER CLUB HADDON TWP WHITE HAWKS 2012,EDGEWATER PARK ATHLETIC ASSOCIATION EP UNITED 2012,HADDON TWP - RECCHINO FIELDS,,
09/28/2025,14:00,21375415,,GotSport,Soccer,U-11,HADDONFIELD SC BLACK 2015,PENNSVILLE SOCCER ASSOCIATION PENNSVILLE EAGLES GOLD 2015,HADDONFIELD - CROWS WOODS,,
09/28/2025,14:00,21346050,,GotSport,Soccer,U-9,CHERRY HILL SC CHERRY HILL SC COBRAS 2017,HIGHLAND YOUTH SOCCER CLUB THUNDER 2017,CHSC - CH WEST HS,,
09/28/2025,14:00,21332856,,GotSport,Soccer,U-16,MARLTON SOCCER CLUB MARLTON SC CHIEFS WHITE 2010,MILLVILLE SA MILLVILLE VENOM 2010,MARLTON - MEMORIAL,,
09/28/2025,14:00,21324282,,GotSport,Soccer,U-9,MEDFORD SC MEDFORD SC GOLD 2017B,PENNSAUKEN YOUTH SOCCER CLUB ROARING CUBS 2017,MEDFORD SC - Bob Meyer Memorial Park,,
09/28/2025,14:00,21349269,,GotSport,Soccer,U-8,NORTHERN BURLINGTON SA NORTHERN BURLINGTON BASH 2018,MOORESTOWN SC LIGHTNING 2018,,,
09/28/2025,14:00,21373611,,GotSport,Soccer,U-10,VINELAND SA VINELAND VIPERS 2016 BOYS,WEST DEPTFORD SC TSUNAMI 2016,VINELAND SA,,
09/28/2025,14:00,21349314,,GotSport,Soccer,U-12,WEST DEPTFORD SC AVALANCHE 2014,HAMILTON ELITE FC PREMIER 2014B,W DEPTFORD-WD PARK,,
09/28/2025,14:00,21445051,,GotSport,Soccer,U-9,MOORESTOWN SC PANTHERS 2017,HADDON HEIGHTS SC PHANTOMS 2017,MOORESTOWN - SALEM RD/PRYOR PARK,,
09/28/2025,14:00,21332887,,GotSport,Soccer,U-13,WTSC WTSC WASHINGTON PREMIER 2013B,MOORESTOWN SC RAPTORS 2013,,,
09/28/2025,14:00,21349316,,GotSport,Soccer,U-12,TBAA TBAA TBAA REVOLUTION 2014,BORDENTOWN FC BORDENTOWN FC UNION 2014,TBAA-VALLEY BROOK,,
09/28/2025,14:00,21375416,,GotSport,Soccer,U-11,HARRISON SC HARRISON BLUE REBELS 2015,MANTUA TOWNSHIP SA MANTUA FROGS 2015B,HARRISON - William Wilt Soccer Complex,,
09/28/2025,14:00,21444395,,GotSport,Soccer,U-14,FRANKLIN TOWNSHIP YOUTH SOCCER ASSOCIATION CRUSADERS 2012,DEPTFORD SA THUNDER 2012,FRANKLIN TWP YOUTH COMPLEX,,
09/28/2025,14:00,21444393,,GotSport,Soccer,U-14,SENECA UNITED SC 2012 PRIDE,MEDFORD SC MEDFORD SC DESTROYERS 2012,SENECA - STONEY CREEK FIELDS,,
09/28/2025,14:00,21444394,,GotSport,Soccer,U-14,CHERRY HILL SC CHERRY HILL SC COBRAS 2012,TAR-KILL SOCCER CLUB TARKILL BARCELONA 2012,CHSC - CH WEST HS,,
09/28/2025,14:00,21354857,,GotSport,Soccer,U-10,MOORESTOWN SC UNITED 2016,CINNAMINSON SC CINNAMINSON SC VIPERS 2016,MOORESTOWN - MEMORIAL FIELDS,,
09/28/2025,14:00,21333098,,GotSport,Soccer,U-8,HADDONFIELD SC FIRE 2018,MOUNT LAUREL UNITED (MLU) TITANS 2018,HADDONFIELD - CROWS WOODS,,
09/28/2025,14:00,21345298,,GotSport,Soccer,U-10,RANCOCAS VALLEY SC RANCOCAS VALLEY SC BOYS PREMIER 2016,MONROE TOWNSHIP YS MONROE UNITED 2017,Rancocas Valley-LUMBERTON MUNICIPAL,,
09/28/2025,14:00,21345299,,GotSport,Soccer,U-10,MOUNT LAUREL UNITED (MLU) REVOLUTION 2016,HARRISON SC HARRISON HORNETS 2016,MLU-MARNE HWY,,
09/28/2025,14:00,21408615,,GotSport,Soccer,U-11,WTSC WTSC WASHINGTON UNITED 2015B,HARRISON SC HARRISON FURY 2015,,,
09/28/2025,14:00,21409396,,GotSport,Soccer,U-10,PENNSVILLE SOCCER ASSOCIATION PENNSVILLE EAGLES 2016,PENNS GROVE SC PENNS GROVE SC DRAGONS 2016,PENNSVILLE,,
09/28/2025,14:00,21409395,,GotSport,Soccer,U-10,FRANKLIN TOWNSHIP YOUTH SOCCER ASSOCIATION JERSEY DEVILS 2016,GATEWAY UNITED SOCCER CLUB GUSC BLUES B2016/17,FRANKLIN TWP YOUTH COMPLEX,,
09/28/2025,14:00,21409394,,GotSport,Soccer,U-10,WOODSTOWN SOCCER CLUB WOODSTOWN UNITED 2016,EAST GREENWICH SA EGSA FALCONS 2016,WOODSTOWN,,
09/28/2025,14:00,21716241,,GotSport,Soccer,U-10,PALMYRA RIVERTON SC LEGENDARY 2016,WINSLOW TOWNSHIP YSA WINSLOW SPARTANS 2016,,,
09/28/2025,14:00,21351685,,GotSport,Soccer,U-8,HARRISON SC HARRISON HAVOC 2018,GATEWAY UNITED SOCCER CLUB GUSC MAGPIES B2018,HARRISON - William Wilt Soccer Complex,,
09/28/2025,14:00,21342787,,GotSport,Soccer,U-9,MEDFORD STRIKERS SC MEDFORD STRIKERS 2017 BOYS,RANCOCAS VALLEY SC RANCOCAS VALLEY SC BOYS PREMIER 2017,MEDFORD STRIKERS - ARK ROAD COMPLEX,,
09/28/2025,14:00,21332825,,GotSport,Soccer,U-13,MONROE TOWNSHIP YS UNITED BOYS BLUE 2013,WEST DEPTFORD SC WEST DEPTFORD WIZARDS 2013,MONROE TWP - CORKERY LANE,,
09/28/2025,14:00,21354729,,GotSport,Soccer,U-12,LOGAN SOCCER CLUB  LOGAN CHARGE BLACK 2014,GATEWAY UNITED SOCCER CLUB GU GREYHOUNDS 2014,LOGAN - TWP LINE,,
09/28/2025,14:00,21342789,,GotSport,Soccer,U-9,HADDON TWP SOCCER CLUB HADDON TWP. RED HAWKS 2017,AUDUBON SOCCER YOUTH ASSOCIATION AUDUBON CROSSFIRE 2017,,,
09/28/2025,14:00,21444598,,GotSport,Soccer,U-15,VOORHEES SA ATTACK 2011,DEPTFORD SA TORNADOES 2011,VOORHEES-EASTERN HS,,
09/28/2025,14:00,21353108,,GotSport,Soccer,U-11,EGG HARBOR TOWNSHIP SC EGG HARBOR SC EAGLES WHITE 2015,MEDFORD SC MEDFORD SC WHITE 2015,Egg Harbor Twp HS,,
09/28/2025,14:00,21343122,,GotSport,Soccer,U-8,MARLTON SOCCER CLUB MARLTON SC CHIEFS ORANGE 2018,MEDFORD SC MEDFORD SC NAVY 2018B,MARLTON - MEMORIAL,,
09/28/2025,14:00,21343121,,GotSport,Soccer,U-8,MOUNT LAUREL UNITED (MLU) TRIBE 2018,MONROE TOWNSHIP YS MONROE UNITED BOYS 2018,MLU-MARNE HWY,,
09/28/2025,14:00,21346828,,GotSport,Soccer,U-13,CHERRY HILL FC RED HAWKS 2013,PENNS GROVE SC PENNS GROVE WILD 2013,,,
09/28/2025,14:00,21354989,,GotSport,Soccer,U-12,MEDFORD STRIKERS SC MEDFORD STRIKERS 2014 BOYS,CINNAMINSON SC CINNAMINSON SC CHARGERS 2014,MEDFORD STRIKERS - ARK ROAD COMPLEX,,
09/28/2025,14:15,21445052,,GotSport,Soccer,U-9,AUDUBON SOCCER YOUTH ASSOCIATION AUDUBON BOYS 2017 TEAM 2,HADDONFIELD SC BLACK 2017,AUDUBON - GREEN WAVE PARK,,
09/28/2025,14:15,21374326,,GotSport,Soccer,U-14,COLLINGSWOOD OAKLYN SOCCER CLUB KNIGHTS 2012,LOGAN SOCCER CLUB  LOGAN FORCE 2012,WOODBURY,,
09/28/2025,14:30,21333011,,GotSport,Soccer,U-12,PALMYRA RIVERTON SC TORNADOES 2014,CHERRY HILL SC CHERRY HILL SC TITANS (2014),,,
09/28/2025,14:30,21347628,,GotSport,Soccer,U-8,HADDON HEIGHTS SC VIPERS 2018,AUDUBON SOCCER YOUTH ASSOCIATION AUDUBON 2018 BOYS,HADD HGTS - DEVON,,
09/28/2025,14:30,21349313,,GotSport,Soccer,U-12,HADDON TWP SOCCER CLUB HADDON TWP WHITE HAWKS 2014,WTSC WTSC WASHINGTON SELECT 2014B,HADDON TWP - RECCHINO FIELDS,,
09/28/2025,14:30,21353107,,GotSport,Soccer,U-11,HIGHLAND YOUTH SOCCER CLUB LIGHTNING 2015,WINSLOW TOWNSHIP YSA WINSLOW TITANS 2015,HIGHLAND - GLOUCESTER TWP PARK,,
09/28/2025,14:30,21332176,,GotSport,Soccer,U-9,DELRAN FC SOCCER DELRAN FC DEVILS 2017,VOORHEES SA BLUE DEVILS 2017,,,
09/28/2025,14:30,21445035,,GotSport,Soccer,U-9,CHERRY HILL SC CHERRY HILL SC WHITE (2017) - BOYS,WTSC WTSC WASHINGTON SELECT 2017B,CHSC - UPPER CHAPEL TURF,,
09/28/2025,14:30,21392029,,GotSport,Soccer,U-8,SWEDESBORO WOOLWICH SOCCER ASSOC. SWSA SUPERNOVA 2018,TBAA TBAA TBAA SAVAGES 2018,SW-Locke Avenue Park,,
09/28/2025,14:30,21354950,,GotSport,Soccer,U-11,DELRAN FC SOCCER DELRAN FC COBRAS 2015,HADDON HEIGHTS SC HADDON HEIGHTS SC CHEETAHS 2015,,,
09/28/2025,14:30,21444946,,GotSport,Soccer,U-11,SWEDESBORO WOOLWICH SOCCER ASSOC. SWSA GUNNERS 2015,LOGAN SOCCER CLUB  LOGAN ARMADA BLACK 2015,SW-Locke Avenue Park,,
09/28/2025,14:30,21349064,,GotSport,Soccer,U-9,MEDFORD SC MEDFORD SC COLUMBIA 2017B,DELRAN FC SOCCER DELRAN FC RAPTORS 2017,MEDFORD SC - Bob Meyer Memorial Park,,
09/28/2025,14:30,22116984,,GotSport,Soccer,U-8,LOGAN SOCCER CLUB  LOGAN IMPACT BLACK 2018,WTSC WTSC WASHINGTON SELECT 2018 BOYS,LOGAN - TWP LINE,,
09/28/2025,14:30,21454385,,GotSport,Soccer,U-9,WATERFORD ATHLETIC ASSN WINGS 2017,MAINLAND UNITED SA MAINLAND UNITED SA MUSTANGS RED 2017 B,,,
09/28/2025,14:30,21332129,,GotSport,Soccer,U-12,CHERRY HILL SC CHERRY HILL SC UNION 2015,TBAA TBAA TBAA REVOLUTION 2015,CHSC - UPPER CHAPEL TURF,,
09/28/2025,14:30,21352117,,GotSport,Soccer,U-11,VOORHEES SA PYTHONS 2015,MEDFORD SC MEDFORD SC COLUMBIA 2015,VOORHEES-Echelon Complex,,
09/28/2025,14:30,21342091,,GotSport,Soccer,U-11,MOORESTOWN SC VIPERS 2015,UPPER TOWNSHIP SA UPPER TOWNSHIP SA COMETS GREEN 2015,MOORESTOWN - SALEM RD/PRYOR PARK,,
09/28/2025,14:45,21405653,,GotSport,Soccer,U-10,UPPER TOWNSHIP SA UPPER TOWNSHIP SA BREAKERS 2016,MILLVILLE SA MILLVILLE THUNDER 2016,UPPER TWP-Amanda's Field Complex,,
09/28/2025,14:45,21332128,,GotSport,Soccer,U-12,MOUNT LAUREL UNITED (MLU) LIGHTNING 2014,TAR-KILL SOCCER CLUB TARKILL CHELSEA 2014,MLU-TROTTERS,,
09/28/2025,15:20,21318296,,GotSport,Soccer,U-15,DELRAN FC SOCCER STORM,VOORHEES SA FORCE 2012,,,
09/28/2025,15:20,21352258,,GotSport,Soccer,U-16,EAST GREENWICH SA EGSA BLAZE 2010,EDGEWATER PARK ATHLETIC ASSOCIATION EP WIZARDS 2010,E GREENWICH - THOMPSON FAMILY PARK,,
09/28/2025,15:30,21333287,,GotSport,Soccer,U-13,PENNSVILLE SOCCER ASSOCIATION PENNSVILLE EAGLES 2013,MILLVILLE SA MILLVILLE UNITED 2013,PENNSVILLE,,
09/28/2025,15:30,21374474,,GotSport,Soccer,U-14,HADDON TWP SOCCER CLUB HADDON TWP RED HAWKS 2012,MOORESTOWN SC UNION 2012,HADDON TWP - RECCHINO FIELDS,,
09/28/2025,15:30,21349396,,GotSport,Soccer,U-14,HARRISON SC HARRISON WILDCATS 2012,WEST DEPTFORD SC UNION 2012,HARRISON - William Wilt Soccer Complex,,
09/28/2025,15:30,21354731,,GotSport,Soccer,U-12,TBAA TBAA TBAA SYNDICATE 2014,HAMMONTON YSA HAMMONTON HEAT BOYS 2014,TBAA-VALLEY BROOK,,
09/28/2025,15:30,21333286,,GotSport,Soccer,U-13,PITMAN SA PITMAN SA TIGERS 2013,EAST GREENWICH SA EGSA PANTHERS 2013,PITMAN - ALCYON LAKE,,
09/28/2025,15:30,21392027,,GotSport,Soccer,U-8,WTSC WTSC WASHINGTON UNITED 2018 BOYS,HADDON TWP SOCCER CLUB HADDON TWP. RED HAWKS 2018,,,
09/28/2025,15:30,21349239,,GotSport,Soccer,U-8,VOORHEES SA RAIDERS 2018,BARRINGTON SC BARRINGTON SC STRIKERS 2018,VOORHEES-Echelon Complex,,
09/28/2025,15:30,21318464,,GotSport,Soccer,U-14,CAPE EXPRESS CE WHITE CAPS 2012,SWEDESBORO WOOLWICH SOCCER ASSOC. SWSA SHARKS 2012,CAPE EX SOCCER COMPLEX At Ockie Wisting,,
09/28/2025,15:30,21318463,,GotSport,Soccer,U-14,VINELAND SA FURY 2012,BURLINGTON TOWNSHIP SOCCER DRAGONS 2012,VINELAND SA,,
09/28/2025,15:30,21346723,,GotSport,Soccer,U-11,WOODBURY SOCCER CLUB WOODBURY BOLTS 2015,SJ FUTBOL CLUB SJ FUTBOL CLUB RAMS 2015,WOODBURY,,
09/28/2025,15:30,21346722,,GotSport,Soccer,U-11,COLLINGSWOOD OAKLYN SOCCER CLUB COSC COBRAS 2015,DEPTFORD SA CYCLONES 2015,COSC- Oaklyn Public School,,
09/28/2025,15:30,21349371,,GotSport,Soccer,U-15,WTSC WTSC PREMIER 2011 BOYS,MONROE TOWNSHIP YS UNITED BOYS 2011 BLUE,,,
09/28/2025,15:30,22116985,,GotSport,Soccer,U-8,WEST DEPTFORD SC STRIKERS 2018,EAST GREENWICH SA EGSA PUMAS 2018,W DEPTFORD-WD PARK,,
09/28/2025,15:30,21342788,,GotSport,Soccer,U-9,HADDONFIELD SC RED 2017,BURLINGTON TOWNSHIP SOCCER BT FIRE 2017,HADDONFIELD - CROWS WOODS,,
09/28/2025,15:30,21390190,,GotSport,Soccer,U-10,TAR-KILL SOCCER CLUB TARKILL 2016 BOYS,SENECA UNITED SC RAPTORS 2016,TARKILL-STERLING HS,,
09/28/2025,15:30,21392100,,GotSport,Soccer,U-11,HADDONFIELD SC WHITE 2015,AUDUBON SOCCER YOUTH ASSOCIATION AUDUBON BOYS LIGHTNING 2015,HADDONFIELD - CROWS WOODS,,
09/28/2025,15:30,21324687,,GotSport,Soccer,U-13,UPPER TOWNSHIP SA UPPER TOWNSHIP SA CYCLONES 2013,HARRISON SC HARRISON SC LIGHTNING 2013,UPPER TWP-Amanda's Field Complex,,
09/28/2025,15:30,21324688,,GotSport,Soccer,U-13,VOORHEES SA RAPTORS 2013,RANCOCAS VALLEY SC RANCOCAS VALLEY SC BOYS RONALDO 2013,VOORHEES-EASTERN HS,,
09/28/2025,15:30,21342461,,GotSport,Soccer,U-9,WOODSTOWN SOCCER CLUB WOODSTOWN WARRIORS 2017,SWEDESBORO WOOLWICH SOCCER ASSOC. SWSA VIPERS 2017,WOODSTOWN,,
09/28/2025,15:30,21392098,,GotSport,Soccer,U-11,MARLTON SOCCER CLUB MARLTON SC CHIEFS WHITE 2015,CINNAMINSON SC CINNAMINSON SC PIRATES SEA DOGS 2015,MARLTON - MEMORIAL,,
09/28/2025,15:30,21354948,,GotSport,Soccer,U-11,WEST DEPTFORD SC ANIMALS 2015,MILLVILLE SA MILLVILLE PREDATORS 2015,W DEPTFORD-WD PARK,,
09/28/2025,15:30,21390125,,GotSport,Soccer,U-10,CHERRY HILL SC CHERRY HILL SC 72S DEL MUNDO 2016,PITTSGROVE SOCCER CLUB PSC PRIME 2016,CHSC - CH WEST HS,,
09/28/2025,15:30,21354949,,GotSport,Soccer,U-11,MEDFORD STRIKERS SC MEDFORD STRIKERS 2015 BOYS,MOORESTOWN SC ELECTRIC RAYS 2015,MEDFORD STRIKERS - ARK ROAD COMPLEX,,
09/28/2025,15:30,21347643,,GotSport,Soccer,U-8,HADDON TWP SOCCER CLUB HADDON TWP. WHITE HAWKS 2018,HADDONFIELD SC REBELS 2018,,,
09/28/2025,15:30,21347746,,GotSport,Soccer,U-10,MOUNT LAUREL UNITED (MLU) RENEGADES 2016,CINNAMINSON SC CINNAMINSON SC TITANS 2016,MLU-MARNE HWY,,
09/28/2025,15:30,21324280,,GotSport,Soccer,U-9,RANCOCAS VALLEY SC RANCOCAS VALLEY SC BOYS DEVILS 2017,HADDONFIELD SC GREY 2017,Rancocas Valley-LUMBERTON MUNICIPAL,,
09/28/2025,15:30,21332885,,GotSport,Soccer,U-13,CINNAMINSON SC CINNAMINSON SC STRIKERS 2013,MAINLAND UNITED SA MAINLAND UNITED SA MUSTANGS RED 2014 B,CINNAMINSON SC - MEMORIAL,,
09/28/2025,15:30,21405655,,GotSport,Soccer,U-10,EGG HARBOR TOWNSHIP SC EGG HARBOR SC EAGLES BLACK 2016,HIGHLAND YOUTH SOCCER CLUB HAVOK 2016,Egg Harbor Twp HS,,
09/28/2025,15:30,21332177,,GotSport,Soccer,U-9,MOUNT LAUREL UNITED (MLU) PRESTIGE 2017,CINNAMINSON SC CINNAMINSON SC RED 2017,MLU-MARNE HWY,,
09/28/2025,15:30,21324281,,GotSport,Soccer,U-9,MAPLE SHADE SC MAPLE SHADE CHAOS 2017,BURLINGTON TOWNSHIP SOCCER BURLINGTON TOWNSHIP XTREME 2017,MAPLE SHADE - TURF FIELD,,
09/28/2025,15:30,21367889,,GotSport,Soccer,U-11,LOGAN SOCCER CLUB  LOGAN ARMADA BLUE 2015,CLAYTON SA CLIPPERS 2015,LOGAN - TWP LINE,,
09/28/2025,15:30,21375581,,GotSport,Soccer,U-9,EAST GREENWICH SA EGSA STRIKERS 2017,COLLINGSWOOD OAKLYN SOCCER CLUB COSC TSUNAMI 2017,E GREENWICH - THOMPSON FAMILY PARK,,
09/28/2025,15:30,21342223,,GotSport,Soccer,U-8,HAMMONTON YSA HAMMONTON HEAT BOYS 2018,SJ FUTBOL CLUB SJ FUTBOL CLUB VIPERS 2018,HAMMONTON - MOSS MILL RD PARK SOCCER COMPLEX,,
09/28/2025,15:30,21333100,,GotSport,Soccer,U-8,MEDFORD SC MEDFORD SC WHITE 2018B,EGG HARBOR TOWNSHIP SC EGG HARBOR SC EAGLES WHITE 2018,MEDFORD SC - Bob Meyer Memorial Park,,
09/28/2025,15:30,21374661,,GotSport,Soccer,U-12,MANTUA TOWNSHIP SA 2014B MANTUA UNITED,SENECA UNITED SC THUNDER 2014,MANTUA TWP,,
09/28/2025,15:30,21444253,,GotSport,Soccer,U-12,PENNSVILLE SOCCER ASSOCIATION PENNSVILLE EAGLES 2014,HARRISON SC HARRISON STRIKERS 2014,PENNSVILLE,,
09/28/2025,15:30,21324326,,GotSport,Soccer,U-11,NORTHERN BURLINGTON SA NORTHERN BURLINGTON STORM 2015,UPPER TOWNSHIP SA UPPER TOWNSHIP SA COMETS WHITE 2015,,,
09/28/2025,15:30,21366136,,GotSport,Soccer,U-12,PITTSGROVE SOCCER CLUB PSC PREMIER 2014,FRANKLIN TOWNSHIP YOUTH SOCCER ASSOCIATION STORM 2014,PITTSGROVE-GREEN BRANCH,,
09/28/2025,15:30,21366138,,GotSport,Soccer,U-12,EGG HARBOR TOWNSHIP SC EGG HARBOR SC EAGLES BLACK 2014,TBAA TBAA TBAA OUTLAWS 2014,Egg Harbor Twp HS,,
09/28/2025,15:30,21408614,,GotSport,Soccer,U-11,GATEWAY UNITED SOCCER CLUB GUSC LIGHTNING PP B2015/2016,VOORHEES SA VIPERS 2015,GATEWAY UTD. - WESTVILLE,,
09/28/2025,15:30,21444985,,GotSport,Soccer,U-11,COHANSEY SC COHANSEY PREMIER DYNAMO 2015 SJSL,PENNSVILLE SOCCER ASSOCIATION PENNSVILLE EAGLES BLUE 2015,Cohansey - Cumberland County Tech School,,
09/28/2025,15:30,21375579,,GotSport,Soccer,U-9,HARRISON SC HARRISON HURRICANES 2017,LOGAN SOCCER CLUB  LOGAN BOOM BLUE 2017,HARRISON - William Wilt Soccer Complex,,
09/28/2025,15:30,21333259,,GotSport,Soccer,U-13,HADDONFIELD SC RED 2013,CHERRY HILL SC CHERRY HILL SC THUNDER 2013,HADDONFIELD - CROWS WOODS,,
09/28/2025,15:30,21352029,,GotSport,Soccer,U-9,SENECA UNITED SC WILDCATS 2017,PITMAN SA PITMAN SA LIONS 2017,SENECA - STONEY CREEK FIELDS,,
09/28/2025,15:30,21349238,,GotSport,Soccer,U-8,MOORESTOWN SC GOLDEN STRIKERS 2018,HIGHLAND YOUTH SOCCER CLUB U8 BOYS 2018,MOORESTOWN - MEMORIAL FIELDS,,
09/28/2025,15:30,21349237,,GotSport,Soccer,U-8,HADDONFIELD SC THUNDER 2018,SENECA UNITED SC STORM 2018,HADDONFIELD - CROWS WOODS,,
09/28/2025,15:30,21454384,,GotSport,Soccer,U-9,CAPE EXPRESS CE BARCA 2017,PITTSGROVE SOCCER CLUB PSC RAPTORS 2017,CAPE EX SOCCER COMPLEX At Ockie Wisting,,
09/28/2025,15:30,21349351,,GotSport,Soccer,U-13,WTSC WTSC WASHINGTON SELECT 2013B,WOODSTOWN SOCCER CLUB WOODSTOWN WOLVERINES 2013,,,
09/28/2025,15:30,21374495,,GotSport,Soccer,U-14,WINSLOW TOWNSHIP YSA WINSLOW GREEN DRAGONS 2012,WOODSTOWN SOCCER CLUB WOODSTOWN THUNDER 2012,,,
09/28/2025,15:30,21349267,,GotSport,Soccer,U-8,PALMYRA RIVERTON SC NEW U8B - 2018,CINNAMINSON SC CINNAMINSON SC BLACK 2018,,,
09/28/2025,15:30,21342284,,GotSport,Soccer,U-12,MARLTON SOCCER CLUB MARLTON SC CHIEFS BLACK 2014,HARRISON SC HARRISON WAVE 2014,MARLTON - MEMORIAL,,
09/28/2025,15:30,21346494,,GotSport,Soccer,U-10,MEDFORD STRIKERS SC MEDFORD STRIKERS 2016 BOYS,BORDENTOWN FC BORDENTOWN FC REVOLUTION 2016,MEDFORD STRIKERS - ARK ROAD COMPLEX,,
09/28/2025,15:30,21352260,,GotSport,Soccer,U-16,FRANKLIN TOWNSHIP YOUTH SOCCER ASSOCIATION STORM 2010,HARRISON SC HARRISON SC STORM 2010,FRANKLIN TWP YOUTH COMPLEX,,
09/28/2025,15:30,21318377,,GotSport,Soccer,U-10,MONROE TOWNSHIP YS MONROE UNITED 2016B,VOORHEES SA DESTROYERS 2016,MONROE TWP - CORKERY LANE,,
09/28/2025,15:30,21354889,,GotSport,Soccer,U-13,EGG HARBOR TOWNSHIP SC EGG HARBOR SC EAGLES WHITE 2013,MARLTON SOCCER CLUB MARLTON SC CHIEFS ORANGE 2014,Egg Harbor Twp HS,,
09/28/2025,15:40,21331763,,GotSport,Soccer,U-14,MARLTON SOCCER CLUB MARLTON SC CHIEFS WHITE 2012,HIGHLAND YOUTH SOCCER CLUB FORCE 2012,MARLTON - MEMORIAL,,
09/28/2025,15:45,21333013,,GotSport,Soccer,U-12,DELRAN FC SOCCER DELRAN FC HAWKS 2014,MOORESTOWN SC KILLER BEES 2014,,,
09/28/2025,15:45,21354699,,GotSport,Soccer,U-9,SWEDESBORO WOOLWICH SOCCER ASSOC. SWSA PANTHERS 2017,EAST GREENWICH SA EGSA UNITED 2017,SW-Locke Avenue Park,,
09/28/2025,15:45,21351683,,GotSport,Soccer,U-8,LOGAN SOCCER CLUB  LOGAN IMPACT BLUE 2018,PITMAN SA PITMAN SA TOMCATS 2018,LOGAN - TWP LINE,,
09/28/2025,15:45,21346493,,GotSport,Soccer,U-10,DELRAN FC SOCCER DELRAN FC UNION 2016,SWEDESBORO WOOLWICH SOCCER ASSOC. SWSA HAVOC 2016,,,
09/28/2025,15:45,21354700,,GotSport,Soccer,U-9,MEDFORD SC MEDFORD SC NAVY RENEGADES 2017B,HARRISON SC HARRISON UNITED 2017,MEDFORD SC - Bob Meyer Memorial Park,,
09/28/2025,15:45,21342089,,GotSport,Soccer,U-11,VOORHEES SA COBRAS 2015,FRANKLIN TOWNSHIP YOUTH SOCCER ASSOCIATION ATLAS 2015,VOORHEES-Echelon Complex,,
09/28/2025,15:45,21346724,,GotSport,Soccer,U-11,HADDON TWP SOCCER CLUB HADDON TWP RED HAWKS 2016,PITTSGROVE SOCCER CLUB PSC GALAXY 2015,HADDON TWP - RECCHINO FIELDS,,
09/28/2025,15:45,21375367,,GotSport,Soccer,U-9,HADDON HEIGHTS SC HAVOC 2017,NORTHERN BURLINGTON SA NORTHERN BURLINGTON FORCE 2017,HADD HGTS - DEVON,,
09/28/2025,15:45,21346495,,GotSport,Soccer,U-10,CHERRY HILL SC CHERRY HILL SC THUNDER (2016),TBAA TBAA TBAA KNIGHTS 2016,CHSC - UPPER CHAPEL TURF,,
09/28/2025,15:45,21352116,,GotSport,Soccer,U-11,HIGHLAND YOUTH SOCCER CLUB STORM 2015,ATLANTIC UNITED SOCCER CLUB ATLANTIC UNITED PREMIER FIRE 2015 B,HIGHLAND - GLOUCESTER TWP PARK,,
09/28/2025,15:45,21332259,,GotSport,Soccer,U-11,CHERRY HILL SC CHERRY HILL SC COMETS (2015),PENNSAUKEN YOUTH SOCCER CLUB LIONS 2015,CHSC - UPPER CHAPEL TURF,,
09/28/2025,15:45,21349315,,GotSport,Soccer,U-12,MOORESTOWN SC WOLVERINES 2014,RANCOCAS VALLEY SC RVSC - FOREST 2014,MOORESTOWN - SALEM RD/PRYOR PARK,,
09/28/2025,15:45,21354730,,GotSport,Soccer,U-12,MEDFORD SC MEDFORD SC CAROLINA 2014,MANTUA TOWNSHIP SA MANTUA OUTLAWS 2014B,MEDFORD - BENDE PARK,,
09/28/2025,15:45,21444986,,GotSport,Soccer,U-11,SWEDESBORO WOOLWICH SOCCER ASSOC. SWSA MAYHEM FC 2015,WEST DEPTFORD SC COBRAS 2015,SW-Locke Avenue Park,,
09/28/2025,15:45,21332886,,GotSport,Soccer,U-13,COLLINGSWOOD OAKLYN SOCCER CLUB TITANS 2013,BURLINGTON TOWNSHIP SOCCER STRIKERS 2013,WOODBURY,,
09/28/2025,15:45,21332257,,GotSport,Soccer,U-11,PALMYRA RIVERTON SC NATIONALS 2015,DEPTFORD SA THUNDER 2015,,,
09/28/2025,15:45,21342460,,GotSport,Soccer,U-9,WATERFORD ATHLETIC ASSN WATERFORD WINGS 2017,EAST GREENWICH SA EGSA COBRAS 2017,,,
09/28/2025,16:00,21317864,,GotSport,Soccer,U-15,MOUNT LAUREL UNITED (MLU) RANGERS 2011,GATEWAY UNITED SOCCER CLUB GUSC WILDCATS B2011,MLU-TROTTERS,,
10/02/2025,18:00,21406113,,GotSport,Soccer,U-10,ATLANTIC UNITED SOCCER CLUB ATLANTIC UNITED PREMIER RED 2016/2017 B,CAPE EXPRESS CE NOR'EASTERS 2016,ATLANTIC - TARTAGLIO,,
10/05/2025,10:30,22002503,,GotSport,Soccer,U-19,HIGHLAND YOUTH SOCCER CLUB FUSION 2008,DEPTFORD SA AVENGERS 2009,HIGHLAND - GLOUCESTER TWP PARK,,
10/05/2025,11:00,21444397,,GotSport,Soccer,U-14,DEPTFORD SA THUNDER 2012,CHERRY HILL SC CHERRY HILL SC COBRAS 2012,DEPTFORD SC,,
10/05/2025,11:00,21444988,,GotSport,Soccer,U-11,WEST DEPTFORD SC COBRAS 2015,COHANSEY SC COHANSEY PREMIER DYNAMO 2015 SJSL,W DEPTFORD-WD PARK,,
10/05/2025,11:00,21352262,,GotSport,Soccer,U-16,HARRISON SC HARRISON SC STORM 2010,WINSLOW TOWNSHIP YSA WINSLOW SLAYERS 2010,HARRISON - William Wilt Soccer Complex,,
10/05/2025,11:00,21345303,,GotSport,Soccer,U-10,HARRISON SC HARRISON HORNETS 2016,RANCOCAS VALLEY SC RANCOCAS VALLEY SC BOYS PREMIER 2016,HARRISON - William Wilt Soccer Complex,,
10/05/2025,11:00,21354952,,GotSport,Soccer,U-11,HADDON HEIGHTS SC HADDON HEIGHTS SC CHEETAHS 2015,MEDFORD STRIKERS SC MEDFORD STRIKERS 2015 BOYS,HADD HGTS - DEVON,,
10/05/2025,11:00,21366140,,GotSport,Soccer,U-12,TBAA TBAA TBAA OUTLAWS 2014,HADDON TWP SOCCER CLUB HADDON TWP RED HAWKS 2014,TBAA-VALLEY BROOK,,
10/05/2025,11:00,21352836,,GotSport,Soccer,U-11,TAR-KILL SOCCER CLUB TARKILL BLUES 2015,HADDON TWP SOCCER CLUB HADDON TWP RED HAWKS 2015,TARKILL-STERLING HS,,
10/05/2025,11:00,21332859,,GotSport,Soccer,U-16,AUDUBON SOCCER YOUTH ASSOCIATION AUDUBON SOCCER YOUTH UNITED 2010,MARLTON SOCCER CLUB MARLTON SC CHIEFS WHITE 2010,AUDUBON - GREEN WAVE PARK,,
10/05/2025,11:00,21333262,,GotSport,Soccer,U-13,MEDFORD SC MEDFORD SC BLUE DEVILS 2013,EAST GREENWICH SA EGSA DYNAMO 2013,MEDFORD - BENDE PARK,,
10/05/2025,11:00,21346051,,GotSport,Soccer,U-9,DEPTFORD SA SCORPIONS 2017,CHERRY HILL SC CHERRY HILL SC COBRAS 2017,DEPTFORD SC,,
10/05/2025,11:00,21392103,,GotSport,Soccer,U-11,MOUNT LAUREL UNITED (MLU) SHARKS 2015,MARLTON SOCCER CLUB MARLTON SC CHIEFS WHITE 2015,MLU-TROTTERS,,
10/05/2025,12:00,21351933,,GotSport,Soccer,U-13,HIGHLAND YOUTH SOCCER CLUB CHAOS 2013,MOUNT LAUREL UNITED (MLU) TIGERS 2013,HIGHLAND - GLOUCESTER TWP PARK,,
10/05/2025,12:00,21445054,,GotSport,Soccer,U-9,HADDONFIELD SC BLACK 2017,MOORESTOWN SC PANTHERS 2017,HADDONFIELD - CROWS WOODS,,
10/05/2025,12:00,21409715,,GotSport,Soccer,U-16,SJ FUTBOL CLUB SJ FUTBOL CLUB WOLVES,MEDFORD SC MEDFORD SC MAD DOGS WHITE 2010,SJFC - UPPER DEERFIELD RECREATION COMPLEX,,
10/05/2025,12:00,21318427,,GotSport,Soccer,U-15,BURLINGTON TOWNSHIP SOCCER REBELS 2011,LOGAN SOCCER CLUB  LOGAN BLAZE 2011,BURLINGTON TWP - PINEWALD AVE,,
10/05/2025,12:00,21342795,,GotSport,Soccer,U-9,HADDON TWP SOCCER CLUB HADDON TWP. RED HAWKS 2017,RANCOCAS VALLEY SC RANCOCAS VALLEY SC BOYS PREMIER 2017,,,
10/05/2025,12:00,21375583,,GotSport,Soccer,U-9,COLLINGSWOOD OAKLYN SOCCER CLUB COSC TSUNAMI 2017,HADDONFIELD SC WHITE 2017,COSC- Oaklyn Public School,,
10/05/2025,12:00,21318426,,GotSport,Soccer,U-15,SWEDESBORO WOOLWICH SOCCER ASSOC. SWSA RED FLAMES 2011,DELRAN FC SOCCER DELRAN FC BLAST 2011,SW-Locke Avenue Park,,
10/05/2025,12:00,21349383,,GotSport,Soccer,U-15,WTSC WTSC PREMIER 2011 BOYS,PITMAN SA PITMAN SA JAGUARS 2012,,,
10/05/2025,12:00,21351686,,GotSport,Soccer,U-8,PITMAN SA PITMAN SA TOMCATS 2018,HARRISON SC HARRISON HAVOC 2018,PITMAN - Dell,,
10/05/2025,12:00,21354890,,GotSport,Soccer,U-13,VOORHEES SA PREDATORS 2013,EGG HARBOR TOWNSHIP SC EGG HARBOR SC EAGLES WHITE 2013,VOORHEES-EASTERN HS,,
10/05/2025,12:00,21375582,,GotSport,Soccer,U-9,LOGAN SOCCER CLUB  LOGAN BOOM BLUE 2017,EAST GREENWICH SA EGSA STRIKERS 2017,LOGAN - TWP LINE,,
10/05/2025,12:00,21406111,,GotSport,Soccer,U-10,WEST DEPTFORD SC WILDCATS 2016,FRANKLIN TOWNSHIP YOUTH SOCCER ASSOCIATION UNITED 2016,W DEPTFORD-WD PARK,,
10/05/2025,12:00,21405656,,GotSport,Soccer,U-10,MILLVILLE SA MILLVILLE THUNDER 2016,EGG HARBOR TOWNSHIP SC EGG HARBOR SC EAGLES BLACK 2016,MILLVILLE SOCCER COMPLEX,,
10/05/2025,12:00,21354992,,GotSport,Soccer,U-12,PENNSAUKEN YOUTH SOCCER CLUB AVENGERS 2014,MEDFORD STRIKERS SC MEDFORD STRIKERS 2014 BOYS,Pennsauken Community Recreation Facility,,
10/05/2025,12:00,21342094,,GotSport,Soccer,U-11,CINNAMINSON SC CINNAMINSON SC PRIME 2015,VOORHEES SA COBRAS 2015,CINNAMINSON SC - MEMORIAL,,
10/05/2025,12:00,21349270,,GotSport,Soccer,U-8,CINNAMINSON SC CINNAMINSON SC BLACK 2018,NORTHERN BURLINGTON SA NORTHERN BURLINGTON BASH 2018,CINNAMINSON SC - MEMORIAL,,
10/05/2025,12:00,21318301,,GotSport,Soccer,U-15,PALMYRA RIVERTON SC WARRIORS 2011,HADDONFIELD SC WHITE 2011,PAL-RIV - LEGION FIELD 11v11,,
10/05/2025,12:00,21716240,,GotSport,Soccer,U-10,CINNAMINSON SC CINNAMINSON SC CHAOS 2016,CHERRY HILL SC CHERRY HILL SC BLUE STORM (2016) - BOYS,CINNAMINSON SC - MEMORIAL,,
10/05/2025,12:00,21317871,,GotSport,Soccer,U-15,WINSLOW TOWNSHIP YSA WINSLOW WILDCATS 2011,CHERRY HILL SC CHERRY HILL SC BLUE (2011) - BOYS,,,
10/05/2025,12:00,21318303,,GotSport,Soccer,U-15,DELRAN FC SOCCER STORM,HAMMONTON YSA HAMMONTON HEAT BOYS 2011,,,
10/05/2025,12:30,21374665,,GotSport,Soccer,U-12,HADDON TWP SOCCER CLUB HADDON TWP WHITE HAWKS 2015,VOORHEES SA LIGHTNING 2014,HADDON TWP - RECCHINO FIELDS,,
10/05/2025,12:30,21324777,,GotSport,Soccer,U-12,MONROE TOWNSHIP YS UNITED BOYS BLUE 2014,AUDUBON SOCCER YOUTH ASSOCIATION AUDUBON ATTACK - BOYS 2014,MONROE TWP - CORKERY LANE,,
10/05/2025,12:30,21353110,,GotSport,Soccer,U-11,MEDFORD SC MEDFORD SC WHITE 2015,HIGHLAND YOUTH SOCCER CLUB LIGHTNING 2015,MEDFORD - BENDE PARK,,
10/05/2025,12:30,21324752,,GotSport,Soccer,U-14,MOUNT LAUREL UNITED (MLU) HAWKS 2012,CINNAMINSON SC CINNAMINSON SC SKULLS 2012,MLU-TROTTERS,,
10/05/2025,12:30,21324751,,GotSport,Soccer,U-14,MOORESTOWN SC UNION 2012,CHERRY HILL FC 2012 JUNIORS BLACK,MOORESTOWN - MEMORIAL FIELDS,,
10/05/2025,12:30,21374664,,GotSport,Soccer,U-12,SENECA UNITED SC THUNDER 2014,HADDONFIELD SC RED 2014,SENECA - STONEY CREEK FIELDS,,
10/05/2025,12:30,21367892,,GotSport,Soccer,U-11,CLAYTON SA CLIPPERS 2015,EGG HARBOR TOWNSHIP SC EGG HARBOR SC EAGLES BLACK 2015,CLAYTON - BENTZ,,
10/05/2025,12:30,21342225,,GotSport,Soccer,U-8,PITTSGROVE SOCCER CLUB PSC CREW 2018,EGG HARBOR TOWNSHIP SC EGG HARBOR SC EAGLES BLACK 2018,PITTSGROVE-GREEN BRANCH,,
10/05/2025,12:30,21405658,,GotSport,Soccer,U-10,MAINLAND UNITED SA MAINLAND UNITED SA MUSTANGS RED 2016 B,UPPER TOWNSHIP SA UPPER TOWNSHIP SA BREAKERS 2016,MAINLAND - MEMORIAL PARK,,
10/05/2025,12:30,21333014,,GotSport,Soccer,U-12,CHERRY HILL SC CHERRY HILL SC TITANS (2014),DELRAN FC SOCCER DELRAN FC HAWKS 2014,CHSC - UPPER CHAPEL TURF,,
10/05/2025,12:30,21333015,,GotSport,Soccer,U-12,MOORESTOWN SC KILLER BEES 2014,COLLINGSWOOD OAKLYN SOCCER CLUB OUTLAWS 2014,MOORESTOWN - SALEM RD/PRYOR PARK,,
10/05/2025,12:30,21333016,,GotSport,Soccer,U-12,BURLINGTON TOWNSHIP SOCCER DYNAMITE 2014,PALMYRA RIVERTON SC TORNADOES 2014,BURLINGTON TWP - PINEWALD AVE,,
10/05/2025,12:30,21324692,,GotSport,Soccer,U-13,RANCOCAS VALLEY SC RANCOCAS VALLEY SC BOYS RONALDO 2013,UPPER TOWNSHIP SA UPPER TOWNSHIP SA CYCLONES 2013,Rancocas Valley-LUMBERTON MUNICIPAL,,
10/05/2025,12:30,21324691,,GotSport,Soccer,U-13,NORTHERN BURLINGTON SA NORTHERN BURLINGTON SA GLADIATORS 2013,VOORHEES SA RAPTORS 2013,NB- MANSFIELD TOWNSHIP ELEMENTARY SCHOOL,,
10/05/2025,12:30,21342798,,GotSport,Soccer,U-9,SJ FUTBOL CLUB SJ FUTBOL CLUB HAMMERS 2017,MEDFORD STRIKERS SC MEDFORD STRIKERS 2017 BOYS,SJFC - UPPER DEERFIELD RECREATION COMPLEX,,
10/05/2025,12:30,21342797,,GotSport,Soccer,U-9,PITTSGROVE SOCCER CLUB PSC PREDATORS 2017,BURLINGTON TOWNSHIP SOCCER BT FIRE 2017,PITTSGROVE-GREEN BRANCH,,
10/05/2025,12:30,21324690,,GotSport,Soccer,U-13,HARRISON SC HARRISON SC LIGHTNING 2013,EGG HARBOR TOWNSHIP SC EGG HARBOR SC EAGLES BLACK 2013,HARRISON - William Wilt Soccer Complex,,
10/05/2025,12:30,21343124,,GotSport,Soccer,U-8,MONROE TOWNSHIP YS MONROE UNITED BOYS 2018,CHERRY HILL SC CHERRY HILL SC VORTEX (2018),MONROE TWP - CORKERY LANE,,
10/05/2025,12:30,21343125,,GotSport,Soccer,U-8,VOORHEES SA SUPER STRIKERS 2018,MARLTON SOCCER CLUB MARLTON SC CHIEFS ORANGE 2018,VOORHEES-Echelon Complex,,
10/05/2025,12:30,21343126,,GotSport,Soccer,U-8,MEDFORD SC MEDFORD SC NAVY 2018B,MOUNT LAUREL UNITED (MLU) TRIBE 2018,MEDFORD SC - Bob Meyer Memorial Park,,
10/05/2025,12:30,21342093,,GotSport,Soccer,U-11,UPPER TOWNSHIP SA UPPER TOWNSHIP SA COMETS GREEN 2015,MOUNT LAUREL UNITED (MLU) KNIGHTS 2015B,UPPER TWP-Amanda's Field Complex,,
10/05/2025,12:30,21342092,,GotSport,Soccer,U-11,FRANKLIN TOWNSHIP YOUTH SOCCER ASSOCIATION ATLAS 2015,MOORESTOWN SC VIPERS 2015,FRANKLIN TWP YOUTH COMPLEX,,
10/05/2025,12:30,21354733,,GotSport,Soccer,U-12,HAMMONTON YSA HAMMONTON HEAT BOYS 2014,MEDFORD SC MEDFORD SC CAROLINA 2014,HAMMONTON - MOSS MILL RD PARK SOCCER COMPLEX,,
10/05/2025,12:30,21349398,,GotSport,Soccer,U-14,WEST DEPTFORD SC UNION 2012,BERLIN SOCCER CLUB BALL BREAKERS 2012/13,W DEPTFORD-WD PARK,,
10/05/2025,12:30,21318465,,GotSport,Soccer,U-14,EAST GREENWICH SA EGSA VENOM 2012,CAPE EXPRESS CE WHITE CAPS 2012,E GREENWICH - THOMPSON FAMILY PARK,,
10/05/2025,12:30,21444601,,GotSport,Soccer,U-15,DEPTFORD SA TORNADOES 2011,EGG HARBOR TOWNSHIP SC EGG HARBOR SC EAGLES BLACK 2011,DEPTFORD SC,,
10/05/2025,12:30,21342288,,GotSport,Soccer,U-12,HARRISON SC HARRISON WAVE 2014,WOODSTOWN SOCCER CLUB WOODSTOWN WOLFPACK 2014,HARRISON - William Wilt Soccer Complex,,
10/05/2025,12:30,21374330,,GotSport,Soccer,U-14,LOGAN SOCCER CLUB  LOGAN FORCE 2012,HADDON TWP SOCCER CLUB HADDON TWP RED HAWKS 2012,LOGAN - TWP LINE,,
10/05/2025,12:30,21373614,,GotSport,Soccer,U-10,MOORESTOWN SC RENEGADES 2016,VINELAND SA VINELAND VIPERS 2016 BOYS,MOORESTOWN - MEMORIAL FIELDS,,
10/05/2025,12:30,21391800,,GotSport,Soccer,U-13,MARLTON SOCCER CLUB MARLTON SC CHIEFS BLACK 2013,HADDONFIELD SC BLACK 2013,MARLTON - MEMORIAL,,
10/05/2025,12:30,21332828,,GotSport,Soccer,U-13,PENNSAUKEN YOUTH SOCCER CLUB REBELS 2013,MONROE TOWNSHIP YS UNITED BOYS BLUE 2013,Pennsauken Community Recreation Facility,,
10/05/2025,12:30,21332827,,GotSport,Soccer,U-13,MAINLAND UNITED SA MAINLAND UNITED SA MUSTANGS RED 2013 B,WTSC WTSC WASHINGTON UNITED 2014B,MAINLAND - MEMORIAL PARK,,
10/05/2025,12:30,21375368,,GotSport,Soccer,U-9,WTSC WTSC WASHINGTON PREMIER 2017B,HADDON HEIGHTS SC HAVOC 2017,,,
10/05/2025,12:30,21346052,,GotSport,Soccer,U-9,HIGHLAND YOUTH SOCCER CLUB THUNDER 2017,HADDON TWP SOCCER CLUB HADDON TWP. WHITE HAWKS 2017,HIGHLAND - GLOUCESTER TWP PARK,,
10/05/2025,12:30,21347751,,GotSport,Soccer,U-10,WINSLOW TOWNSHIP YSA WINSLOW KINGS 2016,MOUNT LAUREL UNITED (MLU) RENEGADES 2016,,,
10/05/2025,12:30,21318381,,GotSport,Soccer,U-10,VOORHEES SA DESTROYERS 2016,HADDONFIELD SC RED 2016,VOORHEES-Echelon Complex,,
10/05/2025,12:30,21444413,,GotSport,Soccer,U-14,FRANKLIN TOWNSHIP YOUTH SOCCER ASSOCIATION CRUSADERS 2012,MEDFORD SC MEDFORD SC DESTROYERS 2012,FRANKLIN TWP YOUTH COMPLEX,,
10/05/2025,12:30,21333261,,GotSport,Soccer,U-13,CHERRY HILL SC CHERRY HILL SC THUNDER 2013,PITTSGROVE SOCCER CLUB PSC LEGACY 2013,CHSC - CH WEST HS,,
10/05/2025,12:30,21351931,,GotSport,Soccer,U-13,WOODSTOWN SOCCER CLUB WOODSTOWN PREDATORS 2013,MILLVILLE SA MILLVILLE REBELS 2013,WOODSTOWN,,
10/05/2025,12:30,21351932,,GotSport,Soccer,U-13,HADDON HEIGHTS SC 2013 GARNET STORM,UPPER TOWNSHIP SA UPPER TOWNSHIP SA HURRICANES WHITE 2014,HADD HGTS - DEVON,,
10/05/2025,12:30,21354704,,GotSport,Soccer,U-9,HARRISON SC HARRISON UNITED 2017,SWEDESBORO WOOLWICH SOCCER ASSOC. SWSA PANTHERS 2017,HARRISON - William Wilt Soccer Complex,,
10/05/2025,12:30,21354703,,GotSport,Soccer,U-9,MARLTON SOCCER CLUB MARLTON SC CHIEFS ORANGE 2017,MEDFORD SC MEDFORD SC NAVY RENEGADES 2017B,MARLTON - MEMORIAL,,
10/05/2025,12:30,21354702,,GotSport,Soccer,U-9,EAST GREENWICH SA EGSA UNITED 2017,WTSC WTSC WASHINGTON UNITED 2017B,E GREENWICH - THOMPSON FAMILY PARK,,
10/05/2025,12:30,21408618,,GotSport,Soccer,U-11,HADDONFIELD SC RED 2015,WTSC WTSC WASHINGTON UNITED 2015B,HADDONFIELD - CROWS WOODS,,
10/05/2025,12:30,21346497,,GotSport,Soccer,U-10,TBAA TBAA TBAA KNIGHTS 2016,MEDFORD STRIKERS SC MEDFORD STRIKERS 2016 BOYS,TBAA-VALLEY BROOK,,
10/05/2025,12:30,21346496,,GotSport,Soccer,U-10,SWEDESBORO WOOLWICH SOCCER ASSOC. SWSA HAVOC 2016,CHERRY HILL SC CHERRY HILL SC THUNDER (2016),SW-Locke Avenue Park,,
10/05/2025,12:30,21349240,,GotSport,Soccer,U-8,SENECA UNITED SC STORM 2018,VOORHEES SA RAIDERS 2018,SENECA - STONEY CREEK FIELDS,,
10/05/2025,12:30,21349272,,GotSport,Soccer,U-8,MOORESTOWN SC SHOOTERS 2018,PALMYRA RIVERTON SC NEW U8B - 2018,MOORESTOWN - SALEM RD/PRYOR PARK,,
10/05/2025,12:30,21342470,,GotSport,Soccer,U-9,PENNSVILLE SOCCER ASSOCIATION PENNSVILLE EAGLES BLUE 2017,SWEDESBORO WOOLWICH SOCCER ASSOC. SWSA VIPERS 2017,PENNSVILLE,,
10/05/2025,12:30,21317873,,GotSport,Soccer,U-15,EGG HARBOR TOWNSHIP SC EGG HARBOR SC EAGLES WHITE 2011,GATEWAY UNITED SOCCER CLUB GUSC WILDCATS B2011,Egg Harbor Twp HS,,
10/05/2025,12:30,21349324,,GotSport,Soccer,U-12,BORDENTOWN FC BORDENTOWN FC UNION 2014,HADDON TWP SOCCER CLUB HADDON TWP WHITE HAWKS 2014,BORDENTOWN - FRIENDSHIP FIELDS,,
10/05/2025,12:30,21349322,,GotSport,Soccer,U-12,RANCOCAS VALLEY SC RVSC - FOREST 2014,WEST DEPTFORD SC AVALANCHE 2014,Rancocas Valley-LUMBERTON MUNICIPAL,,
10/05/2025,12:30,21352118,,GotSport,Soccer,U-11,EDGEWATER PARK ATHLETIC ASSOCIATION EP WARRIORS 2015,VOORHEES SA PYTHONS 2015,,,
10/05/2025,12:30,21354991,,GotSport,Soccer,U-12,DEPTFORD SA FUSION 2015,MARLTON SOCCER CLUB MARLTON SC CHIEFS WHITE 2014,DEPTFORD SC,,
10/05/2025,12:30,21409159,,GotSport,Soccer,U-10,GATEWAY UNITED SOCCER CLUB GUSC GATORS B2016/17,HADDON HEIGHTS SC WARRIORS 2016,GATEWAY UTD. - LANGSTON FIELD,,
10/05/2025,12:30,21331766,,GotSport,Soccer,U-14,TAR-KILL SOCCER CLUB TARKILL LIVERPOOL 2012,HADDONFIELD SC RED 2012,TARKILL-STERLING HS,,
10/05/2025,12:30,21444260,,GotSport,Soccer,U-12,PENNSVILLE SOCCER ASSOCIATION PENNSVILLE EAGLES 2014,MOORESTOWN SC HORNETS 2014,PENNSVILLE,,
10/05/2025,12:30,21346831,,GotSport,Soccer,U-13,PITTSGROVE SOCCER CLUB PSC PYTHONS 2013,CHERRY HILL FC RED HAWKS 2013,PITTSGROVE-GREEN BRANCH,,
10/05/2025,12:30,21346832,,GotSport,Soccer,U-13,PENNS GROVE SC PENNS GROVE WILD 2013,DELRAN FC SOCCER DELRAN FC KNIGHTS 2014,PG-CP-PED- Carney's Point Rec Center,,
10/05/2025,12:30,21333101,,GotSport,Soccer,U-8,MOUNT LAUREL UNITED (MLU) TITANS 2018,MEDFORD SC MEDFORD SC WHITE 2018B,MLU-MARNE HWY,,
10/05/2025,12:35,21332131,,GotSport,Soccer,U-12,TBAA TBAA TBAA REVOLUTION 2015,MOUNT LAUREL UNITED (MLU) LIGHTNING 2014,TBAA-VALLEY BROOK,,
10/05/2025,13:00,21352034,,GotSport,Soccer,U-9,ATLANTIC UNITED SOCCER CLUB ATLANTIC UNITED PREMIER 2017 B,SENECA UNITED SC WILDCATS 2017,ATLANTIC - TARTAGLIO,,
10/05/2025,13:00,21342796,,GotSport,Soccer,U-9,AUDUBON SOCCER YOUTH ASSOCIATION AUDUBON CROSSFIRE 2017,HADDONFIELD SC RED 2017,AUDUBON - GREEN WAVE PARK,,
10/05/2025,13:00,21392180,,GotSport,Soccer,U-11,AUDUBON SOCCER YOUTH ASSOCIATION AUDUBON BOYS LIGHTNING 2015,VINELAND SA VINELAND FC 2015B,AUDUBON - GREEN WAVE PARK,,
10/05/2025,13:15,21347631,,GotSport,Soccer,U-8,HADDON TWP SOCCER CLUB HADDON TWP. WHITE HAWKS 2018,HADDON HEIGHTS SC VIPERS 2018,,,
10/05/2025,13:15,21352032,,GotSport,Soccer,U-9,PITMAN SA PITMAN SA LIONS 2017,HAMMONTON YSA HAMMONTON HEAT BOYS 2017,PITMAN - Dell,,
10/05/2025,13:15,21318379,,GotSport,Soccer,U-10,CINNAMINSON SC CINNAMINSON SC LIGHTNING 2016,MEDFORD SC MEDFORD SC WHITE 2016,CINNAMINSON SC - MEMORIAL,,
10/05/2025,13:15,21324283,,GotSport,Soccer,U-9,HADDONFIELD SC GREY 2017,MEDFORD SC MEDFORD SC GOLD 2017B,HADDONFIELD - CROWS WOODS,,
10/05/2025,13:15,21345332,,GotSport,Soccer,U-11,PENNSAUKEN YOUTH SOCCER CLUB UNITED 2015,HAMMONTON YSA HAMMONTON HEAT BOYS 2015,Pennsauken Community Recreation Facility,,
10/05/2025,13:15,21332262,,GotSport,Soccer,U-11,CINNAMINSON SC CINNAMINSON SC BANDITS 2015,PALMYRA RIVERTON SC NATIONALS 2015,CINNAMINSON SC - MEMORIAL,,
10/05/2025,13:15,21409175,,GotSport,Soccer,U-10,LOGAN SOCCER CLUB  LOGAN MAYHEM BLUE 2016,CHERRY HILL FC JUNIOR BLACK 2016,LOGAN - TWP LINE,,
10/05/2025,13:15,21405470,,GotSport,Soccer,U-9,MILLVILLE SA MILLVILLE PANTHERS 2017,HARRISON SC HARRISON HAVOC 2017,MILLVILLE SOCCER COMPLEX,,
10/05/2025,13:15,21373615,,GotSport,Soccer,U-10,WEST DEPTFORD SC TSUNAMI 2016,WOODSTOWN SOCCER CLUB WOODSTOWN WOLVES 2016,W DEPTFORD-WD PARK,,
10/05/2025,13:15,21347749,,GotSport,Soccer,U-10,CINNAMINSON SC CINNAMINSON SC TITANS 2016,NORTHERN BURLINGTON SA NORTHERN BURLINGTON BOOM 2016,CINNAMINSON SC - MEMORIAL,,
10/05/2025,13:30,21390194,,GotSport,Soccer,U-10,COLLINGSWOOD OAKLYN SOCCER CLUB SPARTANS 2016,LOGAN SOCCER CLUB  LOGAN MAYHEM BLACK 2016,COSC- Oaklyn Public School,,
10/05/2025,13:30,21318304,,GotSport,Soccer,U-15,VOORHEES SA FORCE 2012,WOODBURY SOCCER CLUB WOODBURY ARMORY 2011,VOORHEES-EASTERN HS,,
10/05/2025,13:30,22002487,,GotSport,Soccer,U-19,HIGHLAND YOUTH SOCCER CLUB GALAXY 2008,WINSLOW TOWNSHIP YSA WINSLOW VIPERS 2009,HIGHLAND - GLOUCESTER TWP PARK,,
10/05/2025,13:45,21409160,,GotSport,Soccer,U-10,MEDFORD SC MEDFORD SC GOLD 2016,PITMAN SA PITMAN SA BOBCATS 2016,MEDFORD SC - Bob Meyer Memorial Park,,
10/05/2025,13:45,21332890,,GotSport,Soccer,U-13,BURLINGTON TOWNSHIP SOCCER STRIKERS 2013,CINNAMINSON SC CINNAMINSON SC STRIKERS 2013,BURLINGTON TWP - PINEWALD AVE,,
10/05/2025,13:45,21352119,,GotSport,Soccer,U-11,MEDFORD SC MEDFORD SC COLUMBIA 2015,HIGHLAND YOUTH SOCCER CLUB STORM 2015,MEDFORD - BENDE PARK,,
10/05/2025,13:45,21375426,,GotSport,Soccer,U-11,BURLINGTON TOWNSHIP SOCCER THUNDER 2015,HADDONFIELD SC BLACK 2015,BURLINGTON TWP - PINEWALD AVE,,
10/05/2025,13:45,21374475,,GotSport,Soccer,U-14,WTSC WTSC WASHINGTON PREMIER 2012 BOYS,CAPE EXPRESS CE AVENGERS 2013,,,
10/05/2025,13:45,21374499,,GotSport,Soccer,U-14,SWEDESBORO WOOLWICH SOCCER ASSOC. SWSA CYCLONES 2012/2013,DELRAN FC SOCCER GREY 2013B,SW-Locke Avenue Park,,
10/05/2025,13:45,21391802,,GotSport,Soccer,U-13,WINSLOW TOWNSHIP YSA WINSLOW SHARKS 2013,PALMYRA RIVERTON SC YOUNGBLOODS 2013,,,
10/05/2025,14:00,21716238,,GotSport,Soccer,U-10,WINSLOW TOWNSHIP YSA WINSLOW SPARTANS 2016,MOORESTOWN SC TIGERS 2016,,,
10/05/2025,14:00,21333103,,GotSport,Soccer,U-8,VOORHEES SA JEDI KNIGHTS 2018,HADDONFIELD SC FIRE 2018,VOORHEES-Echelon Complex,,
10/05/2025,14:00,21345302,,GotSport,Soccer,U-10,MOORESTOWN SC WARRIORS 2016,MOUNT LAUREL UNITED (MLU) REVOLUTION 2016,MOORESTOWN - MEMORIAL FIELDS,,
10/05/2025,14:00,21345301,,GotSport,Soccer,U-10,MONROE TOWNSHIP YS MONROE UNITED 2017,MEDFORD SC MEDFORD SC COLUMBIA 2016,MONROE TWP - CORKERY LANE,,
10/05/2025,14:00,21374329,,GotSport,Soccer,U-14,PITTSGROVE SOCCER CLUB PSC SPURS '12,COLLINGSWOOD OAKLYN SOCCER CLUB KNIGHTS 2012,PITTSGROVE-GREEN BRANCH,,
10/05/2025,14:00,21333102,,GotSport,Soccer,U-8,EGG HARBOR TOWNSHIP SC EGG HARBOR SC EAGLES WHITE 2018,WTSC WTSC WASHINGTON PREMIER 2018 BOYS,Egg Harbor Twp HS,,
10/05/2025,14:00,21349399,,GotSport,Soccer,U-14,PENNS GROVE SC PENNS GROVE SC RAGE 2012,AUDUBON SOCCER YOUTH ASSOCIATION AUDUBON SOCCER YOUTH BALLERS 2012,PG-CP-PED- Carney's Point Rec Center,,
10/05/2025,14:00,21409404,,GotSport,Soccer,U-10,PENNS GROVE SC PENNS GROVE SC DRAGONS 2016,CLAYTON SA CLIPPERS 2016,PG-CP-PED- Carney's Point Rec Center,,
10/05/2025,14:00,21409402,,GotSport,Soccer,U-10,GATEWAY UNITED SOCCER CLUB GUSC BLUES B2016/17,WOODSTOWN SOCCER CLUB WOODSTOWN UNITED 2016,GATEWAY UTD. - LANGSTON FIELD,,
10/05/2025,14:00,21409401,,GotSport,Soccer,U-10,FRANKLIN TOWNSHIP YOUTH SOCCER ASSOCIATION JERSEY DEVILS 2016,MANTUA TOWNSHIP SA MANTUA 2016B,FRANKLIN TWP YOUTH COMPLEX,,
10/05/2025,14:00,21333295,,GotSport,Soccer,U-13,CHERRY HILL SC CHERRY HILL SC FORCE 2013,PENNSVILLE SOCCER ASSOCIATION PENNSVILLE EAGLES 2013,CHSC - CH WEST HS,,
10/05/2025,14:00,21324776,,GotSport,Soccer,U-12,HADDON HEIGHTS SC HADDON HEIGHTS SC MIGHTY TITANS 2014,CHERRY HILL SC CHERRY HILL SC FORCE 2014,HADD HGTS - DEVON,,
10/05/2025,14:00,21405472,,GotSport,Soccer,U-9,PENNSVILLE SOCCER ASSOCIATION PENNSVILLE EAGLES GOLD 2017,PITMAN SA PITMAN SA PANTHERS 2017,PENNSVILLE,,
10/05/2025,14:00,21333296,,GotSport,Soccer,U-13,WEST DEPTFORD SC WARRIORS 2013,MILLVILLE SA MILLVILLE UNITED 2013,W DEPTFORD-WD PARK,,
10/05/2025,14:00,21354734,,GotSport,Soccer,U-12,MANTUA TOWNSHIP SA MANTUA OUTLAWS 2014B,LOGAN SOCCER CLUB  LOGAN CHARGE BLACK 2014,MANTUA TWP,,
10/05/2025,14:00,21346725,,GotSport,Soccer,U-11,DEPTFORD SA CYCLONES 2015,HADDON TWP SOCCER CLUB HADDON TWP RED HAWKS 2016,DEPTFORD SC,,
10/05/2025,14:00,21405471,,GotSport,Soccer,U-9,WTSC WTSC WASHINGTON LEGACY 2017B,WOODBURY SOCCER CLUB WOODBURY WARRIORS 2017,,,
10/05/2025,14:00,21352199,,GotSport,Soccer,U-14,EDGEWATER PARK ATHLETIC ASSOCIATION EP UNITED 2012,MARLTON SOCCER CLUB MARLTON SC CHIEFS BLACK 2012,,,
10/05/2025,14:00,21353150,,GotSport,Soccer,U-12,EAST GREENWICH SA EGSA STARS 2014,VOORHEES SA VIKINGS 2014,E GREENWICH - THOMPSON FAMILY PARK,,
10/05/2025,14:00,21349066,,GotSport,Soccer,U-9,DELRAN FC SOCCER DELRAN FC RAPTORS 2017,MOORESTOWN SC YELLOW VIPERS 2017,,,
10/05/2025,14:00,21392118,,GotSport,Soccer,U-11,HADDONFIELD SC WHITE 2015,CINNAMINSON SC CINNAMINSON SC PIRATES SEA DOGS 2015,HADDONFIELD - CROWS WOODS,,
10/05/2025,14:00,21406112,,GotSport,Soccer,U-10,HIGHLAND YOUTH SOCCER CLUB MAYHEM 2016,HAMMONTON YSA HAMMONTON HEAT BOYS 2016,HIGHLAND - GLOUCESTER TWP PARK,,
10/05/2025,14:00,21352834,,GotSport,Soccer,U-11,RANCOCAS VALLEY SC RANCOCAS VALLEY SC BOYS STEALTH 2015,CHERRY HILL SC CHERRY HILL SC RAPTORS 2015,Rancocas Valley-LUMBERTON MUNICIPAL,,
10/05/2025,14:00,21409717,,GotSport,Soccer,U-16,MAPLE SHADE SC MAPLE SHADE BEST ELEVEN 2010,WTSC WTSC WASHINGTON UNITED 2010 BOYS,MAPLE SHADE - TURF FIELD,,
10/05/2025,14:00,21408619,,GotSport,Soccer,U-11,HARRISON SC HARRISON FURY 2015,GATEWAY UNITED SOCCER CLUB GUSC LIGHTNING PP B2015/2016,HARRISON - William Wilt Soccer Complex,,
10/05/2025,14:00,21375423,,GotSport,Soccer,U-11,MONROE TOWNSHIP YS UNITED BLUE 2015,PENNSVILLE SOCCER ASSOCIATION PENNSVILLE EAGLES GOLD 2015,MONROE TWP - CORKERY LANE,,
10/05/2025,14:00,21349353,,GotSport,Soccer,U-13,RANCOCAS VALLEY SC RVSC - CELTIC 2014,HAMMONTON YSA HAMMONTON HEAT BOYS 2013,Rancocas Valley-LUMBERTON MUNICIPAL,,
10/05/2025,14:00,21324328,,GotSport,Soccer,U-11,UPPER TOWNSHIP SA UPPER TOWNSHIP SA COMETS WHITE 2015,WATERFORD ATHLETIC ASSN WATERFORD WINGS 2015,UPPER TWP-Amanda's Field Complex,,
10/05/2025,14:00,21332130,,GotSport,Soccer,U-12,VOORHEES SA VSA KNIGHTS 2014,CHERRY HILL SC CHERRY HILL SC UNION 2015,VOORHEES-Echelon Complex,,
10/05/2025,14:00,21345331,,GotSport,Soccer,U-11,MAINLAND UNITED SA MAINLAND UNITED SA MUSTANGS RED 2015 B,LOGAN SOCCER CLUB  LOGAN ARMADA WHITE 2015,MAINLAND - MEMORIAL PARK,,
10/05/2025,14:00,21354891,,GotSport,Soccer,U-13,MARLTON SOCCER CLUB MARLTON SC CHIEFS ORANGE 2014,MEDFORD STRIKERS SC MEDFORD STRIKERS 2013 BOYS,MARLTON - MEMORIAL,,
10/05/2025,14:00,21332889,,GotSport,Soccer,U-13,MOORESTOWN SC RAPTORS 2013,COLLINGSWOOD OAKLYN SOCCER CLUB TITANS 2013,MOORESTOWN - MEMORIAL FIELDS,,
10/05/2025,14:00,21444947,,GotSport,Soccer,U-11,SENECA UNITED SC PARK RANGERS 2015,SWEDESBORO WOOLWICH SOCCER ASSOC. SWSA GUNNERS 2015,SENECA - STONEY CREEK FIELDS,,
10/05/2025,14:00,21349323,,GotSport,Soccer,U-12,TBAA TBAA TBAA REVOLUTION 2014,HAMILTON ELITE FC PREMIER 2014B,TBAA-VALLEY BROOK,,
10/05/2025,14:00,21346830,,GotSport,Soccer,U-13,DEPTFORD SA TORNADOES 2013,CHERRY HILL SC CHERRY HILL SC UNITED 2014,DEPTFORD SC,,
10/05/2025,14:00,21349321,,GotSport,Soccer,U-12,MOORESTOWN SC WOLVERINES 2014,WTSC WTSC WASHINGTON SELECT 2014B,MOORESTOWN - SALEM RD/PRYOR PARK,,
10/05/2025,14:00,21354892,,GotSport,Soccer,U-13,CINNAMINSON SC CINNAMINSON SC THUNDERBIRDS 2013,MONROE TOWNSHIP YS MONROE UNITED 2013,CINNAMINSON SC - MEMORIAL,,
10/05/2025,14:00,21332888,,GotSport,Soccer,U-13,MAINLAND UNITED SA MAINLAND UNITED SA MUSTANGS RED 2014 B,WTSC WTSC WASHINGTON PREMIER 2013B,MAINLAND - MEMORIAL PARK,,
10/05/2025,14:00,21454387,,GotSport,Soccer,U-9,PITTSGROVE SOCCER CLUB PSC RAPTORS 2017,EGG HARBOR TOWNSHIP SC EGG HARBOR SC EAGLES 2017,PITTSGROVE-GREEN BRANCH,,
10/05/2025,14:00,21444398,,GotSport,Soccer,U-14,TAR-KILL SOCCER CLUB TARKILL BARCELONA 2012,SENECA UNITED SC 2012 PRIDE,TARKILL-STERLING HS,,
10/05/2025,14:00,21349067,,GotSport,Soccer,U-9,MARLTON SOCCER CLUB MARLTON SC CHIEFS WHITE 2017,PALMYRA RIVERTON SC RIPPERS 2017,MARLTON - MEMORIAL,,
10/05/2025,14:00,21375370,,GotSport,Soccer,U-9,MOORESTOWN SC SCORPIONS 2017,TAR-KILL SOCCER CLUB TARKILL UNION 2017,MOORESTOWN - SALEM RD/PRYOR PARK,,
10/05/2025,14:00,21332180,,GotSport,Soccer,U-9,TBAA TBAA TBAA REVOLUTION 2017,MOUNT LAUREL UNITED (MLU) PRESTIGE 2017,TBAA-VALLEY BROOK,,
10/05/2025,14:00,21390193,,GotSport,Soccer,U-10,SENECA UNITED SC RAPTORS 2016,MARLTON SOCCER CLUB MARLTON SC CHIEFS WHITE 2016,SENECA - STONEY CREEK FIELDS,,
10/05/2025,14:00,21716239,,GotSport,Soccer,U-10,BARRINGTON SC BARRINGTON SC STORM 2016,HADDONFIELD SC GREY 2016,BARRINGTON-DEERE FIELD,,
10/05/2025,14:00,21391801,,GotSport,Soccer,U-13,MOUNT LAUREL UNITED (MLU) GALAXY 2013,WOODBURY SOCCER CLUB WOODBURY BISON 2013,MLU-TROTTERS,,
10/05/2025,14:00,21374666,,GotSport,Soccer,U-12,SJ FUTBOL CLUB SJ FUTBOL CLUB SOUNDERS 2014,MANTUA TOWNSHIP SA 2014B MANTUA UNITED,SJFC - UPPER DEERFIELD RECREATION COMPLEX,,
10/05/2025,14:00,21445023,,GotSport,Soccer,U-9,SWEDESBORO WOOLWICH SOCCER ASSOC. SWSA COBRAS 2017,WEST DEPTFORD SC DRAGONS 2017,SW-Locke Avenue Park,,
10/05/2025,14:00,22116992,,GotSport,Soccer,U-8,EAST GREENWICH SA EGSA PUMAS 2018,LOGAN SOCCER CLUB  LOGAN IMPACT BLACK 2018,E GREENWICH - THOMPSON FAMILY PARK,,
10/05/2025,14:00,21374500,,GotSport,Soccer,U-14,LOGAN SOCCER CLUB  LOGAN FUSION 2012,WINSLOW TOWNSHIP YSA WINSLOW GREEN DRAGONS 2012,LOGAN - TWP LINE,,
10/05/2025,14:00,21445053,,GotSport,Soccer,U-9,CHERRY HILL SC CHERRY HILL SC WHITE (2017) - BOYS,AUDUBON SOCCER YOUTH ASSOCIATION AUDUBON BOYS 2017 TEAM 2,CHSC - UPPER CHAPEL TURF,,
10/05/2025,14:00,21444602,,GotSport,Soccer,U-15,PENNSAUKEN YOUTH SOCCER CLUB WARRIORS 2011,UPPER TOWNSHIP SA UPPER TOWNSHIP SA TSUNAMIS 2011,Pennsauken Community Recreation Facility,,
10/05/2025,14:00,21342227,,GotSport,Soccer,U-8,SJ FUTBOL CLUB SJ FUTBOL CLUB VIPERS 2018,CAPE EXPRESS CE TORNADOS 2018,SJFC - UPPER DEERFIELD RECREATION COMPLEX,,
10/05/2025,14:00,21444989,,GotSport,Soccer,U-11,PENNSVILLE SOCCER ASSOCIATION PENNSVILLE EAGLES BLUE 2015,EAST GREENWICH SA EGSA FLYERS 2015,PENNSVILLE,,
10/05/2025,14:00,21374498,,GotSport,Soccer,U-14,WOODSTOWN SOCCER CLUB WOODSTOWN THUNDER 2012,EGG HARBOR TOWNSHIP SC EGG HARBOR SC EAGLES 2012 BLACK,WOODSTOWN,,
10/05/2025,14:00,21444258,,GotSport,Soccer,U-12,FRANKLIN TOWNSHIP YOUTH SOCCER ASSOCIATION KNIGHTS 2014,LOGAN SOCCER CLUB  LOGAN CHARGE BLUE 2014,FRANKLIN TWP YOUTH COMPLEX,,
10/05/2025,14:00,21331764,,GotSport,Soccer,U-14,HARRISON SC HARRISON SC STRIKERS 2012,MARLTON SOCCER CLUB MARLTON SC CHIEFS WHITE 2012,HARRISON - William Wilt Soccer Complex,,
10/05/2025,14:00,21408649,,GotSport,Soccer,U-10,HARRISON SC HARRISON HURRICANES 2016,MONROE TOWNSHIP YS MONROE UNITED BLUE 2016,HARRISON - William Wilt Soccer Complex,,
10/05/2025,14:00,21375425,,GotSport,Soccer,U-11,GATEWAY UNITED SOCCER CLUB GUSC THUNDER B2016,MANTUA TOWNSHIP SA MANTUA FROGS 2015B,GATEWAY UTD. - WESTVILLE,,
10/05/2025,14:00,21392032,,GotSport,Soccer,U-8,PITTSGROVE SOCCER CLUB PSC DYNASTY 2018,WTSC WTSC WASHINGTON UNITED 2018 BOYS,PITTSGROVE-GREEN BRANCH,,
10/05/2025,14:00,21408647,,GotSport,Soccer,U-10,VOORHEES SA TITANS 2016,SWEDESBORO WOOLWICH SOCCER ASSOC. SWSA VENOM 2016,VOORHEES-Echelon Complex,,
10/05/2025,14:00,21375424,,GotSport,Soccer,U-11,NORTHERN BURLINGTON SA NORTHERN BURLINGTON JACKALS 2015,HARRISON SC HARRISON BLUE REBELS 2015,,,
10/05/2025,14:00,21454388,,GotSport,Soccer,U-9,UPPER TOWNSHIP SA UPPER TOWNSHIP SA FLASH 2017,WATERFORD ATHLETIC ASSN WINGS 2017,UPPER TWP-Amanda's Field Complex,,
10/05/2025,14:00,21346498,,GotSport,Soccer,U-10,BORDENTOWN FC BORDENTOWN FC REVOLUTION 2016,DELRAN FC SOCCER DELRAN FC UNION 2016,BORDENTOWN - FRIENDSHIP FIELDS,,
10/05/2025,14:30,21392030,,GotSport,Soccer,U-8,HADDON TWP SOCCER CLUB HADDON TWP. RED HAWKS 2018,SWEDESBORO WOOLWICH SOCCER ASSOC. SWSA SUPERNOVA 2018,,,
10/05/2025,14:30,21375584,,GotSport,Soccer,U-9,LOGAN SOCCER CLUB  LOGAN BOOM BLACK 2017,HARRISON SC HARRISON HURRICANES 2017,LOGAN - TWP LINE,,
10/05/2025,14:30,21342468,,GotSport,Soccer,U-9,WEST DEPTFORD SC WARRIORS 2017,EAST GREENWICH SA EGSA COBRAS 2017,W DEPTFORD-WD PARK,,
10/05/2025,14:30,21444987,,GotSport,Soccer,U-11,PITMAN SA PITMAN SA WILDCATS 2015,SWEDESBORO WOOLWICH SOCCER ASSOC. SWSA MAYHEM FC 2015,PITMAN-LAMBS ROAD,,
10/05/2025,14:30,21349255,,GotSport,Soccer,U-8,HADDONFIELD SC THUNDER 2018,HIGHLAND YOUTH SOCCER CLUB U8 BOYS 2018,HADDONFIELD - CROWS WOODS,,
10/05/2025,14:30,21342287,,GotSport,Soccer,U-12,EGG HARBOR TOWNSHIP SC EGG HARBOR SC EAGLES 2014,MARLTON SOCCER CLUB MARLTON SC CHIEFS BLACK 2014,Egg Harbor Twp HS,,
10/05/2025,14:30,21352120,,GotSport,Soccer,U-11,ATLANTIC UNITED SOCCER CLUB ATLANTIC UNITED PREMIER FIRE 2015 B,SENECA UNITED SC RAPTORS 2015,ATLANTIC - TARTAGLIO,,
10/05/2025,14:30,21324327,,GotSport,Soccer,U-11,MILLVILLE SA MILLVILLE WARRIORS 2015,NORTHERN BURLINGTON SA NORTHERN BURLINGTON STORM 2015,MILLVILLE SOCCER COMPLEX,,
10/05/2025,14:30,21390128,,GotSport,Soccer,U-10,AUDUBON SOCCER YOUTH ASSOCIATION AUDUBON 2016 BOYS,CHERRY HILL SC CHERRY HILL SC 72S DEL MUNDO 2016,AUDUBON - GREEN WAVE PARK,,
10/05/2025,14:30,21332181,,GotSport,Soccer,U-9,CINNAMINSON SC CINNAMINSON SC RED 2017,DELRAN FC SOCCER DELRAN FC DEVILS 2017,CINNAMINSON SC - MEMORIAL,,
10/05/2025,14:30,21349065,,GotSport,Soccer,U-9,CINNAMINSON SC CINNAMINSON SC UNION 2017,MEDFORD SC MEDFORD SC COLUMBIA 2017B,CINNAMINSON SC - MEMORIAL,,
10/05/2025,14:30,21354993,,GotSport,Soccer,U-12,CINNAMINSON SC CINNAMINSON SC CHARGERS 2014,MARLTON SOCCER CLUB MARLTON SC CHIEFS ORANGE 2015,CINNAMINSON SC - MEMORIAL,,
10/05/2025,14:30,21332261,,GotSport,Soccer,U-11,PENNSAUKEN YOUTH SOCCER CLUB LIONS 2015,MAPLE SHADE SC MAPLE SHADE WILD 2015,Pennsauken Community Recreation Facility,,
10/05/2025,15:00,21331765,,GotSport,Soccer,U-14,HIGHLAND YOUTH SOCCER CLUB FORCE 2012,VINELAND SA JERSEY BOYZ 2012,HIGHLAND - GLOUCESTER TWP PARK,,
10/05/2025,15:00,21408648,,GotSport,Soccer,U-10,COLLINGSWOOD OAKLYN SOCCER CLUB WARRIORS 2016,HADDON HEIGHTS SC RUCKUS 2016,COSC- Oaklyn Public School,,
10/05/2025,15:00,21324329,,GotSport,Soccer,U-11,BURLINGTON TOWNSHIP SOCCER PHOENIX 2015,WOODSTOWN SOCCER CLUB WOODSTOWN WILD 2015,BURLINGTON TWP - PINEWALD AVE,,
10/05/2025,15:00,21366141,,GotSport,Soccer,U-12,MEDFORD SC MEDFORD SC AVENGERS 2014,PITTSGROVE SOCCER CLUB PSC PREMIER 2014,MEDFORD - BENDE PARK,,
10/05/2025,15:15,21317874,,GotSport,Soccer,U-15,VOORHEES SA BLUES 2011,DELRAN FC SOCCER DELRAN FC FLASH 2011,VOORHEES-EASTERN HS,,
10/05/2025,15:30,22116993,,GotSport,Soccer,U-8,MONROE TOWNSHIP YS MONROE UNITED BLUE 2018,WTSC WTSC WASHINGTON SELECT 2018 BOYS,MONROE TWP - CORKERY LANE,,
10/05/2025,15:30,21318467,,GotSport,Soccer,U-14,BURLINGTON TOWNSHIP SOCCER DRAGONS 2012,PENNSVILLE SOCCER ASSOCIATION PENNSVILLE EAGLES 2012,BURLINGTON TWP - PINEWALD AVE,,
10/05/2025,15:30,21318425,,GotSport,Soccer,U-15,MANTUA TOWNSHIP SA 2011B MANTUA UNION,MEDFORD SC MEDFORD SC RENEGADES 2011,MANTUA TWP,,
10/05/2025,15:30,22116994,,GotSport,Soccer,U-8,DEPTFORD SA DEPTFORD SPARTANS 2018 BOYS,MANTUA TOWNSHIP SA MANTUA WARRIORS 2018B,DEPTFORD SC,,
10/05/2025,15:30,21354862,,GotSport,Soccer,U-10,HARRISON SC HARRISON LEGENDS 2016,MOORESTOWN SC UNITED 2016,HARRISON - William Wilt Soccer Complex,,
10/05/2025,15:30,21342471,,GotSport,Soccer,U-9,PENNS GROVE SC PENNS GROVE SC RENEGADES 2017,WATERFORD ATHLETIC ASSN WATERFORD WINGS 2017,PG-CP-PED- Carney's Point Rec Center,,
10/05/2025,15:30,21333277,,GotSport,Soccer,U-13,HADDONFIELD SC RED 2013,HIGHLAND YOUTH SOCCER CLUB FURY 2013,HADDONFIELD - CROWS WOODS,,
10/05/2025,15:30,21318466,,GotSport,Soccer,U-14,SWEDESBORO WOOLWICH SOCCER ASSOC. SWSA SHARKS 2012,VINELAND SA FURY 2012,SW-Locke Avenue Park,,
10/05/2025,15:30,21352200,,GotSport,Soccer,U-14,PENNSAUKEN YOUTH SOCCER CLUB TITANS 2012,HADDONFIELD SC BLACK 2012,Pennsauken Community Recreation Facility,,
10/05/2025,15:30,21352201,,GotSport,Soccer,U-14,MAPLE SHADE SC MAPLE SHADE FORCE 2012,HADDON TWP SOCCER CLUB HADDON TWP WHITE HAWKS 2012,MAPLE SHADE - TURF FIELD,,
10/05/2025,15:30,21353109,,GotSport,Soccer,U-11,MAINLAND UNITED SA MAINLAND UNITED SA MUSTANGS BLACK 2015 B,EGG HARBOR TOWNSHIP SC EGG HARBOR SC EAGLES WHITE 2015,MAINLAND - MEMORIAL PARK,,
10/05/2025,15:30,21353111,,GotSport,Soccer,U-11,WINSLOW TOWNSHIP YSA WINSLOW TITANS 2015,CAPE EXPRESS CE SILVER STREAK 2015,,,
10/05/2025,15:30,21352835,,GotSport,Soccer,U-11,UPPER TOWNSHIP SA UPPER TOWNSHIP SA SUPER SONICS 2015,WTSC WTSC WASHINGTON PREMIER 2015B,UPPER TWP-Amanda's Field Complex,,
10/05/2025,15:30,21390127,,GotSport,Soccer,U-10,SENECA UNITED SC EAGLES 2016,HADDONFIELD SC BLACK 2016,SENECA - STONEY CREEK FIELDS,,
10/05/2025,15:30,21390129,,GotSport,Soccer,U-10,PITTSGROVE SOCCER CLUB PSC PRIME 2016,UPPER TOWNSHIP SA UPPER TOWNSHIP SA THUNDER 2016,PITTSGROVE-GREEN BRANCH,,
10/05/2025,15:30,21353151,,GotSport,Soccer,U-12,MOUNT LAUREL UNITED (MLU) COBRAS 2014,HIGHLAND YOUTH SOCCER CLUB THUNDER 2014,MLU-TROTTERS,,
10/05/2025,15:30,21346727,,GotSport,Soccer,U-11,SJ FUTBOL CLUB SJ FUTBOL CLUB RAMS 2015,COLLINGSWOOD OAKLYN SOCCER CLUB COSC COBRAS 2015,SJFC - UPPER DEERFIELD RECREATION COMPLEX,,
10/05/2025,15:30,21349397,,GotSport,Soccer,U-14,MONROE TOWNSHIP YS UNITED 2012 BLUE,HARRISON SC HARRISON WILDCATS 2012,MONROE TWP - CORKERY LANE,,
10/05/2025,15:30,21375369,,GotSport,Soccer,U-9,NORTHERN BURLINGTON SA NORTHERN BURLINGTON FORCE 2017,MEDFORD SC MEDFORD SC WHITE LIGHTNING 2017B,,,
10/05/2025,15:30,21318380,,GotSport,Soccer,U-10,DELRAN FC SOCCER SHARKS 2016,MONROE TOWNSHIP YS MONROE UNITED 2016B,,,
10/05/2025,15:30,21349241,,GotSport,Soccer,U-8,BARRINGTON SC BARRINGTON SC STRIKERS 2018,MOORESTOWN SC GOLDEN STRIKERS 2018,BARRINGTON-DEERE FIELD,,
10/05/2025,15:30,21317872,,GotSport,Soccer,U-15,TBAA TBAA TBAA TITANS 2011,MOUNT LAUREL UNITED (MLU) RANGERS 2011,TBAA-VALLEY BROOK,,
10/05/2025,15:30,21390195,,GotSport,Soccer,U-10,EAST GREENWICH SA EGSA LIONS 2016,TAR-KILL SOCCER CLUB TARKILL 2016 BOYS,E GREENWICH - THOMPSON FAMILY PARK,,
10/05/2025,15:30,21444603,,GotSport,Soccer,U-15,HARRISON SC HARRISON THUNDER FÚTBOL ACADEMY 2011,VOORHEES SA ATTACK 2011,HARRISON - William Wilt Soccer Complex,,
10/05/2025,15:30,21405657,,GotSport,Soccer,U-10,HIGHLAND YOUTH SOCCER CLUB HAVOK 2016,WTSC WTSC WASHINGTON PREMIER 2016B,HIGHLAND - GLOUCESTER TWP PARK,,
10/05/2025,15:30,21349271,,GotSport,Soccer,U-8,MOORESTOWN SC LIGHTNING 2018,DELRAN FC SOCCER DELRAN FC GREY 2018,MOORESTOWN - MEMORIAL FIELDS,,
10/05/2025,15:30,21349363,,GotSport,Soccer,U-13,WTSC WTSC WASHINGTON SELECT 2013B,VOORHEES SA VOORHEES COSMOS 2013,,,
10/05/2025,15:30,21345333,,GotSport,Soccer,U-11,PENNS GROVE SC PENNS GROVE SC LIL DEVILS 2015,RANCOCAS VALLEY SC RANCOCAS VALLEY SC BOYS UNITED 2015,PG-CP-PED- Carney's Point Rec Center,,
10/05/2025,15:30,21332179,,GotSport,Soccer,U-9,VOORHEES SA BLUE DEVILS 2017,CHERRY HILL SC CHERRY HILL SC DYNAMO (2017),VOORHEES-Echelon Complex,,
10/05/2025,15:30,21346053,,GotSport,Soccer,U-9,BORDENTOWN FC BORDENTOWN FC REVOLUTION 2017,MOUNT LAUREL UNITED (MLU) SUPER EAGLES 2017,BORDENTOWN - FRIENDSHIP FIELDS,,
10/05/2025,15:30,21354861,,GotSport,Soccer,U-10,MARLTON SOCCER CLUB MARLTON SC CHIEFS ORANGE 2016,WTSC WTSC WASHINGTON UNITED 2016B,MARLTON - MEMORIAL,,
10/05/2025,15:30,21332829,,GotSport,Soccer,U-13,WEST DEPTFORD SC WEST DEPTFORD WIZARDS 2013,MARLTON SOCCER CLUB MARLTON SC CHIEFS WHITE 2013,W DEPTFORD-WD PARK,,
10/05/2025,15:30,21333294,,GotSport,Soccer,U-13,MOORESTOWN SC THUNDER 2013,EAST GREENWICH SA EGSA PANTHERS 2013,MOORESTOWN - MEMORIAL FIELDS,,
10/05/2025,15:30,21333297,,GotSport,Soccer,U-13,PEMBERTON SC PEMBERTON SOCCER 2013,PITMAN SA PITMAN SA TIGERS 2013,PEMBERTON - HIGH SCHOOL,,
10/05/2025,15:30,21354953,,GotSport,Soccer,U-11,MOORESTOWN SC ELECTRIC RAYS 2015,WEST DEPTFORD SC ANIMALS 2015,MOORESTOWN - SALEM RD/PRYOR PARK,,
10/05/2025,15:30,21332858,,GotSport,Soccer,U-16,CINNAMINSON SC CINNAMINSON SC PIRATES 2010,VINELAND SA STRIKERS 2011,CINNAMINSON SC - MEMORIAL,,
10/05/2025,15:30,21366139,,GotSport,Soccer,U-12,FRANKLIN TOWNSHIP YOUTH SOCCER ASSOCIATION STORM 2014,EGG HARBOR TOWNSHIP SC EGG HARBOR SC EAGLES BLACK 2014,FRANKLIN TWP YOUTH COMPLEX,,
10/05/2025,15:30,21352033,,GotSport,Soccer,U-9,EGG HARBOR TOWNSHIP SC EGG HARBOR SC EAGLES BLACK 2017,UPPER TOWNSHIP SA UPPER TOWNSHIP SA HEAT 2017,Egg Harbor Twp HS,,
10/05/2025,15:30,21392031,,GotSport,Soccer,U-8,TBAA TBAA TBAA SAVAGES 2018,HARRISON SC HARRISON WOLVES 2018,TBAA-VALLEY BROOK,,
10/05/2025,15:30,21445055,,GotSport,Soccer,U-9,HADDON HEIGHTS SC PHANTOMS 2017,WTSC WTSC WASHINGTON SELECT 2017B,HADD HGTS - DEVON,,
10/05/2025,15:30,21349373,,GotSport,Soccer,U-15,RANCOCAS VALLEY SC RANCOCAS VALLEY SC BOYS 2011 UNITED,WINSLOW TOWNSHIP YSA WINSLOW REAPERS 2011,Rancocas Valley-LUMBERTON MUNICIPAL,,
10/05/2025,15:30,21342226,,GotSport,Soccer,U-8,UPPER TOWNSHIP SA UPPER TOWNSHIP SA COMETS 2018,HAMMONTON YSA HAMMONTON HEAT BOYS 2018,UPPER TWP-Amanda's Field Complex,,
10/05/2025,15:30,21409403,,GotSport,Soccer,U-10,PENNSVILLE SOCCER ASSOCIATION PENNSVILLE EAGLES 2016,EAST GREENWICH SA EGSA FALCONS 2016,PENNSVILLE,,
10/05/2025,15:30,21408617,,GotSport,Soccer,U-11,VOORHEES SA VIPERS 2015,SWEDESBORO WOOLWICH SOCCER ASSOC. SWSA STRIKERS 2015,VOORHEES-Echelon Complex,,
10/05/2025,15:30,21373613,,GotSport,Soccer,U-10,EAST GREENWICH SA EGSA ROYALS 2016,HADDONFIELD SC WHITE 2016,E GREENWICH - THOMPSON FAMILY PARK,,
10/05/2025,15:30,21454389,,GotSport,Soccer,U-9,MAINLAND UNITED SA MAINLAND UNITED SA MUSTANGS RED 2017 B,CAPE EXPRESS CE BARCA 2017,MAINLAND - MEMORIAL PARK,,
10/05/2025,15:30,21354732,,GotSport,Soccer,U-12,GATEWAY UNITED SOCCER CLUB GU GREYHOUNDS 2014,TBAA TBAA TBAA SYNDICATE 2014,GATEWAY UTD. - WESTVILLE,,
10/05/2025,15:30,21444259,,GotSport,Soccer,U-12,WOODSTOWN SOCCER CLUB WOODSTOWN WOLVERINES 2014,HADDONFIELD SC BLACK 2014,WOODSTOWN,,
10/05/2025,15:30,21444261,,GotSport,Soccer,U-12,HARRISON SC HARRISON STRIKERS 2014,WATERFORD ATHLETIC ASSN WINGS 2014,HARRISON - William Wilt Soccer Complex,,
10/05/2025,15:30,21445024,,GotSport,Soccer,U-9,VOORHEES SA VENOM 2017,CINNAMINSON SC CINNAMINSON SC RAIDERS 2017,VOORHEES-Echelon Complex,,
10/05/2025,15:30,21352261,,GotSport,Soccer,U-16,EDGEWATER PARK ATHLETIC ASSOCIATION EP WIZARDS 2010,FRANKLIN TOWNSHIP YOUTH SOCCER ASSOCIATION STORM 2010,,,
10/05/2025,15:45,21332132,,GotSport,Soccer,U-12,TAR-KILL SOCCER CLUB TARKILL CHELSEA 2014,COLLINGSWOOD OAKLYN SOCCER CLUB COSC JAGUARS 2015,TARKILL-STERLING HS,,
10/05/2025,15:45,21324284,,GotSport,Soccer,U-9,PENNSAUKEN YOUTH SOCCER CLUB ROARING CUBS 2017,MAPLE SHADE SC MAPLE SHADE CHAOS 2017,Pennsauken Community Recreation Facility,,
10/05/2025,15:45,21342469,,GotSport,Soccer,U-9,HADDONFIELD SC SILVER 2017,WOODSTOWN SOCCER CLUB WOODSTOWN WARRIORS 2017,HADDONFIELD - CROWS WOODS,,
10/05/2025,15:45,21351688,,GotSport,Soccer,U-8,SOUTH HARRISON TOWNSHIP SOCCER CLUB SOUTH HARRISON SCORPIONS 2018,LOGAN SOCCER CLUB  LOGAN IMPACT BLUE 2018,,,
10/05/2025,15:45,21324775,,GotSport,Soccer,U-12,WTSC WTSC WASHINGTON PREMIER 2014B,SWEDESBORO WOOLWICH SOCCER ASSOC. SWSA LIGHTNING 2014,,,
10/05/2025,15:45,21353152,,GotSport,Soccer,U-12,PITMAN SA PITMAN SA BENGALS 2014,WEST DEPTFORD SC EAGLES 2014,PITMAN-LAMBS ROAD,,
10/05/2025,15:45,21354860,,GotSport,Soccer,U-10,CINNAMINSON SC CINNAMINSON SC VIPERS 2016,EGG HARBOR TOWNSHIP SC EGG HARBOR SC EAGLES WHITE 2016,CINNAMINSON SC - MEMORIAL,,
10/05/2025,15:45,21444948,,GotSport,Soccer,U-11,LOGAN SOCCER CLUB  LOGAN ARMADA BLACK 2015,HARRISON SC HARRISON BLUE ARSENAL 2015,LOGAN - TWP LINE,,
10/05/2025,15:45,21347750,,GotSport,Soccer,U-10,HADDON TWP SOCCER CLUB HADDON TWP WHITE HAWKS 2016,MAPLE SHADE SC MAPLE SHADE SHARKS 2016,,,
10/05/2025,15:45,21332260,,GotSport,Soccer,U-11,DEPTFORD SA THUNDER 2015,CHERRY HILL SC CHERRY HILL SC COMETS (2015),DEPTFORD SC,,
10/05/2025,15:45,22116991,,GotSport,Soccer,U-8,WEST DEPTFORD SC STRIKERS 2018,CHERRY HILL SC CHERRY HILL SC BLACKOUT (2018) - BOYS,W DEPTFORD-WD PARK,,
10/05/2025,15:45,21347632,,GotSport,Soccer,U-8,AUDUBON SOCCER YOUTH ASSOCIATION AUDUBON 2018 BOYS,DELRAN FC SOCCER DELRAN FC BLACK 2018,AUDUBON - GREEN WAVE PARK,,
10/05/2025,15:45,21354951,,GotSport,Soccer,U-11,MILLVILLE SA MILLVILLE PREDATORS 2015,DELRAN FC SOCCER DELRAN FC COBRAS 2015,MILLVILLE SOCCER COMPLEX,,
10/05/2025,15:45,21347630,,GotSport,Soccer,U-8,CINNAMINSON SC CINNAMINSON SC PIRATES 2018,HADDONFIELD SC REBELS 2018,CINNAMINSON SC - MEMORIAL,,
10/05/2025,15:45,21346726,,GotSport,Soccer,U-11,PITTSGROVE SOCCER CLUB PSC GALAXY 2015,WOODBURY SOCCER CLUB WOODBURY BOLTS 2015,PITTSGROVE-GREEN BRANCH,,
10/05/2025,15:45,21367894,,GotSport,Soccer,U-11,ATLANTIC UNITED SOCCER CLUB ATLANTIC UNITED PREMIER WHITE 2015B,LOGAN SOCCER CLUB  LOGAN ARMADA BLUE 2015,ATLANTIC - TARTAGLIO,,
10/05/2025,16:15,21444949,,GotSport,Soccer,U-11,MEDFORD SC MEDFORD SC GOLD 2015,EAST GREENWICH SA EGSA TIGERS 2015,MEDFORD - BENDE PARK,,
10/05/2025,16:30,21324285,,GotSport,Soccer,U-9,BURLINGTON TOWNSHIP SOCCER BURLINGTON TOWNSHIP XTREME 2017,RANCOCAS VALLEY SC RANCOCAS VALLEY SC BOYS DEVILS 2017,BURLINGTON TWP - PINEWALD AVE,,
10/05/2025,16:30,21318302,,GotSport,Soccer,U-15,HIGHLAND YOUTH SOCCER CLUB U15 BOYS 2011/12,PENNSVILLE SOCCER ASSOCIATION PENNSVILLE EAGLES 2011,HIGHLAND - GLOUCESTER TWP PARK,,
10/19/2025,10:30,22002491,,GotSport,Soccer,U-19,HIGHLAND YOUTH SOCCER CLUB FUSION 2008,WINSLOW TOWNSHIP YSA WINSLOW VIPERS 2009,HIGHLAND - GLOUCESTER TWP PARK,,
10/19/2025,11:00,21318383,,GotSport,Soccer,U-10,VOORHEES SA DESTROYERS 2016,CINNAMINSON SC CINNAMINSON SC LIGHTNING 2016,VOORHEES-Echelon Complex,,
10/19/2025,11:00,21349330,,GotSport,Soccer,U-12,RANCOCAS VALLEY SC RVSC - FOREST 2014,HADDON TWP SOCCER CLUB HADDON TWP WHITE HAWKS 2014,Rancocas Valley-LUMBERTON MUNICIPAL,,
10/19/2025,11:00,21444992,,GotSport,Soccer,U-11,SWEDESBORO WOOLWICH SOCCER ASSOC. SWSA MAYHEM FC 2015,COHANSEY SC COHANSEY PREMIER DYNAMO 2015 SJSL,SW-Locke Avenue Park,,
10/19/2025,11:00,21318312,,GotSport,Soccer,U-15,VOORHEES SA FORCE 2012,PENNSVILLE SOCCER ASSOCIATION PENNSVILLE EAGLES 2011,VOORHEES-EASTERN HS,,
10/19/2025,11:00,21332134,,GotSport,Soccer,U-12,TAR-KILL SOCCER CLUB TARKILL CHELSEA 2014,VOORHEES SA VSA KNIGHTS 2014,TARKILL-STERLING HS,,
10/19/2025,11:00,21375586,,GotSport,Soccer,U-9,LOGAN SOCCER CLUB  LOGAN BOOM BLACK 2017,LOGAN SOCCER CLUB  LOGAN BOOM BLUE 2017,LOGAN - TWP LINE,,
10/19/2025,11:00,22117002,,GotSport,Soccer,U-8,DEPTFORD SA DEPTFORD SPARTANS 2018 BOYS,LOGAN SOCCER CLUB  LOGAN IMPACT BLACK 2018,DEPTFORD SC,,
10/19/2025,12:00,21333018,,GotSport,Soccer,U-12,BURLINGTON TOWNSHIP SOCCER DYNAMITE 2014,CHERRY HILL SC CHERRY HILL SC TITANS (2014),BURLINGTON TWP - PINEWALD AVE,,
10/19/2025,12:00,21409718,,GotSport,Soccer,U-16,BORDENTOWN FC BORDENTOWN FC PANTHERS 2010,WTSC WTSC WASHINGTON UNITED 2010 BOYS,BORDENTOWN - FRIENDSHIP FIELDS,,
10/19/2025,12:00,21332861,,GotSport,Soccer,U-16,AUDUBON SOCCER YOUTH ASSOCIATION AUDUBON SOCCER YOUTH UNITED 2010,MILLVILLE SA MILLVILLE VENOM 2010,AUDUBON - GREEN WAVE PARK,,
10/19/2025,12:00,21346820,,GotSport,Soccer,U-13,CHERRY HILL FC RED HAWKS 2013,CHERRY HILL SC CHERRY HILL SC UNITED 2014,,,
10/19/2025,12:00,21342476,,GotSport,Soccer,U-9,WEST DEPTFORD SC WARRIORS 2017,SWEDESBORO WOOLWICH SOCCER ASSOC. SWSA VIPERS 2017,W DEPTFORD-WD PARK,,
10/19/2025,12:00,22002489,,GotSport,Soccer,U-19,HIGHLAND YOUTH SOCCER CLUB GALAXY 2008,EAST GREENWICH SA EGSA THUNDER 2009,HIGHLAND - GLOUCESTER TWP PARK,,
10/19/2025,12:00,21345305,,GotSport,Soccer,U-10,HARRISON SC HARRISON HORNETS 2016,MONROE TOWNSHIP YS MONROE UNITED 2017,HARRISON - William Wilt Soccer Complex,,
10/19/2025,12:00,21346729,,GotSport,Soccer,U-11,SJ FUTBOL CLUB SJ FUTBOL CLUB RAMS 2015,DEPTFORD SA CYCLONES 2015,SJFC - UPPER DEERFIELD RECREATION COMPLEX,,
10/19/2025,12:00,21347633,,GotSport,Soccer,U-8,HADDON TWP SOCCER CLUB HADDON TWP. WHITE HAWKS 2018,DELRAN FC SOCCER DELRAN FC BLACK 2018,,,
10/19/2025,12:00,21346054,,GotSport,Soccer,U-9,HIGHLAND YOUTH SOCCER CLUB THUNDER 2017,MOUNT LAUREL UNITED (MLU) SUPER EAGLES 2017,HIGHLAND - GLOUCESTER TWP PARK,,
10/19/2025,12:00,21354995,,GotSport,Soccer,U-12,CINNAMINSON SC CINNAMINSON SC CHARGERS 2014,DEPTFORD SA FUSION 2015,CINNAMINSON SC - MEMORIAL,,
10/19/2025,12:00,21352122,,GotSport,Soccer,U-11,ATLANTIC UNITED SOCCER CLUB ATLANTIC UNITED PREMIER FIRE 2015 B,EDGEWATER PARK ATHLETIC ASSOCIATION EP WARRIORS 2015,ATLANTIC - TARTAGLIO,,
10/19/2025,12:00,21352121,,GotSport,Soccer,U-11,MEDFORD SC MEDFORD SC COLUMBIA 2015,SENECA UNITED SC RAPTORS 2015,MEDFORD - BENDE PARK,,
10/19/2025,12:00,21342097,,GotSport,Soccer,U-11,MOORESTOWN SC VIPERS 2015,MOUNT LAUREL UNITED (MLU) KNIGHTS 2015B,MOORESTOWN - SALEM RD/PRYOR PARK,,
10/19/2025,12:00,21318429,,GotSport,Soccer,U-15,BURLINGTON TOWNSHIP SOCCER REBELS 2011,MANTUA TOWNSHIP SA 2011B MANTUA UNION,BURLINGTON TWP - PINEWALD AVE,,
10/19/2025,12:00,21318428,,GotSport,Soccer,U-15,SWEDESBORO WOOLWICH SOCCER ASSOC. SWSA RED FLAMES 2011,LOGAN SOCCER CLUB  LOGAN BLAZE 2011,SW-Locke Avenue Park,,
10/19/2025,12:00,21444606,,GotSport,Soccer,U-15,EGG HARBOR TOWNSHIP SC EGG HARBOR SC EAGLES BLACK 2011,UPPER TOWNSHIP SA UPPER TOWNSHIP SA TSUNAMIS 2011,,,
10/19/2025,12:00,21352264,,GotSport,Soccer,U-16,HARRISON SC HARRISON SC STORM 2010,EAST GREENWICH SA EGSA BLAZE 2010,HARRISON - William Wilt Soccer Complex,,
10/19/2025,12:00,21342289,,GotSport,Soccer,U-12,EGG HARBOR TOWNSHIP SC EGG HARBOR SC EAGLES 2014,WOODSTOWN SOCCER CLUB WOODSTOWN WOLFPACK 2014,Egg Harbor Twp HS,,
10/19/2025,12:00,21716235,,GotSport,Soccer,U-10,MOORESTOWN SC TIGERS 2016,PALMYRA RIVERTON SC LEGENDARY 2016,MOORESTOWN - MEMORIAL FIELDS,,
10/19/2025,12:00,21343112,,GotSport,Soccer,U-8,MONROE TOWNSHIP YS MONROE UNITED BOYS 2018,MEDFORD SC MEDFORD SC NAVY 2018B,MONROE TWP - CORKERY LANE,,
10/19/2025,12:00,21317880,,GotSport,Soccer,U-15,TBAA TBAA TBAA TITANS 2011,DELRAN FC SOCCER DELRAN FC FLASH 2011,TBAA-VALLEY BROOK,,
10/19/2025,12:00,21318311,,GotSport,Soccer,U-15,DELRAN FC SOCCER STORM,HADDONFIELD SC WHITE 2011,,,
10/19/2025,12:00,21390131,,GotSport,Soccer,U-10,PITTSGROVE SOCCER CLUB PSC PRIME 2016,SENECA UNITED SC EAGLES 2016,PITTSGROVE-GREEN BRANCH,,
10/19/2025,12:00,21351936,,GotSport,Soccer,U-13,MILLVILLE SA MILLVILLE REBELS 2013,UPPER TOWNSHIP SA UPPER TOWNSHIP SA HURRICANES WHITE 2014,MILLVILLE SOCCER COMPLEX,,
10/19/2025,12:00,21332133,,GotSport,Soccer,U-12,TBAA TBAA TBAA REVOLUTION 2015,COLLINGSWOOD OAKLYN SOCCER CLUB COSC JAGUARS 2015,TBAA-VALLEY BROOK,,
10/19/2025,12:30,21352204,,GotSport,Soccer,U-14,MARLTON SOCCER CLUB MARLTON SC CHIEFS BLACK 2012,HADDONFIELD SC BLACK 2012,MARLTON - MEMORIAL,,
10/19/2025,12:30,21375373,,GotSport,Soccer,U-9,HADDON HEIGHTS SC HAVOC 2017,MEDFORD SC MEDFORD SC WHITE LIGHTNING 2017B,HADD HGTS - DEVON,,
10/19/2025,12:30,21346833,,GotSport,Soccer,U-13,PITTSGROVE SOCCER CLUB PSC PYTHONS 2013,DELRAN FC SOCCER DELRAN FC KNIGHTS 2014,PITTSGROVE-GREEN BRANCH,,
10/19/2025,12:30,21444266,,GotSport,Soccer,U-12,FRANKLIN TOWNSHIP YOUTH SOCCER ASSOCIATION KNIGHTS 2014,MOORESTOWN SC HORNETS 2014,FRANKLIN TWP YOUTH COMPLEX,,
10/19/2025,12:30,21409161,,GotSport,Soccer,U-10,GATEWAY UNITED SOCCER CLUB GUSC GATORS B2016/17,PITMAN SA PITMAN SA BOBCATS 2016,GATEWAY UTD. - LANGSTON FIELD,,
10/19/2025,12:30,21354865,,GotSport,Soccer,U-10,EGG HARBOR TOWNSHIP SC EGG HARBOR SC EAGLES WHITE 2016,WTSC WTSC WASHINGTON UNITED 2016B,Egg Harbor Twp HS,,
10/19/2025,12:30,21342228,,GotSport,Soccer,U-8,UPPER TOWNSHIP SA UPPER TOWNSHIP SA COMETS 2018,CAPE EXPRESS CE TORNADOS 2018,UPPER TWP-Amanda's Field Complex,,
10/19/2025,12:30,21444268,,GotSport,Soccer,U-12,PENNSVILLE SOCCER ASSOCIATION PENNSVILLE EAGLES 2014,LOGAN SOCCER CLUB  LOGAN CHARGE BLUE 2014,PENNSVILLE,,
10/19/2025,12:30,21354895,,GotSport,Soccer,U-13,EGG HARBOR TOWNSHIP SC EGG HARBOR SC EAGLES WHITE 2013,MEDFORD STRIKERS SC MEDFORD STRIKERS 2013 BOYS,Egg Harbor Twp HS,,
10/19/2025,12:30,21331768,,GotSport,Soccer,U-14,TAR-KILL SOCCER CLUB TARKILL LIVERPOOL 2012,HARRISON SC HARRISON SC STRIKERS 2012,TARKILL-STERLING HS,,
10/19/2025,12:30,21353154,,GotSport,Soccer,U-12,PITMAN SA PITMAN SA BENGALS 2014,EAST GREENWICH SA EGSA STARS 2014,PITMAN-LAMBS ROAD,,
10/19/2025,12:30,21342479,,GotSport,Soccer,U-9,PENNS GROVE SC PENNS GROVE SC RENEGADES 2017,WOODSTOWN SOCCER CLUB WOODSTOWN WARRIORS 2017,PG-CP-PED- Carney's Point Rec Center,,
10/19/2025,12:30,22117000,,GotSport,Soccer,U-8,EAST GREENWICH SA EGSA PUMAS 2018,MANTUA TOWNSHIP SA MANTUA WARRIORS 2018B,E GREENWICH - THOMPSON FAMILY PARK,,
10/19/2025,12:30,21354863,,GotSport,Soccer,U-10,MARLTON SOCCER CLUB MARLTON SC CHIEFS ORANGE 2016,MOORESTOWN SC UNITED 2016,MARLTON - MEMORIAL,,
10/19/2025,12:30,21408652,,GotSport,Soccer,U-10,SWEDESBORO WOOLWICH SOCCER ASSOC. SWSA VENOM 2016,HADDON HEIGHTS SC RUCKUS 2016,SW-Locke Avenue Park,,
10/19/2025,12:30,21405660,,GotSport,Soccer,U-10,MAINLAND UNITED SA MAINLAND UNITED SA MUSTANGS RED 2016 B,MILLVILLE SA MILLVILLE THUNDER 2016,MAINLAND - MEMORIAL PARK,,
10/19/2025,12:30,21318470,,GotSport,Soccer,U-14,CAPE EXPRESS CE WHITE CAPS 2012,VINELAND SA FURY 2012,CAPE EX SOCCER COMPLEX At Ockie Wisting,,
10/19/2025,12:30,21324780,,GotSport,Soccer,U-12,SWEDESBORO WOOLWICH SOCCER ASSOC. SWSA LIGHTNING 2014,CHERRY HILL SC CHERRY HILL SC FORCE 2014,SW-Locke Avenue Park,,
10/19/2025,12:30,21349401,,GotSport,Soccer,U-14,PENNS GROVE SC PENNS GROVE SC RAGE 2012,MONROE TOWNSHIP YS UNITED 2012 BLUE,PG-CP-PED- Carney's Point Rec Center,,
10/19/2025,12:30,21347753,,GotSport,Soccer,U-10,WINSLOW TOWNSHIP YSA WINSLOW KINGS 2016,CINNAMINSON SC CINNAMINSON SC TITANS 2016,,,
10/19/2025,12:30,21324693,,GotSport,Soccer,U-13,NORTHERN BURLINGTON SA NORTHERN BURLINGTON SA GLADIATORS 2013,UPPER TOWNSHIP SA UPPER TOWNSHIP SA CYCLONES 2013,NB- MANSFIELD TOWNSHIP ELEMENTARY SCHOOL,,
10/19/2025,12:30,21354736,,GotSport,Soccer,U-12,MANTUA TOWNSHIP SA MANTUA OUTLAWS 2014B,GATEWAY UNITED SOCCER CLUB GU GREYHOUNDS 2014,MANTUA TWP,,
10/19/2025,12:30,21318384,,GotSport,Soccer,U-10,MEDFORD SC MEDFORD SC WHITE 2016,MONROE TOWNSHIP YS MONROE UNITED 2016B,MEDFORD SC - Bob Meyer Memorial Park,,
10/19/2025,12:30,21405474,,GotSport,Soccer,U-9,PENNSVILLE SOCCER ASSOCIATION PENNSVILLE EAGLES GOLD 2017,MILLVILLE SA MILLVILLE PANTHERS 2017,PENNSVILLE,,
10/19/2025,12:30,21352837,,GotSport,Soccer,U-11,UPPER TOWNSHIP SA UPPER TOWNSHIP SA SUPER SONICS 2015,HADDON TWP SOCCER CLUB HADDON TWP RED HAWKS 2015,UPPER TWP-Amanda's Field Complex,,
10/19/2025,12:30,21352824,,GotSport,Soccer,U-11,WTSC WTSC WASHINGTON PREMIER 2015B,CHERRY HILL SC CHERRY HILL SC RAPTORS 2015,,,
10/19/2025,12:30,21354848,,GotSport,Soccer,U-10,CINNAMINSON SC CINNAMINSON SC VIPERS 2016,HARRISON SC HARRISON LEGENDS 2016,CINNAMINSON SC - MEMORIAL,,
10/19/2025,12:30,21349245,,GotSport,Soccer,U-8,VOORHEES SA RAIDERS 2018,MOORESTOWN SC GOLDEN STRIKERS 2018,VOORHEES-Echelon Complex,,
10/19/2025,12:30,21333304,,GotSport,Soccer,U-13,WEST DEPTFORD SC WARRIORS 2013,EAST GREENWICH SA EGSA PANTHERS 2013,W DEPTFORD-WD PARK,,
10/19/2025,12:30,21392183,,GotSport,Soccer,U-11,LOGAN SOCCER CLUB  LOGAN ARMADA BLUE 2015,HADDONFIELD SC WHITE 2015,LOGAN - TWP LINE,,
10/19/2025,12:30,21406116,,GotSport,Soccer,U-10,FRANKLIN TOWNSHIP YOUTH SOCCER ASSOCIATION UNITED 2016,HAMMONTON YSA HAMMONTON HEAT BOYS 2016,FRANKLIN TWP YOUTH COMPLEX,,
10/19/2025,12:30,21333265,,GotSport,Soccer,U-13,HADDONFIELD SC RED 2013,PITTSGROVE SOCCER CLUB PSC LEGACY 2013,HADDONFIELD - CROWS WOODS,,
10/19/2025,12:30,21353113,,GotSport,Soccer,U-11,WINSLOW TOWNSHIP YSA WINSLOW TITANS 2015,MAINLAND UNITED SA MAINLAND UNITED SA MUSTANGS BLACK 2015 B,,,
10/19/2025,12:30,21351934,,GotSport,Soccer,U-13,HADDON HEIGHTS SC 2013 GARNET STORM,MOUNT LAUREL UNITED (MLU) TIGERS 2013,HADD HGTS - DEVON,,
10/19/2025,12:30,21390132,,GotSport,Soccer,U-10,HADDONFIELD SC BLACK 2016,CHERRY HILL SC CHERRY HILL SC 72S DEL MUNDO 2016,HADDONFIELD - CROWS WOODS,,
10/19/2025,12:30,21444590,,GotSport,Soccer,U-15,VOORHEES SA ATTACK 2011,PENNSAUKEN YOUTH SOCCER CLUB WARRIORS 2011,VOORHEES-EASTERN HS,,
10/19/2025,12:30,21392033,,GotSport,Soccer,U-8,TBAA TBAA TBAA SAVAGES 2018,WTSC WTSC WASHINGTON UNITED 2018 BOYS,TBAA-VALLEY BROOK,,
10/19/2025,12:30,21353155,,GotSport,Soccer,U-12,VOORHEES SA VIKINGS 2014,HIGHLAND YOUTH SOCCER CLUB THUNDER 2014,VOORHEES-Echelon Complex,,
10/19/2025,12:30,21324753,,GotSport,Soccer,U-14,MOORESTOWN SC UNION 2012,CINNAMINSON SC CINNAMINSON SC SKULLS 2012,MOORESTOWN - MEMORIAL FIELDS,,
10/19/2025,12:30,21324754,,GotSport,Soccer,U-14,MOUNT LAUREL UNITED (MLU) HAWKS 2012,WTSC WTSC WASHINGTON PREMIER 2012 BOYS,MLU-TROTTERS,,
10/19/2025,12:30,21444399,,GotSport,Soccer,U-14,DEPTFORD SA THUNDER 2012,SENECA UNITED SC 2012 PRIDE,DEPTFORD SC,,
10/19/2025,12:30,21333104,,GotSport,Soccer,U-8,EGG HARBOR TOWNSHIP SC EGG HARBOR SC EAGLES WHITE 2018,HADDONFIELD SC FIRE 2018,,,
10/19/2025,12:30,21392105,,GotSport,Soccer,U-11,MOUNT LAUREL UNITED (MLU) SHARKS 2015,CINNAMINSON SC CINNAMINSON SC PIRATES SEA DOGS 2015,MLU-TROTTERS,,
10/19/2025,12:30,21349273,,GotSport,Soccer,U-8,MOORESTOWN SC LIGHTNING 2018,PALMYRA RIVERTON SC NEW U8B - 2018,MOORESTOWN - SALEM RD/PRYOR PARK,,
10/19/2025,12:30,21349375,,GotSport,Soccer,U-15,RANCOCAS VALLEY SC RANCOCAS VALLEY SC BOYS 2011 UNITED,WTSC WTSC PREMIER 2011 BOYS,Rancocas Valley-LUMBERTON MUNICIPAL,,
10/19/2025,12:30,21374478,,GotSport,Soccer,U-14,LOGAN SOCCER CLUB  LOGAN FORCE 2012,CHERRY HILL FC 2012 JUNIORS BLACK,LOGAN - TWP LINE,,
10/19/2025,12:30,21390198,,GotSport,Soccer,U-10,MARLTON SOCCER CLUB MARLTON SC CHIEFS WHITE 2016,LOGAN SOCCER CLUB  LOGAN MAYHEM BLACK 2016,MARLTON - MEMORIAL,,
10/19/2025,12:30,21375371,,GotSport,Soccer,U-9,NORTHERN BURLINGTON SA NORTHERN BURLINGTON FORCE 2017,TAR-KILL SOCCER CLUB TARKILL UNION 2017,,,
10/19/2025,12:30,21409162,,GotSport,Soccer,U-10,MEDFORD SC MEDFORD SC GOLD 2016,CHERRY HILL FC JUNIOR BLACK 2016,MEDFORD SC - Bob Meyer Memorial Park,,
10/19/2025,12:30,21354707,,GotSport,Soccer,U-9,WTSC WTSC WASHINGTON UNITED 2017B,MEDFORD SC MEDFORD SC NAVY RENEGADES 2017B,,,
10/19/2025,12:30,21375585,,GotSport,Soccer,U-9,COLLINGSWOOD OAKLYN SOCCER CLUB COSC TSUNAMI 2017,HARRISON SC HARRISON HURRICANES 2017,COSC- Oaklyn Public School,,
10/19/2025,12:30,21374669,,GotSport,Soccer,U-12,HADDONFIELD SC RED 2014,VOORHEES SA LIGHTNING 2014,HADDONFIELD - CROWS WOODS,,
10/19/2025,13:00,21408621,,GotSport,Soccer,U-11,HARRISON SC HARRISON FURY 2015,VOORHEES SA VIPERS 2015,HARRISON - William Wilt Soccer Complex,,
10/19/2025,13:15,21333017,,GotSport,Soccer,U-12,MOORESTOWN SC KILLER BEES 2014,PALMYRA RIVERTON SC TORNADOES 2014,MOORESTOWN - SALEM RD/PRYOR PARK,,
10/19/2025,13:15,21445041,,GotSport,Soccer,U-9,MOORESTOWN SC PANTHERS 2017,CHERRY HILL SC CHERRY HILL SC WHITE (2017) - BOYS,MOORESTOWN - MEMORIAL FIELDS,,
10/19/2025,13:15,21444951,,GotSport,Soccer,U-11,MEDFORD SC MEDFORD SC GOLD 2015,SENECA UNITED SC PARK RANGERS 2015,MEDFORD - BENDE PARK,,
10/19/2025,13:15,21367896,,GotSport,Soccer,U-11,ATLANTIC UNITED SOCCER CLUB ATLANTIC UNITED PREMIER WHITE 2015B,CLAYTON SA CLIPPERS 2015,ATLANTIC - TARTAGLIO,,
10/19/2025,13:15,21349331,,GotSport,Soccer,U-12,TBAA TBAA TBAA REVOLUTION 2014,WTSC WTSC WASHINGTON SELECT 2014B,TBAA-VALLEY BROOK,,
10/19/2025,13:15,21374668,,GotSport,Soccer,U-12,SJ FUTBOL CLUB SJ FUTBOL CLUB SOUNDERS 2014,SENECA UNITED SC THUNDER 2014,SJFC - UPPER DEERFIELD RECREATION COMPLEX,,
10/19/2025,13:15,21366144,,GotSport,Soccer,U-12,EGG HARBOR TOWNSHIP SC EGG HARBOR SC EAGLES BLACK 2014,HADDON TWP SOCCER CLUB HADDON TWP RED HAWKS 2014,Egg Harbor Twp HS,,
10/19/2025,13:15,22117001,,GotSport,Soccer,U-8,MONROE TOWNSHIP YS MONROE UNITED BLUE 2018,CHERRY HILL SC CHERRY HILL SC BLACKOUT (2018) - BOYS,MONROE TWP - CORKERY LANE,,
10/19/2025,13:15,21405475,,GotSport,Soccer,U-9,HARRISON SC HARRISON HAVOC 2017,WOODBURY SOCCER CLUB WOODBURY WARRIORS 2017,HARRISON - William Wilt Soccer Complex,,
10/19/2025,13:15,21346041,,GotSport,Soccer,U-9,HADDON TWP SOCCER CLUB HADDON TWP. WHITE HAWKS 2017,CHERRY HILL SC CHERRY HILL SC COBRAS 2017,,,
10/19/2025,13:15,21375434,,GotSport,Soccer,U-11,BURLINGTON TOWNSHIP SOCCER THUNDER 2015,HARRISON SC HARRISON BLUE REBELS 2015,BURLINGTON TWP - PINEWALD AVE,,
10/19/2025,13:15,21406114,,GotSport,Soccer,U-10,HIGHLAND YOUTH SOCCER CLUB MAYHEM 2016,CAPE EXPRESS CE NOR'EASTERS 2016,HIGHLAND - GLOUCESTER TWP PARK,,
10/19/2025,13:15,21373617,,GotSport,Soccer,U-10,WEST DEPTFORD SC TSUNAMI 2016,EAST GREENWICH SA EGSA ROYALS 2016,W DEPTFORD-WD PARK,,
10/19/2025,13:30,21342805,,GotSport,Soccer,U-9,PITTSGROVE SOCCER CLUB PSC PREDATORS 2017,RANCOCAS VALLEY SC RANCOCAS VALLEY SC BOYS PREMIER 2017,PITTSGROVE-GREEN BRANCH,,
10/19/2025,13:30,21318310,,GotSport,Soccer,U-15,HIGHLAND YOUTH SOCCER CLUB U15 BOYS 2011/12,WOODBURY SOCCER CLUB WOODBURY ARMORY 2011,HIGHLAND - GLOUCESTER TWP PARK,,
10/19/2025,13:30,21332860,,GotSport,Soccer,U-16,CINNAMINSON SC CINNAMINSON SC PIRATES 2010,MARLTON SOCCER CLUB MARLTON SC CHIEFS WHITE 2010,CINNAMINSON SC - MEMORIAL,,
10/19/2025,13:45,21342804,,GotSport,Soccer,U-9,AUDUBON SOCCER YOUTH ASSOCIATION AUDUBON CROSSFIRE 2017,MEDFORD STRIKERS SC MEDFORD STRIKERS 2017 BOYS,AUDUBON - GREEN WAVE PARK,,
10/19/2025,13:45,21317879,,GotSport,Soccer,U-15,WINSLOW TOWNSHIP YSA WINSLOW WILDCATS 2011,GATEWAY UNITED SOCCER CLUB GUSC WILDCATS B2011,,,
10/19/2025,13:45,21444605,,GotSport,Soccer,U-15,HARRISON SC HARRISON THUNDER FÚTBOL ACADEMY 2011,DEPTFORD SA TORNADOES 2011,HARRISON - William Wilt Soccer Complex,,
10/19/2025,13:45,21317881,,GotSport,Soccer,U-15,EGG HARBOR TOWNSHIP SC EGG HARBOR SC EAGLES WHITE 2011,CHERRY HILL SC CHERRY HILL SC BLUE (2011) - BOYS,,,
10/19/2025,13:45,21374501,,GotSport,Soccer,U-14,SWEDESBORO WOOLWICH SOCCER ASSOC. SWSA CYCLONES 2012/2013,WINSLOW TOWNSHIP YSA WINSLOW GREEN DRAGONS 2012,SW-Locke Avenue Park,,
10/19/2025,13:45,21318469,,GotSport,Soccer,U-14,BURLINGTON TOWNSHIP SOCCER DRAGONS 2012,EAST GREENWICH SA EGSA VENOM 2012,BURLINGTON TWP - PINEWALD AVE,,
10/19/2025,13:45,21392104,,GotSport,Soccer,U-11,AUDUBON SOCCER YOUTH ASSOCIATION AUDUBON BOYS LIGHTNING 2015,MARLTON SOCCER CLUB MARLTON SC CHIEFS WHITE 2015,AUDUBON - GREEN WAVE PARK,,
10/19/2025,13:45,21454390,,GotSport,Soccer,U-9,UPPER TOWNSHIP SA UPPER TOWNSHIP SA FLASH 2017,CAPE EXPRESS CE BARCA 2017,UPPER TWP-Amanda's Field Complex,,
10/19/2025,14:00,21349332,,GotSport,Soccer,U-12,BORDENTOWN FC BORDENTOWN FC UNION 2014,WEST DEPTFORD SC AVALANCHE 2014,BORDENTOWN - FRIENDSHIP FIELDS,,
10/19/2025,14:00,21332263,,GotSport,Soccer,U-11,PENNSAUKEN YOUTH SOCCER CLUB LIONS 2015,PALMYRA RIVERTON SC NATIONALS 2015,,,
10/19/2025,14:00,21375372,,GotSport,Soccer,U-9,MOORESTOWN SC SCORPIONS 2017,WTSC WTSC WASHINGTON PREMIER 2017B,MOORESTOWN - SALEM RD/PRYOR PARK,,
10/19/2025,14:00,21391803,,GotSport,Soccer,U-13,MOUNT LAUREL UNITED (MLU) GALAXY 2013,PALMYRA RIVERTON SC YOUNGBLOODS 2013,MLU-TROTTERS,,
10/19/2025,14:00,21345306,,GotSport,Soccer,U-10,MEDFORD SC MEDFORD SC COLUMBIA 2016,MOUNT LAUREL UNITED (MLU) REVOLUTION 2016,MEDFORD SC - Bob Meyer Memorial Park,,
10/19/2025,14:00,21391805,,GotSport,Soccer,U-13,HADDONFIELD SC BLACK 2013,WOODBURY SOCCER CLUB WOODBURY BISON 2013,HADDONFIELD - CROWS WOODS,,
10/19/2025,14:00,21324288,,GotSport,Soccer,U-9,MEDFORD SC MEDFORD SC GOLD 2017B,MAPLE SHADE SC MAPLE SHADE CHAOS 2017,MEDFORD SC - Bob Meyer Memorial Park,,
10/19/2025,14:00,21444400,,GotSport,Soccer,U-14,TAR-KILL SOCCER CLUB TARKILL BARCELONA 2012,MEDFORD SC MEDFORD SC DESTROYERS 2012,TARKILL-STERLING HS,,
10/19/2025,14:00,21349400,,GotSport,Soccer,U-14,WEST DEPTFORD SC UNION 2012,AUDUBON SOCCER YOUTH ASSOCIATION AUDUBON SOCCER YOUTH BALLERS 2012,W DEPTFORD-WD PARK,,
10/19/2025,14:00,21444950,,GotSport,Soccer,U-11,LOGAN SOCCER CLUB  LOGAN ARMADA BLACK 2015,EAST GREENWICH SA EGSA TIGERS 2015,LOGAN - TWP LINE,,
10/19/2025,14:00,21405661,,GotSport,Soccer,U-10,EGG HARBOR TOWNSHIP SC EGG HARBOR SC EAGLES BLACK 2016,WTSC WTSC WASHINGTON PREMIER 2016B,Egg Harbor Twp HS,,
10/19/2025,14:00,21333019,,GotSport,Soccer,U-12,DELRAN FC SOCCER DELRAN FC HAWKS 2014,COLLINGSWOOD OAKLYN SOCCER CLUB OUTLAWS 2014,,,
10/19/2025,14:00,21444401,,GotSport,Soccer,U-14,FRANKLIN TOWNSHIP YOUTH SOCCER ASSOCIATION CRUSADERS 2012,CHERRY HILL SC CHERRY HILL SC COBRAS 2012,FRANKLIN TWP YOUTH COMPLEX,,
10/19/2025,14:00,21390196,,GotSport,Soccer,U-10,COLLINGSWOOD OAKLYN SOCCER CLUB SPARTANS 2016,TAR-KILL SOCCER CLUB TARKILL 2016 BOYS,COSC- Oaklyn Public School,,
10/19/2025,14:00,21354996,,GotSport,Soccer,U-12,MARLTON SOCCER CLUB MARLTON SC CHIEFS WHITE 2014,MEDFORD STRIKERS SC MEDFORD STRIKERS 2014 BOYS,MARLTON - MEMORIAL,,
10/19/2025,14:00,21333264,,GotSport,Soccer,U-13,MEDFORD SC MEDFORD SC BLUE DEVILS 2013,HIGHLAND YOUTH SOCCER CLUB FURY 2013,MEDFORD - BENDE PARK,,
10/19/2025,14:00,21374667,,GotSport,Soccer,U-12,HADDON TWP SOCCER CLUB HADDON TWP WHITE HAWKS 2015,MANTUA TOWNSHIP SA 2014B MANTUA UNITED,HADDON TWP - RECCHINO FIELDS,,
10/19/2025,14:00,21354735,,GotSport,Soccer,U-12,HAMMONTON YSA HAMMONTON HEAT BOYS 2014,LOGAN SOCCER CLUB  LOGAN CHARGE BLACK 2014,HAMMONTON - MOSS MILL RD PARK SOCCER COMPLEX,,
10/19/2025,14:00,21347754,,GotSport,Soccer,U-10,NORTHERN BURLINGTON SA NORTHERN BURLINGTON BOOM 2016,MAPLE SHADE SC MAPLE SHADE SHARKS 2016,,,
10/19/2025,14:00,21409410,,GotSport,Soccer,U-10,GATEWAY UNITED SOCCER CLUB GUSC BLUES B2016/17,CLAYTON SA CLIPPERS 2016,GATEWAY UTD. - LANGSTON FIELD,,
10/19/2025,14:00,21409409,,GotSport,Soccer,U-10,FRANKLIN TOWNSHIP YOUTH SOCCER ASSOCIATION JERSEY DEVILS 2016,EAST GREENWICH SA EGSA FALCONS 2016,FRANKLIN TWP YOUTH COMPLEX,,
10/19/2025,14:00,21352123,,GotSport,Soccer,U-11,VOORHEES SA PYTHONS 2015,HIGHLAND YOUTH SOCCER CLUB STORM 2015,VOORHEES-Echelon Complex,,
10/19/2025,14:00,21342095,,GotSport,Soccer,U-11,UPPER TOWNSHIP SA UPPER TOWNSHIP SA COMETS GREEN 2015,VOORHEES SA COBRAS 2015,UPPER TWP-Amanda's Field Complex,,
10/19/2025,14:00,21444991,,GotSport,Soccer,U-11,PENNSVILLE SOCCER ASSOCIATION PENNSVILLE EAGLES BLUE 2015,PITMAN SA PITMAN SA WILDCATS 2015,PENNSVILLE,,
10/19/2025,14:00,21354705,,GotSport,Soccer,U-9,MARLTON SOCCER CLUB MARLTON SC CHIEFS ORANGE 2017,SWEDESBORO WOOLWICH SOCCER ASSOC. SWSA PANTHERS 2017,MARLTON - MEMORIAL,,
10/19/2025,14:00,21454392,,GotSport,Soccer,U-9,EGG HARBOR TOWNSHIP SC EGG HARBOR SC EAGLES 2017,WATERFORD ATHLETIC ASSN WINGS 2017,,,
10/19/2025,14:00,21333105,,GotSport,Soccer,U-8,VOORHEES SA JEDI KNIGHTS 2018,MOUNT LAUREL UNITED (MLU) TITANS 2018,VOORHEES-Echelon Complex,,
10/19/2025,14:00,21454391,,GotSport,Soccer,U-9,MAINLAND UNITED SA MAINLAND UNITED SA MUSTANGS RED 2017 B,PITTSGROVE SOCCER CLUB PSC RAPTORS 2017,MAINLAND - MEMORIAL PARK,,
10/19/2025,14:00,21332182,,GotSport,Soccer,U-9,TBAA TBAA TBAA REVOLUTION 2017,DELRAN FC SOCCER DELRAN FC DEVILS 2017,TBAA-VALLEY BROOK,,
10/19/2025,14:00,21374502,,GotSport,Soccer,U-14,LOGAN SOCCER CLUB  LOGAN FUSION 2012,WOODSTOWN SOCCER CLUB WOODSTOWN THUNDER 2012,LOGAN - TWP LINE,,
10/19/2025,14:00,21374503,,GotSport,Soccer,U-14,EGG HARBOR TOWNSHIP SC EGG HARBOR SC EAGLES 2012 BLACK,DELRAN FC SOCCER GREY 2013B,Egg Harbor Twp HS,,
10/19/2025,14:00,21445043,,GotSport,Soccer,U-9,HADDON HEIGHTS SC PHANTOMS 2017,HADDONFIELD SC BLACK 2017,HADD HGTS - DEVON,,
10/19/2025,14:00,21444952,,GotSport,Soccer,U-11,SWEDESBORO WOOLWICH SOCCER ASSOC. SWSA GUNNERS 2015,HARRISON SC HARRISON BLUE ARSENAL 2015,SW-Locke Avenue Park,,
10/19/2025,14:00,21353153,,GotSport,Soccer,U-12,MOUNT LAUREL UNITED (MLU) COBRAS 2014,WEST DEPTFORD SC EAGLES 2014,MLU-TROTTERS,,
10/19/2025,14:00,21342477,,GotSport,Soccer,U-9,HADDONFIELD SC SILVER 2017,WATERFORD ATHLETIC ASSN WATERFORD WINGS 2017,HADDONFIELD - CROWS WOODS,,
10/19/2025,14:00,21445015,,GotSport,Soccer,U-9,CINNAMINSON SC CINNAMINSON SC RAIDERS 2017,SWEDESBORO WOOLWICH SOCCER ASSOC. SWSA COBRAS 2017,CINNAMINSON SC - MEMORIAL,,
10/19/2025,14:00,21332264,,GotSport,Soccer,U-11,CINNAMINSON SC CINNAMINSON SC BANDITS 2015,DEPTFORD SA THUNDER 2015,CINNAMINSON SC - MEMORIAL,,
10/19/2025,14:00,21354954,,GotSport,Soccer,U-11,HADDON HEIGHTS SC HADDON HEIGHTS SC CHEETAHS 2015,WEST DEPTFORD SC ANIMALS 2015,HADD HGTS - DEVON,,
10/19/2025,14:00,21331769,,GotSport,Soccer,U-14,MARLTON SOCCER CLUB MARLTON SC CHIEFS WHITE 2012,VINELAND SA JERSEY BOYZ 2012,MARLTON - MEMORIAL,,
10/19/2025,14:00,21346834,,GotSport,Soccer,U-13,PENNS GROVE SC PENNS GROVE WILD 2013,DEPTFORD SA TORNADOES 2013,PG-CP-PED- Carney's Point Rec Center,,
10/19/2025,14:00,21409719,,GotSport,Soccer,U-16,MAPLE SHADE SC MAPLE SHADE BEST ELEVEN 2010,SJ FUTBOL CLUB SJ FUTBOL CLUB WOLVES,MAPLE SHADE - TURF FIELD,,
10/19/2025,14:00,21405459,,GotSport,Soccer,U-9,PITMAN SA PITMAN SA PANTHERS 2017,WTSC WTSC WASHINGTON LEGACY 2017B,PITMAN - Dell,,
10/19/2025,14:00,21392035,,GotSport,Soccer,U-8,SWEDESBORO WOOLWICH SOCCER ASSOC. SWSA SUPERNOVA 2018,HARRISON SC HARRISON WOLVES 2018,SW-Locke Avenue Park,,
10/19/2025,14:00,21349068,,GotSport,Soccer,U-9,DELRAN FC SOCCER DELRAN FC RAPTORS 2017,PALMYRA RIVERTON SC RIPPERS 2017,,,
10/19/2025,14:00,21324332,,GotSport,Soccer,U-11,NORTHERN BURLINGTON SA NORTHERN BURLINGTON STORM 2015,WATERFORD ATHLETIC ASSN WATERFORD WINGS 2015,,,
10/19/2025,14:00,21346500,,GotSport,Soccer,U-10,BORDENTOWN FC BORDENTOWN FC REVOLUTION 2016,SWEDESBORO WOOLWICH SOCCER ASSOC. SWSA HAVOC 2016,BORDENTOWN - FRIENDSHIP FIELDS,,
10/19/2025,14:00,21716253,,GotSport,Soccer,U-10,WINSLOW TOWNSHIP YSA WINSLOW SPARTANS 2016,CHERRY HILL SC CHERRY HILL SC BLUE STORM (2016) - BOYS,,,
10/19/2025,14:00,21349356,,GotSport,Soccer,U-13,VOORHEES SA VOORHEES COSMOS 2013,WOODSTOWN SOCCER CLUB WOODSTOWN WOLVERINES 2013,VOORHEES-EASTERN HS,,
10/19/2025,14:00,21349355,,GotSport,Soccer,U-13,RANCOCAS VALLEY SC RVSC - CELTIC 2014,WTSC WTSC WASHINGTON SELECT 2013B,Rancocas Valley-LUMBERTON MUNICIPAL,,
10/19/2025,14:00,21409412,,GotSport,Soccer,U-10,PENNS GROVE SC PENNS GROVE SC DRAGONS 2016,WOODSTOWN SOCCER CLUB WOODSTOWN UNITED 2016,PG-CP-PED- Carney's Point Rec Center,,
10/19/2025,14:00,21332893,,GotSport,Soccer,U-13,WTSC WTSC WASHINGTON PREMIER 2013B,COLLINGSWOOD OAKLYN SOCCER CLUB TITANS 2013,,,
10/19/2025,14:00,21374331,,GotSport,Soccer,U-14,PITTSGROVE SOCCER CLUB PSC SPURS '12,HADDON TWP SOCCER CLUB HADDON TWP RED HAWKS 2012,PITTSGROVE-GREEN BRANCH,,
10/19/2025,14:00,21332891,,GotSport,Soccer,U-13,MOORESTOWN SC RAPTORS 2013,CINNAMINSON SC CINNAMINSON SC STRIKERS 2013,MOORESTOWN - MEMORIAL FIELDS,,
10/19/2025,14:00,21375587,,GotSport,Soccer,U-9,EAST GREENWICH SA EGSA STRIKERS 2017,HADDONFIELD SC WHITE 2017,E GREENWICH - THOMPSON FAMILY PARK,,
10/19/2025,14:00,21374333,,GotSport,Soccer,U-14,CAPE EXPRESS CE AVENGERS 2013,COLLINGSWOOD OAKLYN SOCCER CLUB KNIGHTS 2012,CAPE EX SOCCER COMPLEX At Ockie Wisting,,
10/19/2025,14:00,21347635,,GotSport,Soccer,U-8,HADDONFIELD SC REBELS 2018,HADDON HEIGHTS SC VIPERS 2018,HADDONFIELD - CROWS WOODS,,
10/19/2025,14:00,21342478,,GotSport,Soccer,U-9,PENNSVILLE SOCCER ASSOCIATION PENNSVILLE EAGLES BLUE 2017,EAST GREENWICH SA EGSA COBRAS 2017,PENNSVILLE,,
10/19/2025,14:30,21342290,,GotSport,Soccer,U-12,HARRISON SC HARRISON WAVE 2014,VINELAND SA VINELAND TERMINATORS 2014,HARRISON - William Wilt Soccer Complex,,
10/19/2025,14:30,21405659,,GotSport,Soccer,U-10,HIGHLAND YOUTH SOCCER CLUB HAVOK 2016,UPPER TOWNSHIP SA UPPER TOWNSHIP SA BREAKERS 2016,HIGHLAND - GLOUCESTER TWP PARK,,
10/19/2025,14:30,21375433,,GotSport,Soccer,U-11,GATEWAY UNITED SOCCER CLUB GUSC THUNDER B2016,PENNSVILLE SOCCER ASSOCIATION PENNSVILLE EAGLES GOLD 2015,GATEWAY UTD. - WESTVILLE,,
10/19/2025,14:30,21406115,,GotSport,Soccer,U-10,ATLANTIC UNITED SOCCER CLUB ATLANTIC UNITED PREMIER RED 2016/2017 B,WEST DEPTFORD SC WILDCATS 2016,ATLANTIC - TARTAGLIO,,
10/19/2025,14:30,21349329,,GotSport,Soccer,U-12,MOORESTOWN SC WOLVERINES 2014,HAMILTON ELITE FC PREMIER 2014B,MOORESTOWN - SALEM RD/PRYOR PARK,,
10/19/2025,14:30,21408651,,GotSport,Soccer,U-10,HARRISON SC HARRISON HURRICANES 2016,VOORHEES SA TITANS 2016,HARRISON - William Wilt Soccer Complex,,
10/19/2025,14:30,22116999,,GotSport,Soccer,U-8,WEST DEPTFORD SC STRIKERS 2018,WTSC WTSC WASHINGTON SELECT 2018 BOYS,W DEPTFORD-WD PARK,,
10/19/2025,14:30,21353112,,GotSport,Soccer,U-11,MEDFORD SC MEDFORD SC WHITE 2015,CAPE EXPRESS CE SILVER STREAK 2015,MEDFORD - BENDE PARK,,
10/19/2025,14:30,21373616,,GotSport,Soccer,U-10,MOORESTOWN SC RENEGADES 2016,WOODSTOWN SOCCER CLUB WOODSTOWN WOLVES 2016,MOORESTOWN - MEMORIAL FIELDS,,
10/19/2025,14:30,21366142,,GotSport,Soccer,U-12,TBAA TBAA TBAA OUTLAWS 2014,PITTSGROVE SOCCER CLUB PSC PREMIER 2014,TBAA-VALLEY BROOK,,
10/19/2025,14:30,21353114,,GotSport,Soccer,U-11,EGG HARBOR TOWNSHIP SC EGG HARBOR SC EAGLES WHITE 2015,HIGHLAND YOUTH SOCCER CLUB LIGHTNING 2015,Egg Harbor Twp HS,,
10/19/2025,14:30,21375431,,GotSport,Soccer,U-11,MONROE TOWNSHIP YS UNITED BLUE 2015,MANTUA TOWNSHIP SA MANTUA FROGS 2015B,MONROE TWP - CORKERY LANE,,
10/19/2025,14:30,21324331,,GotSport,Soccer,U-11,BURLINGTON TOWNSHIP SOCCER PHOENIX 2015,MILLVILLE SA MILLVILLE WARRIORS 2015,BURLINGTON TWP - PINEWALD AVE,,
10/19/2025,14:30,21342806,,GotSport,Soccer,U-9,SJ FUTBOL CLUB SJ FUTBOL CLUB HAMMERS 2017,HADDONFIELD SC RED 2017,SJFC - UPPER DEERFIELD RECREATION COMPLEX,,
10/19/2025,14:30,21342803,,GotSport,Soccer,U-9,HADDON TWP SOCCER CLUB HADDON TWP. RED HAWKS 2017,BURLINGTON TOWNSHIP SOCCER BT FIRE 2017,,,
10/19/2025,15:00,21392034,,GotSport,Soccer,U-8,PITTSGROVE SOCCER CLUB PSC DYNASTY 2018,HADDON TWP SOCCER CLUB HADDON TWP. RED HAWKS 2018,PITTSGROVE-GREEN BRANCH,,
10/19/2025,15:00,21445042,,GotSport,Soccer,U-9,AUDUBON SOCCER YOUTH ASSOCIATION AUDUBON BOYS 2017 TEAM 2,WTSC WTSC WASHINGTON SELECT 2017B,AUDUBON - GREEN WAVE PARK,,
10/19/2025,15:00,21331767,,GotSport,Soccer,U-14,HIGHLAND YOUTH SOCCER CLUB FORCE 2012,HADDONFIELD SC RED 2012,HIGHLAND - GLOUCESTER TWP PARK,,
10/19/2025,15:00,21390130,,GotSport,Soccer,U-10,AUDUBON SOCCER YOUTH ASSOCIATION AUDUBON 2016 BOYS,UPPER TOWNSHIP SA UPPER TOWNSHIP SA THUNDER 2016,AUDUBON - GREEN WAVE PARK,,
10/19/2025,15:20,21318309,,GotSport,Soccer,U-15,PALMYRA RIVERTON SC WARRIORS 2011,HAMMONTON YSA HAMMONTON HEAT BOYS 2011,PAL-RIV - LEGION FIELD 11v11,,
10/19/2025,15:30,21444267,,GotSport,Soccer,U-12,WOODSTOWN SOCCER CLUB WOODSTOWN WOLVERINES 2014,WATERFORD ATHLETIC ASSN WINGS 2014,WOODSTOWN,,
10/19/2025,15:30,21352035,,GotSport,Soccer,U-9,EGG HARBOR TOWNSHIP SC EGG HARBOR SC EAGLES BLACK 2017,SENECA UNITED SC WILDCATS 2017,,,
10/19/2025,15:30,21332892,,GotSport,Soccer,U-13,BURLINGTON TOWNSHIP SOCCER STRIKERS 2013,MAINLAND UNITED SA MAINLAND UNITED SA MUSTANGS RED 2014 B,BURLINGTON TWP - PINEWALD AVE,,
10/19/2025,15:30,21352037,,GotSport,Soccer,U-9,HAMMONTON YSA HAMMONTON HEAT BOYS 2017,UPPER TOWNSHIP SA UPPER TOWNSHIP SA HEAT 2017,HAMMONTON - MOSS MILL RD PARK SOCCER COMPLEX,,
10/19/2025,15:30,21349070,,GotSport,Soccer,U-9,MEDFORD SC MEDFORD SC COLUMBIA 2017B,MOORESTOWN SC YELLOW VIPERS 2017,MEDFORD SC - Bob Meyer Memorial Park,,
10/19/2025,15:30,21349069,,GotSport,Soccer,U-9,MARLTON SOCCER CLUB MARLTON SC CHIEFS WHITE 2017,CINNAMINSON SC CINNAMINSON SC UNION 2017,MARLTON - MEMORIAL,,
10/19/2025,15:30,21351689,,GotSport,Soccer,U-8,GATEWAY UNITED SOCCER CLUB GUSC MAGPIES B2018,LOGAN SOCCER CLUB  LOGAN IMPACT BLUE 2018,GATEWAY UTD. - LANGSTON FIELD,,
10/19/2025,15:30,21716237,,GotSport,Soccer,U-10,HADDONFIELD SC GREY 2016,CINNAMINSON SC CINNAMINSON SC CHAOS 2016,HADDONFIELD - CROWS WOODS,,
10/19/2025,15:30,21349402,,GotSport,Soccer,U-14,HARRISON SC HARRISON WILDCATS 2012,BERLIN SOCCER CLUB BALL BREAKERS 2012/13,HARRISON - William Wilt Soccer Complex,,
10/19/2025,15:30,21349243,,GotSport,Soccer,U-8,BARRINGTON SC BARRINGTON SC STRIKERS 2018,HADDONFIELD SC THUNDER 2018,BARRINGTON-DEERE FIELD,,
10/19/2025,15:30,21346499,,GotSport,Soccer,U-10,TBAA TBAA TBAA KNIGHTS 2016,DELRAN FC SOCCER DELRAN FC UNION 2016,TBAA-VALLEY BROOK,,
10/19/2025,15:30,21351690,,GotSport,Soccer,U-8,SOUTH HARRISON TOWNSHIP SOCCER CLUB SOUTH HARRISON SCORPIONS 2018,PITMAN SA PITMAN SA TOMCATS 2018,,,
10/19/2025,15:30,21324330,,GotSport,Soccer,U-11,UPPER TOWNSHIP SA UPPER TOWNSHIP SA COMETS WHITE 2015,WOODSTOWN SOCCER CLUB WOODSTOWN WILD 2015,UPPER TWP-Amanda's Field Complex,,
10/19/2025,15:30,21318382,,GotSport,Soccer,U-10,DELRAN FC SOCCER SHARKS 2016,HADDONFIELD SC RED 2016,,,
10/19/2025,15:30,21345335,,GotSport,Soccer,U-11,PENNS GROVE SC PENNS GROVE SC LIL DEVILS 2015,MAINLAND UNITED SA MAINLAND UNITED SA MUSTANGS RED 2015 B,PG-CP-PED- Carney's Point Rec Center,,
10/19/2025,15:30,21409411,,GotSport,Soccer,U-10,PENNSVILLE SOCCER ASSOCIATION PENNSVILLE EAGLES 2016,MANTUA TOWNSHIP SA MANTUA 2016B,PENNSVILLE,,
10/19/2025,15:30,21354956,,GotSport,Soccer,U-11,DELRAN FC SOCCER DELRAN FC COBRAS 2015,MEDFORD STRIKERS SC MEDFORD STRIKERS 2015 BOYS,,,
10/19/2025,15:30,21354894,,GotSport,Soccer,U-13,CINNAMINSON SC CINNAMINSON SC THUNDERBIRDS 2013,VOORHEES SA PREDATORS 2013,CINNAMINSON SC - MEMORIAL,,
10/19/2025,15:30,21332183,,GotSport,Soccer,U-9,CINNAMINSON SC CINNAMINSON SC RED 2017,VOORHEES SA BLUE DEVILS 2017,CINNAMINSON SC - MEMORIAL,,
10/19/2025,15:30,21349275,,GotSport,Soccer,U-8,NORTHERN BURLINGTON SA NORTHERN BURLINGTON BASH 2018,DELRAN FC SOCCER DELRAN FC GREY 2018,,,
10/19/2025,15:30,21349274,,GotSport,Soccer,U-8,MOORESTOWN SC SHOOTERS 2018,CINNAMINSON SC CINNAMINSON SC BLACK 2018,MOORESTOWN - SALEM RD/PRYOR PARK,,
10/19/2025,15:30,21354893,,GotSport,Soccer,U-13,MARLTON SOCCER CLUB MARLTON SC CHIEFS ORANGE 2014,MONROE TOWNSHIP YS MONROE UNITED 2013,MARLTON - MEMORIAL,,
10/19/2025,15:30,21317882,,GotSport,Soccer,U-15,VOORHEES SA BLUES 2011,MOUNT LAUREL UNITED (MLU) RANGERS 2011,VOORHEES-EASTERN HS,,
10/19/2025,15:30,21318468,,GotSport,Soccer,U-14,SWEDESBORO WOOLWICH SOCCER ASSOC. SWSA SHARKS 2012,PENNSVILLE SOCCER ASSOCIATION PENNSVILLE EAGLES 2012,SW-Locke Avenue Park,,
10/19/2025,15:30,21343127,,GotSport,Soccer,U-8,VOORHEES SA SUPER STRIKERS 2018,MOUNT LAUREL UNITED (MLU) TRIBE 2018,VOORHEES-Echelon Complex,,
10/19/2025,15:30,21333106,,GotSport,Soccer,U-8,MEDFORD SC MEDFORD SC WHITE 2018B,WTSC WTSC WASHINGTON PREMIER 2018 BOYS,MEDFORD SC - Bob Meyer Memorial Park,,
10/19/2025,15:30,21318430,,GotSport,Soccer,U-15,MEDFORD SC MEDFORD SC RENEGADES 2011,DELRAN FC SOCCER DELRAN FC BLAST 2011,MEDFORD - BENDE PARK,,
10/19/2025,15:30,21409163,,GotSport,Soccer,U-10,LOGAN SOCCER CLUB  LOGAN MAYHEM BLUE 2016,HADDON HEIGHTS SC WARRIORS 2016,LOGAN - TWP LINE,,
10/19/2025,15:30,21352266,,GotSport,Soccer,U-16,FRANKLIN TOWNSHIP YOUTH SOCCER ASSOCIATION STORM 2010,WINSLOW TOWNSHIP YSA WINSLOW SLAYERS 2010,FRANKLIN TWP YOUTH COMPLEX,,
10/19/2025,15:30,21408650,,GotSport,Soccer,U-10,COLLINGSWOOD OAKLYN SOCCER CLUB WARRIORS 2016,MONROE TOWNSHIP YS MONROE UNITED BLUE 2016,COSC- Oaklyn Public School,,
10/19/2025,15:30,21324778,,GotSport,Soccer,U-12,HADDON HEIGHTS SC HADDON HEIGHTS SC MIGHTY TITANS 2014,AUDUBON SOCCER YOUTH ASSOCIATION AUDUBON ATTACK - BOYS 2014,HADD HGTS - DEVON,,
10/19/2025,15:30,21444990,,GotSport,Soccer,U-11,WEST DEPTFORD SC COBRAS 2015,EAST GREENWICH SA EGSA FLYERS 2015,W DEPTFORD-WD PARK,,
10/19/2025,15:30,21349376,,GotSport,Soccer,U-15,PITMAN SA PITMAN SA JAGUARS 2012,MONROE TOWNSHIP YS UNITED BOYS 2011 BLUE,PITMAN - ALCYON LAKE,,
10/19/2025,15:30,21408622,,GotSport,Soccer,U-11,SWEDESBORO WOOLWICH SOCCER ASSOC. SWSA STRIKERS 2015,WTSC WTSC WASHINGTON UNITED 2015B,SW-Locke Avenue Park,,
10/19/2025,15:30,21391804,,GotSport,Soccer,U-13,WINSLOW TOWNSHIP YSA WINSLOW SHARKS 2013,MARLTON SOCCER CLUB MARLTON SC CHIEFS BLACK 2013,,,
10/19/2025,15:30,21342230,,GotSport,Soccer,U-8,EGG HARBOR TOWNSHIP SC EGG HARBOR SC EAGLES BLACK 2018,HAMMONTON YSA HAMMONTON HEAT BOYS 2018,Egg Harbor Twp HS,,
10/19/2025,15:30,21346055,,GotSport,Soccer,U-9,BORDENTOWN FC BORDENTOWN FC REVOLUTION 2017,DEPTFORD SA SCORPIONS 2017,BORDENTOWN - FRIENDSHIP FIELDS,,
10/19/2025,15:30,21346730,,GotSport,Soccer,U-11,HADDON TWP SOCCER CLUB HADDON TWP RED HAWKS 2016,WOODBURY SOCCER CLUB WOODBURY BOLTS 2015,HADDON TWP - RECCHINO FIELDS,,
10/19/2025,15:30,21333305,,GotSport,Soccer,U-13,PEMBERTON SC PEMBERTON SOCCER 2013,PENNSVILLE SOCCER ASSOCIATION PENNSVILLE EAGLES 2013,PEMBERTON - HIGH SCHOOL,,
10/19/2025,15:30,21354980,,GotSport,Soccer,U-12,MARLTON SOCCER CLUB MARLTON SC CHIEFS ORANGE 2015,PENNSAUKEN YOUTH SOCCER CLUB AVENGERS 2014,MARLTON - MEMORIAL,,
10/19/2025,15:30,21333302,,GotSport,Soccer,U-13,MOORESTOWN SC THUNDER 2013,MILLVILLE SA MILLVILLE UNITED 2013,MOORESTOWN - MEMORIAL FIELDS,,
10/19/2025,15:30,21390197,,GotSport,Soccer,U-10,EAST GREENWICH SA EGSA LIONS 2016,SENECA UNITED SC RAPTORS 2016,E GREENWICH - THOMPSON FAMILY PARK,,
10/19/2025,15:30,21324695,,GotSport,Soccer,U-13,EGG HARBOR TOWNSHIP SC EGG HARBOR SC EAGLES BLACK 2013,VOORHEES SA RAPTORS 2013,Egg Harbor Twp HS,,
10/19/2025,15:30,21324694,,GotSport,Soccer,U-13,RANCOCAS VALLEY SC RANCOCAS VALLEY SC BOYS RONALDO 2013,HARRISON SC HARRISON SC LIGHTNING 2013,Rancocas Valley-LUMBERTON MUNICIPAL,,
10/19/2025,15:30,21352203,,GotSport,Soccer,U-14,MAPLE SHADE SC MAPLE SHADE FORCE 2012,EDGEWATER PARK ATHLETIC ASSOCIATION EP UNITED 2012,MAPLE SHADE - TURF FIELD,,
10/19/2025,15:30,21332832,,GotSport,Soccer,U-13,WTSC WTSC WASHINGTON UNITED 2014B,MONROE TOWNSHIP YS UNITED BOYS BLUE 2013,,,
10/19/2025,15:30,21373618,,GotSport,Soccer,U-10,HADDONFIELD SC WHITE 2016,VINELAND SA VINELAND VIPERS 2016 BOYS,HADDONFIELD - CROWS WOODS,,
10/19/2025,15:30,21375432,,GotSport,Soccer,U-11,NORTHERN BURLINGTON SA NORTHERN BURLINGTON JACKALS 2015,HADDONFIELD SC BLACK 2015,,,
10/19/2025,15:45,21347752,,GotSport,Soccer,U-10,HADDON TWP SOCCER CLUB HADDON TWP WHITE HAWKS 2016,MOUNT LAUREL UNITED (MLU) RENEGADES 2016,,,
10/19/2025,15:45,21349244,,GotSport,Soccer,U-8,HIGHLAND YOUTH SOCCER CLUB U8 BOYS 2018,SENECA UNITED SC STORM 2018,HIGHLAND - GLOUCESTER TWP PARK,,
10/19/2025,15:45,21445016,,GotSport,Soccer,U-9,WEST DEPTFORD SC DRAGONS 2017,CHERRY HILL FC JUNIOR PREMIER RED 2017,W DEPTFORD-WD PARK,,
10/19/2025,15:45,21345336,,GotSport,Soccer,U-11,LOGAN SOCCER CLUB  LOGAN ARMADA WHITE 2015,HAMMONTON YSA HAMMONTON HEAT BOYS 2015,LOGAN - TWP LINE,,
10/19/2025,15:45,21345304,,GotSport,Soccer,U-10,MOORESTOWN SC WARRIORS 2016,RANCOCAS VALLEY SC RANCOCAS VALLEY SC BOYS PREMIER 2016,MOORESTOWN - MEMORIAL FIELDS,,
10/19/2025,15:45,21352838,,GotSport,Soccer,U-11,TAR-KILL SOCCER CLUB TARKILL BLUES 2015,RANCOCAS VALLEY SC RANCOCAS VALLEY SC BOYS STEALTH 2015,TARKILL-STERLING HS,,
10/19/2025,15:45,21342096,,GotSport,Soccer,U-11,CINNAMINSON SC CINNAMINSON SC PRIME 2015,FRANKLIN TOWNSHIP YOUTH SOCCER ASSOCIATION ATLAS 2015,CINNAMINSON SC - MEMORIAL,,
10/19/2025,15:45,21444269,,GotSport,Soccer,U-12,HARRISON SC HARRISON STRIKERS 2014,HADDONFIELD SC BLACK 2014,HARRISON - William Wilt Soccer Complex,,
10/19/2025,15:45,21354955,,GotSport,Soccer,U-11,MOORESTOWN SC ELECTRIC RAYS 2015,MILLVILLE SA MILLVILLE PREDATORS 2015,MOORESTOWN - SALEM RD/PRYOR PARK,,
10/19/2025,15:45,21332169,,GotSport,Soccer,U-9,MOUNT LAUREL UNITED (MLU) PRESTIGE 2017,CHERRY HILL SC CHERRY HILL SC DYNAMO (2017),MLU-MARNE HWY,,
10/19/2025,15:45,21354706,,GotSport,Soccer,U-9,HARRISON SC HARRISON UNITED 2017,EAST GREENWICH SA EGSA UNITED 2017,HARRISON - William Wilt Soccer Complex,,
10/19/2025,15:45,21324779,,GotSport,Soccer,U-12,MONROE TOWNSHIP YS UNITED BOYS BLUE 2014,WTSC WTSC WASHINGTON PREMIER 2014B,MONROE TWP - CORKERY LANE,,
10/19/2025,15:45,21354737,,GotSport,Soccer,U-12,TBAA TBAA TBAA SYNDICATE 2014,MEDFORD SC MEDFORD SC CAROLINA 2014,TBAA-VALLEY BROOK,,
10/19/2025,15:45,21408620,,GotSport,Soccer,U-11,HADDONFIELD SC RED 2015,GATEWAY UNITED SOCCER CLUB GUSC LIGHTNING PP B2015/2016,HADDONFIELD - CROWS WOODS,,
10/19/2025,15:45,21346728,,GotSport,Soccer,U-11,PITTSGROVE SOCCER CLUB PSC GALAXY 2015,COLLINGSWOOD OAKLYN SOCCER CLUB COSC COBRAS 2015,PITTSGROVE-GREEN BRANCH,,
10/19/2025,15:45,21366143,,GotSport,Soccer,U-12,MEDFORD SC MEDFORD SC AVENGERS 2014,FRANKLIN TOWNSHIP YOUTH SOCCER ASSOCIATION STORM 2014,MEDFORD - BENDE PARK,,
10/19/2025,15:45,21332120,,GotSport,Soccer,U-12,MOUNT LAUREL UNITED (MLU) LIGHTNING 2014,CHERRY HILL SC CHERRY HILL SC UNION 2015,MLU-TROTTERS,,
10/19/2025,15:45,21352036,,GotSport,Soccer,U-9,ATLANTIC UNITED SOCCER CLUB ATLANTIC UNITED PREMIER 2017 B,PITMAN SA PITMAN SA LIONS 2017,ATLANTIC - TARTAGLIO,,
10/19/2025,15:45,21324287,,GotSport,Soccer,U-9,BURLINGTON TOWNSHIP SOCCER BURLINGTON TOWNSHIP XTREME 2017,HADDONFIELD SC GREY 2017,BURLINGTON TWP - PINEWALD AVE,,
10/19/2025,15:45,21367897,,GotSport,Soccer,U-11,EGG HARBOR TOWNSHIP SC EGG HARBOR SC EAGLES BLACK 2015,VINELAND SA VINELAND FC 2015B,Egg Harbor Twp HS,,
10/19/2025,15:45,21342229,,GotSport,Soccer,U-8,SJ FUTBOL CLUB SJ FUTBOL CLUB VIPERS 2018,PITTSGROVE SOCCER CLUB PSC CREW 2018,SJFC - UPPER DEERFIELD RECREATION COMPLEX,,
10/19/2025,16:15,21347634,,GotSport,Soccer,U-8,AUDUBON SOCCER YOUTH ASSOCIATION AUDUBON 2018 BOYS,CINNAMINSON SC CINNAMINSON SC PIRATES 2018,AUDUBON - GREEN WAVE PARK,,
10/19/2025,16:30,21351935,,GotSport,Soccer,U-13,HIGHLAND YOUTH SOCCER CLUB CHAOS 2013,WOODSTOWN SOCCER CLUB WOODSTOWN PREDATORS 2013,HIGHLAND - GLOUCESTER TWP PARK,,
10/26/2025,11:00,21408625,,GotSport,Soccer,U-11,HARRISON SC HARRISON FURY 2015,SWEDESBORO WOOLWICH SOCCER ASSOC. SWSA STRIKERS 2015,HARRISON - William Wilt Soccer Complex,,
10/26/2025,11:00,21444403,,GotSport,Soccer,U-14,SENECA UNITED SC 2012 PRIDE,CHERRY HILL SC CHERRY HILL SC COBRAS 2012,SENECA - STONEY CREEK FIELDS,,
10/26/2025,11:00,21354896,,GotSport,Soccer,U-13,VOORHEES SA PREDATORS 2013,MARLTON SOCCER CLUB MARLTON SC CHIEFS ORANGE 2014,VOORHEES-EASTERN HS,,
10/26/2025,11:00,21346057,,GotSport,Soccer,U-9,DEPTFORD SA SCORPIONS 2017,HIGHLAND YOUTH SOCCER CLUB THUNDER 2017,DEPTFORD SC,,
10/26/2025,11:00,21333267,,GotSport,Soccer,U-13,EAST GREENWICH SA EGSA DYNAMO 2013,PITTSGROVE SOCCER CLUB PSC LEGACY 2013,E GREENWICH - THOMPSON FAMILY PARK,,
10/26/2025,11:00,22002492,,GotSport,Soccer,U-19,DEPTFORD SA AVENGERS 2009,HIGHLAND YOUTH SOCCER CLUB GALAXY 2008,DEPTFORD SC,,
10/26/2025,11:00,21392109,,GotSport,Soccer,U-11,MOUNT LAUREL UNITED (MLU) SHARKS 2015,HADDONFIELD SC WHITE 2015,MLU-TROTTERS,,
10/26/2025,11:00,21408624,,GotSport,Soccer,U-11,GATEWAY UNITED SOCCER CLUB GUSC LIGHTNING PP B2015/2016,WTSC WTSC WASHINGTON UNITED 2015B,GATEWAY UTD. - WESTVILLE,,
10/26/2025,11:00,21392036,,GotSport,Soccer,U-8,HADDON TWP SOCCER CLUB HADDON TWP. RED HAWKS 2018,TBAA TBAA TBAA SAVAGES 2018,,,
10/26/2025,11:00,21331772,,GotSport,Soccer,U-14,TAR-KILL SOCCER CLUB TARKILL LIVERPOOL 2012,MARLTON SOCCER CLUB MARLTON SC CHIEFS WHITE 2012,TARKILL-STERLING HS,,
10/26/2025,11:00,21349377,,GotSport,Soccer,U-15,MONROE TOWNSHIP YS UNITED BOYS 2011 BLUE,RANCOCAS VALLEY SC RANCOCAS VALLEY SC BOYS 2011 UNITED,MONROE TWP - CORKERY LANE,,
10/26/2025,11:00,21318431,,GotSport,Soccer,U-15,MANTUA TOWNSHIP SA 2011B MANTUA UNION,SWEDESBORO WOOLWICH SOCCER ASSOC. SWSA RED FLAMES 2011,MANTUA TWP,,
10/26/2025,12:00,21353116,,GotSport,Soccer,U-11,CAPE EXPRESS CE SILVER STREAK 2015,HIGHLAND YOUTH SOCCER CLUB LIGHTNING 2015,CAPE EX SOCCER COMPLEX At Ockie Wisting,,
10/26/2025,12:00,21347638,,GotSport,Soccer,U-8,AUDUBON SOCCER YOUTH ASSOCIATION AUDUBON 2018 BOYS,HADDONFIELD SC REBELS 2018,AUDUBON - GREEN WAVE PARK,,
10/26/2025,12:00,22117014,,GotSport,Soccer,U-8,MONROE TOWNSHIP YS MONROE UNITED BLUE 2018,EAST GREENWICH SA EGSA PUMAS 2018,MONROE TWP - CORKERY LANE,,
10/26/2025,12:00,21347756,,GotSport,Soccer,U-10,MOUNT LAUREL UNITED (MLU) RENEGADES 2016,MAPLE SHADE SC MAPLE SHADE SHARKS 2016,MLU-MARNE HWY,,
10/26/2025,12:00,21332268,,GotSport,Soccer,U-11,CINNAMINSON SC CINNAMINSON SC BANDITS 2015,CHERRY HILL SC CHERRY HILL SC COMETS (2015),CINNAMINSON SC - MEMORIAL,,
10/26/2025,12:00,21351694,,GotSport,Soccer,U-8,SOUTH HARRISON TOWNSHIP SOCCER CLUB SOUTH HARRISON SCORPIONS 2018,HARRISON SC HARRISON HAVOC 2018,,,
10/26/2025,12:00,21367899,,GotSport,Soccer,U-11,LOGAN SOCCER CLUB  LOGAN ARMADA BLUE 2015,VINELAND SA VINELAND FC 2015B,LOGAN - TWP LINE,,
10/26/2025,12:00,21409723,,GotSport,Soccer,U-16,MAPLE SHADE SC MAPLE SHADE BEST ELEVEN 2010,MEDFORD SC MEDFORD SC MAD DOGS WHITE 2010,MAPLE SHADE - TURF FIELD,,
10/26/2025,12:00,21349276,,GotSport,Soccer,U-8,CINNAMINSON SC CINNAMINSON SC BLACK 2018,MOORESTOWN SC LIGHTNING 2018,CINNAMINSON SC - MEMORIAL,,
10/26/2025,12:00,21318432,,GotSport,Soccer,U-15,LOGAN SOCCER CLUB  LOGAN BLAZE 2011,DELRAN FC SOCCER DELRAN FC BLAST 2011,LOGAN - TWP LINE,,
10/26/2025,12:00,21346502,,GotSport,Soccer,U-10,SWEDESBORO WOOLWICH SOCCER ASSOC. SWSA HAVOC 2016,TBAA TBAA TBAA KNIGHTS 2016,SW-Locke Avenue Park,,
10/26/2025,12:00,21353117,,GotSport,Soccer,U-11,WINSLOW TOWNSHIP YSA WINSLOW TITANS 2015,EGG HARBOR TOWNSHIP SC EGG HARBOR SC EAGLES WHITE 2015,,,
10/26/2025,12:00,21392037,,GotSport,Soccer,U-8,WTSC WTSC WASHINGTON UNITED 2018 BOYS,HARRISON SC HARRISON WOLVES 2018,,,
10/26/2025,12:00,21349367,,GotSport,Soccer,U-15,WINSLOW TOWNSHIP YSA WINSLOW REAPERS 2011,WTSC WTSC PREMIER 2011 BOYS,,,
10/26/2025,12:00,21342816,,GotSport,Soccer,U-9,HADDONFIELD SC RED 2017,RANCOCAS VALLEY SC RANCOCAS VALLEY SC BOYS PREMIER 2017,HADDONFIELD - CROWS WOODS,,
10/26/2025,12:00,21408653,,GotSport,Soccer,U-10,VOORHEES SA TITANS 2016,COLLINGSWOOD OAKLYN SOCCER CLUB WARRIORS 2016,VOORHEES-Echelon Complex,,
10/26/2025,12:00,21352040,,GotSport,Soccer,U-9,ATLANTIC UNITED SOCCER CLUB ATLANTIC UNITED PREMIER 2017 B,HAMMONTON YSA HAMMONTON HEAT BOYS 2017,ATLANTIC - TARTAGLIO,,
10/26/2025,12:00,21318321,,GotSport,Soccer,U-15,HAMMONTON YSA HAMMONTON HEAT BOYS 2011,WOODBURY SOCCER CLUB WOODBURY ARMORY 2011,HAMMONTON - MOSS MILL RD PARK SOCCER COMPLEX,,
10/26/2025,12:00,21333266,,GotSport,Soccer,U-13,HIGHLAND YOUTH SOCCER CLUB FURY 2013,CHERRY HILL SC CHERRY HILL SC THUNDER 2013,HIGHLAND - GLOUCESTER TWP PARK,,
10/26/2025,12:00,21349344,,GotSport,Soccer,U-12,TBAA TBAA TBAA REVOLUTION 2014,RANCOCAS VALLEY SC RVSC - FOREST 2014,TBAA-VALLEY BROOK,,
10/26/2025,12:00,21390133,,GotSport,Soccer,U-10,SENECA UNITED SC EAGLES 2016,AUDUBON SOCCER YOUTH ASSOCIATION AUDUBON 2016 BOYS,SENECA - STONEY CREEK FIELDS,,
10/26/2025,12:00,21317894,,GotSport,Soccer,U-15,EGG HARBOR TOWNSHIP SC EGG HARBOR SC EAGLES WHITE 2011,TBAA TBAA TBAA TITANS 2011,Egg Harbor Twp HS,,
10/26/2025,12:00,21318433,,GotSport,Soccer,U-15,BURLINGTON TOWNSHIP SOCCER REBELS 2011,MEDFORD SC MEDFORD SC RENEGADES 2011,BURLINGTON TWP - PINEWALD AVE,,
10/26/2025,12:00,21318322,,GotSport,Soccer,U-15,PENNSVILLE SOCCER ASSOCIATION PENNSVILLE EAGLES 2011,HADDONFIELD SC WHITE 2011,PENNSVILLE,,
10/26/2025,12:00,21391807,,GotSport,Soccer,U-13,PALMYRA RIVERTON SC YOUNGBLOODS 2013,WOODBURY SOCCER CLUB WOODBURY BISON 2013,PAL-RIV - LEGION FIELD 11v11,,
10/26/2025,12:00,21324333,,GotSport,Soccer,U-11,MILLVILLE SA MILLVILLE WARRIORS 2015,UPPER TOWNSHIP SA UPPER TOWNSHIP SA COMETS WHITE 2015,MILLVILLE SOCCER COMPLEX,,
10/26/2025,12:30,21444954,,GotSport,Soccer,U-11,EAST GREENWICH SA EGSA TIGERS 2015,HARRISON SC HARRISON BLUE ARSENAL 2015,E GREENWICH - THOMPSON FAMILY PARK,,
10/26/2025,12:30,21375446,,GotSport,Soccer,U-11,GATEWAY UNITED SOCCER CLUB GUSC THUNDER B2016,NORTHERN BURLINGTON SA NORTHERN BURLINGTON JACKALS 2015,GATEWAY UTD. - WESTVILLE,,
10/26/2025,12:30,21375443,,GotSport,Soccer,U-11,MANTUA TOWNSHIP SA MANTUA FROGS 2015B,HADDONFIELD SC BLACK 2015,MANTUA TWP,,
10/26/2025,12:30,21405664,,GotSport,Soccer,U-10,MAINLAND UNITED SA MAINLAND UNITED SA MUSTANGS RED 2016 B,EGG HARBOR TOWNSHIP SC EGG HARBOR SC EAGLES BLACK 2016,MAINLAND - MEMORIAL PARK,,
10/26/2025,12:30,21349403,,GotSport,Soccer,U-14,MONROE TOWNSHIP YS UNITED 2012 BLUE,WEST DEPTFORD SC UNION 2012,MONROE TWP - CORKERY LANE,,
10/26/2025,12:30,21352124,,GotSport,Soccer,U-11,EDGEWATER PARK ATHLETIC ASSOCIATION EP WARRIORS 2015,MEDFORD SC MEDFORD SC COLUMBIA 2015,,,
10/26/2025,12:30,21352268,,GotSport,Soccer,U-16,EAST GREENWICH SA EGSA BLAZE 2010,WINSLOW TOWNSHIP YSA WINSLOW SLAYERS 2010,E GREENWICH - THOMPSON FAMILY PARK,,
10/26/2025,12:30,21349341,,GotSport,Soccer,U-12,HAMILTON ELITE FC PREMIER 2014B,HADDON TWP SOCCER CLUB HADDON TWP WHITE HAWKS 2014,HAMILTON ELITE FC - HICKORY FIELDS,,
10/26/2025,12:30,21349343,,GotSport,Soccer,U-12,BORDENTOWN FC BORDENTOWN FC UNION 2014,MOORESTOWN SC WOLVERINES 2014,BORDENTOWN - FRIENDSHIP FIELDS,,
10/26/2025,12:30,21354710,,GotSport,Soccer,U-9,HARRISON SC HARRISON UNITED 2017,WTSC WTSC WASHINGTON UNITED 2017B,HARRISON - William Wilt Soccer Complex,,
10/26/2025,12:30,21351938,,GotSport,Soccer,U-13,MOUNT LAUREL UNITED (MLU) TIGERS 2013,UPPER TOWNSHIP SA UPPER TOWNSHIP SA HURRICANES WHITE 2014,MLU-TROTTERS,,
10/26/2025,12:30,21716249,,GotSport,Soccer,U-10,MOORESTOWN SC TIGERS 2016,CHERRY HILL SC CHERRY HILL SC BLUE STORM (2016) - BOYS,MOORESTOWN - SALEM RD/PRYOR PARK,,
10/26/2025,12:30,21324334,,GotSport,Soccer,U-11,WOODSTOWN SOCCER CLUB WOODSTOWN WILD 2015,WATERFORD ATHLETIC ASSN WATERFORD WINGS 2015,WOODSTOWN,,
10/26/2025,12:30,21345338,,GotSport,Soccer,U-11,RANCOCAS VALLEY SC RANCOCAS VALLEY SC BOYS UNITED 2015,HAMMONTON YSA HAMMONTON HEAT BOYS 2015,Rancocas Valley-LUMBERTON MUNICIPAL,,
10/26/2025,12:30,21345339,,GotSport,Soccer,U-11,PENNS GROVE SC PENNS GROVE SC LIL DEVILS 2015,LOGAN SOCCER CLUB  LOGAN ARMADA WHITE 2015,PG-CP-PED- Carney's Point Rec Center,,
10/26/2025,12:30,21346503,,GotSport,Soccer,U-10,DELRAN FC SOCCER DELRAN FC UNION 2016,MEDFORD STRIKERS SC MEDFORD STRIKERS 2016 BOYS,,,
10/26/2025,12:30,21366147,,GotSport,Soccer,U-12,MEDFORD SC MEDFORD SC AVENGERS 2014,EGG HARBOR TOWNSHIP SC EGG HARBOR SC EAGLES BLACK 2014,MEDFORD - BENDE PARK,,
10/26/2025,12:30,21375376,,GotSport,Soccer,U-9,MOORESTOWN SC SCORPIONS 2017,HADDON HEIGHTS SC HAVOC 2017,MOORESTOWN - MEMORIAL FIELDS,,
10/26/2025,12:30,21444281,,GotSport,Soccer,U-12,PENNSVILLE SOCCER ASSOCIATION PENNSVILLE EAGLES 2014,WOODSTOWN SOCCER CLUB WOODSTOWN WOLVERINES 2014,PENNSVILLE,,
10/26/2025,12:30,21444280,,GotSport,Soccer,U-12,HARRISON SC HARRISON STRIKERS 2014,FRANKLIN TOWNSHIP YOUTH SOCCER ASSOCIATION KNIGHTS 2014,HARRISON - William Wilt Soccer Complex,,
10/26/2025,12:30,21444279,,GotSport,Soccer,U-12,HADDONFIELD SC BLACK 2014,LOGAN SOCCER CLUB  LOGAN CHARGE BLUE 2014,HADDONFIELD - CROWS WOODS,,
10/26/2025,12:30,21332833,,GotSport,Soccer,U-13,MAINLAND UNITED SA MAINLAND UNITED SA MUSTANGS RED 2013 B,PENNSAUKEN YOUTH SOCCER CLUB REBELS 2013,MAINLAND - MEMORIAL PARK,,
10/26/2025,12:30,21332834,,GotSport,Soccer,U-13,MARLTON SOCCER CLUB MARLTON SC CHIEFS WHITE 2013,MONROE TOWNSHIP YS UNITED BOYS BLUE 2013,MARLTON - MEMORIAL,,
10/26/2025,12:30,21392185,,GotSport,Soccer,U-11,CLAYTON SA CLIPPERS 2015,MARLTON SOCCER CLUB MARLTON SC CHIEFS WHITE 2015,CLAYTON - BENTZ,,
10/26/2025,12:30,21444608,,GotSport,Soccer,U-15,VOORHEES SA ATTACK 2011,UPPER TOWNSHIP SA UPPER TOWNSHIP SA TSUNAMIS 2011,VOORHEES-EASTERN HS,,
10/26/2025,12:30,21346733,,GotSport,Soccer,U-11,SJ FUTBOL CLUB SJ FUTBOL CLUB RAMS 2015,HADDON TWP SOCCER CLUB HADDON TWP RED HAWKS 2016,SJFC - UPPER DEERFIELD RECREATION COMPLEX,,
10/26/2025,12:30,21333316,,GotSport,Soccer,U-13,PEMBERTON SC PEMBERTON SOCCER 2013,MOORESTOWN SC THUNDER 2013,PEMBERTON - HIGH SCHOOL,,
10/26/2025,12:30,21353158,,GotSport,Soccer,U-12,PITMAN SA PITMAN SA BENGALS 2014,VOORHEES SA VIKINGS 2014,PITMAN-LAMBS ROAD,,
10/26/2025,12:30,21342815,,GotSport,Soccer,U-9,BURLINGTON TOWNSHIP SOCCER BT FIRE 2017,MEDFORD STRIKERS SC MEDFORD STRIKERS 2017 BOYS,BURLINGTON TWP - PINEWALD AVE,,
10/26/2025,12:30,21390135,,GotSport,Soccer,U-10,PITTSGROVE SOCCER CLUB PSC PRIME 2016,HADDONFIELD SC BLACK 2016,PITTSGROVE-GREEN BRANCH,,
10/26/2025,12:30,21354958,,GotSport,Soccer,U-11,WEST DEPTFORD SC ANIMALS 2015,MEDFORD STRIKERS SC MEDFORD STRIKERS 2015 BOYS,W DEPTFORD-WD PARK,,
10/26/2025,12:30,21352842,,GotSport,Soccer,U-11,TAR-KILL SOCCER CLUB TARKILL BLUES 2015,CHERRY HILL SC CHERRY HILL SC RAPTORS 2015,TARKILL-STERLING HS,,
10/26/2025,12:30,21352841,,GotSport,Soccer,U-11,HADDON TWP SOCCER CLUB HADDON TWP RED HAWKS 2015,WTSC WTSC WASHINGTON PREMIER 2015B,HADDON TWP - RECCHINO FIELDS,,
10/26/2025,12:30,21352125,,GotSport,Soccer,U-11,SENECA UNITED SC RAPTORS 2015,HIGHLAND YOUTH SOCCER CLUB STORM 2015,SENECA - STONEY CREEK FIELDS,,
10/26/2025,12:30,21373621,,GotSport,Soccer,U-10,WEST DEPTFORD SC TSUNAMI 2016,HADDONFIELD SC WHITE 2016,W DEPTFORD-WD PARK,,
10/26/2025,12:30,21373620,,GotSport,Soccer,U-10,WOODSTOWN SOCCER CLUB WOODSTOWN WOLVES 2016,VINELAND SA VINELAND VIPERS 2016 BOYS,WOODSTOWN,,
10/26/2025,12:30,21373619,,GotSport,Soccer,U-10,EAST GREENWICH SA EGSA ROYALS 2016,MOORESTOWN SC RENEGADES 2016,E GREENWICH - THOMPSON FAMILY PARK,,
10/26/2025,12:30,21716248,,GotSport,Soccer,U-10,PALMYRA RIVERTON SC LEGENDARY 2016,HADDONFIELD SC GREY 2016,,,
10/26/2025,12:30,21346836,,GotSport,Soccer,U-13,DEPTFORD SA TORNADOES 2013,PITTSGROVE SOCCER CLUB PSC PYTHONS 2013,DEPTFORD SC,,
10/26/2025,12:30,21409165,,GotSport,Soccer,U-10,PITMAN SA PITMAN SA BOBCATS 2016,HADDON HEIGHTS SC WARRIORS 2016,PITMAN - Dell,,
10/26/2025,12:30,21409164,,GotSport,Soccer,U-10,CHERRY HILL FC JUNIOR BLACK 2016,GATEWAY UNITED SOCCER CLUB GUSC GATORS B2016/17,CHFC - DeCOU,,
10/26/2025,12:30,21331770,,GotSport,Soccer,U-14,HARRISON SC HARRISON SC STRIKERS 2012,HIGHLAND YOUTH SOCCER CLUB FORCE 2012,HARRISON - William Wilt Soccer Complex,,
10/26/2025,12:30,21374504,,GotSport,Soccer,U-14,WOODSTOWN SOCCER CLUB WOODSTOWN THUNDER 2012,SWEDESBORO WOOLWICH SOCCER ASSOC. SWSA CYCLONES 2012/2013,WOODSTOWN,,
10/26/2025,12:30,21342491,,GotSport,Soccer,U-9,PENNSVILLE SOCCER ASSOCIATION PENNSVILLE EAGLES BLUE 2017,HADDONFIELD SC SILVER 2017,PENNSVILLE,,
10/26/2025,12:30,21324756,,GotSport,Soccer,U-14,CINNAMINSON SC CINNAMINSON SC SKULLS 2012,CHERRY HILL FC 2012 JUNIORS BLACK,CINNAMINSON SC - MEMORIAL,,
10/26/2025,12:30,21324755,,GotSport,Soccer,U-14,WTSC WTSC WASHINGTON PREMIER 2012 BOYS,MOORESTOWN SC UNION 2012,,,
10/26/2025,12:30,21342231,,GotSport,Soccer,U-8,PITTSGROVE SOCCER CLUB PSC CREW 2018,UPPER TOWNSHIP SA UPPER TOWNSHIP SA COMETS 2018,PITTSGROVE-GREEN BRANCH,,
10/26/2025,12:30,21342233,,GotSport,Soccer,U-8,SJ FUTBOL CLUB SJ FUTBOL CLUB VIPERS 2018,EGG HARBOR TOWNSHIP SC EGG HARBOR SC EAGLES BLACK 2018,SJFC - UPPER DEERFIELD RECREATION COMPLEX,,
10/26/2025,12:30,21333020,,GotSport,Soccer,U-12,CHERRY HILL SC CHERRY HILL SC TITANS (2014),MOORESTOWN SC KILLER BEES 2014,CHSC - UPPER CHAPEL TURF,,
10/26/2025,12:30,21333022,,GotSport,Soccer,U-12,BURLINGTON TOWNSHIP SOCCER DYNAMITE 2014,DELRAN FC SOCCER DELRAN FC HAWKS 2014,BURLINGTON TWP - PINEWALD AVE,,
10/26/2025,12:30,21332137,,GotSport,Soccer,U-12,COLLINGSWOOD OAKLYN SOCCER CLUB COSC JAGUARS 2015,MOUNT LAUREL UNITED (MLU) LIGHTNING 2014,COSC- Oaklyn Public School,,
10/26/2025,12:30,21332136,,GotSport,Soccer,U-12,VOORHEES SA VSA KNIGHTS 2014,TBAA TBAA TBAA REVOLUTION 2015,VOORHEES-Echelon Complex,,
10/26/2025,12:30,21324697,,GotSport,Soccer,U-13,UPPER TOWNSHIP SA UPPER TOWNSHIP SA CYCLONES 2013,VOORHEES SA RAPTORS 2013,UPPER TWP-Amanda's Field Complex,,
10/26/2025,12:45,21346731,,GotSport,Soccer,U-11,DEPTFORD SA CYCLONES 2015,PITTSGROVE SOCCER CLUB PSC GALAXY 2015,DEPTFORD SC,,
10/26/2025,13:00,21405662,,GotSport,Soccer,U-10,MILLVILLE SA MILLVILLE THUNDER 2016,HIGHLAND YOUTH SOCCER CLUB HAVOK 2016,MILLVILLE SOCCER COMPLEX,,
10/26/2025,13:00,21318385,,GotSport,Soccer,U-10,CINNAMINSON SC CINNAMINSON SC LIGHTNING 2016,DELRAN FC SOCCER SHARKS 2016,CINNAMINSON SC - MEMORIAL,,
10/26/2025,13:15,21349246,,GotSport,Soccer,U-8,SENECA UNITED SC STORM 2018,BARRINGTON SC BARRINGTON SC STRIKERS 2018,SENECA - STONEY CREEK FIELDS,,
10/26/2025,13:15,21349071,,GotSport,Soccer,U-9,CINNAMINSON SC CINNAMINSON SC UNION 2017,DELRAN FC SOCCER DELRAN FC RAPTORS 2017,CINNAMINSON SC - MEMORIAL,,
10/26/2025,13:15,21343130,,GotSport,Soccer,U-8,MONROE TOWNSHIP YS MONROE UNITED BOYS 2018,VOORHEES SA SUPER STRIKERS 2018,MONROE TWP - CORKERY LANE,,
10/26/2025,13:15,21333109,,GotSport,Soccer,U-8,VOORHEES SA JEDI KNIGHTS 2018,MEDFORD SC MEDFORD SC WHITE 2018B,VOORHEES-Echelon Complex,,
10/26/2025,13:15,21445044,,GotSport,Soccer,U-9,WTSC WTSC WASHINGTON SELECT 2017B,MOORESTOWN SC PANTHERS 2017,,,
10/26/2025,13:15,21324289,,GotSport,Soccer,U-9,HADDONFIELD SC GREY 2017,PENNSAUKEN YOUTH SOCCER CLUB ROARING CUBS 2017,HADDONFIELD - CROWS WOODS,,
10/26/2025,13:15,21406119,,GotSport,Soccer,U-10,ATLANTIC UNITED SOCCER CLUB ATLANTIC UNITED PREMIER RED 2016/2017 B,FRANKLIN TOWNSHIP YOUTH SOCCER ASSOCIATION UNITED 2016,ATLANTIC - TARTAGLIO,,
10/26/2025,13:15,21354739,,GotSport,Soccer,U-12,LOGAN SOCCER CLUB  LOGAN CHARGE BLACK 2014,MEDFORD SC MEDFORD SC CAROLINA 2014,LOGAN - TWP LINE,,
10/26/2025,13:15,21454394,,GotSport,Soccer,U-9,CAPE EXPRESS CE BARCA 2017,WATERFORD ATHLETIC ASSN WINGS 2017,CAPE EX SOCCER COMPLEX At Ockie Wisting,,
10/26/2025,13:15,21342100,,GotSport,Soccer,U-11,CINNAMINSON SC CINNAMINSON SC PRIME 2015,MOORESTOWN SC VIPERS 2015,CINNAMINSON SC - MEMORIAL,,
10/26/2025,13:15,21445046,,GotSport,Soccer,U-9,AUDUBON SOCCER YOUTH ASSOCIATION AUDUBON BOYS 2017 TEAM 2,HADDON HEIGHTS SC PHANTOMS 2017,AUDUBON - GREEN WAVE PARK,,
10/26/2025,13:15,21354709,,GotSport,Soccer,U-9,SWEDESBORO WOOLWICH SOCCER ASSOC. SWSA PANTHERS 2017,MEDFORD SC MEDFORD SC NAVY RENEGADES 2017B,SW-Locke Avenue Park,,
10/26/2025,13:15,21333107,,GotSport,Soccer,U-8,MOUNT LAUREL UNITED (MLU) TITANS 2018,EGG HARBOR TOWNSHIP SC EGG HARBOR SC EAGLES WHITE 2018,MLU-MARNE HWY,,
10/26/2025,13:30,21332862,,GotSport,Soccer,U-16,MILLVILLE SA MILLVILLE VENOM 2010,CINNAMINSON SC CINNAMINSON SC PIRATES 2010,MILLVILLE SOCCER COMPLEX,,
10/26/2025,13:30,21351939,,GotSport,Soccer,U-13,HIGHLAND YOUTH SOCCER CLUB CHAOS 2013,MILLVILLE SA MILLVILLE REBELS 2013,HIGHLAND - GLOUCESTER TWP PARK,,
10/26/2025,13:30,21347757,,GotSport,Soccer,U-10,WINSLOW TOWNSHIP YSA WINSLOW KINGS 2016,NORTHERN BURLINGTON SA NORTHERN BURLINGTON BOOM 2016,,,
10/26/2025,13:45,21333315,,GotSport,Soccer,U-13,PENNSVILLE SOCCER ASSOCIATION PENNSVILLE EAGLES 2013,EAST GREENWICH SA EGSA PANTHERS 2013,PENNSVILLE,,
10/26/2025,13:45,21352207,,GotSport,Soccer,U-14,MAPLE SHADE SC MAPLE SHADE FORCE 2012,MARLTON SOCCER CLUB MARLTON SC CHIEFS BLACK 2012,MAPLE SHADE - TURF FIELD,,
10/26/2025,13:45,21318473,,GotSport,Soccer,U-14,BURLINGTON TOWNSHIP SOCCER DRAGONS 2012,CAPE EXPRESS CE WHITE CAPS 2012,BURLINGTON TWP - PINEWALD AVE,,
10/26/2025,13:45,21374505,,GotSport,Soccer,U-14,WINSLOW TOWNSHIP YSA WINSLOW GREEN DRAGONS 2012,DELRAN FC SOCCER GREY 2013B,,,
10/26/2025,13:45,21374336,,GotSport,Soccer,U-14,LOGAN SOCCER CLUB  LOGAN FORCE 2012,CAPE EXPRESS CE AVENGERS 2013,LOGAN - TWP LINE,,
10/26/2025,14:00,21342293,,GotSport,Soccer,U-12,WOODSTOWN SOCCER CLUB WOODSTOWN WOLFPACK 2014,MARLTON SOCCER CLUB MARLTON SC CHIEFS BLACK 2014,WOODSTOWN,,
10/26/2025,14:00,21333021,,GotSport,Soccer,U-12,PALMYRA RIVERTON SC TORNADOES 2014,COLLINGSWOOD OAKLYN SOCCER CLUB OUTLAWS 2014,,,
10/26/2025,14:00,21349072,,GotSport,Soccer,U-9,PALMYRA RIVERTON SC RIPPERS 2017,MOORESTOWN SC YELLOW VIPERS 2017,,,
10/26/2025,14:00,21345309,,GotSport,Soccer,U-10,HARRISON SC HARRISON HORNETS 2016,MEDFORD SC MEDFORD SC COLUMBIA 2016,HARRISON - William Wilt Soccer Complex,,
10/26/2025,14:00,21345308,,GotSport,Soccer,U-10,RANCOCAS VALLEY SC RANCOCAS VALLEY SC BOYS PREMIER 2016,MOUNT LAUREL UNITED (MLU) REVOLUTION 2016,Rancocas Valley-LUMBERTON MUNICIPAL,,
10/26/2025,14:00,21331771,,GotSport,Soccer,U-14,HADDONFIELD SC RED 2012,VINELAND SA JERSEY BOYZ 2012,HADDONFIELD - CROWS WOODS,,
10/26/2025,14:00,21346838,,GotSport,Soccer,U-13,PENNS GROVE SC PENNS GROVE WILD 2013,CHERRY HILL SC CHERRY HILL SC UNITED 2014,PG-CP-PED- Carney's Point Rec Center,,
10/26/2025,14:00,21346837,,GotSport,Soccer,U-13,DELRAN FC SOCCER DELRAN FC KNIGHTS 2014,CHERRY HILL FC RED HAWKS 2013,,,
10/26/2025,14:00,21409166,,GotSport,Soccer,U-10,MEDFORD SC MEDFORD SC GOLD 2016,LOGAN SOCCER CLUB  LOGAN MAYHEM BLUE 2016,MEDFORD SC - Bob Meyer Memorial Park,,
10/26/2025,14:00,21346059,,GotSport,Soccer,U-9,BORDENTOWN FC BORDENTOWN FC REVOLUTION 2017,CHERRY HILL SC CHERRY HILL SC COBRAS 2017,BORDENTOWN - FRIENDSHIP FIELDS,,
10/26/2025,14:00,21444607,,GotSport,Soccer,U-15,DEPTFORD SA TORNADOES 2011,PENNSAUKEN YOUTH SOCCER CLUB WARRIORS 2011,DEPTFORD SC,,
10/26/2025,14:00,21353156,,GotSport,Soccer,U-12,EAST GREENWICH SA EGSA STARS 2014,MOUNT LAUREL UNITED (MLU) COBRAS 2014,E GREENWICH - THOMPSON FAMILY PARK,,
10/26/2025,14:00,21324291,,GotSport,Soccer,U-9,BURLINGTON TOWNSHIP SOCCER BURLINGTON TOWNSHIP XTREME 2017,MEDFORD SC MEDFORD SC GOLD 2017B,BURLINGTON TWP - PINEWALD AVE,,
10/26/2025,14:00,21342099,,GotSport,Soccer,U-11,VOORHEES SA COBRAS 2015,MOUNT LAUREL UNITED (MLU) KNIGHTS 2015B,VOORHEES-Echelon Complex,,
10/26/2025,14:00,21390201,,GotSport,Soccer,U-10,EAST GREENWICH SA EGSA LIONS 2016,MARLTON SOCCER CLUB MARLTON SC CHIEFS WHITE 2016,E GREENWICH - THOMPSON FAMILY PARK,,
10/26/2025,14:00,21324696,,GotSport,Soccer,U-13,HARRISON SC HARRISON SC LIGHTNING 2013,NORTHERN BURLINGTON SA NORTHERN BURLINGTON SA GLADIATORS 2013,HARRISON - William Wilt Soccer Complex,,
10/26/2025,14:00,21391806,,GotSport,Soccer,U-13,MARLTON SOCCER CLUB MARLTON SC CHIEFS BLACK 2013,MOUNT LAUREL UNITED (MLU) GALAXY 2013,MARLTON - MEMORIAL,,
10/26/2025,14:00,21454393,,GotSport,Soccer,U-9,PITTSGROVE SOCCER CLUB PSC RAPTORS 2017,UPPER TOWNSHIP SA UPPER TOWNSHIP SA FLASH 2017,PITTSGROVE-GREEN BRANCH,,
10/26/2025,14:00,21354867,,GotSport,Soccer,U-10,MOORESTOWN SC UNITED 2016,WTSC WTSC WASHINGTON UNITED 2016B,MOORESTOWN - MEMORIAL FIELDS,,
10/26/2025,14:00,21332186,,GotSport,Soccer,U-9,DELRAN FC SOCCER DELRAN FC DEVILS 2017,MOUNT LAUREL UNITED (MLU) PRESTIGE 2017,,,
10/26/2025,14:00,21444993,,GotSport,Soccer,U-11,PITMAN SA PITMAN SA WILDCATS 2015,WEST DEPTFORD SC COBRAS 2015,PITMAN-LAMBS ROAD,,
10/26/2025,14:00,21444995,,GotSport,Soccer,U-11,PENNSVILLE SOCCER ASSOCIATION PENNSVILLE EAGLES BLUE 2015,SWEDESBORO WOOLWICH SOCCER ASSOC. SWSA MAYHEM FC 2015,PENNSVILLE,,
10/26/2025,14:00,21409423,,GotSport,Soccer,U-10,PENNS GROVE SC PENNS GROVE SC DRAGONS 2016,FRANKLIN TOWNSHIP YOUTH SOCCER ASSOCIATION JERSEY DEVILS 2016,PG-CP-PED- Carney's Point Rec Center,,
10/26/2025,14:00,21332138,,GotSport,Soccer,U-12,TAR-KILL SOCCER CLUB TARKILL CHELSEA 2014,CHERRY HILL SC CHERRY HILL SC UNION 2015,TARKILL-STERLING HS,,
10/26/2025,14:00,21342817,,GotSport,Soccer,U-9,SJ FUTBOL CLUB SJ FUTBOL CLUB HAMMERS 2017,HADDON TWP SOCCER CLUB HADDON TWP. RED HAWKS 2017,SJFC - UPPER DEERFIELD RECREATION COMPLEX,,
10/26/2025,14:00,21342818,,GotSport,Soccer,U-9,PITTSGROVE SOCCER CLUB PSC PREDATORS 2017,AUDUBON SOCCER YOUTH ASSOCIATION AUDUBON CROSSFIRE 2017,PITTSGROVE-GREEN BRANCH,,
10/26/2025,14:00,21390134,,GotSport,Soccer,U-10,UPPER TOWNSHIP SA UPPER TOWNSHIP SA THUNDER 2016,CHERRY HILL SC CHERRY HILL SC 72S DEL MUNDO 2016,UPPER TWP-Amanda's Field Complex,,
10/26/2025,14:00,21374671,,GotSport,Soccer,U-12,MANTUA TOWNSHIP SA 2014B MANTUA UNITED,VOORHEES SA LIGHTNING 2014,MANTUA TWP,,
10/26/2025,14:00,22116977,,GotSport,Soccer,U-8,WEST DEPTFORD SC STRIKERS 2018,DEPTFORD SA DEPTFORD SPARTANS 2018 BOYS,W DEPTFORD-WD PARK,,
10/26/2025,14:00,21405478,,GotSport,Soccer,U-9,PENNSVILLE SOCCER ASSOCIATION PENNSVILLE EAGLES GOLD 2017,HARRISON SC HARRISON HAVOC 2017,PENNSVILLE,,
10/26/2025,14:00,21405477,,GotSport,Soccer,U-9,PITMAN SA PITMAN SA PANTHERS 2017,WOODBURY SOCCER CLUB WOODBURY WARRIORS 2017,PITMAN - Dell,,
10/26/2025,14:00,21346732,,GotSport,Soccer,U-11,COLLINGSWOOD OAKLYN SOCCER CLUB COSC COBRAS 2015,WOODBURY SOCCER CLUB WOODBURY BOLTS 2015,COSC- Oaklyn Public School,,
10/26/2025,14:00,21409422,,GotSport,Soccer,U-10,WOODSTOWN SOCCER CLUB WOODSTOWN UNITED 2016,MANTUA TOWNSHIP SA MANTUA 2016B,WOODSTOWN,,
10/26/2025,14:00,21345337,,GotSport,Soccer,U-11,MAINLAND UNITED SA MAINLAND UNITED SA MUSTANGS RED 2015 B,PENNSAUKEN YOUTH SOCCER CLUB UNITED 2015,MAINLAND - MEMORIAL PARK,,
10/26/2025,14:00,21342278,,GotSport,Soccer,U-12,EGG HARBOR TOWNSHIP SC EGG HARBOR SC EAGLES 2014,VINELAND SA VINELAND TERMINATORS 2014,Egg Harbor Twp HS,,
10/26/2025,14:00,21445017,,GotSport,Soccer,U-9,CHERRY HILL FC JUNIOR PREMIER RED 2017,CINNAMINSON SC CINNAMINSON SC RAIDERS 2017,CHFC - DeCOU,,
10/26/2025,14:00,21352206,,GotSport,Soccer,U-14,HADDON TWP SOCCER CLUB HADDON TWP WHITE HAWKS 2012,HADDONFIELD SC BLACK 2012,HADDON TWP - RECCHINO FIELDS,,
10/26/2025,14:00,21354897,,GotSport,Soccer,U-13,MONROE TOWNSHIP YS MONROE UNITED 2013,MEDFORD STRIKERS SC MEDFORD STRIKERS 2013 BOYS,MONROE TWP - CORKERY LANE,,
10/26/2025,14:00,21352840,,GotSport,Soccer,U-11,RANCOCAS VALLEY SC RANCOCAS VALLEY SC BOYS STEALTH 2015,UPPER TOWNSHIP SA UPPER TOWNSHIP SA SUPER SONICS 2015,Rancocas Valley-LUMBERTON MUNICIPAL,,
10/26/2025,14:00,21444278,,GotSport,Soccer,U-12,MOORESTOWN SC HORNETS 2014,WATERFORD ATHLETIC ASSN WINGS 2014,MOORESTOWN - SALEM RD/PRYOR PARK,,
10/26/2025,14:00,21317893,,GotSport,Soccer,U-15,VOORHEES SA BLUES 2011,WINSLOW TOWNSHIP YSA WINSLOW WILDCATS 2011,VOORHEES-EASTERN HS,,
10/26/2025,14:00,21349358,,GotSport,Soccer,U-13,WTSC WTSC WASHINGTON SELECT 2013B,HAMMONTON YSA HAMMONTON HEAT BOYS 2013,,,
10/26/2025,14:00,21351937,,GotSport,Soccer,U-13,WOODSTOWN SOCCER CLUB WOODSTOWN PREDATORS 2013,HADDON HEIGHTS SC 2013 GARNET STORM,WOODSTOWN,,
10/26/2025,14:00,21444955,,GotSport,Soccer,U-11,MEDFORD SC MEDFORD SC GOLD 2015,SWEDESBORO WOOLWICH SOCCER ASSOC. SWSA GUNNERS 2015,MEDFORD - BENDE PARK,,
10/26/2025,14:00,21317892,,GotSport,Soccer,U-15,MOUNT LAUREL UNITED (MLU) RANGERS 2011,CHERRY HILL SC CHERRY HILL SC BLUE (2011) - BOYS,MLU-TROTTERS,,
10/26/2025,14:00,21352205,,GotSport,Soccer,U-14,EDGEWATER PARK ATHLETIC ASSOCIATION EP UNITED 2012,PENNSAUKEN YOUTH SOCCER CLUB TITANS 2012,,,
10/26/2025,14:00,21374672,,GotSport,Soccer,U-12,SJ FUTBOL CLUB SJ FUTBOL CLUB SOUNDERS 2014,HADDONFIELD SC RED 2014,SJFC - UPPER DEERFIELD RECREATION COMPLEX,,
10/26/2025,14:00,21374670,,GotSport,Soccer,U-12,SENECA UNITED SC THUNDER 2014,HADDON TWP SOCCER CLUB HADDON TWP WHITE HAWKS 2015,SENECA - STONEY CREEK FIELDS,,
10/26/2025,14:00,21375375,,GotSport,Soccer,U-9,TAR-KILL SOCCER CLUB TARKILL UNION 2017,MEDFORD SC MEDFORD SC WHITE LIGHTNING 2017B,TARKILL-STERLING HS,,
10/26/2025,14:00,21409385,,GotSport,Soccer,U-10,CLAYTON SA CLIPPERS 2016,EAST GREENWICH SA EGSA FALCONS 2016,CLAYTON - BENTZ,,
10/26/2025,14:00,21349342,,GotSport,Soccer,U-12,WEST DEPTFORD SC AVALANCHE 2014,WTSC WTSC WASHINGTON SELECT 2014B,W DEPTFORD-WD PARK,,
10/26/2025,14:00,21332835,,GotSport,Soccer,U-13,WEST DEPTFORD SC WEST DEPTFORD WIZARDS 2013,WTSC WTSC WASHINGTON UNITED 2014B,W DEPTFORD-WD PARK,,
10/26/2025,14:00,21408655,,GotSport,Soccer,U-10,HARRISON SC HARRISON HURRICANES 2016,SWEDESBORO WOOLWICH SOCCER ASSOC. SWSA VENOM 2016,HARRISON - William Wilt Soccer Complex,,
10/26/2025,14:00,21332894,,GotSport,Soccer,U-13,MAINLAND UNITED SA MAINLAND UNITED SA MUSTANGS RED 2014 B,MOORESTOWN SC RAPTORS 2013,MAINLAND - MEMORIAL PARK,,
10/26/2025,14:00,21332895,,GotSport,Soccer,U-13,CINNAMINSON SC CINNAMINSON SC STRIKERS 2013,COLLINGSWOOD OAKLYN SOCCER CLUB TITANS 2013,CINNAMINSON SC - MEMORIAL,,
10/26/2025,14:00,21375445,,GotSport,Soccer,U-11,BURLINGTON TOWNSHIP SOCCER THUNDER 2015,MONROE TOWNSHIP YS UNITED BLUE 2015,BURLINGTON TWP - PINEWALD AVE,,
10/26/2025,14:00,21354738,,GotSport,Soccer,U-12,GATEWAY UNITED SOCCER CLUB GU GREYHOUNDS 2014,HAMMONTON YSA HAMMONTON HEAT BOYS 2014,GATEWAY UTD. - WESTVILLE,,
10/26/2025,14:00,21349073,,GotSport,Soccer,U-9,MARLTON SOCCER CLUB MARLTON SC CHIEFS WHITE 2017,MEDFORD SC MEDFORD SC COLUMBIA 2017B,MARLTON - MEMORIAL,,
10/26/2025,14:00,21445045,,GotSport,Soccer,U-9,CHERRY HILL SC CHERRY HILL SC WHITE (2017) - BOYS,HADDONFIELD SC BLACK 2017,CHSC - UPPER CHAPEL TURF,,
10/26/2025,14:10,22002493,,GotSport,Soccer,U-19,EAST GREENWICH SA EGSA THUNDER 2009,WINSLOW TOWNSHIP YSA WINSLOW VIPERS 2009,E GREENWICH - THOMPSON FAMILY PARK,,
10/26/2025,14:15,21354997,,GotSport,Soccer,U-12,DEPTFORD SA FUSION 2015,PENNSAUKEN YOUTH SOCCER CLUB AVENGERS 2014,DEPTFORD SC,,
10/26/2025,14:15,21405476,,GotSport,Soccer,U-9,MILLVILLE SA MILLVILLE PANTHERS 2017,WTSC WTSC WASHINGTON LEGACY 2017B,MILLVILLE SOCCER COMPLEX,,
10/26/2025,14:30,21352126,,GotSport,Soccer,U-11,ATLANTIC UNITED SOCCER CLUB ATLANTIC UNITED PREMIER FIRE 2015 B,VOORHEES SA PYTHONS 2015,ATLANTIC - TARTAGLIO,,
10/26/2025,14:30,21392107,,GotSport,Soccer,U-11,CINNAMINSON SC CINNAMINSON SC PIRATES SEA DOGS 2015,AUDUBON SOCCER YOUTH ASSOCIATION AUDUBON BOYS LIGHTNING 2015,CINNAMINSON SC - MEMORIAL,,
10/26/2025,14:30,21332185,,GotSport,Soccer,U-9,VOORHEES SA BLUE DEVILS 2017,TBAA TBAA TBAA REVOLUTION 2017,VOORHEES-Echelon Complex,,
10/26/2025,14:30,21375588,,GotSport,Soccer,U-9,LOGAN SOCCER CLUB  LOGAN BOOM BLUE 2017,COLLINGSWOOD OAKLYN SOCCER CLUB COSC TSUNAMI 2017,LOGAN - TWP LINE,,
10/26/2025,14:30,21354866,,GotSport,Soccer,U-10,CINNAMINSON SC CINNAMINSON SC VIPERS 2016,MARLTON SOCCER CLUB MARLTON SC CHIEFS ORANGE 2016,CINNAMINSON SC - MEMORIAL,,
10/26/2025,14:30,21390199,,GotSport,Soccer,U-10,SENECA UNITED SC RAPTORS 2016,COLLINGSWOOD OAKLYN SOCCER CLUB SPARTANS 2016,SENECA - STONEY CREEK FIELDS,,
10/26/2025,14:30,21347755,,GotSport,Soccer,U-10,CINNAMINSON SC CINNAMINSON SC TITANS 2016,HADDON TWP SOCCER CLUB HADDON TWP WHITE HAWKS 2016,CINNAMINSON SC - MEMORIAL,,
10/26/2025,14:30,21345307,,GotSport,Soccer,U-10,MONROE TOWNSHIP YS MONROE UNITED 2017,MOORESTOWN SC WARRIORS 2016,MONROE TWP - CORKERY LANE,,
10/26/2025,14:30,21406118,,GotSport,Soccer,U-10,CAPE EXPRESS CE NOR'EASTERS 2016,HAMMONTON YSA HAMMONTON HEAT BOYS 2016,CAPE EX SOCCER COMPLEX At Ockie Wisting,,
10/26/2025,14:30,21445018,,GotSport,Soccer,U-9,SWEDESBORO WOOLWICH SOCCER ASSOC. SWSA COBRAS 2017,VOORHEES SA VENOM 2017,SW-Locke Avenue Park,,
10/26/2025,14:30,21343131,,GotSport,Soccer,U-8,MOUNT LAUREL UNITED (MLU) TRIBE 2018,MARLTON SOCCER CLUB MARLTON SC CHIEFS ORANGE 2018,MLU-MARNE HWY,,
10/26/2025,14:30,21324782,,GotSport,Soccer,U-12,AUDUBON SOCCER YOUTH ASSOCIATION AUDUBON ATTACK - BOYS 2014,CHERRY HILL SC CHERRY HILL SC FORCE 2014,AUDUBON - GREEN WAVE PARK,,
10/26/2025,14:30,21333108,,GotSport,Soccer,U-8,HADDONFIELD SC FIRE 2018,WTSC WTSC WASHINGTON PREMIER 2018 BOYS,HADDONFIELD - CROWS WOODS,,
10/26/2025,14:30,22117011,,GotSport,Soccer,U-8,WTSC WTSC WASHINGTON SELECT 2018 BOYS,MANTUA TOWNSHIP SA MANTUA WARRIORS 2018B,,,
10/26/2025,14:30,21366145,,GotSport,Soccer,U-12,FRANKLIN TOWNSHIP YOUTH SOCCER ASSOCIATION STORM 2014,TBAA TBAA TBAA OUTLAWS 2014,FRANKLIN TWP YOUTH COMPLEX,,
10/26/2025,15:00,21716247,,GotSport,Soccer,U-10,WINSLOW TOWNSHIP YSA WINSLOW SPARTANS 2016,BARRINGTON SC BARRINGTON SC STORM 2016,,,
10/26/2025,15:15,21333314,,GotSport,Soccer,U-13,MILLVILLE SA MILLVILLE UNITED 2013,PITMAN SA PITMAN SA TIGERS 2013,MILLVILLE SOCCER COMPLEX,,
10/26/2025,15:15,21349248,,GotSport,Soccer,U-8,HIGHLAND YOUTH SOCCER CLUB U8 BOYS 2018,VOORHEES SA RAIDERS 2018,HIGHLAND - GLOUCESTER TWP PARK,,
10/26/2025,15:20,21409721,,GotSport,Soccer,U-16,SJ FUTBOL CLUB SJ FUTBOL CLUB WOLVES,BORDENTOWN FC BORDENTOWN FC PANTHERS 2010,SJFC - UPPER DEERFIELD RECREATION COMPLEX,,
10/26/2025,15:30,21354868,,GotSport,Soccer,U-10,HARRISON SC HARRISON LEGENDS 2016,EGG HARBOR TOWNSHIP SC EGG HARBOR SC EAGLES WHITE 2016,HARRISON - William Wilt Soccer Complex,,
10/26/2025,15:30,21444404,,GotSport,Soccer,U-14,TAR-KILL SOCCER CLUB TARKILL BARCELONA 2012,FRANKLIN TOWNSHIP YOUTH SOCCER ASSOCIATION CRUSADERS 2012,TARKILL-STERLING HS,,
10/26/2025,15:30,21318472,,GotSport,Soccer,U-14,PENNSVILLE SOCCER ASSOCIATION PENNSVILLE EAGLES 2012,VINELAND SA FURY 2012,PENNSVILLE,,
10/26/2025,15:30,21354998,,GotSport,Soccer,U-12,MARLTON SOCCER CLUB MARLTON SC CHIEFS ORANGE 2015,MEDFORD STRIKERS SC MEDFORD STRIKERS 2014 BOYS,MARLTON - MEMORIAL,,
10/26/2025,15:30,21406117,,GotSport,Soccer,U-10,WEST DEPTFORD SC WILDCATS 2016,HIGHLAND YOUTH SOCCER CLUB MAYHEM 2016,W DEPTFORD-WD PARK,,
10/26/2025,15:30,21444609,,GotSport,Soccer,U-15,HARRISON SC HARRISON THUNDER FÚTBOL ACADEMY 2011,EGG HARBOR TOWNSHIP SC EGG HARBOR SC EAGLES BLACK 2011,HARRISON - William Wilt Soccer Complex,,
10/26/2025,15:30,21354708,,GotSport,Soccer,U-9,EAST GREENWICH SA EGSA UNITED 2017,MARLTON SOCCER CLUB MARLTON SC CHIEFS ORANGE 2017,E GREENWICH - THOMPSON FAMILY PARK,,
10/26/2025,15:30,21333268,,GotSport,Soccer,U-13,MEDFORD SC MEDFORD SC BLUE DEVILS 2013,HADDONFIELD SC RED 2013,MEDFORD - BENDE PARK,,
10/26/2025,15:30,21375408,,GotSport,Soccer,U-11,PENNSVILLE SOCCER ASSOCIATION PENNSVILLE EAGLES GOLD 2015,HARRISON SC HARRISON BLUE REBELS 2015,PENNSVILLE,,
10/26/2025,15:30,21347637,,GotSport,Soccer,U-8,DELRAN FC SOCCER DELRAN FC BLACK 2018,HADDON HEIGHTS SC VIPERS 2018,,,
10/26/2025,15:30,21352024,,GotSport,Soccer,U-9,EGG HARBOR TOWNSHIP SC EGG HARBOR SC EAGLES BLACK 2017,PITMAN SA PITMAN SA LIONS 2017,Egg Harbor Twp HS,,
10/26/2025,15:30,21324698,,GotSport,Soccer,U-13,RANCOCAS VALLEY SC RANCOCAS VALLEY SC BOYS RONALDO 2013,EGG HARBOR TOWNSHIP SC EGG HARBOR SC EAGLES BLACK 2013,Rancocas Valley-LUMBERTON MUNICIPAL,,
10/26/2025,15:30,21349405,,GotSport,Soccer,U-14,PENNS GROVE SC PENNS GROVE SC RAGE 2012,HARRISON SC HARRISON WILDCATS 2012,PG-CP-PED- Carney's Point Rec Center,,
10/26/2025,15:30,21354959,,GotSport,Soccer,U-11,MOORESTOWN SC ELECTRIC RAYS 2015,DELRAN FC SOCCER DELRAN FC COBRAS 2015,MOORESTOWN - SALEM RD/PRYOR PARK,,
10/26/2025,15:30,21333317,,GotSport,Soccer,U-13,WEST DEPTFORD SC WARRIORS 2013,CHERRY HILL SC CHERRY HILL SC FORCE 2013,W DEPTFORD-WD PARK,,
10/26/2025,15:30,21332267,,GotSport,Soccer,U-11,PALMYRA RIVERTON SC NATIONALS 2015,MAPLE SHADE SC MAPLE SHADE WILD 2015,,,
10/26/2025,15:30,22116976,,GotSport,Soccer,U-8,CHERRY HILL SC CHERRY HILL SC BLACKOUT (2018) - BOYS,LOGAN SOCCER CLUB  LOGAN IMPACT BLACK 2018,CHSC - UPPER CHAPEL TURF,,
10/26/2025,15:30,21391808,,GotSport,Soccer,U-13,WINSLOW TOWNSHIP YSA WINSLOW SHARKS 2013,HADDONFIELD SC BLACK 2013,,,
10/26/2025,15:30,21408623,,GotSport,Soccer,U-11,VOORHEES SA VIPERS 2015,HADDONFIELD SC RED 2015,VOORHEES-Echelon Complex,,
10/26/2025,15:30,21332863,,GotSport,Soccer,U-16,MARLTON SOCCER CLUB MARLTON SC CHIEFS WHITE 2010,VINELAND SA STRIKERS 2011,MARLTON - MEMORIAL,,
10/26/2025,15:30,21351692,,GotSport,Soccer,U-8,PITMAN SA PITMAN SA TOMCATS 2018,GATEWAY UNITED SOCCER CLUB GUSC MAGPIES B2018,PITMAN - Dell,,
10/26/2025,15:30,21324335,,GotSport,Soccer,U-11,BURLINGTON TOWNSHIP SOCCER PHOENIX 2015,NORTHERN BURLINGTON SA NORTHERN BURLINGTON STORM 2015,BURLINGTON TWP - PINEWALD AVE,,
10/26/2025,15:30,21409424,,GotSport,Soccer,U-10,PENNSVILLE SOCCER ASSOCIATION PENNSVILLE EAGLES 2016,GATEWAY UNITED SOCCER CLUB GUSC BLUES B2016/17,PENNSVILLE,,
10/26/2025,15:30,21346504,,GotSport,Soccer,U-10,BORDENTOWN FC BORDENTOWN FC REVOLUTION 2016,CHERRY HILL SC CHERRY HILL SC THUNDER (2016),BORDENTOWN - FRIENDSHIP FIELDS,,
10/26/2025,15:30,21349357,,GotSport,Soccer,U-13,WOODSTOWN SOCCER CLUB WOODSTOWN WOLVERINES 2013,RANCOCAS VALLEY SC RVSC - CELTIC 2014,WOODSTOWN,,
10/26/2025,15:30,21332896,,GotSport,Soccer,U-13,BURLINGTON TOWNSHIP SOCCER STRIKERS 2013,WTSC WTSC WASHINGTON PREMIER 2013B,BURLINGTON TWP - PINEWALD AVE,,
10/26/2025,15:30,21317891,,GotSport,Soccer,U-15,GATEWAY UNITED SOCCER CLUB GUSC WILDCATS B2011,DELRAN FC SOCCER DELRAN FC FLASH 2011,GATEWAY UTD. - WESTVILLE,,
10/26/2025,15:30,21374506,,GotSport,Soccer,U-14,LOGAN SOCCER CLUB  LOGAN FUSION 2012,EGG HARBOR TOWNSHIP SC EGG HARBOR SC EAGLES 2012 BLACK,LOGAN - TWP LINE,,
10/26/2025,15:30,21374335,,GotSport,Soccer,U-14,HADDON TWP SOCCER CLUB HADDON TWP RED HAWKS 2012,COLLINGSWOOD OAKLYN SOCCER CLUB KNIGHTS 2012,HADDON TWP - RECCHINO FIELDS,,
10/26/2025,15:30,21349277,,GotSport,Soccer,U-8,PALMYRA RIVERTON SC NEW U8B - 2018,DELRAN FC SOCCER DELRAN FC GREY 2018,,,
10/26/2025,15:30,21354740,,GotSport,Soccer,U-12,MANTUA TOWNSHIP SA MANTUA OUTLAWS 2014B,TBAA TBAA TBAA SYNDICATE 2014,MANTUA TWP,,
10/26/2025,15:30,21392038,,GotSport,Soccer,U-8,PITTSGROVE SOCCER CLUB PSC DYNASTY 2018,SWEDESBORO WOOLWICH SOCCER ASSOC. SWSA SUPERNOVA 2018,PITTSGROVE-GREEN BRANCH,,
10/26/2025,15:30,21318323,,GotSport,Soccer,U-15,VOORHEES SA FORCE 2012,PALMYRA RIVERTON SC WARRIORS 2011,VOORHEES-EASTERN HS,,
10/26/2025,15:30,21318324,,GotSport,Soccer,U-15,DELRAN FC SOCCER STORM,HIGHLAND YOUTH SOCCER CLUB U15 BOYS 2011/12,,,
10/26/2025,15:30,21444388,,GotSport,Soccer,U-14,DEPTFORD SA THUNDER 2012,MEDFORD SC MEDFORD SC DESTROYERS 2012,DEPTFORD SC,,
10/26/2025,15:30,21353157,,GotSport,Soccer,U-12,WEST DEPTFORD SC EAGLES 2014,HIGHLAND YOUTH SOCCER CLUB THUNDER 2014,W DEPTFORD-WD PARK,,
10/26/2025,15:30,21354898,,GotSport,Soccer,U-13,CINNAMINSON SC CINNAMINSON SC THUNDERBIRDS 2013,EGG HARBOR TOWNSHIP SC EGG HARBOR SC EAGLES WHITE 2013,CINNAMINSON SC - MEMORIAL,,
10/26/2025,15:30,21349278,,GotSport,Soccer,U-8,MOORESTOWN SC SHOOTERS 2018,NORTHERN BURLINGTON SA NORTHERN BURLINGTON BASH 2018,MOORESTOWN - MEMORIAL FIELDS,,
10/26/2025,15:30,21324290,,GotSport,Soccer,U-9,RANCOCAS VALLEY SC RANCOCAS VALLEY SC BOYS DEVILS 2017,MAPLE SHADE SC MAPLE SHADE CHAOS 2017,Rancocas Valley-LUMBERTON MUNICIPAL,,
10/26/2025,15:30,21342490,,GotSport,Soccer,U-9,PENNS GROVE SC PENNS GROVE SC RENEGADES 2017,WEST DEPTFORD SC WARRIORS 2017,PG-CP-PED- Carney's Point Rec Center,,
10/26/2025,15:30,21390200,,GotSport,Soccer,U-10,TAR-KILL SOCCER CLUB TARKILL 2016 BOYS,LOGAN SOCCER CLUB  LOGAN MAYHEM BLACK 2016,TARKILL-STERLING HS,,
10/26/2025,15:30,21444953,,GotSport,Soccer,U-11,SENECA UNITED SC PARK RANGERS 2015,LOGAN SOCCER CLUB  LOGAN ARMADA BLACK 2015,SENECA - STONEY CREEK FIELDS,,
10/26/2025,15:30,21342489,,GotSport,Soccer,U-9,WOODSTOWN SOCCER CLUB WOODSTOWN WARRIORS 2017,EAST GREENWICH SA EGSA COBRAS 2017,WOODSTOWN,,
10/26/2025,15:30,21405663,,GotSport,Soccer,U-10,UPPER TOWNSHIP SA UPPER TOWNSHIP SA BREAKERS 2016,WTSC WTSC WASHINGTON PREMIER 2016B,UPPER TWP-Amanda's Field Complex,,
10/26/2025,15:30,21454395,,GotSport,Soccer,U-9,MAINLAND UNITED SA MAINLAND UNITED SA MUSTANGS RED 2017 B,EGG HARBOR TOWNSHIP SC EGG HARBOR SC EAGLES 2017,MAINLAND - MEMORIAL PARK,,
10/26/2025,15:30,21375589,,GotSport,Soccer,U-9,HARRISON SC HARRISON HURRICANES 2017,HADDONFIELD SC WHITE 2017,HARRISON - William Wilt Soccer Complex,,
10/26/2025,15:30,21343132,,GotSport,Soccer,U-8,MEDFORD SC MEDFORD SC NAVY 2018B,CHERRY HILL SC CHERRY HILL SC VORTEX (2018),MEDFORD SC - Bob Meyer Memorial Park,,
10/26/2025,15:30,21366146,,GotSport,Soccer,U-12,PITTSGROVE SOCCER CLUB PSC PREMIER 2014,HADDON TWP SOCCER CLUB HADDON TWP RED HAWKS 2014,PITTSGROVE-GREEN BRANCH,,
10/26/2025,15:30,21352267,,GotSport,Soccer,U-16,EDGEWATER PARK ATHLETIC ASSOCIATION EP WIZARDS 2010,HARRISON SC HARRISON SC STORM 2010,,,
10/26/2025,15:30,21444994,,GotSport,Soccer,U-11,EAST GREENWICH SA EGSA FLYERS 2015,COHANSEY SC COHANSEY PREMIER DYNAMO 2015 SJSL,E GREENWICH - THOMPSON FAMILY PARK,,
10/26/2025,15:30,21374479,,GotSport,Soccer,U-14,MOUNT LAUREL UNITED (MLU) HAWKS 2012,PITTSGROVE SOCCER CLUB PSC SPURS '12,MLU-TROTTERS,,
10/26/2025,15:45,21347636,,GotSport,Soccer,U-8,CINNAMINSON SC CINNAMINSON SC PIRATES 2018,HADDON TWP SOCCER CLUB HADDON TWP. WHITE HAWKS 2018,CINNAMINSON SC - MEMORIAL,,
10/26/2025,15:45,21342488,,GotSport,Soccer,U-9,SWEDESBORO WOOLWICH SOCCER ASSOC. SWSA VIPERS 2017,WATERFORD ATHLETIC ASSN WATERFORD WINGS 2017,SW-Locke Avenue Park,,
10/26/2025,15:45,21367900,,GotSport,Soccer,U-11,ATLANTIC UNITED SOCCER CLUB ATLANTIC UNITED PREMIER WHITE 2015B,EGG HARBOR TOWNSHIP SC EGG HARBOR SC EAGLES BLACK 2015,ATLANTIC - TARTAGLIO,,
10/26/2025,15:45,21332187,,GotSport,Soccer,U-9,CINNAMINSON SC CINNAMINSON SC RED 2017,CHERRY HILL SC CHERRY HILL SC DYNAMO (2017),CINNAMINSON SC - MEMORIAL,,
10/26/2025,15:45,21324781,,GotSport,Soccer,U-12,WTSC WTSC WASHINGTON PREMIER 2014B,HADDON HEIGHTS SC HADDON HEIGHTS SC MIGHTY TITANS 2014,,,
10/26/2025,15:45,21318387,,GotSport,Soccer,U-10,VOORHEES SA DESTROYERS 2016,MEDFORD SC MEDFORD SC WHITE 2016,VOORHEES-Echelon Complex,,
10/26/2025,15:45,21375590,,GotSport,Soccer,U-9,LOGAN SOCCER CLUB  LOGAN BOOM BLACK 2017,EAST GREENWICH SA EGSA STRIKERS 2017,LOGAN - TWP LINE,,
10/26/2025,15:45,21318386,,GotSport,Soccer,U-10,HADDONFIELD SC RED 2016,MONROE TOWNSHIP YS MONROE UNITED 2016B,HADDONFIELD - CROWS WOODS,,
10/26/2025,15:45,21342232,,GotSport,Soccer,U-8,CAPE EXPRESS CE TORNADOS 2018,HAMMONTON YSA HAMMONTON HEAT BOYS 2018,CAPE EX SOCCER COMPLEX At Ockie Wisting,,
10/26/2025,15:45,21354957,,GotSport,Soccer,U-11,MILLVILLE SA MILLVILLE PREDATORS 2015,HADDON HEIGHTS SC HADDON HEIGHTS SC CHEETAHS 2015,MILLVILLE SOCCER COMPLEX,,
10/26/2025,15:45,21354999,,GotSport,Soccer,U-12,CINNAMINSON SC CINNAMINSON SC CHARGERS 2014,MARLTON SOCCER CLUB MARLTON SC CHIEFS WHITE 2014,CINNAMINSON SC - MEMORIAL,,
10/26/2025,15:45,21375374,,GotSport,Soccer,U-9,WTSC WTSC WASHINGTON PREMIER 2017B,NORTHERN BURLINGTON SA NORTHERN BURLINGTON FORCE 2017,,,
10/26/2025,15:45,21332266,,GotSport,Soccer,U-11,DEPTFORD SA THUNDER 2015,PENNSAUKEN YOUTH SOCCER CLUB LIONS 2015,DEPTFORD SC,,
10/26/2025,15:45,21408654,,GotSport,Soccer,U-10,MONROE TOWNSHIP YS MONROE UNITED BLUE 2016,HADDON HEIGHTS SC RUCKUS 2016,MONROE TWP - CORKERY LANE,,
10/26/2025,15:45,21353115,,GotSport,Soccer,U-11,MAINLAND UNITED SA MAINLAND UNITED SA MUSTANGS BLACK 2015 B,MEDFORD SC MEDFORD SC WHITE 2015,MAINLAND - MEMORIAL PARK,,
10/26/2025,15:45,21346058,,GotSport,Soccer,U-9,MOUNT LAUREL UNITED (MLU) SUPER EAGLES 2017,HADDON TWP SOCCER CLUB HADDON TWP. WHITE HAWKS 2017,MLU-MARNE HWY,,
10/26/2025,15:45,21342098,,GotSport,Soccer,U-11,FRANKLIN TOWNSHIP YOUTH SOCCER ASSOCIATION ATLAS 2015,UPPER TOWNSHIP SA UPPER TOWNSHIP SA COMETS GREEN 2015,FRANKLIN TWP YOUTH COMPLEX,,
10/26/2025,15:45,21349247,,GotSport,Soccer,U-8,HADDONFIELD SC THUNDER 2018,MOORESTOWN SC GOLDEN STRIKERS 2018,HADDONFIELD - CROWS WOODS,,
10/26/2025,15:45,21324783,,GotSport,Soccer,U-12,MONROE TOWNSHIP YS UNITED BOYS BLUE 2014,SWEDESBORO WOOLWICH SOCCER ASSOC. SWSA LIGHTNING 2014,MONROE TWP - CORKERY LANE,,
10/26/2025,15:45,21352039,,GotSport,Soccer,U-9,SENECA UNITED SC WILDCATS 2017,UPPER TOWNSHIP SA UPPER TOWNSHIP SA HEAT 2017,SENECA - STONEY CREEK FIELDS,,
10/26/2025,15:50,21318471,,GotSport,Soccer,U-14,EAST GREENWICH SA EGSA VENOM 2012,SWEDESBORO WOOLWICH SOCCER ASSOC. SWSA SHARKS 2012,E GREENWICH - THOMPSON FAMILY PARK,,
10/26/2025,16:00,21349404,,GotSport,Soccer,U-14,AUDUBON SOCCER YOUTH ASSOCIATION AUDUBON SOCCER YOUTH BALLERS 2012,BERLIN SOCCER CLUB BALL BREAKERS 2012/13,AUDUBON - GREEN WAVE PARK,,
11/02/2025,11:00,21351942,,GotSport,Soccer,U-13,MILLVILLE SA MILLVILLE REBELS 2013,MOUNT LAUREL UNITED (MLU) TIGERS 2013,MILLVILLE SOCCER COMPLEX,,
11/02/2025,11:00,21317886,,GotSport,Soccer,U-15,TBAA TBAA TBAA TITANS 2011,VOORHEES SA BLUES 2011,TBAA-VALLEY BROOK,,
11/02/2025,11:00,22117004,,GotSport,Soccer,U-8,CHERRY HILL SC CHERRY HILL SC BLACKOUT (2018) - BOYS,WTSC WTSC WASHINGTON SELECT 2018 BOYS,CHSC - CH WEST HS,,
11/02/2025,11:00,21343134,,GotSport,Soccer,U-8,VOORHEES SA SUPER STRIKERS 2018,MEDFORD SC MEDFORD SC NAVY 2018B,VOORHEES-Echelon Complex,,
11/02/2025,11:00,21346507,,GotSport,Soccer,U-10,CHERRY HILL SC CHERRY HILL SC THUNDER (2016),DELRAN FC SOCCER DELRAN FC UNION 2016,CHSC - UPPER CHAPEL TURF,,
11/02/2025,11:00,21354711,,GotSport,Soccer,U-9,MEDFORD SC MEDFORD SC NAVY RENEGADES 2017B,EAST GREENWICH SA EGSA UNITED 2017,MEDFORD SC - Bob Meyer Memorial Park,,
11/02/2025,11:00,21345312,,GotSport,Soccer,U-10,MEDFORD SC MEDFORD SC COLUMBIA 2016,RANCOCAS VALLEY SC RANCOCAS VALLEY SC BOYS PREMIER 2016,MEDFORD SC - Bob Meyer Memorial Park,,
11/02/2025,11:00,21346735,,GotSport,Soccer,U-11,PITTSGROVE SOCCER CLUB PSC GALAXY 2015,SJ FUTBOL CLUB SJ FUTBOL CLUB RAMS 2015,PITTSGROVE-GREEN BRANCH,,
11/02/2025,11:00,21444596,,GotSport,Soccer,U-15,VOORHEES SA ATTACK 2011,EGG HARBOR TOWNSHIP SC EGG HARBOR SC EAGLES BLACK 2011,VOORHEES-EASTERN HS,,
11/02/2025,11:00,21355002,,GotSport,Soccer,U-12,MARLTON SOCCER CLUB MARLTON SC CHIEFS WHITE 2014,MARLTON SOCCER CLUB MARLTON SC CHIEFS ORANGE 2015,MARLTON - MEMORIAL,,
11/02/2025,11:00,21352845,,GotSport,Soccer,U-11,CHERRY HILL SC CHERRY HILL SC RAPTORS 2015,HADDON TWP SOCCER CLUB HADDON TWP RED HAWKS 2015,CHSC - UPPER CHAPEL TURF,,
11/02/2025,11:00,21349379,,GotSport,Soccer,U-15,WINSLOW TOWNSHIP YSA WINSLOW REAPERS 2011,MONROE TOWNSHIP YS UNITED BOYS 2011 BLUE,,,
11/02/2025,11:00,21354743,,GotSport,Soccer,U-12,TBAA TBAA TBAA SYNDICATE 2014,LOGAN SOCCER CLUB  LOGAN CHARGE BLACK 2014,TBAA-VALLEY BROOK,,
11/02/2025,11:00,21342808,,GotSport,Soccer,U-9,RANCOCAS VALLEY SC RANCOCAS VALLEY SC BOYS PREMIER 2017,BURLINGTON TOWNSHIP SOCCER BT FIRE 2017,Rancocas Valley-LUMBERTON MUNICIPAL,,
11/02/2025,11:00,21716251,,GotSport,Soccer,U-10,HADDONFIELD SC GREY 2016,WINSLOW TOWNSHIP YSA WINSLOW SPARTANS 2016,HADDONFIELD - CROWS WOODS,,
11/02/2025,11:00,21374480,,GotSport,Soccer,U-14,COLLINGSWOOD OAKLYN SOCCER CLUB KNIGHTS 2012,CINNAMINSON SC CINNAMINSON SC SKULLS 2012,WOODBURY,,
11/02/2025,11:00,21408656,,GotSport,Soccer,U-10,HADDON HEIGHTS SC RUCKUS 2016,VOORHEES SA TITANS 2016,HADD HGTS - DEVON,,
11/02/2025,11:00,21444998,,GotSport,Soccer,U-11,SWEDESBORO WOOLWICH SOCCER ASSOC. SWSA MAYHEM FC 2015,EAST GREENWICH SA EGSA FLYERS 2015,SW-Locke Avenue Park,,
11/02/2025,12:00,21392112,,GotSport,Soccer,U-11,HADDONFIELD SC WHITE 2015,MARLTON SOCCER CLUB MARLTON SC CHIEFS WHITE 2015,HADDONFIELD - CROWS WOODS,,
11/02/2025,12:00,21392111,,GotSport,Soccer,U-11,AUDUBON SOCCER YOUTH ASSOCIATION AUDUBON BOYS LIGHTNING 2015,MOUNT LAUREL UNITED (MLU) SHARKS 2015,AUDUBON - GREEN WAVE PARK,,
11/02/2025,12:00,21332865,,GotSport,Soccer,U-16,CINNAMINSON SC CINNAMINSON SC PIRATES 2010,AUDUBON SOCCER YOUTH ASSOCIATION AUDUBON SOCCER YOUTH UNITED 2010,CINNAMINSON SC - MEMORIAL,,
11/02/2025,12:00,21352208,,GotSport,Soccer,U-14,HADDONFIELD SC BLACK 2012,EDGEWATER PARK ATHLETIC ASSOCIATION EP UNITED 2012,HADDONFIELD - CROWS WOODS,,
11/02/2025,12:00,21366148,,GotSport,Soccer,U-12,HADDON TWP SOCCER CLUB HADDON TWP RED HAWKS 2014,FRANKLIN TOWNSHIP YOUTH SOCCER ASSOCIATION STORM 2014,HADDON TWP - RECCHINO FIELDS,,
11/02/2025,12:00,21317884,,GotSport,Soccer,U-15,CHERRY HILL SC CHERRY HILL SC BLUE (2011) - BOYS,GATEWAY UNITED SOCCER CLUB GUSC WILDCATS B2011,CHSC - CH WEST HS,,
11/02/2025,12:00,21332139,,GotSport,Soccer,U-12,MOUNT LAUREL UNITED (MLU) LIGHTNING 2014,VOORHEES SA VSA KNIGHTS 2014,MLU-TROTTERS,,
11/02/2025,12:00,21333024,,GotSport,Soccer,U-12,MOORESTOWN SC KILLER BEES 2014,BURLINGTON TOWNSHIP SOCCER DYNAMITE 2014,MOORESTOWN - SALEM RD/PRYOR PARK,,
11/02/2025,12:00,21318435,,GotSport,Soccer,U-15,SWEDESBORO WOOLWICH SOCCER ASSOC. SWSA RED FLAMES 2011,BURLINGTON TOWNSHIP SOCCER REBELS 2011,SW-Locke Avenue Park,,
11/02/2025,12:00,21409726,,GotSport,Soccer,U-16,MEDFORD SC MEDFORD SC MAD DOGS WHITE 2010,WTSC WTSC WASHINGTON UNITED 2010 BOYS,MEDFORD - BENDE PARK,,
11/02/2025,12:00,21318434,,GotSport,Soccer,U-15,DELRAN FC SOCCER DELRAN FC BLAST 2011,MANTUA TOWNSHIP SA 2011B MANTUA UNION,,,
11/02/2025,12:00,21333023,,GotSport,Soccer,U-12,COLLINGSWOOD OAKLYN SOCCER CLUB OUTLAWS 2014,CHERRY HILL SC CHERRY HILL SC TITANS (2014),COSC- Oaklyn Public School,,
11/02/2025,12:00,21354870,,GotSport,Soccer,U-10,MARLTON SOCCER CLUB MARLTON SC CHIEFS ORANGE 2016,HARRISON SC HARRISON LEGENDS 2016,MARLTON - MEMORIAL,,
11/02/2025,12:00,21353120,,GotSport,Soccer,U-11,EGG HARBOR TOWNSHIP SC EGG HARBOR SC EAGLES WHITE 2015,CAPE EXPRESS CE SILVER STREAK 2015,Egg Harbor Twp HS,,
11/02/2025,12:00,21409725,,GotSport,Soccer,U-16,BORDENTOWN FC BORDENTOWN FC PANTHERS 2010,MAPLE SHADE SC MAPLE SHADE BEST ELEVEN 2010,BORDENTOWN - FRIENDSHIP FIELDS,,
11/02/2025,12:00,21351697,,GotSport,Soccer,U-8,HARRISON SC HARRISON HAVOC 2018,LOGAN SOCCER CLUB  LOGAN IMPACT BLUE 2018,HARRISON - William Wilt Soccer Complex,,
11/02/2025,12:15,21409167,,GotSport,Soccer,U-10,HADDON HEIGHTS SC WARRIORS 2016,CHERRY HILL FC JUNIOR BLACK 2016,HADD HGTS - DEVON,,
11/02/2025,12:15,21332190,,GotSport,Soccer,U-9,CHERRY HILL SC CHERRY HILL SC DYNAMO (2017),DELRAN FC SOCCER DELRAN FC DEVILS 2017,CHSC - UPPER CHAPEL TURF,,
11/02/2025,12:30,21374338,,GotSport,Soccer,U-14,PITTSGROVE SOCCER CLUB PSC SPURS '12,LOGAN SOCCER CLUB  LOGAN FORCE 2012,PITTSGROVE-GREEN BRANCH,,
11/02/2025,12:30,21349407,,GotSport,Soccer,U-14,WEST DEPTFORD SC UNION 2012,PENNS GROVE SC PENNS GROVE SC RAGE 2012,W DEPTFORD-WD PARK,,
11/02/2025,12:30,21318476,,GotSport,Soccer,U-14,CAPE EXPRESS CE WHITE CAPS 2012,PENNSVILLE SOCCER ASSOCIATION PENNSVILLE EAGLES 2012,CAPE EX SOCCER COMPLEX At Ockie Wisting,,
11/02/2025,12:30,21444957,,GotSport,Soccer,U-11,LOGAN SOCCER CLUB  LOGAN ARMADA BLACK 2015,MEDFORD SC MEDFORD SC GOLD 2015,LOGAN - TWP LINE,,
11/02/2025,12:30,21333306,,GotSport,Soccer,U-13,PITMAN SA PITMAN SA TIGERS 2013,PENNSVILLE SOCCER ASSOCIATION PENNSVILLE EAGLES 2013,PITMAN - ALCYON LAKE,,
11/02/2025,12:30,21333308,,GotSport,Soccer,U-13,MOORESTOWN SC THUNDER 2013,WEST DEPTFORD SC WARRIORS 2013,MOORESTOWN - MEMORIAL FIELDS,,
11/02/2025,12:30,21346061,,GotSport,Soccer,U-9,HIGHLAND YOUTH SOCCER CLUB THUNDER 2017,BORDENTOWN FC BORDENTOWN FC REVOLUTION 2017,HIGHLAND - GLOUCESTER TWP PARK,,
11/02/2025,12:30,21347758,,GotSport,Soccer,U-10,MAPLE SHADE SC MAPLE SHADE SHARKS 2016,CINNAMINSON SC CINNAMINSON SC TITANS 2016,MAPLE SHADE - TURF FIELD,,
11/02/2025,12:30,21347760,,GotSport,Soccer,U-10,NORTHERN BURLINGTON SA NORTHERN BURLINGTON BOOM 2016,MOUNT LAUREL UNITED (MLU) RENEGADES 2016,,,
11/02/2025,12:30,21346060,,GotSport,Soccer,U-9,HADDON TWP SOCCER CLUB HADDON TWP. WHITE HAWKS 2017,DEPTFORD SA SCORPIONS 2017,,,
11/02/2025,12:30,21332189,,GotSport,Soccer,U-9,TBAA TBAA TBAA REVOLUTION 2017,CINNAMINSON SC CINNAMINSON SC RED 2017,TBAA-VALLEY BROOK,,
11/02/2025,12:30,21332188,,GotSport,Soccer,U-9,MOUNT LAUREL UNITED (MLU) PRESTIGE 2017,VOORHEES SA BLUE DEVILS 2017,MLU-MARNE HWY,,
11/02/2025,12:30,21444996,,GotSport,Soccer,U-11,COHANSEY SC COHANSEY PREMIER DYNAMO 2015 SJSL,PITMAN SA PITMAN SA WILDCATS 2015,Cohansey - Cumberland County Tech School,,
11/02/2025,12:30,21342807,,GotSport,Soccer,U-9,MEDFORD STRIKERS SC MEDFORD STRIKERS 2017 BOYS,HADDONFIELD SC RED 2017,MEDFORD STRIKERS - ARK ROAD COMPLEX,,
11/02/2025,12:30,21352042,,GotSport,Soccer,U-9,EGG HARBOR TOWNSHIP SC EGG HARBOR SC EAGLES BLACK 2017,ATLANTIC UNITED SOCCER CLUB ATLANTIC UNITED PREMIER 2017 B,,,
11/02/2025,12:30,21352209,,GotSport,Soccer,U-14,PENNSAUKEN YOUTH SOCCER CLUB TITANS 2012,MAPLE SHADE SC MAPLE SHADE FORCE 2012,Pennsauken Community Recreation Facility,,
11/02/2025,12:30,21345341,,GotSport,Soccer,U-11,PENNSAUKEN YOUTH SOCCER CLUB UNITED 2015,PENNS GROVE SC PENNS GROVE SC LIL DEVILS 2015,Pennsauken Community Recreation Facility,,
11/02/2025,12:30,21345340,,GotSport,Soccer,U-11,HAMMONTON YSA HAMMONTON HEAT BOYS 2015,MAINLAND UNITED SA MAINLAND UNITED SA MUSTANGS RED 2015 B,HAMMONTON - MOSS MILL RD PARK SOCCER COMPLEX,,
11/02/2025,12:30,21354961,,GotSport,Soccer,U-11,HADDON HEIGHTS SC HADDON HEIGHTS SC CHEETAHS 2015,MOORESTOWN SC ELECTRIC RAYS 2015,HADD HGTS - DEVON,,
11/02/2025,12:30,21445019,,GotSport,Soccer,U-9,VOORHEES SA VENOM 2017,CHERRY HILL FC JUNIOR PREMIER RED 2017,VOORHEES-Echelon Complex,,
11/02/2025,12:30,21333255,,GotSport,Soccer,U-13,EAST GREENWICH SA EGSA DYNAMO 2013,HADDONFIELD SC RED 2013,E GREENWICH - THOMPSON FAMILY PARK,,
11/02/2025,12:30,21352844,,GotSport,Soccer,U-11,UPPER TOWNSHIP SA UPPER TOWNSHIP SA SUPER SONICS 2015,TAR-KILL SOCCER CLUB TARKILL BLUES 2015,UPPER TWP-Amanda's Field Complex,,
11/02/2025,12:30,21324338,,GotSport,Soccer,U-11,NORTHERN BURLINGTON SA NORTHERN BURLINGTON STORM 2015,WOODSTOWN SOCCER CLUB WOODSTOWN WILD 2015,,,
11/02/2025,12:30,21351940,,GotSport,Soccer,U-13,UPPER TOWNSHIP SA UPPER TOWNSHIP SA HURRICANES WHITE 2014,WOODSTOWN SOCCER CLUB WOODSTOWN PREDATORS 2013,UPPER TWP-Amanda's Field Complex,,
11/02/2025,12:30,21374673,,GotSport,Soccer,U-12,VOORHEES SA LIGHTNING 2014,SENECA UNITED SC THUNDER 2014,VOORHEES-Echelon Complex,,
11/02/2025,12:30,21373624,,GotSport,Soccer,U-10,HADDONFIELD SC WHITE 2016,WOODSTOWN SOCCER CLUB WOODSTOWN WOLVES 2016,HADDONFIELD - CROWS WOODS,,
11/02/2025,12:30,21373622,,GotSport,Soccer,U-10,VINELAND SA VINELAND VIPERS 2016 BOYS,EAST GREENWICH SA EGSA ROYALS 2016,VINELAND SA,,
11/02/2025,12:30,21324294,,GotSport,Soccer,U-9,MEDFORD SC MEDFORD SC GOLD 2017B,RANCOCAS VALLEY SC RANCOCAS VALLEY SC BOYS DEVILS 2017,MEDFORD SC - Bob Meyer Memorial Park,,
11/02/2025,12:30,21342481,,GotSport,Soccer,U-9,EAST GREENWICH SA EGSA COBRAS 2017,SWEDESBORO WOOLWICH SOCCER ASSOC. SWSA VIPERS 2017,E GREENWICH - THOMPSON FAMILY PARK,,
11/02/2025,12:30,22002495,,GotSport,Soccer,U-19,WINSLOW TOWNSHIP YSA WINSLOW VIPERS 2009,DEPTFORD SA AVENGERS 2009,,,
11/02/2025,12:30,21332897,,GotSport,Soccer,U-13,COLLINGSWOOD OAKLYN SOCCER CLUB TITANS 2013,MAINLAND UNITED SA MAINLAND UNITED SA MUSTANGS RED 2014 B,WOODBURY,,
11/02/2025,12:30,21349076,,GotSport,Soccer,U-9,MEDFORD SC MEDFORD SC COLUMBIA 2017B,PALMYRA RIVERTON SC RIPPERS 2017,MEDFORD SC - Bob Meyer Memorial Park,,
11/02/2025,12:30,21349075,,GotSport,Soccer,U-9,DELRAN FC SOCCER DELRAN FC RAPTORS 2017,MARLTON SOCCER CLUB MARLTON SC CHIEFS WHITE 2017,,,
11/02/2025,12:30,21353119,,GotSport,Soccer,U-11,MEDFORD SC MEDFORD SC WHITE 2015,WINSLOW TOWNSHIP YSA WINSLOW TITANS 2015,MEDFORD - BENDE PARK,,
11/02/2025,12:30,21318388,,GotSport,Soccer,U-10,MONROE TOWNSHIP YS MONROE UNITED 2016B,CINNAMINSON SC CINNAMINSON SC LIGHTNING 2016,MONROE TWP - CORKERY LANE,,
11/02/2025,12:30,21392041,,GotSport,Soccer,U-8,SWEDESBORO WOOLWICH SOCCER ASSOC. SWSA SUPERNOVA 2018,WTSC WTSC WASHINGTON UNITED 2018 BOYS,SW-Locke Avenue Park,,
11/02/2025,12:30,21375591,,GotSport,Soccer,U-9,HADDONFIELD SC WHITE 2017,LOGAN SOCCER CLUB  LOGAN BOOM BLUE 2017,HADDONFIELD - CROWS WOODS,,
11/02/2025,12:30,21409168,,GotSport,Soccer,U-10,GATEWAY UNITED SOCCER CLUB GUSC GATORS B2016/17,MEDFORD SC MEDFORD SC GOLD 2016,GATEWAY UTD. - LANGSTON FIELD,,
11/02/2025,12:30,21331773,,GotSport,Soccer,U-14,VINELAND SA JERSEY BOYZ 2012,HARRISON SC HARRISON SC STRIKERS 2012,VINELAND SA,,
11/02/2025,12:30,21331775,,GotSport,Soccer,U-14,MARLTON SOCCER CLUB MARLTON SC CHIEFS WHITE 2012,HADDONFIELD SC RED 2012,MARLTON - MEMORIAL,,
11/02/2025,12:30,21342482,,GotSport,Soccer,U-9,WEST DEPTFORD SC WARRIORS 2017,PENNSVILLE SOCCER ASSOCIATION PENNSVILLE EAGLES BLUE 2017,W DEPTFORD-WD PARK,,
11/02/2025,12:30,21445048,,GotSport,Soccer,U-9,MOORESTOWN SC PANTHERS 2017,AUDUBON SOCCER YOUTH ASSOCIATION AUDUBON BOYS 2017 TEAM 2,MOORESTOWN - MEMORIAL FIELDS,,
11/02/2025,12:30,21354899,,GotSport,Soccer,U-13,MEDFORD STRIKERS SC MEDFORD STRIKERS 2013 BOYS,VOORHEES SA PREDATORS 2013,MEDFORD STRIKERS - ARK ROAD COMPLEX,,
11/02/2025,12:30,21324786,,GotSport,Soccer,U-12,SWEDESBORO WOOLWICH SOCCER ASSOC. SWSA LIGHTNING 2014,AUDUBON SOCCER YOUTH ASSOCIATION AUDUBON ATTACK - BOYS 2014,SW-Locke Avenue Park,,
11/02/2025,12:30,21324784,,GotSport,Soccer,U-12,CHERRY HILL SC CHERRY HILL SC FORCE 2014,WTSC WTSC WASHINGTON PREMIER 2014B,CHSC - UPPER CHAPEL TURF,,
11/02/2025,12:30,21349336,,GotSport,Soccer,U-12,RANCOCAS VALLEY SC RVSC - FOREST 2014,BORDENTOWN FC BORDENTOWN FC UNION 2014,Rancocas Valley-LUMBERTON MUNICIPAL,,
11/02/2025,12:30,21349334,,GotSport,Soccer,U-12,WTSC WTSC WASHINGTON SELECT 2014B,HAMILTON ELITE FC PREMIER 2014B,,,
11/02/2025,12:30,21352272,,GotSport,Soccer,U-16,FRANKLIN TOWNSHIP YOUTH SOCCER ASSOCIATION STORM 2010,EAST GREENWICH SA EGSA BLAZE 2010,FRANKLIN TWP YOUTH COMPLEX,,
11/02/2025,12:30,21352127,,GotSport,Soccer,U-11,HIGHLAND YOUTH SOCCER CLUB STORM 2015,EDGEWATER PARK ATHLETIC ASSOCIATION EP WARRIORS 2015,HIGHLAND - GLOUCESTER TWP PARK,,
11/02/2025,12:30,21406122,,GotSport,Soccer,U-10,FRANKLIN TOWNSHIP YOUTH SOCCER ASSOCIATION UNITED 2016,CAPE EXPRESS CE NOR'EASTERS 2016,FRANKLIN TWP YOUTH COMPLEX,,
11/02/2025,12:30,21342234,,GotSport,Soccer,U-8,HAMMONTON YSA HAMMONTON HEAT BOYS 2018,PITTSGROVE SOCCER CLUB PSC CREW 2018,HAMMONTON - MOSS MILL RD PARK SOCCER COMPLEX,,
11/02/2025,12:30,21342235,,GotSport,Soccer,U-8,UPPER TOWNSHIP SA UPPER TOWNSHIP SA COMETS 2018,SJ FUTBOL CLUB SJ FUTBOL CLUB VIPERS 2018,UPPER TWP-Amanda's Field Complex,,
11/02/2025,12:30,21375412,,GotSport,Soccer,U-11,MANTUA TOWNSHIP SA MANTUA FROGS 2015B,PENNSVILLE SOCCER ASSOCIATION PENNSVILLE EAGLES GOLD 2015,MANTUA TWP,,
11/02/2025,12:30,21333270,,GotSport,Soccer,U-13,CHERRY HILL SC CHERRY HILL SC THUNDER 2013,MEDFORD SC MEDFORD SC BLUE DEVILS 2013,CHSC - CH WEST HS,,
11/02/2025,12:30,21324701,,GotSport,Soccer,U-13,EGG HARBOR TOWNSHIP SC EGG HARBOR SC EAGLES BLACK 2013,UPPER TOWNSHIP SA UPPER TOWNSHIP SA CYCLONES 2013,Egg Harbor Twp HS,,
11/02/2025,12:30,21405667,,GotSport,Soccer,U-10,EGG HARBOR TOWNSHIP SC EGG HARBOR SC EAGLES BLACK 2016,UPPER TOWNSHIP SA UPPER TOWNSHIP SA BREAKERS 2016,Egg Harbor Twp HS,,
11/02/2025,12:30,21333025,,GotSport,Soccer,U-12,DELRAN FC SOCCER DELRAN FC HAWKS 2014,PALMYRA RIVERTON SC TORNADOES 2014,,,
11/02/2025,12:30,21405665,,GotSport,Soccer,U-10,WTSC WTSC WASHINGTON PREMIER 2016B,MILLVILLE SA MILLVILLE THUNDER 2016,,,
11/02/2025,12:30,21390202,,GotSport,Soccer,U-10,LOGAN SOCCER CLUB  LOGAN MAYHEM BLACK 2016,SENECA UNITED SC RAPTORS 2016,LOGAN - TWP LINE,,
11/02/2025,12:30,21444270,,GotSport,Soccer,U-12,WATERFORD ATHLETIC ASSN WINGS 2014,HADDONFIELD SC BLACK 2014,,,
11/02/2025,12:30,21332838,,GotSport,Soccer,U-13,WTSC WTSC WASHINGTON UNITED 2014B,MARLTON SOCCER CLUB MARLTON SC CHIEFS WHITE 2013,,,
11/02/2025,12:30,21354869,,GotSport,Soccer,U-10,WTSC WTSC WASHINGTON UNITED 2016B,CINNAMINSON SC CINNAMINSON SC VIPERS 2016,,,
11/02/2025,13:00,21349311,,GotSport,Soccer,U-12,TBAA TBAA TBAA REVOLUTION 2014,MOORESTOWN SC WOLVERINES 2014,TBAA-VALLEY BROOK,,
11/02/2025,13:15,21347626,,GotSport,Soccer,U-8,AUDUBON SOCCER YOUTH ASSOCIATION AUDUBON 2018 BOYS,HADDON TWP SOCCER CLUB HADDON TWP. WHITE HAWKS 2018,AUDUBON - GREEN WAVE PARK,,
11/02/2025,13:15,21342103,,GotSport,Soccer,U-11,MOORESTOWN SC VIPERS 2015,VOORHEES SA COBRAS 2015,MOORESTOWN - SALEM RD/PRYOR PARK,,
11/02/2025,13:15,21353160,,GotSport,Soccer,U-12,MOUNT LAUREL UNITED (MLU) COBRAS 2014,PITMAN SA PITMAN SA BENGALS 2014,MLU-TROTTERS,,
11/02/2025,13:15,21408657,,GotSport,Soccer,U-10,COLLINGSWOOD OAKLYN SOCCER CLUB WARRIORS 2016,HARRISON SC HARRISON HURRICANES 2016,COSC- Oaklyn Public School,,
11/02/2025,13:15,21374674,,GotSport,Soccer,U-12,HADDON TWP SOCCER CLUB HADDON TWP WHITE HAWKS 2015,SJ FUTBOL CLUB SJ FUTBOL CLUB SOUNDERS 2014,HADDON TWP - RECCHINO FIELDS,,
11/02/2025,13:15,21354712,,GotSport,Soccer,U-9,MARLTON SOCCER CLUB MARLTON SC CHIEFS ORANGE 2017,HARRISON SC HARRISON UNITED 2017,MARLTON - MEMORIAL,,
11/02/2025,13:15,21342296,,GotSport,Soccer,U-12,EGG HARBOR TOWNSHIP SC EGG HARBOR SC EAGLES 2014,HARRISON SC HARRISON WAVE 2014,Egg Harbor Twp HS,,
11/02/2025,13:15,21408627,,GotSport,Soccer,U-11,HADDONFIELD SC RED 2015,HARRISON SC HARRISON FURY 2015,HADDONFIELD - CROWS WOODS,,
11/02/2025,13:30,21331774,,GotSport,Soccer,U-14,HIGHLAND YOUTH SOCCER CLUB FORCE 2012,TAR-KILL SOCCER CLUB TARKILL LIVERPOOL 2012,HIGHLAND - GLOUCESTER TWP PARK,,
11/02/2025,13:30,21392039,,GotSport,Soccer,U-8,HARRISON SC HARRISON WOLVES 2018,HADDON TWP SOCCER CLUB HADDON TWP. RED HAWKS 2018,HARRISON - William Wilt Soccer Complex,,
11/02/2025,13:30,21343135,,GotSport,Soccer,U-8,CHERRY HILL SC CHERRY HILL SC VORTEX (2018),MOUNT LAUREL UNITED (MLU) TRIBE 2018,CHSC - UPPER CHAPEL TURF,,
11/02/2025,13:30,21445049,,GotSport,Soccer,U-9,HADDON HEIGHTS SC PHANTOMS 2017,CHERRY HILL SC CHERRY HILL SC WHITE (2017) - BOYS,HADD HGTS - DEVON,,
11/02/2025,13:40,21318436,,GotSport,Soccer,U-15,MEDFORD SC MEDFORD SC RENEGADES 2011,LOGAN SOCCER CLUB  LOGAN BLAZE 2011,MEDFORD - BENDE PARK,,
11/02/2025,13:45,21318314,,GotSport,Soccer,U-15,HADDONFIELD SC WHITE 2011,HAMMONTON YSA HAMMONTON HEAT BOYS 2011,HADDONFIELD - CROWS WOODS,,
11/02/2025,13:45,21318475,,GotSport,Soccer,U-14,SWEDESBORO WOOLWICH SOCCER ASSOC. SWSA SHARKS 2012,BURLINGTON TOWNSHIP SOCCER DRAGONS 2012,SW-Locke Avenue Park,,
11/02/2025,13:45,21444406,,GotSport,Soccer,U-14,DEPTFORD SA THUNDER 2012,TAR-KILL SOCCER CLUB TARKILL BARCELONA 2012,DEPTFORD SC,,
11/02/2025,13:45,21346841,,GotSport,Soccer,U-13,CHERRY HILL SC CHERRY HILL SC UNITED 2014,DELRAN FC SOCCER DELRAN FC KNIGHTS 2014,CHSC - CH WEST HS,,
11/02/2025,13:45,21317883,,GotSport,Soccer,U-15,DELRAN FC SOCCER DELRAN FC FLASH 2011,MOUNT LAUREL UNITED (MLU) RANGERS 2011,,,
11/02/2025,14:00,21342102,,GotSport,Soccer,U-11,UPPER TOWNSHIP SA UPPER TOWNSHIP SA COMETS GREEN 2015,CINNAMINSON SC CINNAMINSON SC PRIME 2015,UPPER TWP-Amanda's Field Complex,,
11/02/2025,14:00,21352043,,GotSport,Soccer,U-9,HAMMONTON YSA HAMMONTON HEAT BOYS 2017,SENECA UNITED SC WILDCATS 2017,HAMMONTON - MOSS MILL RD PARK SOCCER COMPLEX,,
11/02/2025,14:00,21345311,,GotSport,Soccer,U-10,MOORESTOWN SC WARRIORS 2016,HARRISON SC HARRISON HORNETS 2016,MOORESTOWN - MEMORIAL FIELDS,,
11/02/2025,14:00,21342483,,GotSport,Soccer,U-9,HADDONFIELD SC SILVER 2017,PENNS GROVE SC PENNS GROVE SC RENEGADES 2017,HADDONFIELD - CROWS WOODS,,
11/02/2025,14:00,21352041,,GotSport,Soccer,U-9,UPPER TOWNSHIP SA UPPER TOWNSHIP SA HEAT 2017,PITMAN SA PITMAN SA LIONS 2017,UPPER TWP-Amanda's Field Complex,,
11/02/2025,14:00,21444956,,GotSport,Soccer,U-11,HARRISON SC HARRISON BLUE ARSENAL 2015,SENECA UNITED SC PARK RANGERS 2015,HARRISON - William Wilt Soccer Complex,,
11/02/2025,14:00,21408658,,GotSport,Soccer,U-10,SWEDESBORO WOOLWICH SOCCER ASSOC. SWSA VENOM 2016,MONROE TOWNSHIP YS MONROE UNITED BLUE 2016,SW-Locke Avenue Park,,
11/02/2025,14:00,21354901,,GotSport,Soccer,U-13,EGG HARBOR TOWNSHIP SC EGG HARBOR SC EAGLES WHITE 2013,MONROE TOWNSHIP YS MONROE UNITED 2013,Egg Harbor Twp HS,,
11/02/2025,14:00,21373609,,GotSport,Soccer,U-10,WEST DEPTFORD SC TSUNAMI 2016,MOORESTOWN SC RENEGADES 2016,W DEPTFORD-WD PARK,,
11/02/2025,14:00,21324785,,GotSport,Soccer,U-12,HADDON HEIGHTS SC HADDON HEIGHTS SC MIGHTY TITANS 2014,MONROE TOWNSHIP YS UNITED BOYS BLUE 2014,HADD HGTS - DEVON,,
11/02/2025,14:00,21354741,,GotSport,Soccer,U-12,MEDFORD SC MEDFORD SC CAROLINA 2014,GATEWAY UNITED SOCCER CLUB GU GREYHOUNDS 2014,MEDFORD - BENDE PARK,,
11/02/2025,14:00,21375593,,GotSport,Soccer,U-9,EAST GREENWICH SA EGSA STRIKERS 2017,HARRISON SC HARRISON HURRICANES 2017,E GREENWICH - THOMPSON FAMILY PARK,,
11/02/2025,14:00,21349250,,GotSport,Soccer,U-8,BARRINGTON SC BARRINGTON SC STRIKERS 2018,HIGHLAND YOUTH SOCCER CLUB U8 BOYS 2018,BARRINGTON-DEERE FIELD,,
11/02/2025,14:00,21333110,,GotSport,Soccer,U-8,WTSC WTSC WASHINGTON PREMIER 2018 BOYS,MOUNT LAUREL UNITED (MLU) TITANS 2018,,,
11/02/2025,14:00,21354742,,GotSport,Soccer,U-12,HAMMONTON YSA HAMMONTON HEAT BOYS 2014,MANTUA TOWNSHIP SA MANTUA OUTLAWS 2014B,HAMMONTON - MOSS MILL RD PARK SOCCER COMPLEX,,
11/02/2025,14:00,21374339,,GotSport,Soccer,U-14,CAPE EXPRESS CE AVENGERS 2013,HADDON TWP SOCCER CLUB HADDON TWP RED HAWKS 2012,CAPE EX SOCCER COMPLEX At Ockie Wisting,,
11/02/2025,14:00,21367901,,GotSport,Soccer,U-11,VINELAND SA VINELAND FC 2015B,CLAYTON SA CLIPPERS 2015,VINELAND SA,,
11/02/2025,14:00,21317885,,GotSport,Soccer,U-15,WINSLOW TOWNSHIP YSA WINSLOW WILDCATS 2011,EGG HARBOR TOWNSHIP SC EGG HARBOR SC EAGLES WHITE 2011,,,
11/02/2025,14:00,21349380,,GotSport,Soccer,U-15,RANCOCAS VALLEY SC RANCOCAS VALLEY SC BOYS 2011 UNITED,PITMAN SA PITMAN SA JAGUARS 2012,Rancocas Valley-LUMBERTON MUNICIPAL,,
11/02/2025,14:00,21408628,,GotSport,Soccer,U-11,SWEDESBORO WOOLWICH SOCCER ASSOC. SWSA STRIKERS 2015,GATEWAY UNITED SOCCER CLUB GUSC LIGHTNING PP B2015/2016,SW-Locke Avenue Park,,
11/02/2025,14:00,21324758,,GotSport,Soccer,U-14,MOORESTOWN SC UNION 2012,MOUNT LAUREL UNITED (MLU) HAWKS 2012,MOORESTOWN - MEMORIAL FIELDS,,
11/02/2025,14:00,21332864,,GotSport,Soccer,U-16,VINELAND SA STRIKERS 2011,MILLVILLE SA MILLVILLE VENOM 2010,VINELAND SA,,
11/02/2025,14:00,22117003,,GotSport,Soccer,U-8,MANTUA TOWNSHIP SA MANTUA WARRIORS 2018B,LOGAN SOCCER CLUB  LOGAN IMPACT BLACK 2018,MANTUA TWP,,
11/02/2025,14:00,21352843,,GotSport,Soccer,U-11,WTSC WTSC WASHINGTON PREMIER 2015B,RANCOCAS VALLEY SC RANCOCAS VALLEY SC BOYS STEALTH 2015,,,
11/02/2025,14:00,21333307,,GotSport,Soccer,U-13,EAST GREENWICH SA EGSA PANTHERS 2013,MILLVILLE SA MILLVILLE UNITED 2013,E GREENWICH - THOMPSON FAMILY PARK,,
11/02/2025,14:00,21406121,,GotSport,Soccer,U-10,HIGHLAND YOUTH SOCCER CLUB MAYHEM 2016,ATLANTIC UNITED SOCCER CLUB ATLANTIC UNITED PREMIER RED 2016/2017 B,HIGHLAND - GLOUCESTER TWP PARK,,
11/02/2025,14:00,21354962,,GotSport,Soccer,U-11,DELRAN FC SOCCER DELRAN FC COBRAS 2015,WEST DEPTFORD SC ANIMALS 2015,,,
11/02/2025,14:00,21355001,,GotSport,Soccer,U-12,PENNSAUKEN YOUTH SOCCER CLUB AVENGERS 2014,CINNAMINSON SC CINNAMINSON SC CHARGERS 2014,Pennsauken Community Recreation Facility,,
11/02/2025,14:00,21355000,,GotSport,Soccer,U-12,MEDFORD STRIKERS SC MEDFORD STRIKERS 2014 BOYS,DEPTFORD SA FUSION 2015,MEDFORD STRIKERS - ARK ROAD COMPLEX,,
11/02/2025,14:00,21324292,,GotSport,Soccer,U-9,MAPLE SHADE SC MAPLE SHADE CHAOS 2017,HADDONFIELD SC GREY 2017,MAPLE SHADE - TURF FIELD,,
11/02/2025,14:00,21405479,,GotSport,Soccer,U-9,WOODBURY SOCCER CLUB WOODBURY WARRIORS 2017,MILLVILLE SA MILLVILLE PANTHERS 2017,WOODBURY,,
11/02/2025,14:00,21352129,,GotSport,Soccer,U-11,VOORHEES SA PYTHONS 2015,SENECA UNITED SC RAPTORS 2015,VOORHEES-Echelon Complex,,
11/02/2025,14:00,21405480,,GotSport,Soccer,U-9,WTSC WTSC WASHINGTON LEGACY 2017B,PENNSVILLE SOCCER ASSOCIATION PENNSVILLE EAGLES GOLD 2017,,,
11/02/2025,14:00,21392186,,GotSport,Soccer,U-11,CINNAMINSON SC CINNAMINSON SC PIRATES SEA DOGS 2015,ATLANTIC UNITED SOCCER CLUB ATLANTIC UNITED PREMIER WHITE 2015B,CINNAMINSON SC - MEMORIAL,,
11/02/2025,14:00,21390138,,GotSport,Soccer,U-10,HADDONFIELD SC BLACK 2016,UPPER TOWNSHIP SA UPPER TOWNSHIP SA THUNDER 2016,HADDONFIELD - CROWS WOODS,,
11/02/2025,14:00,21409169,,GotSport,Soccer,U-10,LOGAN SOCCER CLUB  LOGAN MAYHEM BLUE 2016,PITMAN SA PITMAN SA BOBCATS 2016,LOGAN - TWP LINE,,
11/02/2025,14:00,21332141,,GotSport,Soccer,U-12,CHERRY HILL SC CHERRY HILL SC UNION 2015,COLLINGSWOOD OAKLYN SOCCER CLUB COSC JAGUARS 2015,CHSC - UPPER CHAPEL TURF,,
11/02/2025,14:00,21444610,,GotSport,Soccer,U-15,UPPER TOWNSHIP SA UPPER TOWNSHIP SA TSUNAMIS 2011,DEPTFORD SA TORNADOES 2011,UPPER TWP-Amanda's Field Complex,,
11/02/2025,14:00,21444997,,GotSport,Soccer,U-11,WEST DEPTFORD SC COBRAS 2015,PENNSVILLE SOCCER ASSOCIATION PENNSVILLE EAGLES BLUE 2015,W DEPTFORD-WD PARK,,
11/02/2025,14:00,21444407,,GotSport,Soccer,U-14,FRANKLIN TOWNSHIP YOUTH SOCCER ASSOCIATION CRUSADERS 2012,SENECA UNITED SC 2012 PRIDE,FRANKLIN TWP YOUTH COMPLEX,,
11/02/2025,14:00,21354871,,GotSport,Soccer,U-10,EGG HARBOR TOWNSHIP SC EGG HARBOR SC EAGLES WHITE 2016,MOORESTOWN SC UNITED 2016,Egg Harbor Twp HS,,
11/02/2025,14:00,21375377,,GotSport,Soccer,U-9,MEDFORD SC MEDFORD SC WHITE LIGHTNING 2017B,WTSC WTSC WASHINGTON PREMIER 2017B,MEDFORD SC - Bob Meyer Memorial Park,,
11/02/2025,14:00,21409415,,GotSport,Soccer,U-10,FRANKLIN TOWNSHIP YOUTH SOCCER ASSOCIATION JERSEY DEVILS 2016,PENNSVILLE SOCCER ASSOCIATION PENNSVILLE EAGLES 2016,FRANKLIN TWP YOUTH COMPLEX,,
11/02/2025,14:00,21454396,,GotSport,Soccer,U-9,WATERFORD ATHLETIC ASSN WINGS 2017,PITTSGROVE SOCCER CLUB PSC RAPTORS 2017,,,
11/02/2025,14:00,21409416,,GotSport,Soccer,U-10,GATEWAY UNITED SOCCER CLUB GUSC BLUES B2016/17,PENNS GROVE SC PENNS GROVE SC DRAGONS 2016,GATEWAY UTD. - LANGSTON FIELD,,
11/02/2025,14:00,21454398,,GotSport,Soccer,U-9,EGG HARBOR TOWNSHIP SC EGG HARBOR SC EAGLES 2017,CAPE EXPRESS CE BARCA 2017,,,
11/02/2025,14:00,21375437,,GotSport,Soccer,U-11,MONROE TOWNSHIP YS UNITED BLUE 2015,GATEWAY UNITED SOCCER CLUB GUSC THUNDER B2016,MONROE TWP - CORKERY LANE,,
11/02/2025,14:00,21347759,,GotSport,Soccer,U-10,HADDON TWP SOCCER CLUB HADDON TWP WHITE HAWKS 2016,WINSLOW TOWNSHIP YSA WINSLOW KINGS 2016,,,
11/02/2025,14:00,21409389,,GotSport,Soccer,U-10,WOODSTOWN SOCCER CLUB WOODSTOWN UNITED 2016,CLAYTON SA CLIPPERS 2016,WOODSTOWN,,
11/02/2025,14:00,21353159,,GotSport,Soccer,U-12,HIGHLAND YOUTH SOCCER CLUB THUNDER 2014,EAST GREENWICH SA EGSA STARS 2014,HIGHLAND - GLOUCESTER TWP PARK,,
11/02/2025,14:00,21444271,,GotSport,Soccer,U-12,LOGAN SOCCER CLUB  LOGAN CHARGE BLUE 2014,MOORESTOWN SC HORNETS 2014,LOGAN - TWP LINE,,
11/02/2025,14:00,21391809,,GotSport,Soccer,U-13,WOODBURY SOCCER CLUB WOODBURY BISON 2013,MARLTON SOCCER CLUB MARLTON SC CHIEFS BLACK 2013,WOODBURY,,
11/02/2025,14:00,21352210,,GotSport,Soccer,U-14,MARLTON SOCCER CLUB MARLTON SC CHIEFS BLACK 2012,HADDON TWP SOCCER CLUB HADDON TWP WHITE HAWKS 2012,MARLTON - MEMORIAL,,
11/02/2025,14:00,21333309,,GotSport,Soccer,U-13,CHERRY HILL SC CHERRY HILL SC FORCE 2013,PEMBERTON SC PEMBERTON SOCCER 2013,CHSC - CH WEST HS,,
11/02/2025,14:00,21375438,,GotSport,Soccer,U-11,NORTHERN BURLINGTON SA NORTHERN BURLINGTON JACKALS 2015,BURLINGTON TOWNSHIP SOCCER THUNDER 2015,,,
11/02/2025,14:00,21346839,,GotSport,Soccer,U-13,CHERRY HILL FC RED HAWKS 2013,DEPTFORD SA TORNADOES 2013,,,
11/02/2025,14:00,21332837,,GotSport,Soccer,U-13,PENNSAUKEN YOUTH SOCCER CLUB REBELS 2013,WEST DEPTFORD SC WEST DEPTFORD WIZARDS 2013,Pennsauken Community Recreation Facility,,
11/02/2025,14:00,21346840,,GotSport,Soccer,U-13,PITTSGROVE SOCCER CLUB PSC PYTHONS 2013,PENNS GROVE SC PENNS GROVE WILD 2013,PITTSGROVE-GREEN BRANCH,,
11/02/2025,14:00,21392040,,GotSport,Soccer,U-8,TBAA TBAA TBAA SAVAGES 2018,PITTSGROVE SOCCER CLUB PSC DYNASTY 2018,TBAA-VALLEY BROOK,,
11/02/2025,14:00,21349251,,GotSport,Soccer,U-8,VOORHEES SA RAIDERS 2018,HADDONFIELD SC THUNDER 2018,VOORHEES-Echelon Complex,,
11/02/2025,14:00,21332899,,GotSport,Soccer,U-13,WTSC WTSC WASHINGTON PREMIER 2013B,CINNAMINSON SC CINNAMINSON SC STRIKERS 2013,,,
11/02/2025,14:00,21318390,,GotSport,Soccer,U-10,MEDFORD SC MEDFORD SC WHITE 2016,HADDONFIELD SC RED 2016,MEDFORD SC - Bob Meyer Memorial Park,,
11/02/2025,14:00,21349281,,GotSport,Soccer,U-8,NORTHERN BURLINGTON SA NORTHERN BURLINGTON BASH 2018,PALMYRA RIVERTON SC NEW U8B - 2018,,,
11/02/2025,14:00,21345310,,GotSport,Soccer,U-10,MOUNT LAUREL UNITED (MLU) REVOLUTION 2016,MONROE TOWNSHIP YS MONROE UNITED 2017,MLU-MARNE HWY,,
11/02/2025,14:00,21349279,,GotSport,Soccer,U-8,DELRAN FC SOCCER DELRAN FC GREY 2018,CINNAMINSON SC CINNAMINSON SC BLACK 2018,,,
11/02/2025,14:00,21346505,,GotSport,Soccer,U-10,MEDFORD STRIKERS SC MEDFORD STRIKERS 2016 BOYS,SWEDESBORO WOOLWICH SOCCER ASSOC. SWSA HAVOC 2016,MEDFORD STRIKERS - ARK ROAD COMPLEX,,
11/02/2025,14:30,21367903,,GotSport,Soccer,U-11,EGG HARBOR TOWNSHIP SC EGG HARBOR SC EAGLES BLACK 2015,LOGAN SOCCER CLUB  LOGAN ARMADA BLUE 2015,Egg Harbor Twp HS,,
11/02/2025,14:30,21346736,,GotSport,Soccer,U-11,HADDON TWP SOCCER CLUB HADDON TWP RED HAWKS 2016,COLLINGSWOOD OAKLYN SOCCER CLUB COSC COBRAS 2015,HADDON TWP - RECCHINO FIELDS,,
11/02/2025,14:30,21375435,,GotSport,Soccer,U-11,HADDONFIELD SC BLACK 2015,HARRISON SC HARRISON BLUE REBELS 2015,HADDONFIELD - CROWS WOODS,,
11/02/2025,14:30,21390204,,GotSport,Soccer,U-10,MARLTON SOCCER CLUB MARLTON SC CHIEFS WHITE 2016,TAR-KILL SOCCER CLUB TARKILL 2016 BOYS,MARLTON - MEMORIAL,,
11/02/2025,14:30,21366149,,GotSport,Soccer,U-12,TBAA TBAA TBAA OUTLAWS 2014,MEDFORD SC MEDFORD SC AVENGERS 2014,TBAA-VALLEY BROOK,,
11/02/2025,14:30,21390137,,GotSport,Soccer,U-10,AUDUBON SOCCER YOUTH ASSOCIATION AUDUBON 2016 BOYS,PITTSGROVE SOCCER CLUB PSC PRIME 2016,AUDUBON - GREEN WAVE PARK,,
11/02/2025,14:30,21342101,,GotSport,Soccer,U-11,MOUNT LAUREL UNITED (MLU) KNIGHTS 2015B,FRANKLIN TOWNSHIP YOUTH SOCCER ASSOCIATION ATLAS 2015,MLU-TROTTERS,,
11/02/2025,14:30,21390203,,GotSport,Soccer,U-10,COLLINGSWOOD OAKLYN SOCCER CLUB SPARTANS 2016,EAST GREENWICH SA EGSA LIONS 2016,COSC- Oaklyn Public School,,
11/02/2025,14:30,21349249,,GotSport,Soccer,U-8,MOORESTOWN SC GOLDEN STRIKERS 2018,SENECA UNITED SC STORM 2018,MOORESTOWN - SALEM RD/PRYOR PARK,,
11/02/2025,14:45,21375379,,GotSport,Soccer,U-9,HADDON HEIGHTS SC HAVOC 2017,TAR-KILL SOCCER CLUB TARKILL UNION 2017,HADD HGTS - DEVON,,
11/02/2025,14:45,21346062,,GotSport,Soccer,U-9,CHERRY HILL SC CHERRY HILL SC COBRAS 2017,MOUNT LAUREL UNITED (MLU) SUPER EAGLES 2017,CHSC - UPPER CHAPEL TURF,,
11/02/2025,15:00,21318316,,GotSport,Soccer,U-15,HIGHLAND YOUTH SOCCER CLUB U15 BOYS 2011/12,VOORHEES SA FORCE 2012,HIGHLAND - GLOUCESTER TWP PARK,,
11/02/2025,15:00,21405481,,GotSport,Soccer,U-9,HARRISON SC HARRISON HAVOC 2017,PITMAN SA PITMAN SA PANTHERS 2017,HARRISON - William Wilt Soccer Complex,,
11/02/2025,15:20,21318315,,GotSport,Soccer,U-15,PALMYRA RIVERTON SC WARRIORS 2011,DELRAN FC SOCCER STORM,PAL-RIV - LEGION FIELD 11v11,,
11/02/2025,15:30,21444272,,GotSport,Soccer,U-12,FRANKLIN TOWNSHIP YOUTH SOCCER ASSOCIATION KNIGHTS 2014,PENNSVILLE SOCCER ASSOCIATION PENNSVILLE EAGLES 2014,FRANKLIN TWP YOUTH COMPLEX,,
11/02/2025,15:30,21444405,,GotSport,Soccer,U-14,CHERRY HILL SC CHERRY HILL SC COBRAS 2012,MEDFORD SC MEDFORD SC DESTROYERS 2012,CHSC - CH WEST HS,,
11/02/2025,15:30,21332270,,GotSport,Soccer,U-11,PENNSAUKEN YOUTH SOCCER CLUB LIONS 2015,CINNAMINSON SC CINNAMINSON SC BANDITS 2015,Pennsauken Community Recreation Facility,,
11/02/2025,15:30,21409414,,GotSport,Soccer,U-10,MANTUA TOWNSHIP SA MANTUA 2016B,EAST GREENWICH SA EGSA FALCONS 2016,MANTUA TWP,,
11/02/2025,15:30,21332836,,GotSport,Soccer,U-13,MONROE TOWNSHIP YS UNITED BOYS BLUE 2013,MAINLAND UNITED SA MAINLAND UNITED SA MUSTANGS RED 2013 B,MONROE TWP - CORKERY LANE,,
11/02/2025,15:30,21716252,,GotSport,Soccer,U-10,BARRINGTON SC BARRINGTON SC STORM 2016,CINNAMINSON SC CINNAMINSON SC CHAOS 2016,BARRINGTON-DEERE FIELD,,
11/02/2025,15:30,21374509,,GotSport,Soccer,U-14,EGG HARBOR TOWNSHIP SC EGG HARBOR SC EAGLES 2012 BLACK,WINSLOW TOWNSHIP YSA WINSLOW GREEN DRAGONS 2012,Egg Harbor Twp HS,,
11/02/2025,15:30,21333269,,GotSport,Soccer,U-13,PITTSGROVE SOCCER CLUB PSC LEGACY 2013,HIGHLAND YOUTH SOCCER CLUB FURY 2013,PITTSGROVE-GREEN BRANCH,,
11/02/2025,15:30,21444611,,GotSport,Soccer,U-15,PENNSAUKEN YOUTH SOCCER CLUB WARRIORS 2011,HARRISON SC HARRISON THUNDER FÚTBOL ACADEMY 2011,Pennsauken Community Recreation Facility,,
11/02/2025,15:30,21318474,,GotSport,Soccer,U-14,VINELAND SA FURY 2012,EAST GREENWICH SA EGSA VENOM 2012,VINELAND SA,,
11/02/2025,15:30,21352270,,GotSport,Soccer,U-16,WINSLOW TOWNSHIP YSA WINSLOW SLAYERS 2010,EDGEWATER PARK ATHLETIC ASSOCIATION EP WIZARDS 2010,,,
11/02/2025,15:30,21351941,,GotSport,Soccer,U-13,HADDON HEIGHTS SC 2013 GARNET STORM,HIGHLAND YOUTH SOCCER CLUB CHAOS 2013,HADD HGTS - DEVON,,
11/02/2025,15:30,21454397,,GotSport,Soccer,U-9,UPPER TOWNSHIP SA UPPER TOWNSHIP SA FLASH 2017,MAINLAND UNITED SA MAINLAND UNITED SA MUSTANGS RED 2017 B,UPPER TWP-Amanda's Field Complex,,
11/02/2025,15:30,21349359,,GotSport,Soccer,U-13,HAMMONTON YSA HAMMONTON HEAT BOYS 2013,WOODSTOWN SOCCER CLUB WOODSTOWN WOLVERINES 2013,HAMMONTON - MOSS MILL RD PARK SOCCER COMPLEX,,
11/02/2025,15:30,21349360,,GotSport,Soccer,U-13,RANCOCAS VALLEY SC RVSC - CELTIC 2014,VOORHEES SA VOORHEES COSMOS 2013,Rancocas Valley-LUMBERTON MUNICIPAL,,
11/02/2025,15:30,21333112,,GotSport,Soccer,U-8,MEDFORD SC MEDFORD SC WHITE 2018B,HADDONFIELD SC FIRE 2018,MEDFORD SC - Bob Meyer Memorial Park,,
11/02/2025,15:30,21374508,,GotSport,Soccer,U-14,SWEDESBORO WOOLWICH SOCCER ASSOC. SWSA CYCLONES 2012/2013,LOGAN SOCCER CLUB  LOGAN FUSION 2012,SW-Locke Avenue Park,,
11/02/2025,15:30,21354900,,GotSport,Soccer,U-13,MARLTON SOCCER CLUB MARLTON SC CHIEFS ORANGE 2014,CINNAMINSON SC CINNAMINSON SC THUNDERBIRDS 2013,MARLTON - MEMORIAL,,
11/02/2025,15:30,21333111,,GotSport,Soccer,U-8,EGG HARBOR TOWNSHIP SC EGG HARBOR SC EAGLES WHITE 2018,VOORHEES SA JEDI KNIGHTS 2018,,,
11/02/2025,15:30,21349408,,GotSport,Soccer,U-14,HARRISON SC HARRISON WILDCATS 2012,AUDUBON SOCCER YOUTH ASSOCIATION AUDUBON SOCCER YOUTH BALLERS 2012,HARRISON - William Wilt Soccer Complex,,
11/02/2025,15:30,21342809,,GotSport,Soccer,U-9,HADDON TWP SOCCER CLUB HADDON TWP. RED HAWKS 2017,PITTSGROVE SOCCER CLUB PSC PREDATORS 2017,,,
11/02/2025,15:30,21354713,,GotSport,Soccer,U-9,WTSC WTSC WASHINGTON UNITED 2017B,SWEDESBORO WOOLWICH SOCCER ASSOC. SWSA PANTHERS 2017,,,
11/02/2025,15:30,21324757,,GotSport,Soccer,U-14,CHERRY HILL FC 2012 JUNIORS BLACK,WTSC WTSC WASHINGTON PREMIER 2012 BOYS,,,
11/02/2025,15:30,21444273,,GotSport,Soccer,U-12,WOODSTOWN SOCCER CLUB WOODSTOWN WOLVERINES 2014,HARRISON SC HARRISON STRIKERS 2014,WOODSTOWN,,
11/02/2025,15:30,21324337,,GotSport,Soccer,U-11,UPPER TOWNSHIP SA UPPER TOWNSHIP SA COMETS WHITE 2015,BURLINGTON TOWNSHIP SOCCER PHOENIX 2015,UPPER TWP-Amanda's Field Complex,,
11/02/2025,15:30,21318313,,GotSport,Soccer,U-15,WOODBURY SOCCER CLUB WOODBURY ARMORY 2011,PENNSVILLE SOCCER ASSOCIATION PENNSVILLE EAGLES 2011,WOODBURY,,
11/02/2025,15:30,21342280,,GotSport,Soccer,U-12,VINELAND SA VINELAND TERMINATORS 2014,MARLTON SOCCER CLUB MARLTON SC CHIEFS BLACK 2014,VINELAND SA,,
11/02/2025,15:30,21408626,,GotSport,Soccer,U-11,WTSC WTSC WASHINGTON UNITED 2015B,VOORHEES SA VIPERS 2015,,,
11/02/2025,15:30,21352128,,GotSport,Soccer,U-11,MEDFORD SC MEDFORD SC COLUMBIA 2015,ATLANTIC UNITED SOCCER CLUB ATLANTIC UNITED PREMIER FIRE 2015 B,MEDFORD - BENDE PARK,,
11/02/2025,15:30,21445020,,GotSport,Soccer,U-9,CINNAMINSON SC CINNAMINSON SC RAIDERS 2017,WEST DEPTFORD SC DRAGONS 2017,CINNAMINSON SC - MEMORIAL,,
11/02/2025,15:30,21375378,,GotSport,Soccer,U-9,NORTHERN BURLINGTON SA NORTHERN BURLINGTON FORCE 2017,MOORESTOWN SC SCORPIONS 2017,,,
11/02/2025,15:30,21332271,,GotSport,Soccer,U-11,CHERRY HILL SC CHERRY HILL SC COMETS (2015),PALMYRA RIVERTON SC NATIONALS 2015,CHSC - UPPER CHAPEL TURF,,
11/02/2025,15:30,21351696,,GotSport,Soccer,U-8,GATEWAY UNITED SOCCER CLUB GUSC MAGPIES B2018,SOUTH HARRISON TOWNSHIP SOCCER CLUB SOUTH HARRISON SCORPIONS 2018,GATEWAY UTD. - LANGSTON FIELD,,
11/02/2025,15:30,21353161,,GotSport,Soccer,U-12,VOORHEES SA VIKINGS 2014,WEST DEPTFORD SC EAGLES 2014,VOORHEES-Echelon Complex,,
11/02/2025,15:30,21406120,,GotSport,Soccer,U-10,HAMMONTON YSA HAMMONTON HEAT BOYS 2016,WEST DEPTFORD SC WILDCATS 2016,HAMMONTON - MOSS MILL RD PARK SOCCER COMPLEX,,
11/02/2025,15:30,21346506,,GotSport,Soccer,U-10,TBAA TBAA TBAA KNIGHTS 2016,BORDENTOWN FC BORDENTOWN FC REVOLUTION 2016,TBAA-VALLEY BROOK,,
11/02/2025,15:30,21354960,,GotSport,Soccer,U-11,MEDFORD STRIKERS SC MEDFORD STRIKERS 2015 BOYS,MILLVILLE SA MILLVILLE PREDATORS 2015,MEDFORD STRIKERS - ARK ROAD COMPLEX,,
11/02/2025,15:30,21324293,,GotSport,Soccer,U-9,PENNSAUKEN YOUTH SOCCER CLUB ROARING CUBS 2017,BURLINGTON TOWNSHIP SOCCER BURLINGTON TOWNSHIP XTREME 2017,Pennsauken Community Recreation Facility,,
11/02/2025,15:30,21345342,,GotSport,Soccer,U-11,LOGAN SOCCER CLUB  LOGAN ARMADA WHITE 2015,RANCOCAS VALLEY SC RANCOCAS VALLEY SC BOYS UNITED 2015,LOGAN - TWP LINE,,
11/02/2025,15:30,21374507,,GotSport,Soccer,U-14,DELRAN FC SOCCER GREY 2013B,WOODSTOWN SOCCER CLUB WOODSTOWN THUNDER 2012,,,
11/02/2025,15:30,21347641,,GotSport,Soccer,U-8,HADDONFIELD SC REBELS 2018,DELRAN FC SOCCER DELRAN FC BLACK 2018,HADDONFIELD - CROWS WOODS,,
11/02/2025,15:30,21342236,,GotSport,Soccer,U-8,EGG HARBOR TOWNSHIP SC EGG HARBOR SC EAGLES BLACK 2018,CAPE EXPRESS CE TORNADOS 2018,Egg Harbor Twp HS,,
11/02/2025,15:30,22002481,,GotSport,Soccer,U-19,EAST GREENWICH SA EGSA THUNDER 2009,HIGHLAND YOUTH SOCCER CLUB FUSION 2008,E GREENWICH - THOMPSON FAMILY PARK,,
11/02/2025,15:30,21353118,,GotSport,Soccer,U-11,HIGHLAND YOUTH SOCCER CLUB LIGHTNING 2015,MAINLAND UNITED SA MAINLAND UNITED SA MUSTANGS BLACK 2015 B,HIGHLAND - GLOUCESTER TWP PARK,,
11/02/2025,15:30,21391811,,GotSport,Soccer,U-13,HADDONFIELD SC BLACK 2013,PALMYRA RIVERTON SC YOUNGBLOODS 2013,HADDONFIELD - CROWS WOODS,,
11/02/2025,15:30,21346734,,GotSport,Soccer,U-11,WOODBURY SOCCER CLUB WOODBURY BOLTS 2015,DEPTFORD SA CYCLONES 2015,WOODBURY,,
11/02/2025,15:30,22117006,,GotSport,Soccer,U-8,EAST GREENWICH SA EGSA PUMAS 2018,DEPTFORD SA DEPTFORD SPARTANS 2018 BOYS,E GREENWICH - THOMPSON FAMILY PARK,,
11/02/2025,15:30,21445047,,GotSport,Soccer,U-9,HADDONFIELD SC BLACK 2017,WTSC WTSC WASHINGTON SELECT 2017B,HADDONFIELD - CROWS WOODS,,
11/02/2025,15:30,21349074,,GotSport,Soccer,U-9,MOORESTOWN SC YELLOW VIPERS 2017,CINNAMINSON SC CINNAMINSON SC UNION 2017,MOORESTOWN - MEMORIAL FIELDS,,
11/02/2025,15:30,21349406,,GotSport,Soccer,U-14,BERLIN SOCCER CLUB BALL BREAKERS 2012/13,MONROE TOWNSHIP YS UNITED 2012 BLUE,BERLIN SC - FRANKLIN FIELDS,,
11/02/2025,15:30,22117005,,GotSport,Soccer,U-8,WEST DEPTFORD SC STRIKERS 2018,MONROE TOWNSHIP YS MONROE UNITED BLUE 2018,W DEPTFORD-WD PARK,,
11/02/2025,15:30,21444958,,GotSport,Soccer,U-11,SWEDESBORO WOOLWICH SOCCER ASSOC. SWSA GUNNERS 2015,EAST GREENWICH SA EGSA TIGERS 2015,SW-Locke Avenue Park,,
11/02/2025,15:30,21332898,,GotSport,Soccer,U-13,MOORESTOWN SC RAPTORS 2013,BURLINGTON TOWNSHIP SOCCER STRIKERS 2013,MOORESTOWN - MEMORIAL FIELDS,,
11/02/2025,15:30,21332269,,GotSport,Soccer,U-11,MAPLE SHADE SC MAPLE SHADE WILD 2015,DEPTFORD SA THUNDER 2015,MAPLE SHADE - TURF FIELD,,
11/02/2025,15:30,21324700,,GotSport,Soccer,U-13,NORTHERN BURLINGTON SA NORTHERN BURLINGTON SA GLADIATORS 2013,RANCOCAS VALLEY SC RANCOCAS VALLEY SC BOYS RONALDO 2013,NB- MANSFIELD TOWNSHIP ELEMENTARY SCHOOL,,
11/02/2025,15:30,21324699,,GotSport,Soccer,U-13,VOORHEES SA RAPTORS 2013,HARRISON SC HARRISON SC LIGHTNING 2013,VOORHEES-EASTERN HS,,
11/02/2025,15:30,21318389,,GotSport,Soccer,U-10,DELRAN FC SOCCER SHARKS 2016,VOORHEES SA DESTROYERS 2016,,,
11/02/2025,15:30,21342480,,GotSport,Soccer,U-9,WATERFORD ATHLETIC ASSN WATERFORD WINGS 2017,WOODSTOWN SOCCER CLUB WOODSTOWN WARRIORS 2017,,,
11/02/2025,15:30,21405666,,GotSport,Soccer,U-10,HIGHLAND YOUTH SOCCER CLUB HAVOK 2016,MAINLAND UNITED SA MAINLAND UNITED SA MUSTANGS RED 2016 B,HIGHLAND - GLOUCESTER TWP PARK,,
11/02/2025,15:45,21332140,,GotSport,Soccer,U-12,TBAA TBAA TBAA REVOLUTION 2015,TAR-KILL SOCCER CLUB TARKILL CHELSEA 2014,TBAA-VALLEY BROOK,,
11/02/2025,15:45,21349333,,GotSport,Soccer,U-12,HADDON TWP SOCCER CLUB HADDON TWP WHITE HAWKS 2014,WEST DEPTFORD SC AVALANCHE 2014,HADDON TWP - RECCHINO FIELDS,,
11/02/2025,15:45,21349280,,GotSport,Soccer,U-8,MOORESTOWN SC LIGHTNING 2018,MOORESTOWN SC SHOOTERS 2018,MOORESTOWN - SALEM RD/PRYOR PARK,,
11/02/2025,15:45,21375592,,GotSport,Soccer,U-9,COLLINGSWOOD OAKLYN SOCCER CLUB COSC TSUNAMI 2017,LOGAN SOCCER CLUB  LOGAN BOOM BLACK 2017,COSC- Oaklyn Public School,,
11/02/2025,15:45,21342810,,GotSport,Soccer,U-9,AUDUBON SOCCER YOUTH ASSOCIATION AUDUBON CROSSFIRE 2017,SJ FUTBOL CLUB SJ FUTBOL CLUB HAMMERS 2017,AUDUBON - GREEN WAVE PARK,,
11/02/2025,15:45,21374675,,GotSport,Soccer,U-12,HADDONFIELD SC RED 2014,MANTUA TOWNSHIP SA 2014B MANTUA UNITED,HADDONFIELD - CROWS WOODS,,
11/02/2025,15:45,21366150,,GotSport,Soccer,U-12,EGG HARBOR TOWNSHIP SC EGG HARBOR SC EAGLES BLACK 2014,PITTSGROVE SOCCER CLUB PSC PREMIER 2014,Egg Harbor Twp HS,,
11/02/2025,15:45,21343133,,GotSport,Soccer,U-8,MARLTON SOCCER CLUB MARLTON SC CHIEFS ORANGE 2018,MONROE TOWNSHIP YS MONROE UNITED BOYS 2018,MARLTON - MEMORIAL,,
11/02/2025,15:45,21716250,,GotSport,Soccer,U-10,CHERRY HILL SC CHERRY HILL SC BLUE STORM (2016) - BOYS,PALMYRA RIVERTON SC LEGENDARY 2016,CHSC - CH WEST HS,,
11/02/2025,16:00,21347639,,GotSport,Soccer,U-8,HADDON HEIGHTS SC VIPERS 2018,CINNAMINSON SC CINNAMINSON SC PIRATES 2018,HADD HGTS - DEVON,,
11/02/2025,16:00,21391810,,GotSport,Soccer,U-13,MOUNT LAUREL UNITED (MLU) GALAXY 2013,WINSLOW TOWNSHIP YSA WINSLOW SHARKS 2013,MLU-TROTTERS,,
11/02/2025,16:00,21390136,,GotSport,Soccer,U-10,CHERRY HILL SC CHERRY HILL SC 72S DEL MUNDO 2016,SENECA UNITED SC EAGLES 2016,CHSC - UPPER CHAPEL TURF,,
11/09/2025,10:30,21354904,,GotSport,Soccer,U-13,CINNAMINSON SC CINNAMINSON SC THUNDERBIRDS 2013,MEDFORD STRIKERS SC MEDFORD STRIKERS 2013 BOYS,CINNAMINSON SC - MEMORIAL,,
11/09/2025,11:00,21375382,,GotSport,Soccer,U-9,MOORESTOWN SC SCORPIONS 2017,MEDFORD SC MEDFORD SC WHITE LIGHTNING 2017B,MOORESTOWN - SALEM RD/PRYOR PARK,,
11/09/2025,11:00,21392187,,GotSport,Soccer,U-11,MOUNT LAUREL UNITED (MLU) SHARKS 2015,EGG HARBOR TOWNSHIP SC EGG HARBOR SC EAGLES BLACK 2015,MLU-TROTTERS,,
11/09/2025,11:00,21318319,,GotSport,Soccer,U-15,HIGHLAND YOUTH SOCCER CLUB U15 BOYS 2011/12,PALMYRA RIVERTON SC WARRIORS 2011,HIGHLAND - GLOUCESTER TWP PARK,,
11/09/2025,11:00,21352274,,GotSport,Soccer,U-16,HARRISON SC HARRISON SC STORM 2010,FRANKLIN TOWNSHIP YOUTH SOCCER ASSOCIATION STORM 2010,HARRISON - William Wilt Soccer Complex,,
11/09/2025,11:00,21445037,,GotSport,Soccer,U-9,HADDON HEIGHTS SC PHANTOMS 2017,MOORESTOWN SC PANTHERS 2017,HADD HGTS - DEVON,,
11/09/2025,11:00,21352846,,GotSport,Soccer,U-11,RANCOCAS VALLEY SC RANCOCAS VALLEY SC BOYS STEALTH 2015,HADDON TWP SOCCER CLUB HADDON TWP RED HAWKS 2015,Rancocas Valley-LUMBERTON MUNICIPAL,,
11/09/2025,11:00,21318393,,GotSport,Soccer,U-10,VOORHEES SA DESTROYERS 2016,MONROE TOWNSHIP YS MONROE UNITED 2016B,VOORHEES-Echelon Complex,,
11/09/2025,11:00,21346842,,GotSport,Soccer,U-13,DEPTFORD SA TORNADOES 2013,DELRAN FC SOCCER DELRAN FC KNIGHTS 2014,DEPTFORD SC,,
11/09/2025,11:00,21345314,,GotSport,Soccer,U-10,MOORESTOWN SC WARRIORS 2016,MEDFORD SC MEDFORD SC COLUMBIA 2016,MOORESTOWN - MEMORIAL FIELDS,,
11/09/2025,11:00,21347762,,GotSport,Soccer,U-10,HADDON TWP SOCCER CLUB HADDON TWP WHITE HAWKS 2016,NORTHERN BURLINGTON SA NORTHERN BURLINGTON BOOM 2016,,,
11/09/2025,11:00,21374482,,GotSport,Soccer,U-14,MOORESTOWN SC UNION 2012,HADDON TWP SOCCER CLUB HADDON TWP RED HAWKS 2012,MOORESTOWN - MEMORIAL FIELDS,,
11/09/2025,11:00,21444276,,GotSport,Soccer,U-12,WOODSTOWN SOCCER CLUB WOODSTOWN WOLVERINES 2014,FRANKLIN TOWNSHIP YOUTH SOCCER ASSOCIATION KNIGHTS 2014,WOODSTOWN,,
11/09/2025,11:00,21354902,,GotSport,Soccer,U-13,VOORHEES SA PREDATORS 2013,MONROE TOWNSHIP YS MONROE UNITED 2013,VOORHEES-EASTERN HS,,
11/09/2025,11:00,21332144,,GotSport,Soccer,U-12,TAR-KILL SOCCER CLUB TARKILL CHELSEA 2014,MOUNT LAUREL UNITED (MLU) LIGHTNING 2014,TARKILL-STERLING HS,,
11/09/2025,11:30,21375380,,GotSport,Soccer,U-9,WTSC WTSC WASHINGTON PREMIER 2017B,TAR-KILL SOCCER CLUB TARKILL UNION 2017,,,
11/09/2025,11:30,21390140,,GotSport,Soccer,U-10,AUDUBON SOCCER YOUTH ASSOCIATION AUDUBON 2016 BOYS,HADDONFIELD SC BLACK 2016,AUDUBON - GREEN WAVE PARK,,
11/09/2025,12:00,21332273,,GotSport,Soccer,U-11,PENNSAUKEN YOUTH SOCCER CLUB LIONS 2015,CHERRY HILL SC CHERRY HILL SC COMETS (2015),Pennsauken Community Recreation Facility,,
11/09/2025,12:00,21324295,,GotSport,Soccer,U-9,HADDONFIELD SC GREY 2017,RANCOCAS VALLEY SC RANCOCAS VALLEY SC BOYS DEVILS 2017,HADDONFIELD - CROWS WOODS,,
11/09/2025,12:00,21318391,,GotSport,Soccer,U-10,CINNAMINSON SC CINNAMINSON SC LIGHTNING 2016,HADDONFIELD SC RED 2016,CINNAMINSON SC - MEMORIAL,,
11/09/2025,12:00,21409727,,GotSport,Soccer,U-16,SJ FUTBOL CLUB SJ FUTBOL CLUB WOLVES,WTSC WTSC WASHINGTON UNITED 2010 BOYS,SJFC - UPPER DEERFIELD RECREATION COMPLEX,,
11/09/2025,12:00,21354715,,GotSport,Soccer,U-9,MARLTON SOCCER CLUB MARLTON SC CHIEFS ORANGE 2017,WTSC WTSC WASHINGTON UNITED 2017B,MARLTON - MEMORIAL,,
11/09/2025,12:00,21318318,,GotSport,Soccer,U-15,HAMMONTON YSA HAMMONTON HEAT BOYS 2011,PENNSVILLE SOCCER ASSOCIATION PENNSVILLE EAGLES 2011,HAMMONTON - MOSS MILL RD PARK SOCCER COMPLEX,,
11/09/2025,12:00,21454399,,GotSport,Soccer,U-9,PITTSGROVE SOCCER CLUB PSC RAPTORS 2017,CAPE EXPRESS CE BARCA 2017,PITTSGROVE-GREEN BRANCH,,
11/09/2025,12:00,21318317,,GotSport,Soccer,U-15,HADDONFIELD SC WHITE 2011,WOODBURY SOCCER CLUB WOODBURY ARMORY 2011,HADDONFIELD - CROWS WOODS,,
11/09/2025,12:00,21409170,,GotSport,Soccer,U-10,CHERRY HILL FC JUNIOR BLACK 2016,PITMAN SA PITMAN SA BOBCATS 2016,CHFC - DeCOU,,
11/09/2025,12:00,21409728,,GotSport,Soccer,U-16,BORDENTOWN FC BORDENTOWN FC PANTHERS 2010,MEDFORD SC MEDFORD SC MAD DOGS WHITE 2010,BORDENTOWN - FRIENDSHIP FIELDS,,
11/09/2025,12:00,21324339,,GotSport,Soccer,U-11,MILLVILLE SA MILLVILLE WARRIORS 2015,WOODSTOWN SOCCER CLUB WOODSTOWN WILD 2015,MILLVILLE SOCCER COMPLEX,,
11/09/2025,12:00,21408659,,GotSport,Soccer,U-10,VOORHEES SA TITANS 2016,MONROE TOWNSHIP YS MONROE UNITED BLUE 2016,VOORHEES-Echelon Complex,,
11/09/2025,12:00,21349381,,GotSport,Soccer,U-15,MONROE TOWNSHIP YS UNITED BOYS 2011 BLUE,WTSC WTSC PREMIER 2011 BOYS,MONROE TWP - CORKERY LANE,,
11/09/2025,12:00,21353122,,GotSport,Soccer,U-11,MEDFORD SC MEDFORD SC WHITE 2015,EGG HARBOR TOWNSHIP SC EGG HARBOR SC EAGLES WHITE 2015,MEDFORD - BENDE PARK,,
11/09/2025,12:00,21347642,,GotSport,Soccer,U-8,CINNAMINSON SC CINNAMINSON SC PIRATES 2018,DELRAN FC SOCCER DELRAN FC BLACK 2018,CINNAMINSON SC - MEMORIAL,,
11/09/2025,12:00,21355005,,GotSport,Soccer,U-12,CINNAMINSON SC CINNAMINSON SC CHARGERS 2014,MEDFORD STRIKERS SC MEDFORD STRIKERS 2014 BOYS,CINNAMINSON SC - MEMORIAL,,
11/09/2025,12:00,21333273,,GotSport,Soccer,U-13,CHERRY HILL SC CHERRY HILL SC THUNDER 2013,HADDONFIELD SC RED 2013,CHSC - CH WEST HS,,
11/09/2025,12:00,21345315,,GotSport,Soccer,U-10,HARRISON SC HARRISON HORNETS 2016,MOUNT LAUREL UNITED (MLU) REVOLUTION 2016,HARRISON - William Wilt Soccer Complex,,
11/09/2025,12:00,21373627,,GotSport,Soccer,U-10,WEST DEPTFORD SC TSUNAMI 2016,VINELAND SA VINELAND VIPERS 2016 BOYS,W DEPTFORD-WD PARK,,
11/09/2025,12:00,21317889,,GotSport,Soccer,U-15,TBAA TBAA TBAA TITANS 2011,WINSLOW TOWNSHIP YSA WINSLOW WILDCATS 2011,TBAA-VALLEY BROOK,,
11/09/2025,12:00,21318439,,GotSport,Soccer,U-15,BURLINGTON TOWNSHIP SOCCER REBELS 2011,DELRAN FC SOCCER DELRAN FC BLAST 2011,BURLINGTON TWP - PINEWALD AVE,,
11/09/2025,12:00,21346064,,GotSport,Soccer,U-9,HIGHLAND YOUTH SOCCER CLUB THUNDER 2017,CHERRY HILL SC CHERRY HILL SC COBRAS 2017,HIGHLAND - GLOUCESTER TWP PARK,,
11/09/2025,12:00,21318438,,GotSport,Soccer,U-15,SWEDESBORO WOOLWICH SOCCER ASSOC. SWSA RED FLAMES 2011,MEDFORD SC MEDFORD SC RENEGADES 2011,SW-Locke Avenue Park,,
11/09/2025,12:00,21351699,,GotSport,Soccer,U-8,GATEWAY UNITED SOCCER CLUB GUSC MAGPIES B2018,HARRISON SC HARRISON HAVOC 2018,GATEWAY UTD. - LANGSTON FIELD,,
11/09/2025,12:00,21444614,,GotSport,Soccer,U-15,PENNSAUKEN YOUTH SOCCER CLUB WARRIORS 2011,EGG HARBOR TOWNSHIP SC EGG HARBOR SC EAGLES BLACK 2011,Pennsauken Community Recreation Facility,,
11/09/2025,12:00,21367906,,GotSport,Soccer,U-11,ATLANTIC UNITED SOCCER CLUB ATLANTIC UNITED PREMIER WHITE 2015B,VINELAND SA VINELAND FC 2015B,ATLANTIC - TARTAGLIO,,
11/09/2025,12:15,21444410,,GotSport,Soccer,U-14,TAR-KILL SOCCER CLUB TARKILL BARCELONA 2012,CHERRY HILL SC CHERRY HILL SC COBRAS 2012,TARKILL-STERLING HS,,
11/09/2025,12:30,21352045,,GotSport,Soccer,U-9,EGG HARBOR TOWNSHIP SC EGG HARBOR SC EAGLES BLACK 2017,HAMMONTON YSA HAMMONTON HEAT BOYS 2017,Egg Harbor Twp HS,,
11/09/2025,12:30,21349362,,GotSport,Soccer,U-13,VOORHEES SA VOORHEES COSMOS 2013,HAMMONTON YSA HAMMONTON HEAT BOYS 2013,VOORHEES-EASTERN HS,,
11/09/2025,12:30,21353162,,GotSport,Soccer,U-12,EAST GREENWICH SA EGSA STARS 2014,WEST DEPTFORD SC EAGLES 2014,E GREENWICH - THOMPSON FAMILY PARK,,
11/09/2025,12:30,21332901,,GotSport,Soccer,U-13,MOORESTOWN SC RAPTORS 2013,WTSC WTSC WASHINGTON PREMIER 2013B,MOORESTOWN - MEMORIAL FIELDS,,
11/09/2025,12:30,21332839,,GotSport,Soccer,U-13,MAINLAND UNITED SA MAINLAND UNITED SA MUSTANGS RED 2013 B,MARLTON SOCCER CLUB MARLTON SC CHIEFS WHITE 2013,MAINLAND - MEMORIAL PARK,,
11/09/2025,12:30,22002498,,GotSport,Soccer,U-19,DEPTFORD SA AVENGERS 2009,EAST GREENWICH SA EGSA THUNDER 2009,DEPTFORD SC,,
11/09/2025,12:30,21409172,,GotSport,Soccer,U-10,MEDFORD SC MEDFORD SC GOLD 2016,HADDON HEIGHTS SC WARRIORS 2016,MEDFORD SC - Bob Meyer Memorial Park,,
11/09/2025,12:30,21351944,,GotSport,Soccer,U-13,HADDON HEIGHTS SC 2013 GARNET STORM,MILLVILLE SA MILLVILLE REBELS 2013,HADD HGTS - DEVON,,
11/09/2025,12:30,21343136,,GotSport,Soccer,U-8,MONROE TOWNSHIP YS MONROE UNITED BOYS 2018,MOUNT LAUREL UNITED (MLU) TRIBE 2018,MONROE TWP - CORKERY LANE,,
11/09/2025,12:30,21346843,,GotSport,Soccer,U-13,PITTSGROVE SOCCER CLUB PSC PYTHONS 2013,CHERRY HILL SC CHERRY HILL SC UNITED 2014,PITTSGROVE-GREEN BRANCH,,
11/09/2025,12:30,21374342,,GotSport,Soccer,U-14,LOGAN SOCCER CLUB  LOGAN FORCE 2012,COLLINGSWOOD OAKLYN SOCCER CLUB KNIGHTS 2012,LOGAN - TWP LINE,,
11/09/2025,12:30,21392043,,GotSport,Soccer,U-8,TBAA TBAA TBAA SAVAGES 2018,SWEDESBORO WOOLWICH SOCCER ASSOC. SWSA SUPERNOVA 2018,TBAA-VALLEY BROOK,,
11/09/2025,12:30,21392042,,GotSport,Soccer,U-8,HADDON TWP SOCCER CLUB HADDON TWP. RED HAWKS 2018,WTSC WTSC WASHINGTON UNITED 2018 BOYS,,,
11/09/2025,12:30,21346844,,GotSport,Soccer,U-13,PENNS GROVE SC PENNS GROVE WILD 2013,CHERRY HILL FC RED HAWKS 2013,PG-CP-PED- Carney's Point Rec Center,,
11/09/2025,12:30,21353164,,GotSport,Soccer,U-12,PITMAN SA PITMAN SA BENGALS 2014,HIGHLAND YOUTH SOCCER CLUB THUNDER 2014,PITMAN-LAMBS ROAD,,
11/09/2025,12:30,21375595,,GotSport,Soccer,U-9,COLLINGSWOOD OAKLYN SOCCER CLUB COSC TSUNAMI 2017,EAST GREENWICH SA EGSA STRIKERS 2017,COSC- Oaklyn Public School,,
11/09/2025,12:30,21342484,,GotSport,Soccer,U-9,EAST GREENWICH SA EGSA COBRAS 2017,WATERFORD ATHLETIC ASSN WATERFORD WINGS 2017,E GREENWICH - THOMPSON FAMILY PARK,,
11/09/2025,12:30,21351945,,GotSport,Soccer,U-13,HIGHLAND YOUTH SOCCER CLUB CHAOS 2013,UPPER TOWNSHIP SA UPPER TOWNSHIP SA HURRICANES WHITE 2014,HIGHLAND - GLOUCESTER TWP PARK,,
11/09/2025,12:30,21355003,,GotSport,Soccer,U-12,DEPTFORD SA FUSION 2015,MARLTON SOCCER CLUB MARLTON SC CHIEFS ORANGE 2015,DEPTFORD SC,,
11/09/2025,12:30,21375439,,GotSport,Soccer,U-11,PENNSVILLE SOCCER ASSOCIATION PENNSVILLE EAGLES GOLD 2015,HADDONFIELD SC BLACK 2015,PENNSVILLE,,
11/09/2025,12:30,21324702,,GotSport,Soccer,U-13,HARRISON SC HARRISON SC LIGHTNING 2013,UPPER TOWNSHIP SA UPPER TOWNSHIP SA CYCLONES 2013,HARRISON - William Wilt Soccer Complex,,
11/09/2025,12:30,21324703,,GotSport,Soccer,U-13,NORTHERN BURLINGTON SA NORTHERN BURLINGTON SA GLADIATORS 2013,EGG HARBOR TOWNSHIP SC EGG HARBOR SC EAGLES BLACK 2013,NB- MANSFIELD TOWNSHIP ELEMENTARY SCHOOL,,
11/09/2025,12:30,21354965,,GotSport,Soccer,U-11,MOORESTOWN SC ELECTRIC RAYS 2015,MEDFORD STRIKERS SC MEDFORD STRIKERS 2015 BOYS,MOORESTOWN - SALEM RD/PRYOR PARK,,
11/09/2025,12:30,21332142,,GotSport,Soccer,U-12,VOORHEES SA VSA KNIGHTS 2014,COLLINGSWOOD OAKLYN SOCCER CLUB COSC JAGUARS 2015,VOORHEES-Echelon Complex,,
11/09/2025,12:30,21352130,,GotSport,Soccer,U-11,EDGEWATER PARK ATHLETIC ASSOCIATION EP WARRIORS 2015,SENECA UNITED SC RAPTORS 2015,,,
11/09/2025,12:30,21351698,,GotSport,Soccer,U-8,PITMAN SA PITMAN SA TOMCATS 2018,LOGAN SOCCER CLUB  LOGAN IMPACT BLUE 2018,PITMAN - Dell,,
11/09/2025,12:30,21444960,,GotSport,Soccer,U-11,LOGAN SOCCER CLUB  LOGAN ARMADA BLACK 2015,SWEDESBORO WOOLWICH SOCCER ASSOC. SWSA GUNNERS 2015,LOGAN - TWP LINE,,
11/09/2025,12:30,21342105,,GotSport,Soccer,U-11,UPPER TOWNSHIP SA UPPER TOWNSHIP SA COMETS GREEN 2015,MOORESTOWN SC VIPERS 2015,UPPER TWP-Amanda's Field Complex,,
11/09/2025,12:30,21349338,,GotSport,Soccer,U-12,HAMILTON ELITE FC PREMIER 2014B,WEST DEPTFORD SC AVALANCHE 2014,HAMILTON ELITE FC - HICKORY FIELDS,,
11/09/2025,12:30,21347763,,GotSport,Soccer,U-10,WINSLOW TOWNSHIP YSA WINSLOW KINGS 2016,MAPLE SHADE SC MAPLE SHADE SHARKS 2016,,,
11/09/2025,12:30,21349339,,GotSport,Soccer,U-12,RANCOCAS VALLEY SC RVSC - FOREST 2014,MOORESTOWN SC WOLVERINES 2014,Rancocas Valley-LUMBERTON MUNICIPAL,,
11/09/2025,12:30,21375442,,GotSport,Soccer,U-11,BURLINGTON TOWNSHIP SOCCER THUNDER 2015,GATEWAY UNITED SOCCER CLUB GUSC THUNDER B2016,BURLINGTON TWP - PINEWALD AVE,,
11/09/2025,12:30,21408631,,GotSport,Soccer,U-11,HARRISON SC HARRISON FURY 2015,WTSC WTSC WASHINGTON UNITED 2015B,HARRISON - William Wilt Soccer Complex,,
11/09/2025,12:30,21390207,,GotSport,Soccer,U-10,EAST GREENWICH SA EGSA LIONS 2016,LOGAN SOCCER CLUB  LOGAN MAYHEM BLACK 2016,E GREENWICH - THOMPSON FAMILY PARK,,
11/09/2025,12:30,21374676,,GotSport,Soccer,U-12,SENECA UNITED SC THUNDER 2014,MANTUA TOWNSHIP SA 2014B MANTUA UNITED,SENECA - STONEY CREEK FIELDS,,
11/09/2025,12:30,21324759,,GotSport,Soccer,U-14,WTSC WTSC WASHINGTON PREMIER 2012 BOYS,CINNAMINSON SC CINNAMINSON SC SKULLS 2012,,,
11/09/2025,12:30,21324760,,GotSport,Soccer,U-14,MOUNT LAUREL UNITED (MLU) HAWKS 2012,CHERRY HILL FC 2012 JUNIORS BLACK,MLU-TROTTERS,,
11/09/2025,12:30,21444408,,GotSport,Soccer,U-14,MEDFORD SC MEDFORD SC DESTROYERS 2012,SENECA UNITED SC 2012 PRIDE,MEDFORD - BENDE PARK,,
11/09/2025,12:30,21373626,,GotSport,Soccer,U-10,MOORESTOWN SC RENEGADES 2016,HADDONFIELD SC WHITE 2016,MOORESTOWN - MEMORIAL FIELDS,,
11/09/2025,12:30,21445000,,GotSport,Soccer,U-11,WEST DEPTFORD SC COBRAS 2015,SWEDESBORO WOOLWICH SOCCER ASSOC. SWSA MAYHEM FC 2015,W DEPTFORD-WD PARK,,
11/09/2025,12:30,21345343,,GotSport,Soccer,U-11,MAINLAND UNITED SA MAINLAND UNITED SA MUSTANGS RED 2015 B,RANCOCAS VALLEY SC RANCOCAS VALLEY SC BOYS UNITED 2015,MAINLAND - MEMORIAL PARK,,
11/09/2025,12:30,21354746,,GotSport,Soccer,U-12,MANTUA TOWNSHIP SA MANTUA OUTLAWS 2014B,MEDFORD SC MEDFORD SC CAROLINA 2014,MANTUA TWP,,
11/09/2025,12:30,21351943,,GotSport,Soccer,U-13,WOODSTOWN SOCCER CLUB WOODSTOWN PREDATORS 2013,MOUNT LAUREL UNITED (MLU) TIGERS 2013,WOODSTOWN,,
11/09/2025,12:30,21349252,,GotSport,Soccer,U-8,SENECA UNITED SC STORM 2018,HADDONFIELD SC THUNDER 2018,SENECA - STONEY CREEK FIELDS,,
11/09/2025,12:30,21318392,,GotSport,Soccer,U-10,DELRAN FC SOCCER SHARKS 2016,MEDFORD SC MEDFORD SC WHITE 2016,,,
11/09/2025,12:45,21342813,,GotSport,Soccer,U-9,AUDUBON SOCCER YOUTH ASSOCIATION AUDUBON CROSSFIRE 2017,HADDON TWP SOCCER CLUB HADDON TWP. RED HAWKS 2017,AUDUBON - GREEN WAVE PARK,,
11/09/2025,12:45,21445050,,GotSport,Soccer,U-9,WTSC WTSC WASHINGTON SELECT 2017B,CHERRY HILL SC CHERRY HILL SC WHITE (2017) - BOYS,,,
11/09/2025,13:00,21405668,,GotSport,Soccer,U-10,MILLVILLE SA MILLVILLE THUNDER 2016,UPPER TOWNSHIP SA UPPER TOWNSHIP SA BREAKERS 2016,MILLVILLE SOCCER COMPLEX,,
11/09/2025,13:15,21354872,,GotSport,Soccer,U-10,CINNAMINSON SC CINNAMINSON SC VIPERS 2016,MOORESTOWN SC UNITED 2016,CINNAMINSON SC - MEMORIAL,,
11/09/2025,13:15,21445022,,GotSport,Soccer,U-9,WEST DEPTFORD SC DRAGONS 2017,VOORHEES SA VENOM 2017,W DEPTFORD-WD PARK,,
11/09/2025,13:15,21342106,,GotSport,Soccer,U-11,CINNAMINSON SC CINNAMINSON SC PRIME 2015,MOUNT LAUREL UNITED (MLU) KNIGHTS 2015B,CINNAMINSON SC - MEMORIAL,,
11/09/2025,13:15,21345344,,GotSport,Soccer,U-11,PENNSAUKEN YOUTH SOCCER CLUB UNITED 2015,LOGAN SOCCER CLUB  LOGAN ARMADA WHITE 2015,Pennsauken Community Recreation Facility,,
11/09/2025,13:15,21366153,,GotSport,Soccer,U-12,MEDFORD SC MEDFORD SC AVENGERS 2014,HADDON TWP SOCCER CLUB HADDON TWP RED HAWKS 2014,MEDFORD - BENDE PARK,,
11/09/2025,13:15,21352132,,GotSport,Soccer,U-11,ATLANTIC UNITED SOCCER CLUB ATLANTIC UNITED PREMIER FIRE 2015 B,HIGHLAND YOUTH SOCCER CLUB STORM 2015,ATLANTIC - TARTAGLIO,,
11/09/2025,13:15,21354716,,GotSport,Soccer,U-9,HARRISON SC HARRISON UNITED 2017,MEDFORD SC MEDFORD SC NAVY RENEGADES 2017B,HARRISON - William Wilt Soccer Complex,,
11/09/2025,13:15,21349254,,GotSport,Soccer,U-8,HIGHLAND YOUTH SOCCER CLUB U8 BOYS 2018,MOORESTOWN SC GOLDEN STRIKERS 2018,HIGHLAND - GLOUCESTER TWP PARK,,
11/09/2025,13:15,21332191,,GotSport,Soccer,U-9,VOORHEES SA BLUE DEVILS 2017,DELRAN FC SOCCER DELRAN FC DEVILS 2017,VOORHEES-Echelon Complex,,
11/09/2025,13:15,21347761,,GotSport,Soccer,U-10,CINNAMINSON SC CINNAMINSON SC TITANS 2016,MOUNT LAUREL UNITED (MLU) RENEGADES 2016,CINNAMINSON SC - MEMORIAL,,
11/09/2025,13:15,21347629,,GotSport,Soccer,U-8,HADDONFIELD SC REBELS 2018,HADDON TWP SOCCER CLUB HADDON TWP. WHITE HAWKS 2018,HADDONFIELD - CROWS WOODS,,
11/09/2025,13:15,21342237,,GotSport,Soccer,U-8,PITTSGROVE SOCCER CLUB PSC CREW 2018,CAPE EXPRESS CE TORNADOS 2018,PITTSGROVE-GREEN BRANCH,,
11/09/2025,13:30,21354873,,GotSport,Soccer,U-10,MARLTON SOCCER CLUB MARLTON SC CHIEFS ORANGE 2016,EGG HARBOR TOWNSHIP SC EGG HARBOR SC EAGLES WHITE 2016,MARLTON - MEMORIAL,,
11/09/2025,13:30,21333312,,GotSport,Soccer,U-13,CHERRY HILL SC CHERRY HILL SC FORCE 2013,MOORESTOWN SC THUNDER 2013,CHSC - CH WEST HS,,
11/09/2025,13:30,21333311,,GotSport,Soccer,U-13,MILLVILLE SA MILLVILLE UNITED 2013,PENNSVILLE SOCCER ASSOCIATION PENNSVILLE EAGLES 2013,MILLVILLE SOCCER COMPLEX,,
11/09/2025,13:30,21409171,,GotSport,Soccer,U-10,GATEWAY UNITED SOCCER CLUB GUSC GATORS B2016/17,LOGAN SOCCER CLUB  LOGAN MAYHEM BLUE 2016,GATEWAY UTD. - LANGSTON FIELD,,
11/09/2025,13:30,21445021,,GotSport,Soccer,U-9,CHERRY HILL FC JUNIOR PREMIER RED 2017,SWEDESBORO WOOLWICH SOCCER ASSOC. SWSA COBRAS 2017,CHFC - DeCOU,,
11/09/2025,13:45,21342811,,GotSport,Soccer,U-9,RANCOCAS VALLEY SC RANCOCAS VALLEY SC BOYS PREMIER 2017,MEDFORD STRIKERS SC MEDFORD STRIKERS 2017 BOYS,Rancocas Valley-LUMBERTON MUNICIPAL,,
11/09/2025,13:45,21318478,,GotSport,Soccer,U-14,SWEDESBORO WOOLWICH SOCCER ASSOC. SWSA SHARKS 2012,CAPE EXPRESS CE WHITE CAPS 2012,SW-Locke Avenue Park,,
11/09/2025,13:45,21331778,,GotSport,Soccer,U-14,TAR-KILL SOCCER CLUB TARKILL LIVERPOOL 2012,VINELAND SA JERSEY BOYZ 2012,TARKILL-STERLING HS,,
11/09/2025,13:45,21332902,,GotSport,Soccer,U-13,BURLINGTON TOWNSHIP SOCCER STRIKERS 2013,COLLINGSWOOD OAKLYN SOCCER CLUB TITANS 2013,BURLINGTON TWP - PINEWALD AVE,,
11/09/2025,13:45,21349409,,GotSport,Soccer,U-14,MONROE TOWNSHIP YS UNITED 2012 BLUE,AUDUBON SOCCER YOUTH ASSOCIATION AUDUBON SOCCER YOUTH BALLERS 2012,MONROE TWP - CORKERY LANE,,
11/09/2025,14:00,21333310,,GotSport,Soccer,U-13,EAST GREENWICH SA EGSA PANTHERS 2013,PITMAN SA PITMAN SA TIGERS 2013,E GREENWICH - THOMPSON FAMILY PARK,,
11/09/2025,14:00,21391812,,GotSport,Soccer,U-13,MARLTON SOCCER CLUB MARLTON SC CHIEFS BLACK 2013,PALMYRA RIVERTON SC YOUNGBLOODS 2013,MARLTON - MEMORIAL,,
11/09/2025,14:00,21352211,,GotSport,Soccer,U-14,EDGEWATER PARK ATHLETIC ASSOCIATION EP UNITED 2012,HADDON TWP SOCCER CLUB HADDON TWP WHITE HAWKS 2012,,,
11/09/2025,14:00,21375441,,GotSport,Soccer,U-11,NORTHERN BURLINGTON SA NORTHERN BURLINGTON JACKALS 2015,MONROE TOWNSHIP YS UNITED BLUE 2015,,,
11/09/2025,14:00,21392114,,GotSport,Soccer,U-11,AUDUBON SOCCER YOUTH ASSOCIATION AUDUBON BOYS LIGHTNING 2015,HADDONFIELD SC WHITE 2015,AUDUBON - GREEN WAVE PARK,,
11/09/2025,14:00,21391813,,GotSport,Soccer,U-13,MOUNT LAUREL UNITED (MLU) GALAXY 2013,HADDONFIELD SC BLACK 2013,MLU-TROTTERS,,
11/09/2025,14:00,21390206,,GotSport,Soccer,U-10,COLLINGSWOOD OAKLYN SOCCER CLUB SPARTANS 2016,MARLTON SOCCER CLUB MARLTON SC CHIEFS WHITE 2016,COSC- Oaklyn Public School,,
11/09/2025,14:00,21405670,,GotSport,Soccer,U-10,MAINLAND UNITED SA MAINLAND UNITED SA MUSTANGS RED 2016 B,WTSC WTSC WASHINGTON PREMIER 2016B,MAINLAND - MEMORIAL PARK,,
11/09/2025,14:00,21409418,,GotSport,Soccer,U-10,EAST GREENWICH SA EGSA FALCONS 2016,WOODSTOWN SOCCER CLUB WOODSTOWN UNITED 2016,E GREENWICH - THOMPSON FAMILY PARK,,
11/09/2025,14:00,21354714,,GotSport,Soccer,U-9,EAST GREENWICH SA EGSA UNITED 2017,SWEDESBORO WOOLWICH SOCCER ASSOC. SWSA PANTHERS 2017,E GREENWICH - THOMPSON FAMILY PARK,,
11/09/2025,14:00,22117007,,GotSport,Soccer,U-8,CHERRY HILL SC CHERRY HILL SC BLACKOUT (2018) - BOYS,MANTUA TOWNSHIP SA MANTUA WARRIORS 2018B,CHSC - UPPER CHAPEL TURF,,
11/09/2025,14:00,21346737,,GotSport,Soccer,U-11,DEPTFORD SA CYCLONES 2015,COLLINGSWOOD OAKLYN SOCCER CLUB COSC COBRAS 2015,DEPTFORD SC,,
11/09/2025,14:00,21333274,,GotSport,Soccer,U-13,MEDFORD SC MEDFORD SC BLUE DEVILS 2013,PITTSGROVE SOCCER CLUB PSC LEGACY 2013,MEDFORD - BENDE PARK,,
11/09/2025,14:00,21333027,,GotSport,Soccer,U-12,MOORESTOWN SC KILLER BEES 2014,DELRAN FC SOCCER DELRAN FC HAWKS 2014,MOORESTOWN - SALEM RD/PRYOR PARK,,
11/09/2025,14:00,21332143,,GotSport,Soccer,U-12,TBAA TBAA TBAA REVOLUTION 2015,CHERRY HILL SC CHERRY HILL SC UNION 2015,TBAA-VALLEY BROOK,,
11/09/2025,14:00,21317890,,GotSport,Soccer,U-15,VOORHEES SA BLUES 2011,EGG HARBOR TOWNSHIP SC EGG HARBOR SC EAGLES WHITE 2011,VOORHEES-EASTERN HS,,
11/09/2025,14:00,21349337,,GotSport,Soccer,U-12,WTSC WTSC WASHINGTON SELECT 2014B,HADDON TWP SOCCER CLUB HADDON TWP WHITE HAWKS 2014,,,
11/09/2025,14:00,21408629,,GotSport,Soccer,U-11,VOORHEES SA VIPERS 2015,GATEWAY UNITED SOCCER CLUB GUSC LIGHTNING PP B2015/2016,VOORHEES-Echelon Complex,,
11/09/2025,14:00,21408630,,GotSport,Soccer,U-11,HADDONFIELD SC RED 2015,SWEDESBORO WOOLWICH SOCCER ASSOC. SWSA STRIKERS 2015,HADDONFIELD - CROWS WOODS,,
11/09/2025,14:00,21349340,,GotSport,Soccer,U-12,BORDENTOWN FC BORDENTOWN FC UNION 2014,TBAA TBAA TBAA REVOLUTION 2014,BORDENTOWN - FRIENDSHIP FIELDS,,
11/09/2025,14:00,21409420,,GotSport,Soccer,U-10,PENNS GROVE SC PENNS GROVE SC DRAGONS 2016,PENNSVILLE SOCCER ASSOCIATION PENNSVILLE EAGLES 2016,PG-CP-PED- Carney's Point Rec Center,,
11/09/2025,14:00,21333114,,GotSport,Soccer,U-8,EGG HARBOR TOWNSHIP SC EGG HARBOR SC EAGLES WHITE 2018,MEDFORD SC MEDFORD SC WHITE 2018B,Egg Harbor Twp HS,,
11/09/2025,14:00,21391814,,GotSport,Soccer,U-13,WINSLOW TOWNSHIP YSA WINSLOW SHARKS 2013,WOODBURY SOCCER CLUB WOODBURY BISON 2013,,,
11/09/2025,14:00,21349284,,GotSport,Soccer,U-8,MOORESTOWN SC SHOOTERS 2018,DELRAN FC SOCCER DELRAN FC GREY 2018,MOORESTOWN - MEMORIAL FIELDS,,
11/09/2025,14:00,21375594,,GotSport,Soccer,U-9,LOGAN SOCCER CLUB  LOGAN BOOM BLUE 2017,HARRISON SC HARRISON HURRICANES 2017,LOGAN - TWP LINE,,
11/09/2025,14:00,21331777,,GotSport,Soccer,U-14,HIGHLAND YOUTH SOCCER CLUB FORCE 2012,MARLTON SOCCER CLUB MARLTON SC CHIEFS WHITE 2012,HIGHLAND - GLOUCESTER TWP PARK,,
11/09/2025,14:00,21374512,,GotSport,Soccer,U-14,LOGAN SOCCER CLUB  LOGAN FUSION 2012,DELRAN FC SOCCER GREY 2013B,LOGAN - TWP LINE,,
11/09/2025,14:00,21332900,,GotSport,Soccer,U-13,MAINLAND UNITED SA MAINLAND UNITED SA MUSTANGS RED 2014 B,CINNAMINSON SC CINNAMINSON SC STRIKERS 2013,MAINLAND - MEMORIAL PARK,,
11/09/2025,14:00,21346509,,GotSport,Soccer,U-10,TBAA TBAA TBAA KNIGHTS 2016,CHERRY HILL SC CHERRY HILL SC THUNDER (2016),TBAA-VALLEY BROOK,,
11/09/2025,14:00,21716245,,GotSport,Soccer,U-10,BARRINGTON SC BARRINGTON SC STORM 2016,MOORESTOWN SC TIGERS 2016,BARRINGTON-DEERE FIELD,,
11/09/2025,14:00,21374341,,GotSport,Soccer,U-14,PITTSGROVE SOCCER CLUB PSC SPURS '12,CAPE EXPRESS CE AVENGERS 2013,PITTSGROVE-GREEN BRANCH,,
11/09/2025,14:00,21349078,,GotSport,Soccer,U-9,DELRAN FC SOCCER DELRAN FC RAPTORS 2017,MEDFORD SC MEDFORD SC COLUMBIA 2017B,,,
11/09/2025,14:00,21349361,,GotSport,Soccer,U-13,WOODSTOWN SOCCER CLUB WOODSTOWN WOLVERINES 2013,WTSC WTSC WASHINGTON SELECT 2013B,WOODSTOWN,,
11/09/2025,14:00,21324341,,GotSport,Soccer,U-11,BURLINGTON TOWNSHIP SOCCER PHOENIX 2015,WATERFORD ATHLETIC ASSN WATERFORD WINGS 2015,BURLINGTON TWP - PINEWALD AVE,,
11/09/2025,14:00,21352044,,GotSport,Soccer,U-9,PITMAN SA PITMAN SA LIONS 2017,SENECA UNITED SC WILDCATS 2017,PITMAN - Dell,,
11/09/2025,14:00,21324340,,GotSport,Soccer,U-11,UPPER TOWNSHIP SA UPPER TOWNSHIP SA COMETS WHITE 2015,NORTHERN BURLINGTON SA NORTHERN BURLINGTON STORM 2015,UPPER TWP-Amanda's Field Complex,,
11/09/2025,14:00,21366151,,GotSport,Soccer,U-12,FRANKLIN TOWNSHIP YOUTH SOCCER ASSOCIATION STORM 2014,PITTSGROVE SOCCER CLUB PSC PREMIER 2014,FRANKLIN TWP YOUTH COMPLEX,,
11/09/2025,14:00,21347644,,GotSport,Soccer,U-8,AUDUBON SOCCER YOUTH ASSOCIATION AUDUBON 2018 BOYS,HADDON HEIGHTS SC VIPERS 2018,AUDUBON - GREEN WAVE PARK,,
11/09/2025,14:00,21445001,,GotSport,Soccer,U-11,PENNSVILLE SOCCER ASSOCIATION PENNSVILLE EAGLES BLUE 2015,COHANSEY SC COHANSEY PREMIER DYNAMO 2015 SJSL,PENNSVILLE,,
11/09/2025,14:00,21444615,,GotSport,Soccer,U-15,HARRISON SC HARRISON THUNDER FÚTBOL ACADEMY 2011,UPPER TOWNSHIP SA UPPER TOWNSHIP SA TSUNAMIS 2011,HARRISON - William Wilt Soccer Complex,,
11/09/2025,14:00,21444999,,GotSport,Soccer,U-11,PITMAN SA PITMAN SA WILDCATS 2015,EAST GREENWICH SA EGSA FLYERS 2015,PITMAN-LAMBS ROAD,,
11/09/2025,14:00,21367904,,GotSport,Soccer,U-11,CLAYTON SA CLIPPERS 2015,LOGAN SOCCER CLUB  LOGAN ARMADA BLUE 2015,CLAYTON - BENTZ,,
11/09/2025,14:00,21374678,,GotSport,Soccer,U-12,SJ FUTBOL CLUB SJ FUTBOL CLUB SOUNDERS 2014,VOORHEES SA LIGHTNING 2014,SJFC - UPPER DEERFIELD RECREATION COMPLEX,,
11/09/2025,14:00,21444959,,GotSport,Soccer,U-11,SENECA UNITED SC PARK RANGERS 2015,EAST GREENWICH SA EGSA TIGERS 2015,SENECA - STONEY CREEK FIELDS,,
11/09/2025,14:00,21346065,,GotSport,Soccer,U-9,BORDENTOWN FC BORDENTOWN FC REVOLUTION 2017,HADDON TWP SOCCER CLUB HADDON TWP. WHITE HAWKS 2017,BORDENTOWN - FRIENDSHIP FIELDS,,
11/09/2025,14:00,21405483,,GotSport,Soccer,U-9,WTSC WTSC WASHINGTON LEGACY 2017B,HARRISON SC HARRISON HAVOC 2017,,,
11/09/2025,14:00,21354745,,GotSport,Soccer,U-12,HAMMONTON YSA HAMMONTON HEAT BOYS 2014,TBAA TBAA TBAA SYNDICATE 2014,HAMMONTON - MOSS MILL RD PARK SOCCER COMPLEX,,
11/09/2025,14:00,21354964,,GotSport,Soccer,U-11,HADDON HEIGHTS SC HADDON HEIGHTS SC CHEETAHS 2015,DELRAN FC SOCCER DELRAN FC COBRAS 2015,HADD HGTS - DEVON,,
11/09/2025,14:00,21444277,,GotSport,Soccer,U-12,HARRISON SC HARRISON STRIKERS 2014,PENNSVILLE SOCCER ASSOCIATION PENNSVILLE EAGLES 2014,HARRISON - William Wilt Soccer Complex,,
11/09/2025,14:00,21342814,,GotSport,Soccer,U-9,SJ FUTBOL CLUB SJ FUTBOL CLUB HAMMERS 2017,PITTSGROVE SOCCER CLUB PSC PREDATORS 2017,SJFC - UPPER DEERFIELD RECREATION COMPLEX,,
11/09/2025,14:00,21324789,,GotSport,Soccer,U-12,MONROE TOWNSHIP YS UNITED BOYS BLUE 2014,CHERRY HILL SC CHERRY HILL SC FORCE 2014,MONROE TWP - CORKERY LANE,,
11/09/2025,14:00,21444613,,GotSport,Soccer,U-15,DEPTFORD SA TORNADOES 2011,VOORHEES SA ATTACK 2011,DEPTFORD SC,,
11/09/2025,14:00,21342812,,GotSport,Soccer,U-9,BURLINGTON TOWNSHIP SOCCER BT FIRE 2017,HADDONFIELD SC RED 2017,BURLINGTON TWP - PINEWALD AVE,,
11/09/2025,14:00,21332840,,GotSport,Soccer,U-13,PENNSAUKEN YOUTH SOCCER CLUB REBELS 2013,WTSC WTSC WASHINGTON UNITED 2014B,Pennsauken Community Recreation Facility,,
11/09/2025,14:00,21349411,,GotSport,Soccer,U-14,PENNS GROVE SC PENNS GROVE SC RAGE 2012,BERLIN SOCCER CLUB BALL BREAKERS 2012/13,PG-CP-PED- Carney's Point Rec Center,,
11/09/2025,14:00,21349410,,GotSport,Soccer,U-14,WEST DEPTFORD SC UNION 2012,HARRISON SC HARRISON WILDCATS 2012,W DEPTFORD-WD PARK,,
11/09/2025,14:00,21390139,,GotSport,Soccer,U-10,SENECA UNITED SC EAGLES 2016,UPPER TOWNSHIP SA UPPER TOWNSHIP SA THUNDER 2016,SENECA - STONEY CREEK FIELDS,,
11/09/2025,14:00,21375440,,GotSport,Soccer,U-11,MANTUA TOWNSHIP SA MANTUA FROGS 2015B,HARRISON SC HARRISON BLUE REBELS 2015,MANTUA TWP,,
11/09/2025,14:00,21343138,,GotSport,Soccer,U-8,MEDFORD SC MEDFORD SC NAVY 2018B,MARLTON SOCCER CLUB MARLTON SC CHIEFS ORANGE 2018,MEDFORD SC - Bob Meyer Memorial Park,,
11/09/2025,14:00,21454400,,GotSport,Soccer,U-9,UPPER TOWNSHIP SA UPPER TOWNSHIP SA FLASH 2017,EGG HARBOR TOWNSHIP SC EGG HARBOR SC EAGLES 2017,UPPER TWP-Amanda's Field Complex,,
11/09/2025,14:00,21354744,,GotSport,Soccer,U-12,GATEWAY UNITED SOCCER CLUB GU GREYHOUNDS 2014,LOGAN SOCCER CLUB  LOGAN CHARGE BLACK 2014,GATEWAY UTD. - WESTVILLE,,
11/09/2025,14:30,21354874,,GotSport,Soccer,U-10,HARRISON SC HARRISON LEGENDS 2016,WTSC WTSC WASHINGTON UNITED 2016B,HARRISON - William Wilt Soccer Complex,,
11/09/2025,14:30,21352131,,GotSport,Soccer,U-11,MEDFORD SC MEDFORD SC COLUMBIA 2015,VOORHEES SA PYTHONS 2015,MEDFORD - BENDE PARK,,
11/09/2025,14:30,21355004,,GotSport,Soccer,U-12,PENNSAUKEN YOUTH SOCCER CLUB AVENGERS 2014,MARLTON SOCCER CLUB MARLTON SC CHIEFS WHITE 2014,Pennsauken Community Recreation Facility,,
11/09/2025,14:30,21332274,,GotSport,Soccer,U-11,CINNAMINSON SC CINNAMINSON SC BANDITS 2015,MAPLE SHADE SC MAPLE SHADE WILD 2015,CINNAMINSON SC - MEMORIAL,,
11/09/2025,14:30,21406125,,GotSport,Soccer,U-10,ATLANTIC UNITED SOCCER CLUB ATLANTIC UNITED PREMIER RED 2016/2017 B,HAMMONTON YSA HAMMONTON HEAT BOYS 2016,ATLANTIC - TARTAGLIO,,
11/09/2025,14:30,21390141,,GotSport,Soccer,U-10,PITTSGROVE SOCCER CLUB PSC PRIME 2016,CHERRY HILL SC CHERRY HILL SC 72S DEL MUNDO 2016,PITTSGROVE-GREEN BRANCH,,
11/09/2025,14:30,21406124,,GotSport,Soccer,U-10,HIGHLAND YOUTH SOCCER CLUB MAYHEM 2016,FRANKLIN TOWNSHIP YOUTH SOCCER ASSOCIATION UNITED 2016,HIGHLAND - GLOUCESTER TWP PARK,,
11/09/2025,14:30,22117010,,GotSport,Soccer,U-8,DEPTFORD SA DEPTFORD SPARTANS 2018 BOYS,MONROE TOWNSHIP YS MONROE UNITED BLUE 2018,DEPTFORD SC,,
11/09/2025,14:30,21406123,,GotSport,Soccer,U-10,WEST DEPTFORD SC WILDCATS 2016,CAPE EXPRESS CE NOR'EASTERS 2016,W DEPTFORD-WD PARK,,
11/09/2025,14:30,21333115,,GotSport,Soccer,U-8,VOORHEES SA JEDI KNIGHTS 2018,WTSC WTSC WASHINGTON PREMIER 2018 BOYS,VOORHEES-Echelon Complex,,
11/09/2025,14:30,21445036,,GotSport,Soccer,U-9,HADDONFIELD SC BLACK 2017,AUDUBON SOCCER YOUTH ASSOCIATION AUDUBON BOYS 2017 TEAM 2,HADDONFIELD - CROWS WOODS,,
11/09/2025,14:30,21349282,,GotSport,Soccer,U-8,CINNAMINSON SC CINNAMINSON SC BLACK 2018,PALMYRA RIVERTON SC NEW U8B - 2018,CINNAMINSON SC - MEMORIAL,,
11/09/2025,14:30,21349077,,GotSport,Soccer,U-9,CINNAMINSON SC CINNAMINSON SC UNION 2017,PALMYRA RIVERTON SC RIPPERS 2017,CINNAMINSON SC - MEMORIAL,,
11/09/2025,14:30,21346508,,GotSport,Soccer,U-10,SWEDESBORO WOOLWICH SOCCER ASSOC. SWSA HAVOC 2016,DELRAN FC SOCCER DELRAN FC UNION 2016,SW-Locke Avenue Park,,
11/09/2025,14:30,21405482,,GotSport,Soccer,U-9,MILLVILLE SA MILLVILLE PANTHERS 2017,PITMAN SA PITMAN SA PANTHERS 2017,MILLVILLE SOCCER COMPLEX,,
11/09/2025,15:00,21409419,,GotSport,Soccer,U-10,GATEWAY UNITED SOCCER CLUB GUSC BLUES B2016/17,FRANKLIN TOWNSHIP YOUTH SOCCER ASSOCIATION JERSEY DEVILS 2016,GATEWAY UTD. - LANGSTON FIELD,,
11/09/2025,15:00,21349079,,GotSport,Soccer,U-9,MARLTON SOCCER CLUB MARLTON SC CHIEFS WHITE 2017,MOORESTOWN SC YELLOW VIPERS 2017,MARLTON - MEMORIAL,,
11/09/2025,15:00,21324704,,GotSport,Soccer,U-13,RANCOCAS VALLEY SC RANCOCAS VALLEY SC BOYS RONALDO 2013,VOORHEES SA RAPTORS 2013,Rancocas Valley-LUMBERTON MUNICIPAL,,
11/09/2025,15:00,21317887,,GotSport,Soccer,U-15,CHERRY HILL SC CHERRY HILL SC BLUE (2011) - BOYS,DELRAN FC SOCCER DELRAN FC FLASH 2011,CHSC - CH WEST HS,,
11/09/2025,15:00,21333313,,GotSport,Soccer,U-13,PEMBERTON SC PEMBERTON SOCCER 2013,WEST DEPTFORD SC WARRIORS 2013,PEMBERTON - HIGH SCHOOL,,
11/09/2025,15:15,21332866,,GotSport,Soccer,U-16,MILLVILLE SA MILLVILLE VENOM 2010,MARLTON SOCCER CLUB MARLTON SC CHIEFS WHITE 2010,MILLVILLE SOCCER COMPLEX,,
11/09/2025,15:15,22117008,,GotSport,Soccer,U-8,WTSC WTSC WASHINGTON SELECT 2018 BOYS,LOGAN SOCCER CLUB  LOGAN IMPACT BLACK 2018,,,
11/09/2025,15:20,21332867,,GotSport,Soccer,U-16,AUDUBON SOCCER YOUTH ASSOCIATION AUDUBON SOCCER YOUTH UNITED 2010,VINELAND SA STRIKERS 2011,AUDUBON - GREEN WAVE PARK,,
11/09/2025,15:20,21349382,,GotSport,Soccer,U-15,PITMAN SA PITMAN SA JAGUARS 2012,WINSLOW TOWNSHIP YSA WINSLOW REAPERS 2011,PITMAN - ALCYON LAKE,,
11/09/2025,15:20,21317888,,GotSport,Soccer,U-15,GATEWAY UNITED SOCCER CLUB GUSC WILDCATS B2011,MOUNT LAUREL UNITED (MLU) RANGERS 2011,GATEWAY UTD. - WESTVILLE,,
11/09/2025,15:20,21318437,,GotSport,Soccer,U-15,MANTUA TOWNSHIP SA 2011B MANTUA UNION,LOGAN SOCCER CLUB  LOGAN BLAZE 2011,MANTUA TWP,,
11/09/2025,15:30,21342238,,GotSport,Soccer,U-8,UPPER TOWNSHIP SA UPPER TOWNSHIP SA COMETS 2018,EGG HARBOR TOWNSHIP SC EGG HARBOR SC EAGLES BLACK 2018,UPPER TWP-Amanda's Field Complex,,
11/09/2025,15:30,21342239,,GotSport,Soccer,U-8,SJ FUTBOL CLUB SJ FUTBOL CLUB VIPERS 2018,HAMMONTON YSA HAMMONTON HEAT BOYS 2018,SJFC - UPPER DEERFIELD RECREATION COMPLEX,,
11/09/2025,15:30,21342104,,GotSport,Soccer,U-11,FRANKLIN TOWNSHIP YOUTH SOCCER ASSOCIATION ATLAS 2015,VOORHEES SA COBRAS 2015,FRANKLIN TWP YOUTH COMPLEX,,
11/09/2025,15:30,21352273,,GotSport,Soccer,U-16,EDGEWATER PARK ATHLETIC ASSOCIATION EP WIZARDS 2010,EAST GREENWICH SA EGSA BLAZE 2010,,,
11/09/2025,15:30,21352848,,GotSport,Soccer,U-11,TAR-KILL SOCCER CLUB TARKILL BLUES 2015,WTSC WTSC WASHINGTON PREMIER 2015B,TARKILL-STERLING HS,,
11/09/2025,15:30,21324297,,GotSport,Soccer,U-9,BURLINGTON TOWNSHIP SOCCER BURLINGTON TOWNSHIP XTREME 2017,MAPLE SHADE SC MAPLE SHADE CHAOS 2017,BURLINGTON TWP - PINEWALD AVE,,
11/09/2025,15:30,21352213,,GotSport,Soccer,U-14,MAPLE SHADE SC MAPLE SHADE FORCE 2012,HADDONFIELD SC BLACK 2012,MAPLE SHADE - TURF FIELD,,
11/09/2025,15:30,21333272,,GotSport,Soccer,U-13,HIGHLAND YOUTH SOCCER CLUB FURY 2013,EAST GREENWICH SA EGSA DYNAMO 2013,HIGHLAND - GLOUCESTER TWP PARK,,
11/09/2025,15:30,21332272,,GotSport,Soccer,U-11,DEPTFORD SA THUNDER 2015,PALMYRA RIVERTON SC NATIONALS 2015,DEPTFORD SC,,
11/09/2025,15:30,21333113,,GotSport,Soccer,U-8,MOUNT LAUREL UNITED (MLU) TITANS 2018,HADDONFIELD SC FIRE 2018,MLU-MARNE HWY,,
11/09/2025,15:30,21352847,,GotSport,Soccer,U-11,UPPER TOWNSHIP SA UPPER TOWNSHIP SA SUPER SONICS 2015,CHERRY HILL SC CHERRY HILL SC RAPTORS 2015,UPPER TWP-Amanda's Field Complex,,
11/09/2025,15:30,21345345,,GotSport,Soccer,U-11,PENNS GROVE SC PENNS GROVE SC LIL DEVILS 2015,HAMMONTON YSA HAMMONTON HEAT BOYS 2015,PG-CP-PED- Carney's Point Rec Center,,
11/09/2025,15:30,21375381,,GotSport,Soccer,U-9,NORTHERN BURLINGTON SA NORTHERN BURLINGTON FORCE 2017,HADDON HEIGHTS SC HAVOC 2017,,,
11/09/2025,15:30,21346738,,GotSport,Soccer,U-11,PITTSGROVE SOCCER CLUB PSC GALAXY 2015,HADDON TWP SOCCER CLUB HADDON TWP RED HAWKS 2016,PITTSGROVE-GREEN BRANCH,,
11/09/2025,15:30,21342298,,GotSport,Soccer,U-12,VINELAND SA VINELAND TERMINATORS 2014,WOODSTOWN SOCCER CLUB WOODSTOWN WOLFPACK 2014,VINELAND SA,,
11/09/2025,15:30,21333028,,GotSport,Soccer,U-12,BURLINGTON TOWNSHIP SOCCER DYNAMITE 2014,COLLINGSWOOD OAKLYN SOCCER CLUB OUTLAWS 2014,BURLINGTON TWP - PINEWALD AVE,,
11/09/2025,15:30,21332192,,GotSport,Soccer,U-9,TBAA TBAA TBAA REVOLUTION 2017,CHERRY HILL SC CHERRY HILL SC DYNAMO (2017),TBAA-VALLEY BROOK,,
11/09/2025,15:30,21342300,,GotSport,Soccer,U-12,HARRISON SC HARRISON WAVE 2014,MARLTON SOCCER CLUB MARLTON SC CHIEFS BLACK 2014,HARRISON - William Wilt Soccer Complex,,
11/09/2025,15:30,22117009,,GotSport,Soccer,U-8,EAST GREENWICH SA EGSA PUMAS 2018,WEST DEPTFORD SC STRIKERS 2018,E GREENWICH - THOMPSON FAMILY PARK,,
11/09/2025,15:30,21444275,,GotSport,Soccer,U-12,MOORESTOWN SC HORNETS 2014,HADDONFIELD SC BLACK 2014,MOORESTOWN - SALEM RD/PRYOR PARK,,
11/09/2025,15:30,21352212,,GotSport,Soccer,U-14,PENNSAUKEN YOUTH SOCCER CLUB TITANS 2012,MARLTON SOCCER CLUB MARLTON SC CHIEFS BLACK 2012,Pennsauken Community Recreation Facility,,
11/09/2025,15:30,21318477,,GotSport,Soccer,U-14,EAST GREENWICH SA EGSA VENOM 2012,PENNSVILLE SOCCER ASSOCIATION PENNSVILLE EAGLES 2012,E GREENWICH - THOMPSON FAMILY PARK,,
11/09/2025,15:30,21353121,,GotSport,Soccer,U-11,MAINLAND UNITED SA MAINLAND UNITED SA MUSTANGS BLACK 2015 B,CAPE EXPRESS CE SILVER STREAK 2015,MAINLAND - MEMORIAL PARK,,
11/09/2025,15:30,21374677,,GotSport,Soccer,U-12,HADDON TWP SOCCER CLUB HADDON TWP WHITE HAWKS 2015,HADDONFIELD SC RED 2014,HADDON TWP - RECCHINO FIELDS,,
11/09/2025,15:30,21353123,,GotSport,Soccer,U-11,WINSLOW TOWNSHIP YSA WINSLOW TITANS 2015,HIGHLAND YOUTH SOCCER CLUB LIGHTNING 2015,,,
11/09/2025,15:30,21346510,,GotSport,Soccer,U-10,BORDENTOWN FC BORDENTOWN FC REVOLUTION 2016,MEDFORD STRIKERS SC MEDFORD STRIKERS 2016 BOYS,BORDENTOWN - FRIENDSHIP FIELDS,,
11/09/2025,15:30,21332841,,GotSport,Soccer,U-13,WEST DEPTFORD SC WEST DEPTFORD WIZARDS 2013,MONROE TOWNSHIP YS UNITED BOYS BLUE 2013,W DEPTFORD-WD PARK,,
11/09/2025,15:30,21354903,,GotSport,Soccer,U-13,MARLTON SOCCER CLUB MARLTON SC CHIEFS ORANGE 2014,EGG HARBOR TOWNSHIP SC EGG HARBOR SC EAGLES WHITE 2013,MARLTON - MEMORIAL,,
11/09/2025,15:30,21405484,,GotSport,Soccer,U-9,PENNSVILLE SOCCER ASSOCIATION PENNSVILLE EAGLES GOLD 2017,WOODBURY SOCCER CLUB WOODBURY WARRIORS 2017,PENNSVILLE,,
11/09/2025,15:30,21454401,,GotSport,Soccer,U-9,MAINLAND UNITED SA MAINLAND UNITED SA MUSTANGS RED 2017 B,WATERFORD ATHLETIC ASSN WINGS 2017,MAINLAND - MEMORIAL PARK,,
11/09/2025,15:30,21373625,,GotSport,Soccer,U-10,EAST GREENWICH SA EGSA ROYALS 2016,WOODSTOWN SOCCER CLUB WOODSTOWN WOLVES 2016,E GREENWICH - THOMPSON FAMILY PARK,,
11/09/2025,15:30,21716244,,GotSport,Soccer,U-10,HADDONFIELD SC GREY 2016,CHERRY HILL SC CHERRY HILL SC BLUE STORM (2016) - BOYS,HADDONFIELD - CROWS WOODS,,
11/09/2025,15:30,21374511,,GotSport,Soccer,U-14,SWEDESBORO WOOLWICH SOCCER ASSOC. SWSA CYCLONES 2012/2013,EGG HARBOR TOWNSHIP SC EGG HARBOR SC EAGLES 2012 BLACK,SW-Locke Avenue Park,,
11/09/2025,15:30,21318479,,GotSport,Soccer,U-14,BURLINGTON TOWNSHIP SOCCER DRAGONS 2012,VINELAND SA FURY 2012,BURLINGTON TWP - PINEWALD AVE,,
11/09/2025,15:30,21345313,,GotSport,Soccer,U-10,MONROE TOWNSHIP YS MONROE UNITED 2017,RANCOCAS VALLEY SC RANCOCAS VALLEY SC BOYS PREMIER 2016,MONROE TWP - CORKERY LANE,,
11/09/2025,15:30,21374510,,GotSport,Soccer,U-14,WOODSTOWN SOCCER CLUB WOODSTOWN THUNDER 2012,WINSLOW TOWNSHIP YSA WINSLOW GREEN DRAGONS 2012,WOODSTOWN,,
11/09/2025,15:30,21333026,,GotSport,Soccer,U-12,CHERRY HILL SC CHERRY HILL SC TITANS (2014),PALMYRA RIVERTON SC TORNADOES 2014,CHSC - UPPER CHAPEL TURF,,
11/09/2025,15:30,21346739,,GotSport,Soccer,U-11,SJ FUTBOL CLUB SJ FUTBOL CLUB RAMS 2015,WOODBURY SOCCER CLUB WOODBURY BOLTS 2015,SJFC - UPPER DEERFIELD RECREATION COMPLEX,,
11/09/2025,15:30,21342487,,GotSport,Soccer,U-9,PENNS GROVE SC PENNS GROVE SC RENEGADES 2017,PENNSVILLE SOCCER ASSOCIATION PENNSVILLE EAGLES BLUE 2017,PG-CP-PED- Carney's Point Rec Center,,
11/09/2025,15:30,21375596,,GotSport,Soccer,U-9,LOGAN SOCCER CLUB  LOGAN BOOM BLACK 2017,HADDONFIELD SC WHITE 2017,LOGAN - TWP LINE,,
11/09/2025,15:30,21444409,,GotSport,Soccer,U-14,DEPTFORD SA THUNDER 2012,FRANKLIN TOWNSHIP YOUTH SOCCER ASSOCIATION CRUSADERS 2012,DEPTFORD SC,,
11/09/2025,15:30,21408660,,GotSport,Soccer,U-10,COLLINGSWOOD OAKLYN SOCCER CLUB WARRIORS 2016,SWEDESBORO WOOLWICH SOCCER ASSOC. SWSA VENOM 2016,COSC- Oaklyn Public School,,
11/09/2025,15:30,21349253,,GotSport,Soccer,U-8,BARRINGTON SC BARRINGTON SC STRIKERS 2018,VOORHEES SA RAIDERS 2018,BARRINGTON-DEERE FIELD,,
11/09/2025,15:30,21349283,,GotSport,Soccer,U-8,MOORESTOWN SC LIGHTNING 2018,NORTHERN BURLINGTON SA NORTHERN BURLINGTON BASH 2018,MOORESTOWN - MEMORIAL FIELDS,,
11/09/2025,15:30,21324788,,GotSport,Soccer,U-12,HADDON HEIGHTS SC HADDON HEIGHTS SC MIGHTY TITANS 2014,SWEDESBORO WOOLWICH SOCCER ASSOC. SWSA LIGHTNING 2014,HADD HGTS - DEVON,,
11/09/2025,15:30,21324787,,GotSport,Soccer,U-12,WTSC WTSC WASHINGTON PREMIER 2014B,AUDUBON SOCCER YOUTH ASSOCIATION AUDUBON ATTACK - BOYS 2014,,,
11/09/2025,15:30,21366152,,GotSport,Soccer,U-12,TBAA TBAA TBAA OUTLAWS 2014,EGG HARBOR TOWNSHIP SC EGG HARBOR SC EAGLES BLACK 2014,TBAA-VALLEY BROOK,,
11/09/2025,15:30,21390205,,GotSport,Soccer,U-10,SENECA UNITED SC RAPTORS 2016,TAR-KILL SOCCER CLUB TARKILL 2016 BOYS,SENECA - STONEY CREEK FIELDS,,
11/09/2025,15:30,21409393,,GotSport,Soccer,U-10,CLAYTON SA CLIPPERS 2016,MANTUA TOWNSHIP SA MANTUA 2016B,CLAYTON - BENTZ,,
11/09/2025,15:40,21331776,,GotSport,Soccer,U-14,HARRISON SC HARRISON SC STRIKERS 2012,HADDONFIELD SC RED 2012,HARRISON - William Wilt Soccer Complex,,
11/09/2025,15:40,21318320,,GotSport,Soccer,U-15,VOORHEES SA FORCE 2012,DELRAN FC SOCCER STORM,VOORHEES-EASTERN HS,,
11/09/2025,15:45,21392044,,GotSport,Soccer,U-8,PITTSGROVE SOCCER CLUB PSC DYNASTY 2018,HARRISON SC HARRISON WOLVES 2018,PITTSGROVE-GREEN BRANCH,,
11/09/2025,15:45,21392113,,GotSport,Soccer,U-11,CINNAMINSON SC CINNAMINSON SC PIRATES SEA DOGS 2015,MARLTON SOCCER CLUB MARLTON SC CHIEFS WHITE 2015,CINNAMINSON SC - MEMORIAL,,
11/09/2025,15:45,21342485,,GotSport,Soccer,U-9,SWEDESBORO WOOLWICH SOCCER ASSOC. SWSA VIPERS 2017,WOODSTOWN SOCCER CLUB WOODSTOWN WARRIORS 2017,SW-Locke Avenue Park,,
11/09/2025,15:45,21408661,,GotSport,Soccer,U-10,HARRISON SC HARRISON HURRICANES 2016,HADDON HEIGHTS SC RUCKUS 2016,HARRISON - William Wilt Soccer Complex,,
11/09/2025,15:45,21342486,,GotSport,Soccer,U-9,HADDONFIELD SC SILVER 2017,WEST DEPTFORD SC WARRIORS 2017,HADDONFIELD - CROWS WOODS,,
11/09/2025,15:45,21352046,,GotSport,Soccer,U-9,ATLANTIC UNITED SOCCER CLUB ATLANTIC UNITED PREMIER 2017 B,UPPER TOWNSHIP SA UPPER TOWNSHIP SA HEAT 2017,ATLANTIC - TARTAGLIO,,
11/09/2025,15:45,21346063,,GotSport,Soccer,U-9,DEPTFORD SA SCORPIONS 2017,MOUNT LAUREL UNITED (MLU) SUPER EAGLES 2017,DEPTFORD SC,,
11/09/2025,15:45,21354963,,GotSport,Soccer,U-11,MILLVILLE SA MILLVILLE PREDATORS 2015,WEST DEPTFORD SC ANIMALS 2015,MILLVILLE SOCCER COMPLEX,,
11/09/2025,15:45,21343137,,GotSport,Soccer,U-8,VOORHEES SA SUPER STRIKERS 2018,CHERRY HILL SC CHERRY HILL SC VORTEX (2018),VOORHEES-Echelon Complex,,
11/09/2025,15:45,21353163,,GotSport,Soccer,U-12,MOUNT LAUREL UNITED (MLU) COBRAS 2014,VOORHEES SA VIKINGS 2014,MLU-TROTTERS,,
11/09/2025,15:45,21444274,,GotSport,Soccer,U-12,LOGAN SOCCER CLUB  LOGAN CHARGE BLUE 2014,WATERFORD ATHLETIC ASSN WINGS 2014,LOGAN - TWP LINE,,
11/09/2025,15:45,21444961,,GotSport,Soccer,U-11,MEDFORD SC MEDFORD SC GOLD 2015,HARRISON SC HARRISON BLUE ARSENAL 2015,MEDFORD - BENDE PARK,,
11/09/2025,15:45,21332193,,GotSport,Soccer,U-9,CINNAMINSON SC CINNAMINSON SC RED 2017,MOUNT LAUREL UNITED (MLU) PRESTIGE 2017,CINNAMINSON SC - MEMORIAL,,
11/09/2025,15:45,21716246,,GotSport,Soccer,U-10,CINNAMINSON SC CINNAMINSON SC CHAOS 2016,PALMYRA RIVERTON SC LEGENDARY 2016,CINNAMINSON SC - MEMORIAL,,
11/09/2025,15:45,21405669,,GotSport,Soccer,U-10,HIGHLAND YOUTH SOCCER CLUB HAVOK 2016,EGG HARBOR TOWNSHIP SC EGG HARBOR SC EAGLES BLACK 2016,HIGHLAND - GLOUCESTER TWP PARK,,
11/09/2025,15:45,21324296,,GotSport,Soccer,U-9,PENNSAUKEN YOUTH SOCCER CLUB ROARING CUBS 2017,MEDFORD SC MEDFORD SC GOLD 2017B,Pennsauken Community Recreation Facility,,
11/14/2025,19:00,21346847,,GotSport,Soccer,U-13,CHERRY HILL SC CHERRY HILL SC UNITED 2014,DEPTFORD SA TORNADOES 2013,CHSC - UPPER CHAPEL TURF,,
11/16/2025,11:00,21332146,,GotSport,Soccer,U-12,MOUNT LAUREL UNITED (MLU) LIGHTNING 2014,TBAA TBAA TBAA REVOLUTION 2015,MLU-TROTTERS,,
11/16/2025,11:00,21352135,,GotSport,Soccer,U-11,VOORHEES SA PYTHONS 2015,EDGEWATER PARK ATHLETIC ASSOCIATION EP WARRIORS 2015,VOORHEES-Echelon Complex,,
11/16/2025,11:00,21331781,,GotSport,Soccer,U-14,MARLTON SOCCER CLUB MARLTON SC CHIEFS WHITE 2012,HARRISON SC HARRISON SC STRIKERS 2012,MARLTON - MEMORIAL,,
11/16/2025,11:00,21444618,,GotSport,Soccer,U-15,EGG HARBOR TOWNSHIP SC EGG HARBOR SC EAGLES BLACK 2011,DEPTFORD SA TORNADOES 2011,Egg Harbor Twp HS,,
11/16/2025,11:00,21374513,,GotSport,Soccer,U-14,WINSLOW TOWNSHIP YSA WINSLOW GREEN DRAGONS 2012,LOGAN SOCCER CLUB  LOGAN FUSION 2012,,,
11/16/2025,11:00,21318307,,GotSport,Soccer,U-15,WOODBURY SOCCER CLUB WOODBURY ARMORY 2011,DELRAN FC SOCCER STORM,WOODBURY,,
11/16/2025,11:00,21352851,,GotSport,Soccer,U-11,CHERRY HILL SC CHERRY HILL SC RAPTORS 2015,RANCOCAS VALLEY SC RANCOCAS VALLEY SC BOYS STEALTH 2015,CHSC - UPPER CHAPEL TURF,,
11/16/2025,11:00,21352215,,GotSport,Soccer,U-14,HADDONFIELD SC BLACK 2012,PENNSAUKEN YOUTH SOCCER CLUB TITANS 2012,HADDONFIELD - CROWS WOODS,,
11/16/2025,11:00,21375430,,GotSport,Soccer,U-11,PENNSVILLE SOCCER ASSOCIATION PENNSVILLE EAGLES GOLD 2015,BURLINGTON TOWNSHIP SOCCER THUNDER 2015,PENNSVILLE,,
11/16/2025,11:00,21346845,,GotSport,Soccer,U-13,DELRAN FC SOCCER DELRAN FC KNIGHTS 2014,PENNS GROVE SC PENNS GROVE WILD 2013,,,
11/16/2025,11:00,21375384,,GotSport,Soccer,U-9,MEDFORD SC MEDFORD SC WHITE LIGHTNING 2017B,NORTHERN BURLINGTON SA NORTHERN BURLINGTON FORCE 2017,MEDFORD SC - Bob Meyer Memorial Park,,
11/16/2025,11:00,21375598,,GotSport,Soccer,U-9,HADDONFIELD SC WHITE 2017,COLLINGSWOOD OAKLYN SOCCER CLUB COSC TSUNAMI 2017,HADDONFIELD - CROWS WOODS,,
11/16/2025,11:00,21454404,,GotSport,Soccer,U-9,EGG HARBOR TOWNSHIP SC EGG HARBOR SC EAGLES 2017,PITTSGROVE SOCCER CLUB PSC RAPTORS 2017,Egg Harbor Twp HS,,
11/16/2025,11:00,21333260,,GotSport,Soccer,U-13,HIGHLAND YOUTH SOCCER CLUB FURY 2013,HADDONFIELD SC RED 2013,HIGHLAND - GLOUCESTER TWP PARK,,
11/16/2025,11:00,21445014,,GotSport,Soccer,U-9,WEST DEPTFORD SC DRAGONS 2017,SWEDESBORO WOOLWICH SOCCER ASSOC. SWSA COBRAS 2017,W DEPTFORD-WD PARK,,
11/16/2025,11:00,22116996,,GotSport,Soccer,U-8,WTSC WTSC WASHINGTON SELECT 2018 BOYS,EAST GREENWICH SA EGSA PUMAS 2018,,,
11/16/2025,11:00,21445013,,GotSport,Soccer,U-9,CINNAMINSON SC CINNAMINSON SC RAIDERS 2017,VOORHEES SA VENOM 2017,CINNAMINSON SC - MEMORIAL,,
11/16/2025,11:30,21444265,,GotSport,Soccer,U-12,LOGAN SOCCER CLUB  LOGAN CHARGE BLUE 2014,HARRISON SC HARRISON STRIKERS 2014,LOGAN - TWP LINE,,
11/16/2025,12:00,21445039,,GotSport,Soccer,U-9,MOORESTOWN SC PANTHERS 2017,HADDONFIELD SC BLACK 2017,MOORESTOWN - SALEM RD/PRYOR PARK,,
11/16/2025,12:00,21375597,,GotSport,Soccer,U-9,HARRISON SC HARRISON HURRICANES 2017,LOGAN SOCCER CLUB  LOGAN BOOM BLACK 2017,HARRISON - William Wilt Soccer Complex,,
11/16/2025,12:00,21444617,,GotSport,Soccer,U-15,UPPER TOWNSHIP SA UPPER TOWNSHIP SA TSUNAMIS 2011,PENNSAUKEN YOUTH SOCCER CLUB WARRIORS 2011,UPPER TWP-Amanda's Field Complex,,
11/16/2025,12:00,21409174,,GotSport,Soccer,U-10,HADDON HEIGHTS SC WARRIORS 2016,GATEWAY UNITED SOCCER CLUB GUSC GATORS B2016/17,HADD HGTS - DEVON,,
11/16/2025,12:00,21352048,,GotSport,Soccer,U-9,UPPER TOWNSHIP SA UPPER TOWNSHIP SA HEAT 2017,EGG HARBOR TOWNSHIP SC EGG HARBOR SC EAGLES BLACK 2017,UPPER TWP-Amanda's Field Complex,,
11/16/2025,12:00,21354717,,GotSport,Soccer,U-9,SWEDESBORO WOOLWICH SOCCER ASSOC. SWSA PANTHERS 2017,HARRISON SC HARRISON UNITED 2017,SW-Locke Avenue Park,,
11/16/2025,12:00,21324343,,GotSport,Soccer,U-11,WATERFORD ATHLETIC ASSN WATERFORD WINGS 2015,UPPER TOWNSHIP SA UPPER TOWNSHIP SA COMETS WHITE 2015,,,
11/16/2025,12:00,22002486,,GotSport,Soccer,U-19,DEPTFORD SA AVENGERS 2009,HIGHLAND YOUTH SOCCER CLUB FUSION 2008,DEPTFORD SC,,
11/16/2025,12:00,21409730,,GotSport,Soccer,U-16,WTSC WTSC WASHINGTON UNITED 2010 BOYS,MAPLE SHADE SC MAPLE SHADE BEST ELEVEN 2010,,,
11/16/2025,12:00,21333299,,GotSport,Soccer,U-13,MILLVILLE SA MILLVILLE UNITED 2013,CHERRY HILL SC CHERRY HILL SC FORCE 2013,MILLVILLE SOCCER COMPLEX,,
11/16/2025,12:00,21445004,,GotSport,Soccer,U-11,SWEDESBORO WOOLWICH SOCCER ASSOC. SWSA MAYHEM FC 2015,PITMAN SA PITMAN SA WILDCATS 2015,SW-Locke Avenue Park,,
11/16/2025,12:00,21409408,,GotSport,Soccer,U-10,MANTUA TOWNSHIP SA MANTUA 2016B,PENNS GROVE SC PENNS GROVE SC DRAGONS 2016,MANTUA TWP,,
11/16/2025,12:00,21444396,,GotSport,Soccer,U-14,MEDFORD SC MEDFORD SC DESTROYERS 2012,FRANKLIN TOWNSHIP YOUTH SOCCER ASSOCIATION CRUSADERS 2012,MEDFORD - BENDE PARK,,
11/16/2025,12:00,21318481,,GotSport,Soccer,U-14,VINELAND SA FURY 2012,SWEDESBORO WOOLWICH SOCCER ASSOC. SWSA SHARKS 2012,VINELAND SA,,
11/16/2025,12:00,21346742,,GotSport,Soccer,U-11,HADDON TWP SOCCER CLUB HADDON TWP RED HAWKS 2016,DEPTFORD SA CYCLONES 2015,HADDON TWP - RECCHINO FIELDS,,
11/16/2025,12:00,21351701,,GotSport,Soccer,U-8,LOGAN SOCCER CLUB  LOGAN IMPACT BLUE 2018,SOUTH HARRISON TOWNSHIP SOCCER CLUB SOUTH HARRISON SCORPIONS 2018,LOGAN - TWP LINE,,
11/16/2025,12:00,21354967,,GotSport,Soccer,U-11,MEDFORD STRIKERS SC MEDFORD STRIKERS 2015 BOYS,HADDON HEIGHTS SC HADDON HEIGHTS SC CHEETAHS 2015,MEDFORD STRIKERS - ARK ROAD COMPLEX,,
11/16/2025,12:00,21444962,,GotSport,Soccer,U-11,EAST GREENWICH SA EGSA TIGERS 2015,MEDFORD SC MEDFORD SC GOLD 2015,E GREENWICH - THOMPSON FAMILY PARK,,
11/16/2025,12:00,21354749,,GotSport,Soccer,U-12,TBAA TBAA TBAA SYNDICATE 2014,GATEWAY UNITED SOCCER CLUB GU GREYHOUNDS 2014,TBAA-VALLEY BROOK,,
11/16/2025,12:00,21333275,,GotSport,Soccer,U-13,EAST GREENWICH SA EGSA DYNAMO 2013,MEDFORD SC MEDFORD SC BLUE DEVILS 2013,E GREENWICH - THOMPSON FAMILY PARK,,
11/16/2025,12:00,21352133,,GotSport,Soccer,U-11,SENECA UNITED SC RAPTORS 2015,ATLANTIC UNITED SOCCER CLUB ATLANTIC UNITED PREMIER FIRE 2015 B,SENECA - STONEY CREEK FIELDS,,
11/16/2025,12:00,21355008,,GotSport,Soccer,U-12,MARLTON SOCCER CLUB MARLTON SC CHIEFS WHITE 2014,DEPTFORD SA FUSION 2015,MARLTON - MEMORIAL,,
11/16/2025,12:00,21324706,,GotSport,Soccer,U-13,VOORHEES SA RAPTORS 2013,NORTHERN BURLINGTON SA NORTHERN BURLINGTON SA GLADIATORS 2013,VOORHEES-EASTERN HS,,
11/16/2025,12:00,21317878,,GotSport,Soccer,U-15,CHERRY HILL SC CHERRY HILL SC BLUE (2011) - BOYS,VOORHEES SA BLUES 2011,CHSC - CH WEST HS,,
11/16/2025,12:00,21317876,,GotSport,Soccer,U-15,GATEWAY UNITED SOCCER CLUB GUSC WILDCATS B2011,TBAA TBAA TBAA TITANS 2011,GATEWAY UTD. - WESTVILLE,,
11/16/2025,12:00,21349286,,GotSport,Soccer,U-8,DELRAN FC SOCCER DELRAN FC GREY 2018,MOORESTOWN SC LIGHTNING 2018,,,
11/16/2025,12:00,21345346,,GotSport,Soccer,U-11,RANCOCAS VALLEY SC RANCOCAS VALLEY SC BOYS UNITED 2015,PENNS GROVE SC PENNS GROVE SC LIL DEVILS 2015,Rancocas Valley-LUMBERTON MUNICIPAL,,
11/16/2025,12:15,21353167,,GotSport,Soccer,U-12,VOORHEES SA VIKINGS 2014,EAST GREENWICH SA EGSA STARS 2014,VOORHEES-Echelon Complex,,
11/16/2025,12:30,21353166,,GotSport,Soccer,U-12,HIGHLAND YOUTH SOCCER CLUB THUNDER 2014,MOUNT LAUREL UNITED (MLU) COBRAS 2014,HIGHLAND - GLOUCESTER TWP PARK,,
11/16/2025,12:30,21454402,,GotSport,Soccer,U-9,CAPE EXPRESS CE BARCA 2017,MAINLAND UNITED SA MAINLAND UNITED SA MUSTANGS RED 2017 B,CAPE EX SOCCER COMPLEX At Ockie Wisting,,
11/16/2025,12:30,21346740,,GotSport,Soccer,U-11,COLLINGSWOOD OAKLYN SOCCER CLUB COSC COBRAS 2015,SJ FUTBOL CLUB SJ FUTBOL CLUB RAMS 2015,COSC- Oaklyn Public School,,
11/16/2025,12:30,21352216,,GotSport,Soccer,U-14,MARLTON SOCCER CLUB MARLTON SC CHIEFS BLACK 2012,EDGEWATER PARK ATHLETIC ASSOCIATION EP UNITED 2012,MARLTON - MEMORIAL,,
11/16/2025,12:30,21342800,,GotSport,Soccer,U-9,BURLINGTON TOWNSHIP SOCCER BT FIRE 2017,AUDUBON SOCCER YOUTH ASSOCIATION AUDUBON CROSSFIRE 2017,BURLINGTON TWP - PINEWALD AVE,,
11/16/2025,12:30,21349412,,GotSport,Soccer,U-14,AUDUBON SOCCER YOUTH ASSOCIATION AUDUBON SOCCER YOUTH BALLERS 2012,PENNS GROVE SC PENNS GROVE SC RAGE 2012,AUDUBON - GREEN WAVE PARK,,
11/16/2025,12:30,21349414,,GotSport,Soccer,U-14,HARRISON SC HARRISON WILDCATS 2012,MONROE TOWNSHIP YS UNITED 2012 BLUE,HARRISON - William Wilt Soccer Complex,,
11/16/2025,12:30,21332843,,GotSport,Soccer,U-13,MONROE TOWNSHIP YS UNITED BOYS BLUE 2013,PENNSAUKEN YOUTH SOCCER CLUB REBELS 2013,MONROE TWP - CORKERY LANE,,
11/16/2025,12:30,21405485,,GotSport,Soccer,U-9,PITMAN SA PITMAN SA PANTHERS 2017,PENNSVILLE SOCCER ASSOCIATION PENNSVILLE EAGLES GOLD 2017,PITMAN - Dell,,
11/16/2025,12:30,21345317,,GotSport,Soccer,U-10,MOUNT LAUREL UNITED (MLU) REVOLUTION 2016,MOORESTOWN SC WARRIORS 2016,MLU-MARNE HWY,,
11/16/2025,12:30,21354876,,GotSport,Soccer,U-10,WTSC WTSC WASHINGTON UNITED 2016B,MARLTON SOCCER CLUB MARLTON SC CHIEFS ORANGE 2016,,,
11/16/2025,12:30,21354966,,GotSport,Soccer,U-11,WEST DEPTFORD SC ANIMALS 2015,MOORESTOWN SC ELECTRIC RAYS 2015,W DEPTFORD-WD PARK,,
11/16/2025,12:30,21346067,,GotSport,Soccer,U-9,HADDON TWP SOCCER CLUB HADDON TWP. WHITE HAWKS 2017,HIGHLAND YOUTH SOCCER CLUB THUNDER 2017,,,
11/16/2025,12:30,21346066,,GotSport,Soccer,U-9,MOUNT LAUREL UNITED (MLU) SUPER EAGLES 2017,BORDENTOWN FC BORDENTOWN FC REVOLUTION 2017,MLU-MARNE HWY,,
11/16/2025,12:30,21332196,,GotSport,Soccer,U-9,CHERRY HILL SC CHERRY HILL SC DYNAMO (2017),VOORHEES SA BLUE DEVILS 2017,CHSC - CH WEST HS,,
11/16/2025,12:30,21347647,,GotSport,Soccer,U-8,HADDONFIELD SC REBELS 2018,CINNAMINSON SC CINNAMINSON SC PIRATES 2018,HADDONFIELD - CROWS WOODS,,
11/16/2025,12:30,21373630,,GotSport,Soccer,U-10,HADDONFIELD SC WHITE 2016,EAST GREENWICH SA EGSA ROYALS 2016,HADDONFIELD - CROWS WOODS,,
11/16/2025,12:30,21347765,,GotSport,Soccer,U-10,MAPLE SHADE SC MAPLE SHADE SHARKS 2016,HADDON TWP SOCCER CLUB HADDON TWP WHITE HAWKS 2016,MAPLE SHADE - TURF FIELD,,
11/16/2025,12:30,21373628,,GotSport,Soccer,U-10,WOODSTOWN SOCCER CLUB WOODSTOWN WOLVES 2016,WEST DEPTFORD SC TSUNAMI 2016,WOODSTOWN,,
11/16/2025,12:30,21353126,,GotSport,Soccer,U-11,EGG HARBOR TOWNSHIP SC EGG HARBOR SC EAGLES WHITE 2015,MAINLAND UNITED SA MAINLAND UNITED SA MUSTANGS BLACK 2015 B,Egg Harbor Twp HS,,
11/16/2025,12:30,21324342,,GotSport,Soccer,U-11,WOODSTOWN SOCCER CLUB WOODSTOWN WILD 2015,BURLINGTON TOWNSHIP SOCCER PHOENIX 2015,WOODSTOWN,,
11/16/2025,12:30,21318480,,GotSport,Soccer,U-14,PENNSVILLE SOCCER ASSOCIATION PENNSVILLE EAGLES 2012,BURLINGTON TOWNSHIP SOCCER DRAGONS 2012,PENNSVILLE,,
11/16/2025,12:30,21349364,,GotSport,Soccer,U-13,HAMMONTON YSA HAMMONTON HEAT BOYS 2013,RANCOCAS VALLEY SC RVSC - CELTIC 2014,HAMMONTON - MOSS MILL RD PARK SOCCER COMPLEX,,
11/16/2025,12:30,21716227,,GotSport,Soccer,U-10,PALMYRA RIVERTON SC LEGENDARY 2016,BARRINGTON SC BARRINGTON SC STORM 2016,,,
11/16/2025,12:30,21349082,,GotSport,Soccer,U-9,MEDFORD SC MEDFORD SC COLUMBIA 2017B,CINNAMINSON SC CINNAMINSON SC UNION 2017,MEDFORD SC - Bob Meyer Memorial Park,,
11/16/2025,12:30,21349081,,GotSport,Soccer,U-9,MOORESTOWN SC YELLOW VIPERS 2017,DELRAN FC SOCCER DELRAN FC RAPTORS 2017,MOORESTOWN - MEMORIAL FIELDS,,
11/16/2025,12:30,21324344,,GotSport,Soccer,U-11,NORTHERN BURLINGTON SA NORTHERN BURLINGTON STORM 2015,MILLVILLE SA MILLVILLE WARRIORS 2015,,,
11/16/2025,12:30,21354718,,GotSport,Soccer,U-9,MEDFORD SC MEDFORD SC NAVY RENEGADES 2017B,MARLTON SOCCER CLUB MARLTON SC CHIEFS ORANGE 2017,MEDFORD SC - Bob Meyer Memorial Park,,
11/16/2025,12:30,21716226,,GotSport,Soccer,U-10,WINSLOW TOWNSHIP YSA WINSLOW SPARTANS 2016,CINNAMINSON SC CINNAMINSON SC CHAOS 2016,,,
11/16/2025,12:30,21351946,,GotSport,Soccer,U-13,MOUNT LAUREL UNITED (MLU) TIGERS 2013,HIGHLAND YOUTH SOCCER CLUB CHAOS 2013,MLU-TROTTERS,,
11/16/2025,12:30,21374515,,GotSport,Soccer,U-14,EGG HARBOR TOWNSHIP SC EGG HARBOR SC EAGLES 2012 BLACK,WOODSTOWN SOCCER CLUB WOODSTOWN THUNDER 2012,Egg Harbor Twp HS,,
11/16/2025,12:30,21331779,,GotSport,Soccer,U-14,HADDONFIELD SC RED 2012,TAR-KILL SOCCER CLUB TARKILL LIVERPOOL 2012,HADDONFIELD - CROWS WOODS,,
11/16/2025,12:30,21346513,,GotSport,Soccer,U-10,CHERRY HILL SC CHERRY HILL SC THUNDER (2016),SWEDESBORO WOOLWICH SOCCER ASSOC. SWSA HAVOC 2016,CHSC - UPPER CHAPEL TURF,,
11/16/2025,12:30,21324762,,GotSport,Soccer,U-14,CHERRY HILL FC 2012 JUNIORS BLACK,MOORESTOWN SC UNION 2012,,,
11/16/2025,12:30,21317877,,GotSport,Soccer,U-15,DELRAN FC SOCCER DELRAN FC FLASH 2011,EGG HARBOR TOWNSHIP SC EGG HARBOR SC EAGLES WHITE 2011,,,
11/16/2025,12:30,21349374,,GotSport,Soccer,U-15,PITMAN SA PITMAN SA JAGUARS 2012,WTSC WTSC PREMIER 2011 BOYS,PITMAN - ALCYON LAKE,,
11/16/2025,12:30,21349384,,GotSport,Soccer,U-15,WINSLOW TOWNSHIP YSA WINSLOW REAPERS 2011,RANCOCAS VALLEY SC RANCOCAS VALLEY SC BOYS 2011 UNITED,,,
11/16/2025,12:30,21349328,,GotSport,Soccer,U-12,WTSC WTSC WASHINGTON SELECT 2014B,BORDENTOWN FC BORDENTOWN FC UNION 2014,,,
11/16/2025,12:30,21342241,,GotSport,Soccer,U-8,HAMMONTON YSA HAMMONTON HEAT BOYS 2018,UPPER TOWNSHIP SA UPPER TOWNSHIP SA COMETS 2018,HAMMONTON - MOSS MILL RD PARK SOCCER COMPLEX,,
11/16/2025,12:30,21332147,,GotSport,Soccer,U-12,CHERRY HILL SC CHERRY HILL SC UNION 2015,VOORHEES SA VSA KNIGHTS 2014,CHSC - UPPER CHAPEL TURF,,
11/16/2025,12:30,21333029,,GotSport,Soccer,U-12,PALMYRA RIVERTON SC TORNADOES 2014,BURLINGTON TOWNSHIP SOCCER DYNAMITE 2014,,,
11/16/2025,12:30,21405673,,GotSport,Soccer,U-10,EGG HARBOR TOWNSHIP SC EGG HARBOR SC EAGLES BLACK 2016,MILLVILLE SA MILLVILLE THUNDER 2016,Egg Harbor Twp HS,,
11/16/2025,12:30,21405672,,GotSport,Soccer,U-10,WTSC WTSC WASHINGTON PREMIER 2016B,HIGHLAND YOUTH SOCCER CLUB HAVOK 2016,,,
11/16/2025,12:30,21392101,,GotSport,Soccer,U-11,CINNAMINSON SC CINNAMINSON SC PIRATES SEA DOGS 2015,HADDONFIELD SC WHITE 2015,CINNAMINSON SC - MEMORIAL,,
11/16/2025,12:30,21390210,,GotSport,Soccer,U-10,MARLTON SOCCER CLUB MARLTON SC CHIEFS WHITE 2016,SENECA UNITED SC RAPTORS 2016,MARLTON - MEMORIAL,,
11/16/2025,12:30,21374484,,GotSport,Soccer,U-14,CAPE EXPRESS CE AVENGERS 2013,WTSC WTSC WASHINGTON PREMIER 2012 BOYS,CAPE EX SOCCER COMPLEX At Ockie Wisting,,
11/16/2025,12:30,21391816,,GotSport,Soccer,U-13,WOODBURY SOCCER CLUB WOODBURY BISON 2013,MOUNT LAUREL UNITED (MLU) GALAXY 2013,WOODBURY,,
11/16/2025,12:30,21375429,,GotSport,Soccer,U-11,HADDONFIELD SC BLACK 2015,GATEWAY UNITED SOCCER CLUB GUSC THUNDER B2016,HADDONFIELD - CROWS WOODS,,
11/16/2025,12:45,21354747,,GotSport,Soccer,U-12,LOGAN SOCCER CLUB  LOGAN CHARGE BLACK 2014,MANTUA TOWNSHIP SA MANTUA OUTLAWS 2014B,LOGAN - TWP LINE,,
11/16/2025,13:15,21408664,,GotSport,Soccer,U-10,SWEDESBORO WOOLWICH SOCCER ASSOC. SWSA VENOM 2016,VOORHEES SA TITANS 2016,SW-Locke Avenue Park,,
11/16/2025,13:15,21408663,,GotSport,Soccer,U-10,HADDON HEIGHTS SC RUCKUS 2016,COLLINGSWOOD OAKLYN SOCCER CLUB WARRIORS 2016,HADD HGTS - DEVON,,
11/16/2025,13:15,21390142,,GotSport,Soccer,U-10,UPPER TOWNSHIP SA UPPER TOWNSHIP SA THUNDER 2016,PITTSGROVE SOCCER CLUB PSC PRIME 2016,UPPER TWP-Amanda's Field Complex,,
11/16/2025,13:15,21355006,,GotSport,Soccer,U-12,MARLTON SOCCER CLUB MARLTON SC CHIEFS ORANGE 2015,CINNAMINSON SC CINNAMINSON SC CHARGERS 2014,MARLTON - MEMORIAL,,
11/16/2025,13:15,21405487,,GotSport,Soccer,U-9,HARRISON SC HARRISON HAVOC 2017,MILLVILLE SA MILLVILLE PANTHERS 2017,HARRISON - William Wilt Soccer Complex,,
11/16/2025,13:15,21342802,,GotSport,Soccer,U-9,RANCOCAS VALLEY SC RANCOCAS VALLEY SC BOYS PREMIER 2017,SJ FUTBOL CLUB SJ FUTBOL CLUB HAMMERS 2017,Rancocas Valley-LUMBERTON MUNICIPAL,,
11/16/2025,13:15,21354875,,GotSport,Soccer,U-10,MOORESTOWN SC UNITED 2016,HARRISON SC HARRISON LEGENDS 2016,MOORESTOWN - SALEM RD/PRYOR PARK,,
11/16/2025,13:15,21444264,,GotSport,Soccer,U-12,WATERFORD ATHLETIC ASSN WINGS 2014,PENNSVILLE SOCCER ASSOCIATION PENNSVILLE EAGLES 2014,,,
11/16/2025,13:15,21355007,,GotSport,Soccer,U-12,MEDFORD STRIKERS SC MEDFORD STRIKERS 2014 BOYS,PENNSAUKEN YOUTH SOCCER CLUB AVENGERS 2014,MEDFORD STRIKERS - ARK ROAD COMPLEX,,
11/16/2025,13:15,22116997,,GotSport,Soccer,U-8,MANTUA TOWNSHIP SA MANTUA WARRIORS 2018B,MONROE TOWNSHIP YS MONROE UNITED BLUE 2018,MANTUA TWP,,
11/16/2025,13:15,22116995,,GotSport,Soccer,U-8,LOGAN SOCCER CLUB  LOGAN IMPACT BLACK 2018,WEST DEPTFORD SC STRIKERS 2018,LOGAN - TWP LINE,,
11/16/2025,13:15,21347645,,GotSport,Soccer,U-8,DELRAN FC SOCCER DELRAN FC BLACK 2018,AUDUBON SOCCER YOUTH ASSOCIATION AUDUBON 2018 BOYS,,,
11/16/2025,13:15,21342475,,GotSport,Soccer,U-9,EAST GREENWICH SA EGSA COBRAS 2017,PENNS GROVE SC PENNS GROVE SC RENEGADES 2017,E GREENWICH - THOMPSON FAMILY PARK,,
11/16/2025,13:15,21349327,,GotSport,Soccer,U-12,HADDON TWP SOCCER CLUB HADDON TWP WHITE HAWKS 2014,TBAA TBAA TBAA REVOLUTION 2014,HADDON TWP - RECCHINO FIELDS,,
11/16/2025,13:15,21444964,,GotSport,Soccer,U-11,SWEDESBORO WOOLWICH SOCCER ASSOC. SWSA GUNNERS 2015,SENECA UNITED SC PARK RANGERS 2015,SW-Locke Avenue Park,,
11/16/2025,13:30,21333301,,GotSport,Soccer,U-13,EAST GREENWICH SA EGSA PANTHERS 2013,PEMBERTON SC PEMBERTON SOCCER 2013,E GREENWICH - THOMPSON FAMILY PARK,,
11/16/2025,13:30,21352047,,GotSport,Soccer,U-9,SENECA UNITED SC WILDCATS 2017,ATLANTIC UNITED SOCCER CLUB ATLANTIC UNITED PREMIER 2017 B,SENECA - STONEY CREEK FIELDS,,
11/16/2025,13:30,21392188,,GotSport,Soccer,U-11,VINELAND SA VINELAND FC 2015B,AUDUBON SOCCER YOUTH ASSOCIATION AUDUBON BOYS LIGHTNING 2015,VINELAND SA,,
11/16/2025,13:30,21342107,,GotSport,Soccer,U-11,VOORHEES SA COBRAS 2015,CINNAMINSON SC CINNAMINSON SC PRIME 2015,VOORHEES-Echelon Complex,,
11/16/2025,13:30,21349354,,GotSport,Soccer,U-13,VOORHEES SA VOORHEES COSMOS 2013,WTSC WTSC WASHINGTON SELECT 2013B,VOORHEES-EASTERN HS,,
11/16/2025,13:30,21331780,,GotSport,Soccer,U-14,VINELAND SA JERSEY BOYZ 2012,HIGHLAND YOUTH SOCCER CLUB FORCE 2012,VINELAND SA,,
11/16/2025,13:30,21351948,,GotSport,Soccer,U-13,MILLVILLE SA MILLVILLE REBELS 2013,WOODSTOWN SOCCER CLUB WOODSTOWN PREDATORS 2013,MILLVILLE SOCCER COMPLEX,,
11/16/2025,13:30,21409732,,GotSport,Soccer,U-16,MEDFORD SC MEDFORD SC MAD DOGS WHITE 2010,SJ FUTBOL CLUB SJ FUTBOL CLUB WOLVES,MEDFORD - BENDE PARK,,
11/16/2025,13:45,21351947,,GotSport,Soccer,U-13,UPPER TOWNSHIP SA UPPER TOWNSHIP SA HURRICANES WHITE 2014,HADDON HEIGHTS SC 2013 GARNET STORM,UPPER TWP-Amanda's Field Complex,,
11/16/2025,13:45,21332844,,GotSport,Soccer,U-13,WTSC WTSC WASHINGTON UNITED 2014B,MAINLAND UNITED SA MAINLAND UNITED SA MUSTANGS RED 2013 B,,,
11/16/2025,13:45,21444412,,GotSport,Soccer,U-14,CHERRY HILL SC CHERRY HILL SC COBRAS 2012,DEPTFORD SA THUNDER 2012,CHSC - CH WEST HS,,
11/16/2025,14:00,21349080,,GotSport,Soccer,U-9,PALMYRA RIVERTON SC RIPPERS 2017,MARLTON SOCCER CLUB MARLTON SC CHIEFS WHITE 2017,,,
11/16/2025,14:00,21332275,,GotSport,Soccer,U-11,PALMYRA RIVERTON SC NATIONALS 2015,CINNAMINSON SC CINNAMINSON SC BANDITS 2015,,,
11/16/2025,14:00,21349325,,GotSport,Soccer,U-12,WEST DEPTFORD SC AVALANCHE 2014,MOORESTOWN SC WOLVERINES 2014,W DEPTFORD-WD PARK,,
11/16/2025,14:00,21406126,,GotSport,Soccer,U-10,CAPE EXPRESS CE NOR'EASTERS 2016,ATLANTIC UNITED SOCCER CLUB ATLANTIC UNITED PREMIER RED 2016/2017 B,CAPE EX SOCCER COMPLEX At Ockie Wisting,,
11/16/2025,14:00,21406128,,GotSport,Soccer,U-10,FRANKLIN TOWNSHIP YOUTH SOCCER ASSOCIATION UNITED 2016,WEST DEPTFORD SC WILDCATS 2016,FRANKLIN TWP YOUTH COMPLEX,,
11/16/2025,14:00,22116998,,GotSport,Soccer,U-8,CHERRY HILL SC CHERRY HILL SC BLACKOUT (2018) - BOYS,DEPTFORD SA DEPTFORD SPARTANS 2018 BOYS,CHSC - UPPER CHAPEL TURF,,
11/16/2025,14:00,21408632,,GotSport,Soccer,U-11,GATEWAY UNITED SOCCER CLUB GUSC LIGHTNING PP B2015/2016,HARRISON SC HARRISON FURY 2015,GATEWAY UTD. - WESTVILLE,,
11/16/2025,14:00,21354907,,GotSport,Soccer,U-13,EGG HARBOR TOWNSHIP SC EGG HARBOR SC EAGLES WHITE 2013,VOORHEES SA PREDATORS 2013,Egg Harbor Twp HS,,
11/16/2025,14:00,21354905,,GotSport,Soccer,U-13,MONROE TOWNSHIP YS MONROE UNITED 2013,CINNAMINSON SC CINNAMINSON SC THUNDERBIRDS 2013,MONROE TWP - CORKERY LANE,,
11/16/2025,14:00,21324300,,GotSport,Soccer,U-9,MEDFORD SC MEDFORD SC GOLD 2017B,HADDONFIELD SC GREY 2017,MEDFORD SC - Bob Meyer Memorial Park,,
11/16/2025,14:00,21324299,,GotSport,Soccer,U-9,MAPLE SHADE SC MAPLE SHADE CHAOS 2017,PENNSAUKEN YOUTH SOCCER CLUB ROARING CUBS 2017,MAPLE SHADE - TURF FIELD,,
11/16/2025,14:00,21409173,,GotSport,Soccer,U-10,PITMAN SA PITMAN SA BOBCATS 2016,MEDFORD SC MEDFORD SC GOLD 2016,PITMAN - Dell,,
11/16/2025,14:00,21342301,,GotSport,Soccer,U-12,WOODSTOWN SOCCER CLUB WOODSTOWN WOLFPACK 2014,HARRISON SC HARRISON WAVE 2014,WOODSTOWN,,
11/16/2025,14:00,21333116,,GotSport,Soccer,U-8,HADDONFIELD SC FIRE 2018,VOORHEES SA JEDI KNIGHTS 2018,HADDONFIELD - CROWS WOODS,,
11/16/2025,14:00,21324761,,GotSport,Soccer,U-14,CINNAMINSON SC CINNAMINSON SC SKULLS 2012,MOUNT LAUREL UNITED (MLU) HAWKS 2012,CINNAMINSON SC - MEMORIAL,,
11/16/2025,14:00,21317875,,GotSport,Soccer,U-15,MOUNT LAUREL UNITED (MLU) RANGERS 2011,WINSLOW TOWNSHIP YSA WINSLOW WILDCATS 2011,MLU-TROTTERS,,
11/16/2025,14:00,21333117,,GotSport,Soccer,U-8,WTSC WTSC WASHINGTON PREMIER 2018 BOYS,EGG HARBOR TOWNSHIP SC EGG HARBOR SC EAGLES WHITE 2018,,,
11/16/2025,14:00,21324790,,GotSport,Soccer,U-12,AUDUBON SOCCER YOUTH ASSOCIATION AUDUBON ATTACK - BOYS 2014,MONROE TOWNSHIP YS UNITED BOYS BLUE 2014,AUDUBON - GREEN WAVE PARK,,
11/16/2025,14:00,21324791,,GotSport,Soccer,U-12,CHERRY HILL SC CHERRY HILL SC FORCE 2014,HADDON HEIGHTS SC HADDON HEIGHTS SC MIGHTY TITANS 2014,CHSC - UPPER CHAPEL TURF,,
11/16/2025,14:00,21342799,,GotSport,Soccer,U-9,HADDONFIELD SC RED 2017,HADDON TWP SOCCER CLUB HADDON TWP. RED HAWKS 2017,HADDONFIELD - CROWS WOODS,,
11/16/2025,14:00,21349287,,GotSport,Soccer,U-8,NORTHERN BURLINGTON SA NORTHERN BURLINGTON BASH 2018,CINNAMINSON SC CINNAMINSON SC BLACK 2018,,,
11/16/2025,14:00,21318396,,GotSport,Soccer,U-10,MEDFORD SC MEDFORD SC WHITE 2016,CINNAMINSON SC CINNAMINSON SC LIGHTNING 2016,MEDFORD SC - Bob Meyer Memorial Park,,
11/16/2025,14:00,21343141,,GotSport,Soccer,U-8,CHERRY HILL SC CHERRY HILL SC VORTEX (2018),MONROE TOWNSHIP YS MONROE UNITED BOYS 2018,CHSC - CH WEST HS,,
11/16/2025,14:00,21375427,,GotSport,Soccer,U-11,HARRISON SC HARRISON BLUE REBELS 2015,MONROE TOWNSHIP YS UNITED BLUE 2015,HARRISON - William Wilt Soccer Complex,,
11/16/2025,14:00,21333031,,GotSport,Soccer,U-12,DELRAN FC SOCCER DELRAN FC HAWKS 2014,CHERRY HILL SC CHERRY HILL SC TITANS (2014),,,
11/16/2025,14:00,21347764,,GotSport,Soccer,U-10,MOUNT LAUREL UNITED (MLU) RENEGADES 2016,WINSLOW TOWNSHIP YSA WINSLOW KINGS 2016,MLU-MARNE HWY,,
11/16/2025,14:00,21345347,,GotSport,Soccer,U-11,HAMMONTON YSA HAMMONTON HEAT BOYS 2015,PENNSAUKEN YOUTH SOCCER CLUB UNITED 2015,HAMMONTON - MOSS MILL RD PARK SOCCER COMPLEX,,
11/16/2025,14:00,21367907,,GotSport,Soccer,U-11,LOGAN SOCCER CLUB  LOGAN ARMADA BLUE 2015,ATLANTIC UNITED SOCCER CLUB ATLANTIC UNITED PREMIER WHITE 2015B,LOGAN - TWP LINE,,
11/16/2025,14:00,21352850,,GotSport,Soccer,U-11,WTSC WTSC WASHINGTON PREMIER 2015B,UPPER TOWNSHIP SA UPPER TOWNSHIP SA SUPER SONICS 2015,,,
11/16/2025,14:00,21366154,,GotSport,Soccer,U-12,PITTSGROVE SOCCER CLUB PSC PREMIER 2014,MEDFORD SC MEDFORD SC AVENGERS 2014,PITTSGROVE-GREEN BRANCH,,
11/16/2025,14:00,21346741,,GotSport,Soccer,U-11,WOODBURY SOCCER CLUB WOODBURY BOLTS 2015,PITTSGROVE SOCCER CLUB PSC GALAXY 2015,WOODBURY,,
11/16/2025,14:00,21353125,,GotSport,Soccer,U-11,HIGHLAND YOUTH SOCCER CLUB LIGHTNING 2015,MEDFORD SC MEDFORD SC WHITE 2015,HIGHLAND - GLOUCESTER TWP PARK,,
11/16/2025,14:00,21332868,,GotSport,Soccer,U-16,MARLTON SOCCER CLUB MARLTON SC CHIEFS WHITE 2010,AUDUBON SOCCER YOUTH ASSOCIATION AUDUBON SOCCER YOUTH UNITED 2010,MARLTON - MEMORIAL,,
11/16/2025,14:00,21366156,,GotSport,Soccer,U-12,EGG HARBOR TOWNSHIP SC EGG HARBOR SC EAGLES BLACK 2014,FRANKLIN TOWNSHIP YOUTH SOCCER ASSOCIATION STORM 2014,Egg Harbor Twp HS,,
11/16/2025,14:00,21354877,,GotSport,Soccer,U-10,EGG HARBOR TOWNSHIP SC EGG HARBOR SC EAGLES WHITE 2016,CINNAMINSON SC CINNAMINSON SC VIPERS 2016,Egg Harbor Twp HS,,
11/16/2025,14:00,21318482,,GotSport,Soccer,U-14,CAPE EXPRESS CE WHITE CAPS 2012,EAST GREENWICH SA EGSA VENOM 2012,CAPE EX SOCCER COMPLEX At Ockie Wisting,,
11/16/2025,14:00,21374681,,GotSport,Soccer,U-12,HADDONFIELD SC RED 2014,SENECA UNITED SC THUNDER 2014,HADDONFIELD - CROWS WOODS,,
11/16/2025,14:00,21343140,,GotSport,Soccer,U-8,MARLTON SOCCER CLUB MARLTON SC CHIEFS ORANGE 2018,VOORHEES SA SUPER STRIKERS 2018,MARLTON - MEMORIAL,,
11/16/2025,14:00,21318305,,GotSport,Soccer,U-15,PENNSVILLE SOCCER ASSOCIATION PENNSVILLE EAGLES 2011,PALMYRA RIVERTON SC WARRIORS 2011,PENNSVILLE,,
11/16/2025,14:00,21409405,,GotSport,Soccer,U-10,WOODSTOWN SOCCER CLUB WOODSTOWN UNITED 2016,FRANKLIN TOWNSHIP YOUTH SOCCER ASSOCIATION JERSEY DEVILS 2016,WOODSTOWN,,
11/16/2025,14:00,21343139,,GotSport,Soccer,U-8,MOUNT LAUREL UNITED (MLU) TRIBE 2018,MEDFORD SC MEDFORD SC NAVY 2018B,MLU-MARNE HWY,,
11/16/2025,14:00,21352214,,GotSport,Soccer,U-14,HADDON TWP SOCCER CLUB HADDON TWP WHITE HAWKS 2012,MAPLE SHADE SC MAPLE SHADE FORCE 2012,HADDON TWP - RECCHINO FIELDS,,
11/16/2025,14:00,21391817,,GotSport,Soccer,U-13,HADDONFIELD SC BLACK 2013,MARLTON SOCCER CLUB MARLTON SC CHIEFS BLACK 2013,HADDONFIELD - CROWS WOODS,,
11/16/2025,14:00,21333030,,GotSport,Soccer,U-12,COLLINGSWOOD OAKLYN SOCCER CLUB OUTLAWS 2014,MOORESTOWN SC KILLER BEES 2014,COSC- Oaklyn Public School,,
11/16/2025,14:00,21390208,,GotSport,Soccer,U-10,TAR-KILL SOCCER CLUB TARKILL 2016 BOYS,EAST GREENWICH SA EGSA LIONS 2016,TARKILL-STERLING HS,,
11/16/2025,14:00,21352049,,GotSport,Soccer,U-9,HAMMONTON YSA HAMMONTON HEAT BOYS 2017,PITMAN SA PITMAN SA LIONS 2017,HAMMONTON - MOSS MILL RD PARK SOCCER COMPLEX,,
11/16/2025,14:00,21374344,,GotSport,Soccer,U-14,COLLINGSWOOD OAKLYN SOCCER CLUB KNIGHTS 2012,PITTSGROVE SOCCER CLUB PSC SPURS '12,WOODBURY,,
11/16/2025,14:00,21318395,,GotSport,Soccer,U-10,MONROE TOWNSHIP YS MONROE UNITED 2016B,DELRAN FC SOCCER SHARKS 2016,MONROE TWP - CORKERY LANE,,
11/16/2025,14:00,21716228,,GotSport,Soccer,U-10,MOORESTOWN SC TIGERS 2016,HADDONFIELD SC GREY 2016,MOORESTOWN - MEMORIAL FIELDS,,
11/16/2025,14:00,21346846,,GotSport,Soccer,U-13,CHERRY HILL FC RED HAWKS 2013,PITTSGROVE SOCCER CLUB PSC PYTHONS 2013,,,
11/16/2025,14:00,21445038,,GotSport,Soccer,U-9,WTSC WTSC WASHINGTON SELECT 2017B,HADDON HEIGHTS SC PHANTOMS 2017,,,
11/16/2025,14:10,22002502,,GotSport,Soccer,U-19,WINSLOW TOWNSHIP YSA WINSLOW VIPERS 2009,HIGHLAND YOUTH SOCCER CLUB GALAXY 2008,,,
11/16/2025,14:10,21318441,,GotSport,Soccer,U-15,DELRAN FC SOCCER DELRAN FC BLAST 2011,SWEDESBORO WOOLWICH SOCCER ASSOC. SWSA RED FLAMES 2011,,,
11/16/2025,14:15,21333300,,GotSport,Soccer,U-13,PITMAN SA PITMAN SA TIGERS 2013,WEST DEPTFORD SC WARRIORS 2013,PITMAN - ALCYON LAKE,,
11/16/2025,14:30,21345316,,GotSport,Soccer,U-10,RANCOCAS VALLEY SC RANCOCAS VALLEY SC BOYS PREMIER 2016,HARRISON SC HARRISON HORNETS 2016,Rancocas Valley-LUMBERTON MUNICIPAL,,
11/16/2025,14:30,21366155,,GotSport,Soccer,U-12,HADDON TWP SOCCER CLUB HADDON TWP RED HAWKS 2014,TBAA TBAA TBAA OUTLAWS 2014,HADDON TWP - RECCHINO FIELDS,,
11/16/2025,14:30,21351703,,GotSport,Soccer,U-8,HARRISON SC HARRISON HAVOC 2018,PITMAN SA PITMAN SA TOMCATS 2018,HARRISON - William Wilt Soccer Complex,,
11/16/2025,14:30,21444263,,GotSport,Soccer,U-12,MOORESTOWN SC HORNETS 2014,WOODSTOWN SOCCER CLUB WOODSTOWN WOLVERINES 2014,MOORESTOWN - SALEM RD/PRYOR PARK,,
11/16/2025,14:30,21390209,,GotSport,Soccer,U-10,LOGAN SOCCER CLUB  LOGAN MAYHEM BLACK 2016,COLLINGSWOOD OAKLYN SOCCER CLUB SPARTANS 2016,LOGAN - TWP LINE,,
11/16/2025,14:30,21375428,,GotSport,Soccer,U-11,MANTUA TOWNSHIP SA MANTUA FROGS 2015B,NORTHERN BURLINGTON SA NORTHERN BURLINGTON JACKALS 2015,MANTUA TWP,,
11/16/2025,14:30,21405671,,GotSport,Soccer,U-10,UPPER TOWNSHIP SA UPPER TOWNSHIP SA BREAKERS 2016,MAINLAND UNITED SA MAINLAND UNITED SA MUSTANGS RED 2016 B,UPPER TWP-Amanda's Field Complex,,
11/16/2025,14:30,21375599,,GotSport,Soccer,U-9,EAST GREENWICH SA EGSA STRIKERS 2017,LOGAN SOCCER CLUB  LOGAN BOOM BLUE 2017,E GREENWICH - THOMPSON FAMILY PARK,,
11/16/2025,14:30,21454403,,GotSport,Soccer,U-9,WATERFORD ATHLETIC ASSN WINGS 2017,UPPER TOWNSHIP SA UPPER TOWNSHIP SA FLASH 2017,,,
11/16/2025,14:30,21342302,,GotSport,Soccer,U-12,MARLTON SOCCER CLUB MARLTON SC CHIEFS BLACK 2014,EGG HARBOR TOWNSHIP SC EGG HARBOR SC EAGLES 2014,MARLTON - MEMORIAL,,
11/16/2025,14:30,21346511,,GotSport,Soccer,U-10,DELRAN FC SOCCER DELRAN FC UNION 2016,BORDENTOWN FC BORDENTOWN FC REVOLUTION 2016,,,
11/16/2025,14:30,21408634,,GotSport,Soccer,U-11,SWEDESBORO WOOLWICH SOCCER ASSOC. SWSA STRIKERS 2015,VOORHEES SA VIPERS 2015,SW-Locke Avenue Park,,
11/16/2025,14:30,21342473,,GotSport,Soccer,U-9,SWEDESBORO WOOLWICH SOCCER ASSOC. SWSA VIPERS 2017,HADDONFIELD SC SILVER 2017,SW-Locke Avenue Park,,
11/16/2025,14:30,21346512,,GotSport,Soccer,U-10,MEDFORD STRIKERS SC MEDFORD STRIKERS 2016 BOYS,TBAA TBAA TBAA KNIGHTS 2016,MEDFORD STRIKERS - ARK ROAD COMPLEX,,
11/16/2025,14:30,21375385,,GotSport,Soccer,U-9,HADDON HEIGHTS SC HAVOC 2017,WTSC WTSC WASHINGTON PREMIER 2017B,HADD HGTS - DEVON,,
11/16/2025,14:45,21374680,,GotSport,Soccer,U-12,VOORHEES SA LIGHTNING 2014,HADDON TWP SOCCER CLUB HADDON TWP WHITE HAWKS 2015,VOORHEES-Echelon Complex,,
11/16/2025,15:00,21373629,,GotSport,Soccer,U-10,VINELAND SA VINELAND VIPERS 2016 BOYS,MOORESTOWN SC RENEGADES 2016,VINELAND SA,,
11/16/2025,15:00,21444616,,GotSport,Soccer,U-15,VOORHEES SA ATTACK 2011,HARRISON SC HARRISON THUNDER FÚTBOL ACADEMY 2011,VOORHEES-EASTERN HS,,
11/16/2025,15:00,21332869,,GotSport,Soccer,U-16,VINELAND SA STRIKERS 2011,CINNAMINSON SC CINNAMINSON SC PIRATES 2010,VINELAND SA,,
11/16/2025,15:00,21444411,,GotSport,Soccer,U-14,SENECA UNITED SC 2012 PRIDE,TAR-KILL SOCCER CLUB TARKILL BARCELONA 2012,SENECA - STONEY CREEK FIELDS,,
11/16/2025,15:15,21391815,,GotSport,Soccer,U-13,PALMYRA RIVERTON SC YOUNGBLOODS 2013,WINSLOW TOWNSHIP YSA WINSLOW SHARKS 2013,PAL-RIV - LEGION FIELD 11v11,,
11/16/2025,15:15,21445002,,GotSport,Soccer,U-11,EAST GREENWICH SA EGSA FLYERS 2015,PENNSVILLE SOCCER ASSOCIATION PENNSVILLE EAGLES BLUE 2015,E GREENWICH - THOMPSON FAMILY PARK,,
11/16/2025,15:15,21318442,,GotSport,Soccer,U-15,MEDFORD SC MEDFORD SC RENEGADES 2011,MANTUA TOWNSHIP SA 2011B MANTUA UNION,MEDFORD - BENDE PARK,,
11/16/2025,15:30,21332842,,GotSport,Soccer,U-13,MARLTON SOCCER CLUB MARLTON SC CHIEFS WHITE 2013,WEST DEPTFORD SC WEST DEPTFORD WIZARDS 2013,MARLTON - MEMORIAL,,
11/16/2025,15:30,21318440,,GotSport,Soccer,U-15,LOGAN SOCCER CLUB  LOGAN BLAZE 2011,BURLINGTON TOWNSHIP SOCCER REBELS 2011,LOGAN - TWP LINE,,
11/16/2025,15:30,21390144,,GotSport,Soccer,U-10,HADDONFIELD SC BLACK 2016,SENECA UNITED SC EAGLES 2016,HADDONFIELD - CROWS WOODS,,
11/16/2025,15:30,21352278,,GotSport,Soccer,U-16,FRANKLIN TOWNSHIP YOUTH SOCCER ASSOCIATION STORM 2010,EDGEWATER PARK ATHLETIC ASSOCIATION EP WIZARDS 2010,FRANKLIN TWP YOUTH COMPLEX,,
11/16/2025,15:30,21367909,,GotSport,Soccer,U-11,EGG HARBOR TOWNSHIP SC EGG HARBOR SC EAGLES BLACK 2015,CLAYTON SA CLIPPERS 2015,Egg Harbor Twp HS,,
11/16/2025,15:30,21445040,,GotSport,Soccer,U-9,AUDUBON SOCCER YOUTH ASSOCIATION AUDUBON BOYS 2017 TEAM 2,CHERRY HILL SC CHERRY HILL SC WHITE (2017) - BOYS,AUDUBON - GREEN WAVE PARK,,
11/16/2025,15:30,21346068,,GotSport,Soccer,U-9,CHERRY HILL SC CHERRY HILL SC COBRAS 2017,DEPTFORD SA SCORPIONS 2017,CHSC - CH WEST HS,,
11/16/2025,15:30,21318394,,GotSport,Soccer,U-10,HADDONFIELD SC RED 2016,VOORHEES SA DESTROYERS 2016,HADDONFIELD - CROWS WOODS,,
11/16/2025,15:30,21342472,,GotSport,Soccer,U-9,WOODSTOWN SOCCER CLUB WOODSTOWN WARRIORS 2017,WEST DEPTFORD SC WARRIORS 2017,WOODSTOWN,,
11/16/2025,15:30,21349413,,GotSport,Soccer,U-14,BERLIN SOCCER CLUB BALL BREAKERS 2012/13,WEST DEPTFORD SC UNION 2012,BERLIN SC - FRANKLIN FIELDS,,
11/16/2025,15:30,21349242,,GotSport,Soccer,U-8,HIGHLAND YOUTH SOCCER CLUB U8 BOYS 2018,HADDONFIELD SC THUNDER 2018,HIGHLAND - GLOUCESTER TWP PARK,,
11/16/2025,15:30,21408662,,GotSport,Soccer,U-10,MONROE TOWNSHIP YS MONROE UNITED BLUE 2016,HARRISON SC HARRISON HURRICANES 2016,MONROE TWP - CORKERY LANE,,
11/16/2025,15:30,21349285,,GotSport,Soccer,U-8,PALMYRA RIVERTON SC NEW U8B - 2018,MOORESTOWN SC SHOOTERS 2018,,,
11/16/2025,15:30,21444262,,GotSport,Soccer,U-12,HADDONFIELD SC BLACK 2014,FRANKLIN TOWNSHIP YOUTH SOCCER ASSOCIATION KNIGHTS 2014,HADDONFIELD - CROWS WOODS,,
11/16/2025,15:30,21390143,,GotSport,Soccer,U-10,CHERRY HILL SC CHERRY HILL SC 72S DEL MUNDO 2016,AUDUBON SOCCER YOUTH ASSOCIATION AUDUBON 2016 BOYS,CHSC - UPPER CHAPEL TURF,,
11/16/2025,15:30,21332905,,GotSport,Soccer,U-13,WTSC WTSC WASHINGTON PREMIER 2013B,MAINLAND UNITED SA MAINLAND UNITED SA MUSTANGS RED 2014 B,,,
11/16/2025,15:30,21332904,,GotSport,Soccer,U-13,COLLINGSWOOD OAKLYN SOCCER CLUB TITANS 2013,MOORESTOWN SC RAPTORS 2013,WOODBURY,,
11/16/2025,15:30,21332903,,GotSport,Soccer,U-13,CINNAMINSON SC CINNAMINSON SC STRIKERS 2013,BURLINGTON TOWNSHIP SOCCER STRIKERS 2013,CINNAMINSON SC - MEMORIAL,,
11/16/2025,15:30,21333118,,GotSport,Soccer,U-8,MEDFORD SC MEDFORD SC WHITE 2018B,MOUNT LAUREL UNITED (MLU) TITANS 2018,MEDFORD SC - Bob Meyer Memorial Park,,
11/16/2025,15:30,21349256,,GotSport,Soccer,U-8,MOORESTOWN SC GOLDEN STRIKERS 2018,BARRINGTON SC BARRINGTON SC STRIKERS 2018,MOORESTOWN - MEMORIAL FIELDS,,
11/16/2025,15:30,21332277,,GotSport,Soccer,U-11,CHERRY HILL SC CHERRY HILL SC COMETS (2015),DEPTFORD SA THUNDER 2015,CHSC - UPPER CHAPEL TURF,,
11/16/2025,15:30,21408633,,GotSport,Soccer,U-11,WTSC WTSC WASHINGTON UNITED 2015B,HADDONFIELD SC RED 2015,,,
11/16/2025,15:30,21332276,,GotSport,Soccer,U-11,MAPLE SHADE SC MAPLE SHADE WILD 2015,PENNSAUKEN YOUTH SOCCER CLUB LIONS 2015,MAPLE SHADE - TURF FIELD,,
11/16/2025,15:30,21392045,,GotSport,Soccer,U-8,WTSC WTSC WASHINGTON UNITED 2018 BOYS,PITTSGROVE SOCCER CLUB PSC DYNASTY 2018,,,
11/16/2025,15:30,21406127,,GotSport,Soccer,U-10,HAMMONTON YSA HAMMONTON HEAT BOYS 2016,HIGHLAND YOUTH SOCCER CLUB MAYHEM 2016,HAMMONTON - MOSS MILL RD PARK SOCCER COMPLEX,,
11/16/2025,15:30,21347766,,GotSport,Soccer,U-10,NORTHERN BURLINGTON SA NORTHERN BURLINGTON BOOM 2016,CINNAMINSON SC CINNAMINSON SC TITANS 2016,,,
11/16/2025,15:30,21349326,,GotSport,Soccer,U-12,HAMILTON ELITE FC PREMIER 2014B,RANCOCAS VALLEY SC RVSC - FOREST 2014,HAMILTON ELITE FC - HICKORY FIELDS,,
11/16/2025,15:30,21324707,,GotSport,Soccer,U-13,EGG HARBOR TOWNSHIP SC EGG HARBOR SC EAGLES BLACK 2013,HARRISON SC HARRISON SC LIGHTNING 2013,Egg Harbor Twp HS,,
11/16/2025,15:30,21332145,,GotSport,Soccer,U-12,COLLINGSWOOD OAKLYN SOCCER CLUB COSC JAGUARS 2015,TAR-KILL SOCCER CLUB TARKILL CHELSEA 2014,COSC- Oaklyn Public School,,
11/16/2025,15:30,21324705,,GotSport,Soccer,U-13,UPPER TOWNSHIP SA UPPER TOWNSHIP SA CYCLONES 2013,RANCOCAS VALLEY SC RANCOCAS VALLEY SC BOYS RONALDO 2013,UPPER TWP-Amanda's Field Complex,,
11/16/2025,15:30,21352134,,GotSport,Soccer,U-11,HIGHLAND YOUTH SOCCER CLUB STORM 2015,MEDFORD SC MEDFORD SC COLUMBIA 2015,HIGHLAND - GLOUCESTER TWP PARK,,
11/16/2025,15:30,21332195,,GotSport,Soccer,U-9,MOUNT LAUREL UNITED (MLU) PRESTIGE 2017,TBAA TBAA TBAA REVOLUTION 2017,MLU-MARNE HWY,,
11/16/2025,15:30,21353165,,GotSport,Soccer,U-12,WEST DEPTFORD SC EAGLES 2014,PITMAN SA PITMAN SA BENGALS 2014,W DEPTFORD-WD PARK,,
11/16/2025,15:30,21409407,,GotSport,Soccer,U-10,CLAYTON SA CLIPPERS 2016,PENNSVILLE SOCCER ASSOCIATION PENNSVILLE EAGLES 2016,CLAYTON - BENTZ,,
11/16/2025,15:30,21333276,,GotSport,Soccer,U-13,PITTSGROVE SOCCER CLUB PSC LEGACY 2013,CHERRY HILL SC CHERRY HILL SC THUNDER 2013,PITTSGROVE-GREEN BRANCH,,
11/16/2025,15:30,21445003,,GotSport,Soccer,U-11,COHANSEY SC COHANSEY PREMIER DYNAMO 2015 SJSL,WEST DEPTFORD SC COBRAS 2015,Cohansey - Cumberland County Tech School,,
11/16/2025,15:30,21409158,,GotSport,Soccer,U-10,CHERRY HILL FC JUNIOR BLACK 2016,LOGAN SOCCER CLUB  LOGAN MAYHEM BLUE 2016,CHFC - DeCOU,,
11/16/2025,15:30,21354968,,GotSport,Soccer,U-11,DELRAN FC SOCCER DELRAN FC COBRAS 2015,MILLVILLE SA MILLVILLE PREDATORS 2015,,,
11/16/2025,15:30,21318306,,GotSport,Soccer,U-15,HAMMONTON YSA HAMMONTON HEAT BOYS 2011,HIGHLAND YOUTH SOCCER CLUB U15 BOYS 2011/12,HAMMONTON - MOSS MILL RD PARK SOCCER COMPLEX,,
11/16/2025,15:30,21353124,,GotSport,Soccer,U-11,CAPE EXPRESS CE SILVER STREAK 2015,WINSLOW TOWNSHIP YSA WINSLOW TITANS 2015,CAPE EX SOCCER COMPLEX At Ockie Wisting,,
11/16/2025,15:30,21354748,,GotSport,Soccer,U-12,MEDFORD SC MEDFORD SC CAROLINA 2014,HAMMONTON YSA HAMMONTON HEAT BOYS 2014,MEDFORD - BENDE PARK,,
11/16/2025,15:30,21444963,,GotSport,Soccer,U-11,HARRISON SC HARRISON BLUE ARSENAL 2015,LOGAN SOCCER CLUB  LOGAN ARMADA BLACK 2015,HARRISON - William Wilt Soccer Complex,,
11/16/2025,15:30,21405486,,GotSport,Soccer,U-9,WOODBURY SOCCER CLUB WOODBURY WARRIORS 2017,WTSC WTSC WASHINGTON LEGACY 2017B,WOODBURY,,
11/16/2025,15:30,21375383,,GotSport,Soccer,U-9,TAR-KILL SOCCER CLUB TARKILL UNION 2017,MOORESTOWN SC SCORPIONS 2017,TARKILL-STERLING HS,,
11/16/2025,15:30,21345318,,GotSport,Soccer,U-10,MEDFORD SC MEDFORD SC COLUMBIA 2016,MONROE TOWNSHIP YS MONROE UNITED 2017,MEDFORD SC - Bob Meyer Memorial Park,,
11/16/2025,15:30,21342240,,GotSport,Soccer,U-8,CAPE EXPRESS CE TORNADOS 2018,SJ FUTBOL CLUB SJ FUTBOL CLUB VIPERS 2018,CAPE EX SOCCER COMPLEX At Ockie Wisting,,
11/16/2025,15:30,21318308,,GotSport,Soccer,U-15,HADDONFIELD SC WHITE 2011,VOORHEES SA FORCE 2012,HADDONFIELD - CROWS WOODS,,
11/16/2025,15:30,21374343,,GotSport,Soccer,U-14,HADDON TWP SOCCER CLUB HADDON TWP RED HAWKS 2012,LOGAN SOCCER CLUB  LOGAN FORCE 2012,HADDON TWP - RECCHINO FIELDS,,
11/16/2025,15:30,21354719,,GotSport,Soccer,U-9,WTSC WTSC WASHINGTON UNITED 2017B,EAST GREENWICH SA EGSA UNITED 2017,,,
11/16/2025,15:30,21342242,,GotSport,Soccer,U-8,EGG HARBOR TOWNSHIP SC EGG HARBOR SC EAGLES BLACK 2018,PITTSGROVE SOCCER CLUB PSC CREW 2018,Egg Harbor Twp HS,,
11/16/2025,15:40,21333298,,GotSport,Soccer,U-13,PENNSVILLE SOCCER ASSOCIATION PENNSVILLE EAGLES 2013,MOORESTOWN SC THUNDER 2013,PENNSVILLE,,
11/16/2025,15:45,21342474,,GotSport,Soccer,U-9,WATERFORD ATHLETIC ASSN WATERFORD WINGS 2017,PENNSVILLE SOCCER ASSOCIATION PENNSVILLE EAGLES BLUE 2017,,,
11/16/2025,15:45,21324298,,GotSport,Soccer,U-9,RANCOCAS VALLEY SC RANCOCAS VALLEY SC BOYS DEVILS 2017,BURLINGTON TOWNSHIP SOCCER BURLINGTON TOWNSHIP XTREME 2017,Rancocas Valley-LUMBERTON MUNICIPAL,,
11/16/2025,15:45,21342801,,GotSport,Soccer,U-9,MEDFORD STRIKERS SC MEDFORD STRIKERS 2017 BOYS,PITTSGROVE SOCCER CLUB PSC PREDATORS 2017,MEDFORD STRIKERS - ARK ROAD COMPLEX,,
11/16/2025,15:45,21347646,,GotSport,Soccer,U-8,HADDON HEIGHTS SC VIPERS 2018,HADDON TWP SOCCER CLUB HADDON TWP. WHITE HAWKS 2018,HADD HGTS - DEVON,,
11/16/2025,15:45,21324792,,GotSport,Soccer,U-12,SWEDESBORO WOOLWICH SOCCER ASSOC. SWSA LIGHTNING 2014,WTSC WTSC WASHINGTON PREMIER 2014B,SW-Locke Avenue Park,,
11/16/2025,15:45,21374679,,GotSport,Soccer,U-12,MANTUA TOWNSHIP SA 2014B MANTUA UNITED,SJ FUTBOL CLUB SJ FUTBOL CLUB SOUNDERS 2014,MANTUA TWP,,
11/16/2025,15:45,21342109,,GotSport,Soccer,U-11,MOORESTOWN SC VIPERS 2015,FRANKLIN TOWNSHIP YOUTH SOCCER ASSOCIATION ATLAS 2015,MOORESTOWN - SALEM RD/PRYOR PARK,,
11/16/2025,15:45,21392046,,GotSport,Soccer,U-8,HARRISON SC HARRISON WOLVES 2018,TBAA TBAA TBAA SAVAGES 2018,HARRISON - William Wilt Soccer Complex,,
11/16/2025,15:45,21342108,,GotSport,Soccer,U-11,MOUNT LAUREL UNITED (MLU) KNIGHTS 2015B,UPPER TOWNSHIP SA UPPER TOWNSHIP SA COMETS GREEN 2015,MLU-TROTTERS,,
11/16/2025,15:45,21352849,,GotSport,Soccer,U-11,HADDON TWP SOCCER CLUB HADDON TWP RED HAWKS 2015,TAR-KILL SOCCER CLUB TARKILL BLUES 2015,HADDON TWP - RECCHINO FIELDS,,
11/16/2025,15:45,21409406,,GotSport,Soccer,U-10,EAST GREENWICH SA EGSA FALCONS 2016,GATEWAY UNITED SOCCER CLUB GUSC BLUES B2016/17,E GREENWICH - THOMPSON FAMILY PARK,,
11/16/2025,15:45,21392047,,GotSport,Soccer,U-8,SWEDESBORO WOOLWICH SOCCER ASSOC. SWSA SUPERNOVA 2018,HADDON TWP SOCCER CLUB HADDON TWP. RED HAWKS 2018,SW-Locke Avenue Park,,
11/16/2025,15:45,21332194,,GotSport,Soccer,U-9,DELRAN FC SOCCER DELRAN FC DEVILS 2017,CINNAMINSON SC CINNAMINSON SC RED 2017,,,
11/16/2025,15:45,21345348,,GotSport,Soccer,U-11,LOGAN SOCCER CLUB  LOGAN ARMADA WHITE 2015,MAINLAND UNITED SA MAINLAND UNITED SA MUSTANGS RED 2015 B,LOGAN - TWP LINE,,
11/16/2025,15:45,21392116,,GotSport,Soccer,U-11,MARLTON SOCCER CLUB MARLTON SC CHIEFS WHITE 2015,MOUNT LAUREL UNITED (MLU) SHARKS 2015,MARLTON - MEMORIAL,,
11/16/2025,15:50,21374514,,GotSport,Soccer,U-14,DELRAN FC SOCCER GREY 2013B,SWEDESBORO WOOLWICH SOCCER ASSOC. SWSA CYCLONES 2012/2013,,,
11/16/2025,15:50,21352277,,GotSport,Soccer,U-16,WINSLOW TOWNSHIP YSA WINSLOW SLAYERS 2010,HARRISON SC HARRISON SC STORM 2010,,,
11/16/2025,16:00,21349257,,GotSport,Soccer,U-8,VOORHEES SA RAIDERS 2018,SENECA UNITED SC STORM 2018,VOORHEES-Echelon Complex,,
12/07/2025,11:00,21324286,,GotSport,Soccer,U-9,PENNSAUKEN YOUTH SOCCER CLUB ROARING CUBS 2017,RANCOCAS VALLEY SC RANCOCAS VALLEY SC BOYS DEVILS 2017,Pennsauken Community Recreation Facility,,
12/07/2025,12:00,22002499,,GotSport,Soccer,U-19,HIGHLAND YOUTH SOCCER CLUB GALAXY 2008,HIGHLAND YOUTH SOCCER CLUB FUSION 2008,HIGHLAND - GLOUCESTER TWP PARK,,
12/07/2025,12:30,21716256,,GotSport,Soccer,U-10,BARRINGTON SC BARRINGTON SC STORM 2016,CINNAMINSON SC CINNAMINSON SC CHAOS 2016,BARRINGTON-DEERE FIELD,,
12/07/2025,12:30,21324336,,GotSport,Soccer,U-11,WATERFORD ATHLETIC ASSN WATERFORD WINGS 2015,MILLVILLE SA MILLVILLE WARRIORS 2015,,,
12/07/2025,12:30,21716257,,GotSport,Soccer,U-10,MOORESTOWN SC TIGERS 2016,WINSLOW TOWNSHIP YSA WINSLOW SPARTANS 2016,MOORESTOWN - MEMORIAL FIELDS,,
12/07/2025,12:30,21332265,,GotSport,Soccer,U-11,CHERRY HILL SC CHERRY HILL SC COMETS (2015),MAPLE SHADE SC MAPLE SHADE WILD 2015,CHSC - UPPER CHAPEL TURF,,
12/07/2025,12:30,21345334,,GotSport,Soccer,U-11,PENNSAUKEN YOUTH SOCCER CLUB UNITED 2015,RANCOCAS VALLEY SC RANCOCAS VALLEY SC BOYS UNITED 2015,Pennsauken Community Recreation Facility,,
12/07/2025,12:30,21333263,,GotSport,Soccer,U-13,CHERRY HILL SC CHERRY HILL SC THUNDER 2013,EAST GREENWICH SA EGSA DYNAMO 2013,CHSC - CH WEST HS,,
12/07/2025,14:00,21346501,,GotSport,Soccer,U-10,CHERRY HILL SC CHERRY HILL SC THUNDER (2016),MEDFORD STRIKERS SC MEDFORD STRIKERS 2016 BOYS,CHSC - UPPER CHAPEL TURF,,
12/07/2025,14:00,21352202,,GotSport,Soccer,U-14,PENNSAUKEN YOUTH SOCCER CLUB TITANS 2012,HADDON TWP SOCCER CLUB HADDON TWP WHITE HAWKS 2012,Pennsauken Community Recreation Facility,,
12/07/2025,14:00,21333303,,GotSport,Soccer,U-13,CHERRY HILL SC CHERRY HILL SC FORCE 2013,PITMAN SA PITMAN SA TIGERS 2013,CHSC - CH WEST HS,,
12/07/2025,15:30,21343129,,GotSport,Soccer,U-8,CHERRY HILL SC CHERRY HILL SC VORTEX (2018),MARLTON SOCCER CLUB MARLTON SC CHIEFS ORANGE 2018,CHSC - UPPER CHAPEL TURF,,
12/07/2025,15:30,21332831,,GotSport,Soccer,U-13,WEST DEPTFORD SC WEST DEPTFORD WIZARDS 2013,MAINLAND UNITED SA MAINLAND UNITED SA MUSTANGS RED 2013 B,W DEPTFORD-WD PARK,,
12/07/2025,15:30,21354906,,GotSport,Soccer,U-13,MEDFORD STRIKERS SC MEDFORD STRIKERS 2013 BOYS,MARLTON SOCCER CLUB MARLTON SC CHIEFS ORANGE 2014,MEDFORD STRIKERS - ARK ROAD COMPLEX,,
12/07/2025,15:30,21332830,,GotSport,Soccer,U-13,PENNSAUKEN YOUTH SOCCER CLUB REBELS 2013,MARLTON SOCCER CLUB MARLTON SC CHIEFS WHITE 2013,Pennsauken Community Recreation Facility,,
