GameID,Date,Time,Status,SiteName,SubSiteName,BillToName,SportName,LevelName,HomeTeams,AwayTeams,Officials
"18755560","3/2/2025","12:15 PM","Normal","AUDUBON - GREEN WAVE PARK","S7","","Soccer","U-10","AUDUBON SOCCER YOUTH BOYS 2015 - HAMMERS","MLU KNIGHTS 2015 BOYS",
"18771389","3/2/2025","1:30 PM","Normal","AUDUBON - GREEN WAVE PARK","S7","","Soccer","U-10","AUDUBON BOYS 2015","CHERRY HILL FC 2015 JUNIOR WHITE",
"18793449","3/2/2025","2:45 PM","Normal","AUDUBON - GREEN WAVE PARK","S7","","Soccer","U-9","AUDUBON 2016 BOYS","NORTHERN BURLINGTON BOOM 2016",
"18735652","3/2/2025","4:00 PM","Normal","AUDUBON - GREEN WAVE PARK","S7","","Soccer","U-8","AUDUBON CROSSFIRE","SWSA PANTHERS 2017",
"18755530","3/2/2025","11:00 AM","Normal","AUDUBON - GREEN WAVE PARK","S9","","Soccer","U-11","AUDUBON ATTACK - BOYS 2014","MEDFORD SC CAROLINA 2014",
"18696045","3/2/2025","3:30 PM","Normal","BARRINGTON-DEERE FIELD","S7","","Soccer","U-9","BARRINGTON SC STORM 2016","PENNS GROVE SC DRAGONS 2016",
"18700809","3/2/2025","2:00 PM","Normal","BARRINGTON-DEERE FIELD","S9","","Soccer","U-12","BARRINGTON SC REVOLUTION 2013","PALMYRA RIVERTON SC HURRICANES 2013",
"18820553","3/2/2025","12:30 PM","Normal","BERLIN SC - FRANKLIN FIELDS","F1","","Soccer","U-13","BERLIN SOCCER CLUB BALL BREAKERS 2012","MILLVILLE LYNX 2012",
"18793388","3/2/2025","3:30 PM","Normal","BERLIN SC - FRANKLIN FIELDS","S7","","Soccer","U-10","BERLIN SOCCER CLUB BERSERKERS 2015","MILLVILLE PREDATORS 2015",
"18999209","3/2/2025","2:00 PM","Normal","BERLIN SC - FRANKLIN FIELDS","S9","","Soccer","U-12","BERLIN SOCCER CLUB BULLDOGS 2013","MAINLAND UNITED SA MUSTANGS WHITE 2013-14 B",
"18683024","3/2/2025","12:00 PM","Normal","BORDENTOWN - FRIENDSHIP FIELDS","F1","","Soccer","U-19","BORDENTOWN FC 2006","BURLINGTON TOWNSHIP SOCCER BULLS 2007-2008",
"18750899","3/2/2025","1:45 PM","Normal","BORDENTOWN - FRIENDSHIP FIELDS","F1","","Soccer","U-14","BORDENTOWN FC RENEGADES 2011","HADDONFIELD SC RED 2011",
"18783450","3/2/2025","2:00 PM","Normal","BORDENTOWN - FRIENDSHIP FIELDS","S7","","Soccer","U-8","BORDENTOWN FC REVOLUTION 2017","MEDFORD SC 2017B WHITE (LIGHTNING)",
"18783301","3/2/2025","3:30 PM","Normal","BORDENTOWN - FRIENDSHIP FIELDS","S7","","Soccer","U-9","BORDENTOWN FC REVOLUTION 2016","MEDFORD SC WHITE 2016",
"18747978","3/2/2025","3:30 PM","Normal","BORDENTOWN - FRIENDSHIP FIELDS","S9","","Soccer","U-11","BORDENTOWN FC UNION 2014","TBAA REVOLUTION 2014",
"18815492","3/2/2025","12:30 PM","Normal","BURLINGTON TWP - PINEWALD AVE","F1","","Soccer","U-14","BURLINGTON TOWNSHIP SOCCER REBELS 2011","WEST DEPTFORD SC WOLFPACK 2011",
"18815522","3/2/2025","2:00 PM","Normal","BURLINGTON TWP - PINEWALD AVE","F1","","Soccer","U-13","BURLINGTON TOWNSHIP SOCCER DRAGONS 2012","ATLANTIC UNITED PREMIER KICKERS 2013 B",
"18770610","3/2/2025","3:30 PM","Normal","BURLINGTON TWP - PINEWALD AVE","S7","","Soccer","U-10","BURLINGTON TOWNSHIP SOCCER PHOENIX 2015","PENNSVILLE EAGLES GOLD 2015",
"18814263","3/2/2025","2:00 PM","Normal","CAPE EX SOCCER COMPLEX At Ockie Wisting","F1","","Soccer","U-13","CAPE EXPRESS WHITE CAPS 2012","CHERRY HILL FC 2012 JUNIORS BLACK",
"18783285","3/2/2025","12:30 PM","Normal","CAPE EX SOCCER COMPLEX At Ockie Wisting","S7","","Soccer","U-9","CAPE EXPRESS CE NOR'EASTERS 2016","GATEWAY UNITED SOCCER CLUB GUSC THUNDER B2016",
"18771989","3/2/2025","2:00 PM","Normal","CAPE EX SOCCER COMPLEX At Ockie Wisting","S7","","Soccer","U-10","CAPE EXPRESS CE SILVER STREAK 2015","EGG HARBOR SC EAGLES 2015 WHITE",
"18701085","3/2/2025","12:30 PM","Normal","CAPE EX SOCCER COMPLEX At Ockie Wisting","S9","","Soccer","U-11","CAPE EXPRESS CE ENGINEERS 2014","PITTSGROVE SOCCER CLUB PSC PHANTOMS '14",
"18761425","3/2/2025","3:30 PM","Normal","CAPE EX SOCCER COMPLEX At Ockie Wisting","S9","","Soccer","U-12","CAPE EXPRESS AVENGERS 2013","EGG HARBOR SC EAGLES WHITE 2013",
"18750884","3/2/2025","11:00 AM","Normal","CHFC - DeCOU","F1","","Soccer","U-14","CHERRY HILL FC 2011 STALLIONS","MEDFORD STRIKERS 2011 BOYS",
"18758191","3/2/2025","12:30 PM","Normal","CHFC - DeCOU","F1","","Soccer","U-14","CHERRY HILL FC 2011 AVENGERS","UPPER TOWNSHIP SA TSUNAMIS 2011",
"18695864","3/2/2025","2:00 PM","Normal","CHFC - DeCOU","F1","","Soccer","U-14","CHERRY HILL FC 2011/2012 COBRAS","PENNS GROVE SC RAGE 2011",
"18695992","3/2/2025","3:45 PM","Normal","CHFC - DeCOU","S9- Grass 9v9/D5","","Soccer","U-12","CHERRY HILL FC 2013 RED HAWKS","PENNS GROVE WILD 2013",
"18685829","3/2/2025","12:30 PM","Normal","CHSC - CH WEST HS","F1","","Soccer","U-14","CHERRY HILL SC CHAOS 2011","PITTSGROVE SOCCER CLUB PSC WOLVES '11",
"18754955","3/2/2025","2:00 PM","Normal","CHSC - CH WEST HS","F1","","Soccer","U-13","CHERRY HILL SC COBRAS 2012","FTYSA CRUSADERS 2012",
"18783448","3/2/2025","12:00 PM","Normal","CHSC - UPPER CHAPEL TURF","S7","","Soccer","U-8","CHERRY HILL SC COBRAS 2017","CHERRY HILL FC 2017 JUNIOR BLACK",
"18700881","3/2/2025","1:15 PM","Normal","CHSC - UPPER CHAPEL TURF","S7","","Soccer","U-9","CHERRY HILL SC 72S 2016","MEDFORD SC GOLD 2016",
"18753502","3/2/2025","2:30 PM","Normal","CHSC - UPPER CHAPEL TURF","S7","","Soccer","U-10","CHERRY HILL SC WARRIORS 2015","SWSA STRIKERS 2015",
"18753933","3/2/2025","3:45 PM","Normal","CHSC - UPPER CHAPEL TURF","S7","","Soccer","U-8","CHERRY HILL SC DYNAMO (2017)","EAST GREENWICH SA EGSA UNITED 2017",
"18687225","3/2/2025","12:30 PM","Normal","CHSC - UPPER CHAPEL TURF","S9","","Soccer","U-12","CHERRY HILL SC FORCE 2013","VOORHEES COSMOS 2013",
"18687256","3/2/2025","2:00 PM","Normal","CHSC - UPPER CHAPEL TURF","S9","","Soccer","U-12","CHERRY HILL SC THUNDER 2013","TAR-KILL SOCCER CLUB TARKILL KNIGHTS 2013",
"18755529","3/2/2025","3:30 PM","Normal","CHSC - UPPER CHAPEL TURF","S9","","Soccer","U-11","CHERRY HILL SC FORCE 2014","HAMMONTON HEAT BOYS 2014",
"18758192","3/2/2025","3:30 PM","Normal","CINNAMINSON SC - MEMORIAL","F1","","Soccer","U-14","CINNAMINSON SC VIPERS 2011","VOORHEES SA ATTACK 2011",
"18755559","3/2/2025","12:30 PM","Normal","CINNAMINSON SC - MEMORIAL","S7","","Soccer","U-10","CINNAMINSON SC PRIME 2015","VOORHEES SA COBRAS 2015",
"18791881","3/2/2025","2:00 PM","Normal","CINNAMINSON SC - MEMORIAL","S7","","Soccer","U-10","CINNAMINSON SC BANDITS 2015","VOORHEES SA PYTHONS 2015",
"18761177","3/2/2025","3:30 PM","Normal","CINNAMINSON SC - MEMORIAL","S7","","Soccer","U-8","CINNAMINSON SC RED 2017","VOORHEES SA BLUE DEVILS 2017",
"18793357","3/2/2025","12:30 PM","Normal","CINNAMINSON SC - MEMORIAL","S9","","Soccer","U-12","CINNAMINSON SC STRIKERS 2013","MILLVILLE REBELS 2013",
"18756941","3/2/2025","2:00 PM","Normal","CINNAMINSON SC - MEMORIAL","S9","","Soccer","U-12","CINNAMINSON SC THUNDERBIRDS 2013","MEDFORD STRIKERS 2013 BOYS",
"18762618","3/2/2025","3:30 PM","Normal","CLAYTON - BENTZ","S7","","Soccer","U-10","CLAYTON SA CLIPPERS 2015","PENNSVILLE EAGLES BLUE 2015",
"18742795","3/2/2025","3:30 PM","Normal","Cohansey - Cumberland County Tech School","S7","","Soccer","U-10","COHANSEY SC DYNAMO 2015","MAINLAND UNITED SA MUSTANGS WHITE 2015-16 B",
"18822551","3/2/2025","2:30 PM","Normal","COSC- Oaklyn Public School","S7","","Soccer","U-9","COSC WARRIORS 2016","HARRISON HURRICANES 2016",
"18822521","3/2/2025","3:45 PM","Normal","COSC- Oaklyn Public School","S7","","Soccer","U-9","COSC SPARTANS 2016","CHERRY HILL FC 2016 JUNIOR BLACK",
"18821213","3/2/2025","12:00 PM","Normal","COSC- Oaklyn Public School","S9","","Soccer","U-11","COSC OUTLAWS 2014","DELRAN FC COBRAS 2015",
"18793358","3/2/2025","1:15 PM","Normal","COSC- Oaklyn Public School","S9","","Soccer","U-12","COSC TITANS 2013","WOODSTOWN WOLVERINES 2013",
"18815477","3/2/2025","12:30 PM","Normal","Delran Middle School","Delran Middle School F1","","Soccer","U-14","DELRAN FC FLASH 2011","WASHINGTON TWP SOCCER CLUB REGULATORS 2011",
"18815447","3/2/2025","2:00 PM","Normal","Delran Middle School","Delran Middle School F1","","Soccer","U-14","DELRAN FC BLAST 2011","VINELAND SA STRIKERS 2011",
"18783555","3/2/2025","3:30 PM","Normal","Delran Middle School","Delran Middle School F1","","Soccer","U-13","DELRAN FC SOCCER GREY 2013B","PALMYRA RIVERTON SC YOUNGBLOODS 2013",
"18783482","3/2/2025","2:00 PM","Normal","DELRAN-DEUTSCH FIELD","S9","","Soccer","U-11","DELRAN FC SOCCER DELRAN FC KNIGHTS 2014","CHERRY HILL FC 2015 JUNIOR RED",
"18822486","3/2/2025","3:30 PM","Normal","DELRAN-DEUTSCH FIELD","S9","","Soccer","U-11","DELRAN FC HAWKS 2014","PENNSVILLE EAGLES 2014",
"18814247","3/2/2025","3:45 PM","Normal","DEPTFORD SC","F1","","Soccer","U-13","DEPTFORD SA THUNDER 2012","DELRAN FC SOCCER DELRAN FC UNITED 2013",
"18994525","3/2/2025","12:00 PM","Normal","DEPTFORD SC","S9","","Soccer","U-11","DEPTFORD PREMIER FC '15 BOYS FUSION","CHERRY HILL SC UNITED 2014",
"18821140","3/2/2025","1:15 PM","Normal","DEPTFORD SC","S9","","Soccer","U-12","DEPTFORD SA TORNADOES 2013","VOORHEES SA RAPTORS 2013",
"18815168","3/2/2025","2:30 PM","Normal","DEPTFORD SC","S9","","Soccer","U-11","DEPTFORD SA UNITED 2014","SWSA LIGHTNING 2014",
"18685450","3/2/2025","12:00 PM","Normal","E GREENWICH - THOMPSON FAMILY PARK","F1","","Soccer","U-16","EAST GREENWICH SA EGSA THUNDER 2009","TAR-KILL SOCCER CLUB TARKILL BLUE DEVILS 2009",
"18752600","3/2/2025","1:45 PM","Normal","E GREENWICH - THOMPSON FAMILY PARK","F1","","Soccer","U-15","EAST GREENWICH SA EGSA CHARGERS 2010","AUDUBON SOCCER YOUTH UNITED 2010",
"18755436","3/2/2025","3:30 PM","Normal","E GREENWICH - THOMPSON FAMILY PARK","F1","","Soccer","U-13","EAST GREENWICH SA EGSA VENOM 2012","SWSA SHARKS 2012",
"18755558","3/2/2025","2:00 PM","Normal","E GREENWICH - THOMPSON FAMILY PARK","S7","","Soccer","U-10","EAST GREENWICH SA EGSA BLACK KNIGHTS 2015","HADDONFIELD SC RED 2015 B",
"18802309","3/2/2025","3:30 PM","Normal","E GREENWICH - THOMPSON FAMILY PARK","S7","","Soccer","U-9","EAST GREENWICH SA EGSA CHAOS 2016","EGG HARBOR SC EAGLES 2016 WHITE",
"18754800","3/2/2025","12:00 PM","Normal","E GREENWICH - THOMPSON FAMILY PARK","S9","","Soccer","U-11","EAST GREENWICH SA EGSA EAGLES 2014","FTYSA KNIGHTS 2014",
"18687223","3/2/2025","1:15 PM","Normal","E GREENWICH - THOMPSON FAMILY PARK","S9","","Soccer","U-12","EAST GREENWICH SA EGSA PANTHERS 2013","HIGHLAND YOUTH SOCCER CLUB CHAOS 2013",
"18821141","3/2/2025","2:30 PM","Normal","E GREENWICH - THOMPSON FAMILY PARK","S9","","Soccer","U-12","EAST GREENWICH SA EGSA DYNAMO 2013","FTYSA ENFORCERS 2013",
"18772735","3/2/2025","3:45 PM","Normal","E GREENWICH - THOMPSON FAMILY PARK","S9","","Soccer","U-11","EAST GREENWICH SA EGSA STARS 2014","PITMAN SA BENGALS 2014",
"18755500","3/2/2025","12:30 PM","Normal","Egg Harbor Twp HS","Field 4 (9 v 9)","","Soccer","U-12","EGG HARBOR SC EAGLES 2013 BLACK","PITTSGROVE SOCCER CLUB PSC PYTHONS '13",
"18821214","3/2/2025","2:00 PM","Normal","Egg Harbor Twp HS","Field 4 (9 v 9)","","Soccer","U-11","EGG HARBOR SC EAGLES 2014","VOORHEES SA VIKINGS 2014",
"18758636","3/2/2025","3:30 PM","Normal","Egg Harbor Twp HS","Field 5 (7 v 7)","","Soccer","U-8","EGG HARBOR SC EAGLES 2017","UPPER TOWNSHIP SA FLASH 2017",
"18822536","3/2/2025","2:00 PM","Normal","FRANKLIN TWP YOUTH COMPLEX","S7","","Soccer","U-9","FTYSA UNITED 2016","LOGAN SUPERNOVA 2016",
"18701086","3/2/2025","3:30 PM","Normal","FRANKLIN TWP YOUTH COMPLEX","S9","","Soccer","U-11","FTYSA STORM 2014","ATLANTIC UNITED PREMIER KICKERS 2014 B",
"18769262","3/2/2025","12:30 PM","Normal","GATEWAY UTD. - WESTVILLE","F1","","Soccer","U-13","GATEWAY UNITED SOCCER CLUB GUSC STINGRAYS B2012","HIGHLAND YOUTH SOCCER CLUB FORCE 2012",
"18770959","3/2/2025","2:00 PM","Normal","GATEWAY UTD. - WESTVILLE","F1","","Soccer","U-14","GATEWAY UNITED SOCCER CLUB GUSC WILDCATS B2011","HARRISON SC ARSENAL 2011",
"18793239","3/2/2025","3:45 PM","Normal","GATEWAY UTD. - WESTVILLE","S9","","Soccer","U-11","GUSC GREYHOUNDS 2014","HARRISON WAVE 2014",
"18822550","3/2/2025","1:15 PM","Normal","HADD HGTS - DEVON","S7","","Soccer","U-9","HADDON HEIGHTS SC 2016 RUCKUS","UPPER TOWNSHIP SA BREAKERS 2016",
"18756977","3/2/2025","2:30 PM","Normal","HADD HGTS - DEVON","S7","","Soccer","U-10","HADDON HEIGHTS SC 2015 CHEETAHS","VINELAND AVENGERS 2015",
"18792461","3/2/2025","3:45 PM","Normal","HADD HGTS - DEVON","S7","","Soccer","U-8","HADDON HEIGHTS SC 2017 HAVOC","GUSC GATORS B2017",
"18999207","3/2/2025","12:00 PM","Normal","HADD HGTS - DEVON","S9","","Soccer","U-12","HADDON HEIGHTS SC 2013 BEAST BOYS","MLU GALAXY 2013",
"18783554","3/2/2025","3:30 PM","Normal","HADDON TWP - RECCHINO FIELDS","F1","","Soccer","U-13","HADDON TWP WHITE HAWKS 2012","WEST DEPTFORD SC UNION 2012",
"18763770","3/2/2025","11:00 AM","Normal","HADDONFIELD - CROWS WOODS","F1","","Soccer","U-13","HADDONFIELD SC BLACK 2012","NORTHERN BURLINGTON CELTIC 2012",
"18819041","3/2/2025","12:30 PM","Normal","HADDONFIELD - CROWS WOODS","F1","","Soccer","U-14","HADDONFIELD SC WHITE 2011","HAMMONTON HEAT BOYS 2011",
"18752599","3/2/2025","2:00 PM","Normal","HADDONFIELD - CROWS WOODS","F1","","Soccer","U-15","HADDONFIELD SC WHITE 2010","FTYSA STORM 2010",
"18755435","3/2/2025","3:30 PM","Normal","HADDONFIELD - CROWS WOODS","F1","","Soccer","U-13","HADDONFIELD SC RED 2012","PENNSVILLE EAGLES 2012",
"18752451","3/2/2025","12:30 PM","Normal","HADDONFIELD - CROWS WOODS","S7","","Soccer","U-9","HADDONFIELD SC WHITE 2016","HIGHLAND YOUTH SOCCER CLUB HAVOK 2016",
"18752449","3/2/2025","2:00 PM","Normal","HADDONFIELD - CROWS WOODS","S7","","Soccer","U-9","HADDONFIELD SC GREY 2016","MILLVILLE THUNDER 2016",
"18758638","3/2/2025","3:30 PM","Normal","HADDONFIELD - CROWS WOODS","S7","","Soccer","U-8","HADDONFIELD SC THUNDER 2017","CAPE EXPRESS CE 2017 BARCA",
"18695945","3/2/2025","12:30 PM","Normal","HADDONFIELD - CROWS WOODS","S9","","Soccer","U-11","HADDONFIELD SC RED 2014 B","MAINLAND UNITED SA MUSTANGS RED 2014 B",
"18700807","3/2/2025","2:00 PM","Normal","HADDONFIELD - CROWS WOODS","S9","","Soccer","U-12","HADDONFIELD SC WHITE 2013","MOORESTOWN SC DRAGONS 2013",
"18720831","3/2/2025","11:00 AM","Normal","HARRISON - William Wilt Soccer Complex","F1","","Soccer","U-13","HARRISON SC STRIKERS 2012","PITTSGROVE SOCCER CLUB PSC WARRIORS '12",
"18783583","3/2/2025","12:30 PM","Normal","HARRISON - William Wilt Soccer Complex","F1","","Soccer","U-15","HARRISON SC STORM 2010","HIGHLAND YOUTH SOCCER CLUB RAPTORS 2010",
"18683026","3/2/2025","2:10 PM","Normal","HARRISON - William Wilt Soccer Complex","F1","","Soccer","U-19","HARRISON TITANS FvöTBOL ACADEMY","GATEWAY UNITED SOCCER CLUB GUSC WARRIORS B2006",
"18685827","3/2/2025","3:50 PM","Normal","HARRISON - William Wilt Soccer Complex","F1","","Soccer","U-14","HARRISON SC THUNDER 2011","MAINLAND UNITED SA MUSTANGS RED 2011 B",
"18762635","3/2/2025","12:30 PM","Normal","HARRISON - William Wilt Soccer Complex","S7","","Soccer","U-10","HARRISON BLUE REBELS 2015","MLU WOLFPACK 2015",
"18762665","3/2/2025","2:00 PM","Normal","HARRISON - William Wilt Soccer Complex","S7","","Soccer","U-8","HARRISON HURRICANES 2017","PITMAN SA PANTHERS 2017",
"18753931","3/2/2025","3:30 PM","Normal","HARRISON - William Wilt Soccer Complex","S7","","Soccer","U-8","HARRISON UNITED 2017","WASHINGTON UNITED SOCCER CLUB WUSC 2017",
"18747945","3/2/2025","12:30 PM","Normal","HARRISON - William Wilt Soccer Complex","S9","","Soccer","U-11","HARRISON STRIKERS 2014","HADDONFIELD SC BLACK 2014",
"18743078","3/2/2025","2:00 PM","Normal","HARRISON - William Wilt Soccer Complex","S9","","Soccer","U-12","HARRISON SC LIGHTNING 2013","HADDON HEIGHTS SC 2013 YOUNG BOYS",
"18696005","3/2/2025","3:30 PM","Normal","HARRISON - William Wilt Soccer Complex","S9","","Soccer","U-12","HARRISON WOLFPACK 2013","BURLINGTON TOWNSHIP SOCCER STRIKERS 2013",
"18683061","3/2/2025","11:00 AM","Normal","HIGHLAND - GLOUCESTER TWP PARK","F1","","Soccer","U-19","HIGHLAND YOUTH SOCCER CLUB FUSION","PALMYRA RIVERTON SC LEGACY 2006",
"18683063","3/2/2025","12:40 PM","Normal","HIGHLAND - GLOUCESTER TWP PARK","F1","","Soccer","U-19","HIGHLAND YOUTH SOCCER CLUB GALAXY 2008","MAINLAND UNITED SA MUSTANGS 2009 B",
"18685414","3/2/2025","2:20 PM","Normal","HIGHLAND - GLOUCESTER TWP PARK","F1","","Soccer","U-19","HIGHLAND YOUTH SOCCER CLUB HURRICANES 2008","MEDFORD SC ",
"18685452","3/2/2025","4:00 PM","Normal","HIGHLAND - GLOUCESTER TWP PARK","F1","","Soccer","U-16","HIGHLAND YOUTH SOCCER CLUB BOYS 2009","BURLINGTON TOWNSHIP SOCCER CELTIC 2010",
"18771988","3/2/2025","12:30 PM","Normal","HIGHLAND - GLOUCESTER TWP PARK","S7","","Soccer","U-10","HIGHLAND YOUTH SOCCER CLUB LIGHTNING 2015","MAINLAND UNITED SA MUSTANGS BLACK 2015 B",
"18772704","3/2/2025","2:00 PM","Normal","HIGHLAND - GLOUCESTER TWP PARK","S7","","Soccer","U-10","HIGHLAND YOUTH SOCCER CLUB STORM 2015","MEDFORD SC GOLD 2015",
"18772734","3/2/2025","3:30 PM","Normal","HIGHLAND - GLOUCESTER TWP PARK","S9","","Soccer","U-11","HIGHLAND YOUTH SOCCER CLUB THUNDER 2014","MARLTON SC CHIEFS BLACK 2014",
"18734111","3/2/2025","12:30 PM","Normal","LOGAN - TWP LINE","F1","","Soccer","U-14","LOGAN BLAZE 2011","MONROE TOWNSHIP YS UNITED WHITE 2011",
"18769263","3/2/2025","2:00 PM","Normal","LOGAN - TWP LINE","F1","","Soccer","U-13","LOGAN FORCE 2012","MAINLAND UNITED SA MUSTANGS RED 2012 B",
"18783553","3/2/2025","3:30 PM","Normal","LOGAN - TWP LINE","F1","","Soccer","U-13","LOGAN FUSION 2012","HARRISON WILDCATS 2012",
"18770597","3/2/2025","12:00 PM","Normal","LOGAN - TWP LINE","S7","","Soccer","U-10","LOGAN ARMADA BLACK 2015","CINNAMINSON SC PIRATES SEA DOGS 2015",
"18783493","3/2/2025","1:15 PM","Normal","LOGAN - TWP LINE","S7","","Soccer","U-9","LOGAN APOLLO 2016","UPPER TOWNSHIP SA THUNDER 2016",
"18762603","3/2/2025","2:30 PM","Normal","LOGAN - TWP LINE","S7","","Soccer","U-10","LOGAN ARMADA BLUE 2015","PITMAN SA WILDCATS 2015",
"18760204","3/2/2025","3:45 PM","Normal","LOGAN - TWP LINE","S7","","Soccer","U-8","LOGAN BOOM 2017","SWSA FIREBALLS 2017",
"18772736","3/2/2025","12:30 PM","Normal","LOGAN - TWP LINE","S9","","Soccer","U-11","LOGAN CHARGE BLACK 2014","WEST DEPTFORD SC EAGLES 2014",
"18793359","3/2/2025","2:00 PM","Normal","LOGAN - TWP LINE","S9","","Soccer","U-12","LOGAN FLASH 2013","HADDONFIELD SC BLACK 2013",
"18720601","3/2/2025","2:00 PM","Normal","MAINLAND - MEMORIAL PARK","S7","","Soccer","U-9","MAINLAND UNITED SA MUSTANGS RED 2016 B","DELRAN FC SOCCER SHARKS 2016",
"18758637","3/2/2025","3:30 PM","Normal","MAINLAND - MEMORIAL PARK","S7","","Soccer","U-8","MAINLAND UNITED SA MUSTANGS RED 2017 B","PITTSGROVE SOCCER CLUB PSC RAPTORS ‚Äò17",
"18687270","3/2/2025","12:30 PM","Normal","MAINLAND - MEMORIAL PARK","S9","","Soccer","U-12","MAINLAND UNITED SA MUSTANGS RED 2013 B","SJ FUTBOL CLUB SOUNDERS 2013",
"18750885","3/2/2025","3:30 PM","Normal","MANTUA TWP","F1","","Soccer","U-14","MANTUA TOWNSHIP SA UNION 2011","EGG HARBOR SC EAGLES BLACK 2011",
"18742796","3/2/2025","12:00 PM","Normal","MANTUA TWP","S7","","Soccer","U-10","MANTUA VIPERS 2015-2016","EPAA  WARRIORS 2015",
"18700910","3/2/2025","1:15 PM","Normal","MANTUA TWP","S7","","Soccer","U-9","MANTUA TOWNSHIP SA MAMBAS 2016","MOORESTOWN SC UNITED 2016",
"18735654","3/2/2025","2:30 PM","Normal","MANTUA TWP","S7","","Soccer","U-8","MANTUA CHAOS 2017","HADDONFIELD SC FIRE 2017",
"18762637","3/2/2025","3:45 PM","Normal","MANTUA TWP","S7","","Soccer","U-10","MANTUA TOWNSHIP SA FROGS 2015","ATLANTIC UNITED PREMIER FIRE 2015 B",
"18755528","3/2/2025","12:30 PM","Normal","MANTUA TWP","S9","","Soccer","U-11","MANTUA TOWNSHIP SA OUTLAWS 2014","HADDON HEIGHTS SC 2014 MIGHTY TITANS",
"18743080","3/2/2025","2:00 PM","Normal","MANTUA TWP","S9","","Soccer","U-12","MANTUA TOWNSHIP SA MTSA ELITE 2014","HADDONFIELD SC RED 2013",
"18685413","3/2/2025","12:00 PM","Normal","MAPLE SHADE - TURF FIELD","F1","","Soccer","U-19","MAPLE SHADE AVENGERS 2007","WASHINGTON TWP SOCCER CLUB SPARTANS 2007",
"18752597","3/2/2025","1:45 PM","Normal","MAPLE SHADE - TURF FIELD","F1","","Soccer","U-15","MAPLE SHADE BEST ELEVEN 2010","CHERRY HILL SC THUNDERBOLTS (2010-2011)",
"18700808","3/2/2025","3:45 PM","Normal","MAPLE SHADE - TURF FIELD","S1","","Soccer","U-12","MAPLE SHADE FORCE 2013","PITMAN SA TOMCATS 2013",
"18815509","3/2/2025","11:00 AM","Normal","MARLTON - MEMORIAL","F1","","Soccer","U-13","MARLTON SC CHIEFS WHITE 2012","VOORHEES SA PREDATORS 2013",
"19024849","3/2/2025","12:30 PM","Normal","MARLTON - MEMORIAL","F1","","Soccer","U-16","MARLTON SC CHIEFS ORANGE 2009","TBAA STORM 2009",
"18818831","3/2/2025","2:10 PM","Normal","MARLTON - MEMORIAL","F1","","Soccer","U-15","MARLTON SC CHIEFS WHITE 2010","PALMYRA RIVERTON SC UNION 2010",
"18754992","3/2/2025","3:50 PM","Normal","MARLTON - MEMORIAL","F1","","Soccer","U-13","MARLTON SC CHIEFS BLACK 2012","SWSA CYCLONES 2012/2013",
"18814490","3/2/2025","12:30 PM","Normal","MARLTON - MEMORIAL","S7","","Soccer","U-9","MARLTON SC CHIEFS WHITE 2016","EGG HARBOR SC EAGLES 2016 BLACK",
"18700912","3/2/2025","2:00 PM","Normal","MARLTON - MEMORIAL","S7","","Soccer","U-9","MARLTON SC CHIEFS ORANGE 2016","MLU GLADIATORS 2016",
"18791879","3/2/2025","3:30 PM","Normal","MARLTON - MEMORIAL","S7","","Soccer","U-10","MARLTON SC CHIEFS WHITE 2015","MILLVILLE WARRIORS 2015",
"18761426","3/2/2025","12:30 PM","Normal","MARLTON - MEMORIAL","S9","","Soccer","U-12","MARLTON SC CHIEFS ORANGE 2014","MONROE UNITED 2013",
"18815154","3/2/2025","2:00 PM","Normal","MARLTON - MEMORIAL","S9","","Soccer","U-11","MARLTON SC CHIEFS ORANGE 2015","WASHINGTON TWP SOCCER CLUB TERROR 2014",
"18754994","3/2/2025","3:30 PM","Normal","MEDFORD - BENDE PARK","F1","","Soccer","U-13","MEDFORD SC DESTROYERS 2012","PITTSGROVE SOCCER CLUB PSC REVOLUTION '13",
"18755498","3/2/2025","12:30 PM","Normal","MEDFORD - BENDE PARK","S9","","Soccer","U-12","MEDFORD SC MAYHEM 2013","AUDUBON SOCCER YOUTH WILD WINGS 2013",
"18687255","3/2/2025","2:00 PM","Normal","MEDFORD - BENDE PARK","S9","","Soccer","U-12","MEDFORD SC BLUE DEVILS 2013","MARLTON SC CHIEFS WHITE 2013",
"18720586","3/2/2025","12:30 PM","Normal","MLU-MARNE HWY","S7-1","","Soccer","U-9","MLU REVOLUTION 2016","CINNAMINSON SC LIGHTNING 2016",
"18771374","3/2/2025","2:00 PM","Normal","MLU-MARNE HWY","S7-1","","Soccer","U-10","MLU SHARKS 2015","NORTHERN BURLINGTON STORM 2015",
"18770958","3/2/2025","11:00 AM","Normal","MLU-TROTTERS","F1","","Soccer","U-14","MLU WARRIORS 2011","NORTHERN BURLINGTON SA HOOLIGANS 2011",
"18685362","3/2/2025","2:00 PM","Normal","MLU-TROTTERS","F1","","Soccer","U-15","MLU FORCE 2010","WASHINGTON TWP SOCCER CLUB RENEGADES 2010",
"18687224","3/2/2025","2:00 PM","Normal","MLU-TROTTERS","S9","","Soccer","U-12","MLU TIGERS 2013","MARLTON SC CHIEFS BLACK 2013",
"18761424","3/2/2025","3:30 PM","Normal","MLU-TROTTERS","S9","","Soccer","U-12","MLU LIGHTNING 2014","SJ FUTBOL CLUB FLYERS 2014",
"18815448","3/2/2025","3:30 PM","Normal","MONROE TWP - CORKERY LANE","F1","","Soccer","U-14","MONROE TOWNSHIP YS UNITED BOYS 2011 BLUE","VOORHEES SA BLUES 2011",
"18802308","3/2/2025","12:30 PM","Normal","MONROE TWP - CORKERY LANE","S7","","Soccer","U-9","MONROE UNITED 2016 BOYS","DELRAN FC UNION 2016",
"18753946","3/2/2025","2:00 PM","Normal","MONROE TWP - CORKERY LANE","S7","","Soccer","U-8","MONROE TOWNSHIP YS 2017 MONROE UNITED","MEDFORD SC 2017B NAVY (RENEGADES)",
"18783494","3/2/2025","3:30 PM","Normal","MONROE TWP - CORKERY LANE","S7","","Soccer","U-9","MONROE UNITED 2016 BLUE","GATEWAY UNITED SOCCER CLUB GUSC GATORS B2016/2017",
"18755354","3/2/2025","12:30 PM","Normal","MONROE TWP - CORKERY LANE","S9","","Soccer","U-11","MONROE TOWNSHIP YS UNITED BOYS 2014 BLUE","MOORESTOWN SC GUARDIANS 2014",
"18743079","3/2/2025","2:00 PM","Normal","MONROE TWP - CORKERY LANE","S9","","Soccer","U-12","MONROE TOWNSHIP YS UNITED BOYS 2013 BLUE","HIGHLAND YOUTH SOCCER CLUB FURY 2013",
"18753501","3/2/2025","12:30 PM","Normal","MOORESTOWN - MEMORIAL FIELDS","S7","","Soccer","U-10","MOORESTOWN SC VIPERS 2015","DEPTFORD SA LIGHTNING 2015",
"18772706","3/2/2025","2:00 PM","Normal","MOORESTOWN - MEMORIAL FIELDS","S7","","Soccer","U-10","MOORESTOWN SC HORNETS 2015","DEPTFORD SA THUNDER 2015",
"18760205","3/2/2025","3:30 PM","Normal","MOORESTOWN - MEMORIAL FIELDS","S7","","Soccer","U-8","MOORESTOWN SC HAWKS 2017","DELRAN FC RAPTORS 2017",
"18747943","3/2/2025","12:00 PM","Normal","MOORESTOWN - SALEM RD/PRYOR PARK","S9","","Soccer","U-11","MOORESTOWN SC WOLVERINES 2014","CHERRY HILL SC WHITE (2014)",
"18821139","3/2/2025","1:15 PM","Normal","MOORESTOWN - SALEM RD/PRYOR PARK","S9","","Soccer","U-12","MOORESTOWN SC RAPTORS 2013","UPPER TOWNSHIP SA CYCLONES 2013",
"18756940","3/2/2025","2:30 PM","Normal","MOORESTOWN - SALEM RD/PRYOR PARK","S9","","Soccer","U-12","MOORESTOWN SC GOLDEN EAGLES 2013","VINELAND SA UNITED 2013",
"18999206","3/2/2025","3:45 PM","Normal","MOORESTOWN - SALEM RD/PRYOR PARK","S9","","Soccer","U-12","MOORESTOWN SC THUNDER 2013","WOODBURY SOCCER CLUB WOODBURY BISON 2013",
"18685451","3/2/2025","11:00 AM","Normal","NB- MANSFIELD TOWNSHIP ELEMENTARY SCHOOL","F1","","Soccer","U-16","NORTHERN BURLINGTON SA BULLDOGS 2009","DEPTFORD AVENGERS 2009",
"18754957","3/2/2025","12:40 PM","Normal","NB- MANSFIELD TOWNSHIP ELEMENTARY SCHOOL","F1","","Soccer","U-13","NORTHERN BURLINGTON SA BLUES 2013","CINNAMINSON SC SKULLS 2012",
"18755434","3/2/2025","2:10 PM","Normal","NB- MANSFIELD TOWNSHIP ELEMENTARY SCHOOL","F1","","Soccer","U-13","NORTHERN BURLINGTON SA RANGERS 2012","AUDUBON SOCCER YOUTH BALLERS 2012",
"18755352","3/2/2025","3:45 PM","Normal","NB- MANSFIELD TOWNSHIP ELEMENTARY SCHOOL","S9","","Soccer","U-11","NORTHERN BURLINGTON BLUE DEVILS 2014","TBAA SYNDICATE 2014",
"18822552","3/2/2025","2:00 PM","Normal","PAL-RIV CHARLES STREET SCHOOL Spring Season","S7","","Soccer","U-9","PALMYRA RIVERTON SC LEGENDARY 2016","WEST DEPTFORD SC TSUNAMI 2016",
"18748975","3/2/2025","3:30 PM","Normal","PAL-RIV CHARLES STREET SCHOOL Spring Season","S7","","Soccer","U-8","PALMYRA RIVERTON SC RIPPERS 2017","MAPLE SHADE CHAOS 2017",
"18822487","3/2/2025","12:30 PM","Normal","PAL-RIV CHARLES STREET SCHOOL Spring Season","S9","","Soccer","U-11","PALMYRA RIVERTON SC TORNADOES 2014","MARLTON SC CHIEFS SILVER 2014",
"18770960","3/2/2025","3:30 PM","Normal","PEMBERTON - HIGH SCHOOL","F1","","Soccer","U-14","PEMBERTON SC PUNISHERS 2011","MEDFORD SC COLUMBIA 2011",
"18758193","3/2/2025","12:30 PM","Normal","Pennsauken Community Recreation Facility","F1","","Soccer","U-14","PENNSAUKEN YOUTH SOCCER CLUB WARRIORS 2011","CAPE EXPRESS SURGE 2011",
"18763772","3/2/2025","2:00 PM","Normal","Pennsauken Community Recreation Facility","F1","","Soccer","U-13","PENNSAUKEN YOUTH SOCCER CLUB TITANS 2012","EPAA  UNITED 2012",
"18685363","3/2/2025","3:30 PM","Normal","Pennsauken Community Recreation Facility","F1","","Soccer","U-15","PENNSAUKEN YOUTH SOCCER CLUB CYCLONES 2010","EPAA  WIZARDS 2010",
"18762650","3/2/2025","3:30 PM","Normal","Pennsauken Community Recreation Facility","S7","","Soccer","U-10","PENNSAUKEN YOUTH SOCCER CLUB LIONS 2015","PALMYRA RIVERTON SC NATIONALS 2015",
"18695947","3/2/2025","12:30 PM","Normal","Pennsauken Community Recreation Facility","S9","","Soccer","U-11","PENNSAUKEN YOUTH SOCCER CLUB AVENGERS 2014","MARLTON SC CHIEFS WHITE 2014",
"18756942","3/2/2025","2:00 PM","Normal","Pennsauken Community Recreation Facility","S9","","Soccer","U-12","PENNSAUKEN YOUTH SOCCER CLUB REBELS 2013","CAPE EXPRESS CE 2014 UNION",
"18695862","3/2/2025","12:30 PM","Normal","PITMAN - ALCYON LAKE","F1","","Soccer","U-14","PITMAN SA PUMAS 2011","MAINLAND UNITED SA MUSTANGS WHITE 2011-12 B",
"18820554","3/2/2025","2:00 PM","Normal","PITMAN - ALCYON LAKE","F1","","Soccer","U-13","PITMAN SA JAGUARS 2012","WINSLOW GREEN DRAGONS 2012",
"18791880","3/2/2025","2:00 PM","Normal","PITTSGROVE-GREEN BRANCH","S7","","Soccer","U-10","PITTSGROVE SOCCER CLUB PSC GALAXY '15","MAPLE SHADE WILD 2015",
"18793223","3/2/2025","12:30 PM","Normal","PITTSGROVE-GREEN BRANCH","S9","","Soccer","U-11","PITTSGROVE SOCCER CLUB PSC MAVERICKS '14","WOODSTOWN WOLFPACK 2014",
"18695863","3/2/2025","2:30 PM","Normal","Rancocas Valley-LUMBERTON MUNICIPAL","F1","","Soccer","U-14","RANCOCAS VALLEY SC BOYS 2011 UNITED","EGG HARBOR SC EAGLES 2011/2012 BLACK",
"18760714","3/2/2025","12:00 PM","Normal","Rancocas Valley-LUMBERTON MUNICIPAL","S7","","Soccer","U-9","RANCOCAS VALLEY SC 2016 BOYS PREMIER","MOORESTOWN SC WARRIORS 2016",
"18752450","3/2/2025","1:15 PM","Normal","Rancocas Valley-LUMBERTON MUNICIPAL","S7","","Soccer","U-9","RANCOCAS VALLEY SC 2016 BOYS UNITED","MOORESTOWN SC DRAGONS 2016",
"18756978","3/2/2025","2:30 PM","Normal","Rancocas Valley-LUMBERTON MUNICIPAL","S7","","Soccer","U-10","RANCOCAS VALLEY SC 2015 BOYS STEALTH","MEDFORD STRIKERS 2015 BOYS",
"18761176","3/2/2025","3:45 PM","Normal","Rancocas Valley-LUMBERTON MUNICIPAL","S7","","Soccer","U-8","RANCOCAS VALLEY SC 2017 BOYS PREMIER","DELRAN FC 2017 DEVILS",
"18695946","3/2/2025","12:00 PM","Normal","Rancocas Valley-LUMBERTON MUNICIPAL","S9","","Soccer","U-11","RANCOCAS VALLEY SC RVSC '14 - CELTIC","MEDFORD STRIKERS 2014 BOYS",
"18754799","3/2/2025","1:15 PM","Normal","Rancocas Valley-LUMBERTON MUNICIPAL","S9","","Soccer","U-11","RANCOCAS VALLEY SC RVSC - '14 FOREST","LOGAN CHARGE BLUE 2014",
"18755499","3/2/2025","4:00 PM","Normal","Rancocas Valley-LUMBERTON MUNICIPAL","S9","","Soccer","U-12","RANCOCAS VALLEY SC 2013 BOYS RONALDO","HAMMONTON HEAT BOYS 2013",
"18820552","3/2/2025","2:00 PM","Normal","SENECA - STONEY CREEK FIELDS","F1","","Soccer","U-13","SENECA UNITED SC PRIDE 2012","TAR-KILL SOCCER CLUB TARKILL BARCELONA 2012",
"18814489","3/2/2025","12:30 PM","Normal","SENECA - STONEY CREEK FIELDS","S7","","Soccer","U-9","SENECA UNITED SC RAPTORS 2016","VOORHEES SA DESTROYERS 2016",
"18761493","3/2/2025","2:00 PM","Normal","SENECA - STONEY CREEK FIELDS","S7","","Soccer","U-10","SENECA UNITED SC RAPTORS 2015","CHERRY HILL SC COMETS (2015)",
"18700880","3/2/2025","3:30 PM","Normal","SENECA - STONEY CREEK FIELDS","S7","","Soccer","U-9","SENECA UNITED SC EAGLES 2016","PITTSGROVE SOCCER CLUB PSC PRIME WHITE '16",
"18815153","3/2/2025","12:30 PM","Normal","SENECA - STONEY CREEK FIELDS","S9","","Soccer","U-11","SENECA UNITED SC THUNDER 2014","VOORHEES SA LIGHTNING 2014",
"18685361","3/2/2025","12:30 PM","Normal","SJFC - UPPER DEERFIELD RECREATION COMPLEX","F1","","Soccer","U-15","SJ FUTBOL CLUB WOLVES","BORDENTOWN FC PANTHERS 2010",
"19024848","3/2/2025","2:15 PM","Normal","SJFC - UPPER DEERFIELD RECREATION COMPLEX","F1","","Soccer","U-16","SJ FUTBOL CLUB RAPIDS 2009","PENNSVILLE EAGLES 2010/2009",
"18720832","3/2/2025","12:30 PM","Normal","TARKILL-STERLING HS","F1","","Soccer","U-13","TAR-KILL SOCCER CLUB TARKILL LIVERPOOL 2012","RANCOCAS VALLEY SC 2012 BOYS AVENGERS",
"18822522","3/2/2025","3:30 PM","Normal","TARKILL-STERLING HS","S7","","Soccer","U-9","TAR-KILL SOCCER CLUB TARKILL 2016 BOYS","CINNAMINSON SC TITANS 2016",
"18730844","3/2/2025","2:00 PM","Normal","TARKILL-STERLING HS","S9","","Soccer","U-11","TAR-KILL SOCCER CLUB TARKILL CHELSEA 2014","MEDFORD SC AVENGERS 2014",
"18752598","3/2/2025","12:00 PM","Normal","TBAA-VALLEY BROOK","F1","","Soccer","U-15","TBAA DYNAMO 2010","CINNAMINSON SC PIRATES 2010",
"18734110","3/2/2025","1:45 PM","Normal","TBAA-VALLEY BROOK","F1","","Soccer","U-14","TBAA TITANS 2011","BORDENTOWN FC JAGUARS 2011",
"18735653","3/2/2025","3:30 PM","Normal","TBAA-VALLEY BROOK","S7","","Soccer","U-8","TBAA REVOLUTION 2017","PITTSGROVE SOCCER CLUB PSC PREDATORS ‚Äò17",
"18730843","3/2/2025","2:00 PM","Normal","TBAA-VALLEY BROOK","S9","","Soccer","U-11","TBAA REVOLUTION 2015","UPPER TOWNSHIP SA HURRICANES GREEN 2014",
"18730842","3/2/2025","3:30 PM","Normal","TBAA-VALLEY BROOK","S9","","Soccer","U-11","TBAA OUTLAWS 2014","VOORHEES SA KNIGHTS 2014",
"18815523","3/2/2025","12:00 PM","Normal","UPPER TWP-Amanda's Field Complex","F1","","Soccer","U-13","UPPER TOWNSHIP SA FORCE GREEN 2012","VINELAND SA FURY 2012",
"18793390","3/2/2025","2:45 PM","Normal","UPPER TWP-Amanda's Field Complex","S7","","Soccer","U-10","UPPER TOWNSHIP SA SUPER SONICS 2015","HADDON TWP RED HAWKS 2015",
"18771990","3/2/2025","4:00 PM","Normal","UPPER TWP-Amanda's Field Complex","S7","","Soccer","U-10","UPPER TOWNSHIP SA COMETS GREEN 2015","WEST DEPTFORD SC ANIMALS 2015",
"18701084","3/2/2025","1:30 PM","Normal","UPPER TWP-Amanda's Field Complex","S9","","Soccer","U-11","UPPER TOWNSHIP SA HURRICANES WHITE 2014","CINNAMINSON SC CHARGERS 2014",
"18783593","3/2/2025","12:00 PM","Normal","VOORHEES-EASTERN HS","F1","","Soccer","U-15","VOORHEES SA WARRIORS 2010","SWSA BLACK MAMBAS 2011",
"18769277","3/2/2025","1:45 PM","Normal","VOORHEES-EASTERN HS","F1","","Soccer","U-13","VOORHEES SA FORCE 2012","VINELAND SA JERSEY BOYZ 2012",
"18783495","3/2/2025","3:30 PM","Normal","VOORHEES-Echelon Complex","S7","","Soccer","U-9","VOORHEES SA TITANS 2016","ATLANTIC UNITED PREMIER RED 2016/2017 B",
"18763771","3/2/2025","3:30 PM","Normal","W DEPTFORD-WD PARK","F1","","Soccer","U-13","WEST DEPTFORD SC WARRIORS 2013","HIGHLAND YOUTH SOCCER CLUB MUSTANGS 2012",
"18762605","3/2/2025","12:30 PM","Normal","W DEPTFORD-WD PARK","S7","","Soccer","U-10","WEST DEPTFORD SC COBRAS 2015","DEPTFORD SA CYCLONES 2015",
"18814488","3/2/2025","2:00 PM","Normal","W DEPTFORD-WD PARK","S7","","Soccer","U-9","WEST DEPTFORD SC WILDCATS 2016","PITMAN SA BOBCATS 2016",
"18760203","3/2/2025","3:30 PM","Normal","W DEPTFORD-WD PARK","S7","","Soccer","U-8","WEST DEPTFORD SC DRAGONS 2017","HIGHLAND YOUTH SOCCER CLUB BOYS 2017",
"18754798","3/2/2025","2:00 PM","Normal","W DEPTFORD-WD PARK","S9","","Soccer","U-11","WEST DEPTFORD SC AVALANCHE 2014","HAMILTON ELITE FC PREMIER 2015B",
"18793389","3/2/2025","2:00 PM","Normal","WASHINGTON TWP- H.S.","S7","","Soccer","U-10","WASHINGTON TWP SOCCER CLUB RAPTORS 2015","CHERRY HILL FC 2015 JUNIORS BLACK",
"18793450","3/2/2025","3:30 PM","Normal","WASHINGTON TWP- H.S.","S7","","Soccer","U-9","WASHINGTON TWP SOCCER CLUB THUNDER 2016","MAPLE SHADE SHARKS 2016",
"18761175","3/2/2025","12:30 PM","Normal","WASHINGTON TWP. - Levy Fields (Virtua)","S7","","Soccer","U-8","WASHINGTON TWP SOCCER CLUB REBELS 2017","SJ FUTBOL CLUB HAMMERS 2017",
"18802307","3/2/2025","2:00 PM","Normal","WASHINGTON TWP. - Levy Fields (Virtua)","S7","","Soccer","U-9","WASHINGTON UNITED SOCCER CLUB WUSC 2016","CHERRY HILL SC THUNDER (2016)",
"18762667","3/2/2025","3:30 PM","Normal","WASHINGTON TWP. - Levy Fields (Virtua)","S7","","Soccer","U-8","WASHINGTON TWP SOCCER CLUB WOLVES 2017","DEPTFORD SA SCORPIONS 2017",
"18814246","3/2/2025","12:30 PM","Normal","WASHINGTON TWP-WASH LAKE PARK","F1","","Soccer","U-13","WASHINGTON TWP SOCCER CLUB PREDATORS 2012","PITTSGROVE SOCCER CLUB PSC SPURS '12",
"18819040","3/2/2025","2:00 PM","Normal","WASHINGTON TWP-WASH LAKE PARK","F1","","Soccer","U-14","WASHINGTON TWP SOCCER CLUB CHAOS 11/12","MOORESTOWN SC LIGHTNING 2011",
"18999208","3/2/2025","12:30 PM","Normal","WASHINGTON TWP-WASH LAKE PARK","S9","","Soccer","U-12","WASHINGTON TWP SOCCER CLUB RAPTORS 2013","PENNSVILLE EAGLES 2013",
"18695990","3/2/2025","2:00 PM","Normal","WASHINGTON TWP-WASH LAKE PARK","S9","","Soccer","U-12","WASHINGTON TWP SOCCER CLUB DAREDEVILS 2013","VINELAND TERMINATORS 2013",
"18821212","3/2/2025","3:30 PM","Normal","WASHINGTON TWP-WASH LAKE PARK","S9","","Soccer","U-11","WASHINGTON TWP SOCCER CLUB WARRIORS 2014","CINNAMINSON SC AVENGERS 2014",
"18742794","3/2/2025","12:30 PM","Normal","WATERFORD - BURNT MILL FIELD","S1","","Soccer","U-10","WATERFORD ATHLETIC ASSN WINGS 2015","SWSA HONEY BADGERS 2015",
"18748974","3/2/2025","2:00 PM","Normal","WATERFORD - BURNT MILL FIELD","S1","","Soccer","U-8","WATERFORD ATHLETIC ASSN WINGS 2017","WEST DEPTFORD SC WARRIORS 2017",
"18747944","3/2/2025","3:30 PM","Normal","WATERFORD - BURNT MILL FIELD","S1","","Soccer","U-11","WATERFORD ATHLETIC ASSN WINGS 2014","TAR-KILL SOCCER CLUB TARKILL 2015 BLUE",
"18820551","3/2/2025","12:30 PM","Normal","WOODBURY","F1","","Soccer","U-13","COSC KNIGHTS 2012","CHERRY HILL SC ROYALS 2012",
"18815479","3/2/2025","2:00 PM","Normal","WOODBURY","F1","","Soccer","U-14","WOODBURY SOCCER CLUB WOODBURY ARMORY 2011","CINNAMINSON SC STORM 2011",
"18771376","3/2/2025","3:30 PM","Normal","WOODBURY","S7","","Soccer","U-10","WOODBURY BOLTS","EGG HARBOR SC EAGLES 2015 BLACK",
"18752603","3/9/2025","3:30 PM","Normal","AUDUBON - GREEN WAVE PARK","F1","","Soccer","U-15","AUDUBON SOCCER YOUTH UNITED 2010","HADDONFIELD SC WHITE 2010",
"18760209","3/9/2025","11:30 AM","Normal","AUDUBON - GREEN WAVE PARK","S7","","Soccer","U-8","AUDUBON BOYS 2017 TEAM 2","MOORESTOWN SC HAWKS 2017",
"18755561","3/9/2025","12:45 PM","Normal","AUDUBON - GREEN WAVE PARK","S7","","Soccer","U-10","AUDUBON SOCCER YOUTH BOYS 2015 - HAMMERS","CINNAMINSON SC PRIME 2015",
"18771378","3/9/2025","2:00 PM","Normal","AUDUBON - GREEN WAVE PARK","S7","","Soccer","U-10","AUDUBON BOYS 2015","MLU SHARKS 2015",
"18755531","3/9/2025","2:00 PM","Normal","AUDUBON - GREEN WAVE PARK","S9","","Soccer","U-11","AUDUBON ATTACK - BOYS 2014","CHERRY HILL SC FORCE 2014",
"18696046","3/9/2025","3:30 PM","Normal","BARRINGTON-DEERE FIELD","S7","","Soccer","U-9","BARRINGTON SC STORM 2016","CINNAMINSON SC CHAOS 2016",
"18700810","3/9/2025","2:00 PM","Normal","BARRINGTON-DEERE FIELD","S9","","Soccer","U-12","BARRINGTON SC REVOLUTION 2013","MAPLE SHADE FORCE 2013",
"18783438","3/9/2025","2:00 PM","Normal","BORDENTOWN - FRIENDSHIP FIELDS","S7","","Soccer","U-8","BORDENTOWN FC REVOLUTION 2017","HADDONFIELD SC REBELS 2017",
"18783289","3/9/2025","3:30 PM","Normal","BORDENTOWN - FRIENDSHIP FIELDS","S7","","Soccer","U-9","BORDENTOWN FC REVOLUTION 2016","TBAA KNIGHTS 2016",
"18747947","3/9/2025","12:30 PM","Normal","BORDENTOWN - FRIENDSHIP FIELDS","S9","","Soccer","U-11","BORDENTOWN FC UNION 2014","MOORESTOWN SC WOLVERINES 2014",
"18683029","3/9/2025","11:00 AM","Normal","BURLINGTON TWP - PINEWALD AVE","F1","","Soccer","U-19","BURLINGTON TOWNSHIP SOCCER BULLS 2007-2008","PALMYRA RIVERTON SC LEGACY 2006",
"19024851","3/9/2025","12:40 PM","Normal","BURLINGTON TWP - PINEWALD AVE","F1","","Soccer","U-16","BURLINGTON TOWNSHIP SOCCER FUSION 2009","WINSLOW VIPERS 2009",
"18815511","3/9/2025","2:20 PM","Normal","BURLINGTON TWP - PINEWALD AVE","F1","","Soccer","U-13","BURLINGTON TOWNSHIP SOCCER DRAGONS 2012","VINELAND SA FURY 2012",
"18815481","3/9/2025","3:50 PM","Normal","BURLINGTON TWP - PINEWALD AVE","F1","","Soccer","U-14","BURLINGTON TOWNSHIP SOCCER REBELS 2011","DELRAN FC FLASH 2011",
"18792466","3/9/2025","12:00 PM","Normal","BURLINGTON TWP - PINEWALD AVE","S7","","Soccer","U-8","BURLINGTON TOWNSHIP SOCCER FIRE 2017","NORTHERN BURLINGTON FORCE 2017",
"18770599","3/9/2025","1:30 PM","Normal","BURLINGTON TWP - PINEWALD AVE","S7","","Soccer","U-10","BURLINGTON TOWNSHIP SOCCER PHOENIX 2015","HARRISON BLUE ARSENAL 2015",
"18758196","3/9/2025","12:30 PM","Normal","CAPE EX SOCCER COMPLEX At Ockie Wisting","F1","","Soccer","U-14","CAPE EXPRESS SURGE 2011","UPPER TOWNSHIP SA TSUNAMIS 2011",
"18814251","3/9/2025","2:00 PM","Normal","CAPE EX SOCCER COMPLEX At Ockie Wisting","F1","","Soccer","U-13","CAPE EXPRESS WHITE CAPS 2012","PITTSGROVE SOCCER CLUB PSC SPURS '12",
"18758641","3/9/2025","3:30 PM","Normal","CAPE EX SOCCER COMPLEX At Ockie Wisting","S7","","Soccer","U-8","CAPE EXPRESS CE 2017 BARCA","UPPER TOWNSHIP SA FLASH 2017",
"18756945","3/9/2025","2:00 PM","Normal","CAPE EX SOCCER COMPLEX At Ockie Wisting","S9","","Soccer","U-12","CAPE EXPRESS CE 2014 UNION","VINELAND SA UNITED 2013",
"18750902","3/9/2025","11:00 AM","Normal","CHFC - DeCOU","F1","","Soccer","U-14","CHERRY HILL FC 2011 STALLIONS","MANTUA TOWNSHIP SA UNION 2011",
"18695865","3/9/2025","12:30 PM","Normal","CHFC - DeCOU","F1","","Soccer","U-14","CHERRY HILL FC 2011/2012 COBRAS","RANCOCAS VALLEY SC BOYS 2011 UNITED",
"18783452","3/9/2025","12:30 PM","Normal","CHFC - DeCOU","S7 - Grass 7v7/D6","","Soccer","U-8","CHERRY HILL FC 2017 JUNIOR BLACK","MEDFORD SC 2017B WHITE (LIGHTNING)",
"18793392","3/9/2025","2:00 PM","Normal","CHFC - DeCOU","S7 - Grass 7v7/D6","","Soccer","U-10","CHERRY HILL FC 2015 JUNIORS BLACK","BERLIN SOCCER CLUB BERSERKERS 2015",
"18822524","3/9/2025","3:30 PM","Normal","CHFC - DeCOU","S7 - Grass 7v7/D6","","Soccer","U-9","CHERRY HILL FC 2016 JUNIOR BLACK","LOGAN SUPERNOVA 2016",
"18783485","3/9/2025","2:15 PM","Normal","CHFC - DeCOU","S9- Grass 9v9/D5","","Soccer","U-11","CHERRY HILL FC 2015 JUNIOR RED","CHERRY HILL SC UNITED 2014",
"18695993","3/9/2025","3:45 PM","Normal","CHFC - DeCOU","S9- Grass 9v9/D5","","Soccer","U-12","CHERRY HILL FC 2013 RED HAWKS","BURLINGTON TOWNSHIP SOCCER STRIKERS 2013",
"18685830","3/9/2025","12:00 PM","Normal","CHSC - CH WEST HS","F1","","Soccer","U-14","CHERRY HILL SC CHAOS 2011","MLU FLASH 2011",
"18752602","3/9/2025","1:45 PM","Normal","CHSC - CH WEST HS","F1","","Soccer","U-15","CHERRY HILL SC THUNDERBOLTS (2010-2011)","TBAA DYNAMO 2010",
"18820544","3/9/2025","3:30 PM","Normal","CHSC - CH WEST HS","F1","","Soccer","U-13","CHERRY HILL SC ROYALS 2012","SENECA UNITED SC PRIDE 2012",
"18700882","3/9/2025","11:00 AM","Normal","CHSC - UPPER CHAPEL TURF","S7","","Soccer","U-9","CHERRY HILL SC 72S 2016","SENECA UNITED SC EAGLES 2016",
"18761495","3/9/2025","12:15 PM","Normal","CHSC - UPPER CHAPEL TURF","S7","","Soccer","U-10","CHERRY HILL SC COMETS (2015)","MEDFORD SC COLUMBIA 2015",
"18783437","3/9/2025","1:30 PM","Normal","CHSC - UPPER CHAPEL TURF","S7","","Soccer","U-8","CHERRY HILL SC COBRAS 2017","HADDON TWP. RED HAWKS 2017",
"18753503","3/9/2025","2:45 PM","Normal","CHSC - UPPER CHAPEL TURF","S7","","Soccer","U-10","CHERRY HILL SC WARRIORS 2015","MOORESTOWN SC VIPERS 2015",
"18753934","3/9/2025","4:00 PM","Normal","CHSC - UPPER CHAPEL TURF","S7","","Soccer","U-8","CHERRY HILL SC DYNAMO (2017)","MEDFORD SC 2017B NAVY (RENEGADES)",
"18687257","3/9/2025","12:30 PM","Normal","CHSC - UPPER CHAPEL TURF","S9","","Soccer","U-12","CHERRY HILL SC THUNDER 2013","MEDFORD SC BLUE DEVILS 2013",
"18747946","3/9/2025","2:00 PM","Normal","CHSC - UPPER CHAPEL TURF","S9","","Soccer","U-11","CHERRY HILL SC WHITE (2014)","TBAA REVOLUTION 2014",
"18687226","3/9/2025","3:30 PM","Normal","CHSC - UPPER CHAPEL TURF","S9","","Soccer","U-12","CHERRY HILL SC FORCE 2013","MLU TIGERS 2013",
"18752601","3/9/2025","12:00 PM","Normal","CINNAMINSON SC - MEMORIAL","F1","","Soccer","U-15","CINNAMINSON SC PIRATES 2010","MAPLE SHADE BEST ELEVEN 2010",
"18754962","3/9/2025","1:45 PM","Normal","CINNAMINSON SC - MEMORIAL","F1","","Soccer","U-13","CINNAMINSON SC SKULLS 2012","PITTSGROVE SOCCER CLUB PSC REVOLUTION '13",
"18815482","3/9/2025","3:30 PM","Normal","CINNAMINSON SC - MEMORIAL","F1","","Soccer","U-14","CINNAMINSON SC STORM 2011","WASHINGTON TWP SOCCER CLUB REGULATORS 2011",
"18770600","3/9/2025","12:00 PM","Normal","CINNAMINSON SC - MEMORIAL","S7","","Soccer","U-10","CINNAMINSON SC PIRATES SEA DOGS 2015","HADDONFIELD SC WHITE 2015 B",
"18822525","3/9/2025","1:15 PM","Normal","CINNAMINSON SC - MEMORIAL","S7","","Soccer","U-9","CINNAMINSON SC TITANS 2016","FTYSA UNITED 2016",
"18720606","3/9/2025","2:30 PM","Normal","CINNAMINSON SC - MEMORIAL","S7","","Soccer","U-9","CINNAMINSON SC LIGHTNING 2016","ATLANTIC UNITED PREMIER BLACK 2016 B",
"18701104","3/9/2025","3:45 PM","Normal","CINNAMINSON SC - MEMORIAL","S9","","Soccer","U-11","CINNAMINSON SC CHARGERS 2014","ATLANTIC UNITED PREMIER KICKERS 2014 B",
"18762607","3/9/2025","3:30 PM","Normal","CLAYTON - BENTZ","S7","","Soccer","U-10","CLAYTON SA CLIPPERS 2015","LOGAN ARMADA BLUE 2015",
"18742813","3/9/2025","3:30 PM","Normal","Cohansey - Cumberland County Tech School","S7","","Soccer","U-10","COHANSEY SC DYNAMO 2015","MANTUA VIPERS 2015-2016",
"18814250","3/9/2025","11:00 AM","Normal","Delran Middle School","Delran Middle School F1","","Soccer","U-13","DELRAN FC SOCCER DELRAN FC UNITED 2013","WASHINGTON TWP SOCCER CLUB PREDATORS 2012",
"18783556","3/9/2025","12:30 PM","Normal","Delran Middle School","Delran Middle School F1","","Soccer","U-13","DELRAN FC SOCCER GREY 2013B","HADDON TWP WHITE HAWKS 2012",
"18760210","3/9/2025","12:30 PM","Normal","DELRAN-DEUTSCH FIELD","S7","","Soccer","U-8","DELRAN FC RAPTORS 2017","CINNAMINSON SC UNION 2017",
"18802311","3/9/2025","2:00 PM","Normal","DELRAN-DEUTSCH FIELD","S7","","Soccer","U-9","DELRAN FC UNION 2016","WASHINGTON UNITED SOCCER CLUB WUSC 2016",
"18761179","3/9/2025","3:30 PM","Normal","DELRAN-DEUTSCH FIELD","S7","","Soccer","U-8","DELRAN FC 2017 DEVILS","WASHINGTON TWP SOCCER CLUB REBELS 2017",
"18821216","3/9/2025","2:30 PM","Normal","DELRAN-DEUTSCH FIELD","S9","","Soccer","U-11","DELRAN FC COBRAS 2015","WASHINGTON TWP SOCCER CLUB WARRIORS 2014",
"18783475","3/9/2025","3:45 PM","Normal","DELRAN-DEUTSCH FIELD","S9","","Soccer","U-11","DELRAN FC SOCCER DELRAN FC KNIGHTS 2014","HADDON TWP RED HAWKS 2014",
"18814265","3/9/2025","12:30 PM","Normal","DEPTFORD SC","F1","","Soccer","U-13","DEPTFORD SA THUNDER 2012","CHERRY HILL FC 2012 JUNIORS BLACK",
"18685831","3/9/2025","3:30 PM","Normal","DEPTFORD SC","F1","","Soccer","U-14","DEPTFORD SA TORNADOES 2011","HARRISON SC THUNDER 2011",
"18762608","3/9/2025","12:00 PM","Normal","DEPTFORD SC","S7","","Soccer","U-10","DEPTFORD SA CYCLONES 2015","PITMAN SA WILDCATS 2015",
"18762670","3/9/2025","1:15 PM","Normal","DEPTFORD SC","S7","","Soccer","U-8","DEPTFORD SA SCORPIONS 2017","PITMAN SA PANTHERS 2017",
"18772709","3/9/2025","2:30 PM","Normal","DEPTFORD SC","S7","","Soccer","U-10","DEPTFORD SA THUNDER 2015","MEDFORD SC GOLD 2015",
"18753504","3/9/2025","3:45 PM","Normal","DEPTFORD SC","S7","","Soccer","U-10","DEPTFORD SA LIGHTNING 2015","HARRISON STRIKERS 2015",
"18994513","3/9/2025","2:00 PM","Normal","DEPTFORD SC","S9","","Soccer","U-11","DEPTFORD PREMIER FC '15 BOYS FUSION","CHERRY HILL SC UNION 2015",
"18755437","3/9/2025","12:30 PM","Normal","E GREENWICH - THOMPSON FAMILY PARK","F1","","Soccer","U-13","EAST GREENWICH SA EGSA VENOM 2012","HADDONFIELD SC RED 2012",
"18783585","3/9/2025","2:00 PM","Normal","E GREENWICH - THOMPSON FAMILY PARK","F1","","Soccer","U-15","EAST GREENWICH SA EGSA BLAZE 2010","SWSA BLACK MAMBAS 2011",
"18696047","3/9/2025","1:15 PM","Normal","E GREENWICH - THOMPSON FAMILY PARK","S7","","Soccer","U-9","EAST GREENWICH SA EGSA LIONS 2016","WINSLOW KINGS 2016",
"18753936","3/9/2025","2:30 PM","Normal","E GREENWICH - THOMPSON FAMILY PARK","S7","","Soccer","U-8","EAST GREENWICH SA EGSA UNITED 2017","WASHINGTON UNITED SOCCER CLUB WUSC 2017",
"18754801","3/9/2025","12:00 PM","Normal","E GREENWICH - THOMPSON FAMILY PARK","S9","","Soccer","U-11","EAST GREENWICH SA EGSA EAGLES 2014","RANCOCAS VALLEY SC RVSC - '14 FOREST",
"18821142","3/9/2025","3:45 PM","Normal","E GREENWICH - THOMPSON FAMILY PARK","S9","","Soccer","U-12","EAST GREENWICH SA EGSA DYNAMO 2013","DEPTFORD SA TORNADOES 2013",
"18695866","3/9/2025","2:00 PM","Normal","Egg Harbor Twp HS","Field 1 (11 v 11)","","Soccer","U-14","EGG HARBOR SC EAGLES 2011/2012 BLACK","PITMAN SA PUMAS 2011",
"18750888","3/9/2025","3:30 PM","Normal","Egg Harbor Twp HS","Field 1 (11 v 11)","","Soccer","U-14","EGG HARBOR SC EAGLES BLACK 2011","BORDENTOWN FC RENEGADES 2011",
"18761428","3/9/2025","12:30 PM","Normal","Egg Harbor Twp HS","Field 4 (9 v 9)","","Soccer","U-12","EGG HARBOR SC EAGLES WHITE 2013","MLU LIGHTNING 2014",
"18821215","3/9/2025","2:00 PM","Normal","Egg Harbor Twp HS","Field 4 (9 v 9)","","Soccer","U-11","EGG HARBOR SC EAGLES 2014","COSC OUTLAWS 2014",
"18755501","3/9/2025","3:30 PM","Normal","Egg Harbor Twp HS","Field 4 (9 v 9)","","Soccer","U-12","EGG HARBOR SC EAGLES 2013 BLACK","RANCOCAS VALLEY SC 2013 BOYS RONALDO",
"18771379","3/9/2025","12:00 PM","Normal","Egg Harbor Twp HS","Field 5 (7 v 7)","","Soccer","U-10","EGG HARBOR SC EAGLES 2015 BLACK","NORTHERN BURLINGTON STORM 2015",
"18802312","3/9/2025","1:15 PM","Normal","Egg Harbor Twp HS","Field 5 (7 v 7)","","Soccer","U-9","EGG HARBOR SC EAGLES 2016 WHITE","CHERRY HILL SC THUNDER (2016)",
"18814493","3/9/2025","2:30 PM","Normal","Egg Harbor Twp HS","Field 5 (7 v 7)","","Soccer","U-9","EGG HARBOR SC EAGLES 2016 BLACK","PITMAN SA BOBCATS 2016",
"18771992","3/9/2025","3:45 PM","Normal","Egg Harbor Twp HS","Field 5 (7 v 7)","","Soccer","U-10","EGG HARBOR SC EAGLES 2015 WHITE","HIGHLAND YOUTH SOCCER CLUB LIGHTNING 2015",
"18752604","3/9/2025","12:00 PM","Normal","FRANKLIN TWP YOUTH COMPLEX","F1","","Soccer","U-15","FTYSA STORM 2010","EAST GREENWICH SA EGSA CHARGERS 2010",
"18754960","3/9/2025","1:45 PM","Normal","FRANKLIN TWP YOUTH COMPLEX","F1","","Soccer","U-13","FTYSA CRUSADERS 2012","SWSA CYCLONES 2012/2013",
"18821144","3/9/2025","12:30 PM","Normal","FRANKLIN TWP YOUTH COMPLEX","S9","","Soccer","U-12","FTYSA ENFORCERS 2013","UPPER TOWNSHIP SA CYCLONES 2013",
"18701087","3/9/2025","2:00 PM","Normal","FRANKLIN TWP YOUTH COMPLEX","S9","","Soccer","U-11","FTYSA STORM 2014","CAPE EXPRESS CE ENGINEERS 2014",
"18754803","3/9/2025","3:30 PM","Normal","FRANKLIN TWP YOUTH COMPLEX","S9","","Soccer","U-11","FTYSA KNIGHTS 2014","HAMILTON ELITE FC PREMIER 2015B",
"18792464","3/9/2025","12:30 PM","Normal","GATEWAY UTD. - LANGSTON FIELD","S7","","Soccer","U-8","GUSC GATORS B2017","HADDON TWP. WHITE HAWKS 2017",
"18783288","3/9/2025","2:00 PM","Normal","GATEWAY UTD. - LANGSTON FIELD","S7","","Soccer","U-9","GATEWAY UNITED SOCCER CLUB GUSC THUNDER B2016","SWSA HAVOC 2016",
"18783497","3/9/2025","3:30 PM","Normal","GATEWAY UTD. - LANGSTON FIELD","S7","","Soccer","U-9","GATEWAY UNITED SOCCER CLUB GUSC GATORS B2016/2017","LOGAN APOLLO 2016",
"18683031","3/9/2025","12:00 PM","Normal","GATEWAY UTD. - WESTVILLE","F1","","Soccer","U-19","GATEWAY UNITED SOCCER CLUB GUSC WARRIORS B2006","MAINLAND UNITED SA MUSTANGS 2009 B",
"18793227","3/9/2025","2:00 PM","Normal","GATEWAY UTD. - WESTVILLE","S9","","Soccer","U-11","GUSC GREYHOUNDS 2014","BURLINGTON TOWNSHIP SOCCER DYNAMITE 2014",
"18763788","3/9/2025","3:45 PM","Normal","HADDONFIELD - CROWS WOODS","F1","","Soccer","U-13","HADDONFIELD SC BLACK 2012","HIGHLAND YOUTH SOCCER CLUB MUSTANGS 2012",
"18759173","3/9/2025","12:00 PM","Normal","HADDONFIELD - CROWS WOODS","S7","","Soccer","U-10","HADDONFIELD SC BLACK 2015 B","MAINLAND UNITED SA MUSTANGS RED 2015 B",
"18758639","3/9/2025","1:15 PM","Normal","HADDONFIELD - CROWS WOODS","S7","","Soccer","U-8","HADDONFIELD SC THUNDER 2017","MAINLAND UNITED SA MUSTANGS RED 2017 B",
"18735657","3/9/2025","2:30 PM","Normal","HADDONFIELD - CROWS WOODS","S7","","Soccer","U-8","HADDONFIELD SC FIRE 2017","SWSA PANTHERS 2017",
"18720589","3/9/2025","3:45 PM","Normal","HADDONFIELD - CROWS WOODS","S7","","Soccer","U-9","HADDONFIELD SC RED 2016","DELRAN FC SOCCER SHARKS 2016",
"18747948","3/9/2025","12:00 PM","Normal","HADDONFIELD - CROWS WOODS","S9","","Soccer","U-11","HADDONFIELD SC BLACK 2014","WATERFORD ATHLETIC ASSN WINGS 2014",
"18793362","3/9/2025","1:15 PM","Normal","HADDONFIELD - CROWS WOODS","S9","","Soccer","U-12","HADDONFIELD SC BLACK 2013","MILLVILLE REBELS 2013",
"18743083","3/9/2025","2:30 PM","Normal","HADDONFIELD - CROWS WOODS","S9","","Soccer","U-12","HADDONFIELD SC RED 2013","HADDON HEIGHTS SC 2013 YOUNG BOYS",
"18819043","3/9/2025","1:15 PM","Normal","HAMMONTON - MOSS MILL RD PARK SOCCER COMPLEX","F1","","Soccer","U-14","HAMMONTON HEAT BOYS 2011","WASHINGTON TWP SOCCER CLUB CHAOS 11/12",
"18762669","3/9/2025","12:00 PM","Normal","HAMMONTON - MOSS MILL RD PARK SOCCER COMPLEX","S7","","Soccer","U-8","HAMMONTON HEAT BOYS 2017","HARRISON HURRICANES 2017",
"18755532","3/9/2025","2:45 PM","Normal","HAMMONTON - MOSS MILL RD PARK SOCCER COMPLEX","S9","","Soccer","U-11","HAMMONTON HEAT BOYS 2014","MANTUA TOWNSHIP SA OUTLAWS 2014",
"18755502","3/9/2025","4:00 PM","Normal","HAMMONTON - MOSS MILL RD PARK SOCCER COMPLEX","S9","","Soccer","U-12","HAMMONTON HEAT BOYS 2013","MEDFORD SC MAYHEM 2013",
"18720849","3/9/2025","12:00 PM","Normal","HARRISON - William Wilt Soccer Complex","F1","","Soccer","U-13","HARRISON SC STRIKERS 2012","TAR-KILL SOCCER CLUB TARKILL LIVERPOOL 2012",
"18770962","3/9/2025","1:30 PM","Normal","HARRISON - William Wilt Soccer Complex","F1","","Soccer","U-14","HARRISON SC ARSENAL 2011","MLU WARRIORS 2011",
"18822554","3/9/2025","3:00 PM","Normal","HARRISON - William Wilt Soccer Complex","S7","","Soccer","U-9","HARRISON HURRICANES 2016","HADDON HEIGHTS SC 2016 RUCKUS",
"18685415","3/9/2025","11:00 AM","Normal","HIGHLAND - GLOUCESTER TWP PARK","F1","","Soccer","U-19","HIGHLAND YOUTH SOCCER CLUB HURRICANES 2008","MAPLE SHADE AVENGERS 2007",
"18683030","3/9/2025","12:40 PM","Normal","HIGHLAND - GLOUCESTER TWP PARK","F1","","Soccer","U-19","HIGHLAND YOUTH SOCCER CLUB GALAXY 2008","HARRISON TITANS FvöTBOL ACADEMY",
"18683028","3/9/2025","2:20 PM","Normal","HIGHLAND - GLOUCESTER TWP PARK","F1","","Soccer","U-19","HIGHLAND YOUTH SOCCER CLUB FUSION","BORDENTOWN FC 2006",
"18685453","3/9/2025","4:00 PM","Normal","HIGHLAND - GLOUCESTER TWP PARK","F1","","Soccer","U-16","HIGHLAND YOUTH SOCCER CLUB BOYS 2009","NORTHERN BURLINGTON SA BULLDOGS 2009",
"18760718","3/9/2025","1:15 PM","Normal","HIGHLAND - GLOUCESTER TWP PARK","S7","","Soccer","U-9","HIGHLAND YOUTH SOCCER CLUB MAYHEM","HARRISON HORNETS 2016",
"18760208","3/9/2025","2:30 PM","Normal","HIGHLAND - GLOUCESTER TWP PARK","S7","","Soccer","U-8","HIGHLAND YOUTH SOCCER CLUB BOYS 2017","LOGAN BOOM 2017",
"18752454","3/9/2025","3:45 PM","Normal","HIGHLAND - GLOUCESTER TWP PARK","S7","","Soccer","U-9","HIGHLAND YOUTH SOCCER CLUB HAVOK 2016","MILLVILLE THUNDER 2016",
"18743082","3/9/2025","12:00 PM","Normal","HIGHLAND - GLOUCESTER TWP PARK","S9","","Soccer","U-12","HIGHLAND YOUTH SOCCER CLUB FURY 2013","HARRISON SC LIGHTNING 2013",
"18769264","3/9/2025","12:30 PM","Normal","LOGAN - TWP LINE","F1","","Soccer","U-13","LOGAN FORCE 2012","GATEWAY UNITED SOCCER CLUB GUSC STINGRAYS B2012",
"18770598","3/9/2025","2:00 PM","Normal","LOGAN - TWP LINE","S7","","Soccer","U-10","LOGAN ARMADA BLACK 2015","PENNSVILLE EAGLES GOLD 2015",
"18754802","3/9/2025","12:30 PM","Normal","LOGAN - TWP LINE","S9","","Soccer","U-11","LOGAN CHARGE BLUE 2014","WEST DEPTFORD SC AVALANCHE 2014",
"18772737","3/9/2025","2:15 PM","Normal","LOGAN - TWP LINE","S9","","Soccer","U-11","LOGAN CHARGE BLACK 2014","EAST GREENWICH SA EGSA STARS 2014",
"18793360","3/9/2025","3:45 PM","Normal","LOGAN - TWP LINE","S9","","Soccer","U-12","LOGAN FLASH 2013","COSC TITANS 2013",
"18720590","3/9/2025","3:30 PM","Normal","MAINLAND - MEMORIAL PARK","S7","","Soccer","U-9","MAINLAND UNITED SA MUSTANGS RED 2016 B","MLU REVOLUTION 2016",
"18687274","3/9/2025","12:30 PM","Normal","MAINLAND - MEMORIAL PARK","S9","","Soccer","U-12","MAINLAND UNITED SA MUSTANGS RED 2013 B","TAR-KILL SOCCER CLUB TARKILL KNIGHTS 2013",
"18999210","3/9/2025","2:00 PM","Normal","MAINLAND - MEMORIAL PARK","S9","","Soccer","U-12","MAINLAND UNITED SA MUSTANGS WHITE 2013-14 B","WINSLOW SHARKS",
"18793453","3/9/2025","2:00 PM","Normal","MAPLE SHADE - TURF FIELD","S1","","Soccer","U-9","MAPLE SHADE SHARKS 2016","AUDUBON 2016 BOYS",
"18748977","3/9/2025","3:30 PM","Normal","MAPLE SHADE - TURF FIELD","S1","","Soccer","U-8","MAPLE SHADE CHAOS 2017","WATERFORD ATHLETIC ASSN WINGS 2017",
"18818832","3/9/2025","12:00 PM","Normal","MARLTON - MEMORIAL","F1","","Soccer","U-15","MARLTON SC CHIEFS WHITE 2010","ATLANTIC UNITED PREMIER STRIKERS 2010/11 B",
"18815510","3/9/2025","1:45 PM","Normal","MARLTON - MEMORIAL","F1","","Soccer","U-13","MARLTON SC CHIEFS WHITE 2012","ATLANTIC UNITED PREMIER KICKERS 2013 B",
"18754959","3/9/2025","3:30 PM","Normal","MARLTON - MEMORIAL","F1","","Soccer","U-13","MARLTON SC CHIEFS BLACK 2012","CHERRY HILL SC COBRAS 2012",
"18700913","3/9/2025","11:00 AM","Normal","MARLTON - MEMORIAL","S7","","Soccer","U-9","MARLTON SC CHIEFS ORANGE 2016","HARRISON LEGENDS 2016",
"18791897","3/9/2025","12:15 PM","Normal","MARLTON - MEMORIAL","S7","","Soccer","U-10","MARLTON SC CHIEFS WHITE 2015","MAPLE SHADE WILD 2015",
"18814491","3/9/2025","1:30 PM","Normal","MARLTON - MEMORIAL","S7","","Soccer","U-9","MARLTON SC CHIEFS WHITE 2016","SENECA UNITED SC RAPTORS 2016",
"18687258","3/9/2025","11:00 AM","Normal","MARLTON - MEMORIAL","S9","","Soccer","U-12","MARLTON SC CHIEFS WHITE 2013","SJ FUTBOL CLUB SOUNDERS 2013",
"18772754","3/9/2025","12:15 PM","Normal","MARLTON - MEMORIAL","S9","","Soccer","U-11","MARLTON SC CHIEFS BLACK 2014","WEST DEPTFORD SC EAGLES 2014",
"18761427","3/9/2025","1:30 PM","Normal","MARLTON - MEMORIAL","S9","","Soccer","U-12","MARLTON SC CHIEFS ORANGE 2014","CAPE EXPRESS AVENGERS 2013",
"18687227","3/9/2025","2:45 PM","Normal","MARLTON - MEMORIAL","S9","","Soccer","U-12","MARLTON SC CHIEFS BLACK 2013","EAST GREENWICH SA EGSA PANTHERS 2013",
"18695950","3/9/2025","4:00 PM","Normal","MARLTON - MEMORIAL","S9","","Soccer","U-11","MARLTON SC CHIEFS WHITE 2014","MAINLAND UNITED SA MUSTANGS RED 2014 B",
"18770963","3/9/2025","11:00 AM","Normal","MEDFORD - BENDE PARK","F1","","Soccer","U-14","MEDFORD SC COLUMBIA 2011","NORTHERN BURLINGTON SA HOOLIGANS 2011",
"18754961","3/9/2025","12:30 PM","Normal","MEDFORD - BENDE PARK","F1","","Soccer","U-13","MEDFORD SC DESTROYERS 2012","NORTHERN BURLINGTON SA BLUES 2013",
"18734115","3/9/2025","2:00 PM","Normal","MEDFORD - BENDE PARK","F1","","Soccer","U-14","MEDFORD SC RENEGADES 2011","BORDENTOWN FC JAGUARS 2011",
"18685417","3/9/2025","3:30 PM","Normal","MEDFORD - BENDE PARK","F1","","Soccer","U-19","MEDFORD SC ","MILLVILLE PHANTOMS 2007",
"18755533","3/9/2025","3:30 PM","Normal","MEDFORD - BENDE PARK","S9","","Soccer","U-11","MEDFORD SC CAROLINA 2014","HADDON HEIGHTS SC 2014 MIGHTY TITANS",
"18750887","3/9/2025","12:00 PM","Normal","MEDFORD STRIKERS - ARK ROAD COMPLEX","F1","","Soccer","U-14","MEDFORD STRIKERS 2011 BOYS","HADDONFIELD SC RED 2011",
"18756981","3/9/2025","4:00 PM","Normal","MEDFORD STRIKERS - ARK ROAD COMPLEX","S7","","Soccer","U-10","MEDFORD STRIKERS 2015 BOYS","HADDON HEIGHTS SC 2015 CHEETAHS",
"18695949","3/9/2025","1:30 PM","Normal","MEDFORD STRIKERS - ARK ROAD COMPLEX","S9","","Soccer","U-11","MEDFORD STRIKERS 2014 BOYS","HADDONFIELD SC RED 2014 B",
"18756944","3/9/2025","2:45 PM","Normal","MEDFORD STRIKERS - ARK ROAD COMPLEX","S9","","Soccer","U-12","MEDFORD STRIKERS 2013 BOYS","MOORESTOWN SC GOLDEN EAGLES 2013",
"18755563","3/9/2025","12:00 PM","Normal","MLU-MARNE HWY","S7-1","","Soccer","U-10","MLU KNIGHTS 2015 BOYS","HADDONFIELD SC RED 2015 B",
"18700915","3/9/2025","1:15 PM","Normal","MLU-MARNE HWY","S7-1","","Soccer","U-9","MLU GLADIATORS 2016","MOORESTOWN SC UNITED 2016",
"18762655","3/9/2025","2:30 PM","Normal","MLU-MARNE HWY","S7-1","","Soccer","U-10","MLU WOLFPACK 2015","ATLANTIC UNITED PREMIER FIRE 2015 B",
"18792467","3/9/2025","3:45 PM","Normal","MLU-MARNE HWY","S7-1","","Soccer","U-8","MLU EAGLES 2017","CINNAMINSON SC RAIDERS 2017",
"18999212","3/9/2025","2:30 PM","Normal","MLU-TROTTERS","S9","","Soccer","U-12","MLU GALAXY 2013","WASHINGTON TWP SOCCER CLUB RAPTORS 2013",
"18755356","3/9/2025","3:45 PM","Normal","MLU-TROTTERS","S9","","Soccer","U-11","MLU COBRAS 2014","NORTHERN BURLINGTON BLUE DEVILS 2014",
"18753935","3/9/2025","12:30 PM","Normal","MONROE TWP - CORKERY LANE","S7","","Soccer","U-8","MONROE TOWNSHIP YS 2017 MONROE UNITED","HARRISON UNITED 2017",
"18759175","3/9/2025","2:00 PM","Normal","MONROE TWP - CORKERY LANE","S7","","Soccer","U-10","MONROE TOWNSHIP YS 2015 UNITED BLUE","BURLINGTON TOWNSHIP SOCCER THUNDER2015",
"18802326","3/9/2025","3:30 PM","Normal","MONROE TWP - CORKERY LANE","S7","","Soccer","U-9","MONROE UNITED 2016 BOYS","EAST GREENWICH SA EGSA CHAOS 2016",
"18743097","3/9/2025","12:00 PM","Normal","MONROE TWP - CORKERY LANE","S9","","Soccer","U-12","MONROE TOWNSHIP YS UNITED BOYS 2013 BLUE","MANTUA TOWNSHIP SA MTSA ELITE 2014",
"18761429","3/9/2025","1:15 PM","Normal","MONROE TWP - CORKERY LANE","S9","","Soccer","U-12","MONROE UNITED 2013","SJ FUTBOL CLUB FLYERS 2014",
"18755355","3/9/2025","2:30 PM","Normal","MONROE TWP - CORKERY LANE","S9","","Soccer","U-11","MONROE TOWNSHIP YS UNITED BOYS 2014 BLUE","HADDON TWP WHITE HAWKS 2015",
"18815452","3/9/2025","12:30 PM","Normal","MOORESTOWN - MEMORIAL FIELDS","F1","","Soccer","U-14","MOORESTOWN SC BLACK KNIGHTS 2011","VINELAND SA STRIKERS 2011",
"18700899","3/9/2025","12:30 PM","Normal","MOORESTOWN - MEMORIAL FIELDS","S7","","Soccer","U-9","MOORESTOWN SC RENEGADES 2016","MEDFORD SC GOLD 2016",
"18760717","3/9/2025","2:00 PM","Normal","MOORESTOWN - MEMORIAL FIELDS","S7","","Soccer","U-9","MOORESTOWN SC WARRIORS 2016","HADDON TWP RED HAWKS 2016",
"18772707","3/9/2025","3:30 PM","Normal","MOORESTOWN - MEMORIAL FIELDS","S7","","Soccer","U-10","MOORESTOWN SC HORNETS 2015","EAST GREENWICH SA EGSA TIGERS 2015",
"18819042","3/9/2025","12:30 PM","Normal","PAL-RIV - LEGION FIELD 11v11","F1","","Soccer","U-14","PALMYRA RIVERTON SC WARRIORS 2011","HADDONFIELD SC WHITE 2011",
"18783558","3/9/2025","2:00 PM","Normal","PAL-RIV - LEGION FIELD 11v11","F1","","Soccer","U-13","PALMYRA RIVERTON SC YOUNGBLOODS 2013","HARRISON WILDCATS 2012",
"18818834","3/9/2025","3:30 PM","Normal","PAL-RIV - LEGION FIELD 11v11","F1","","Soccer","U-15","PALMYRA RIVERTON SC UNION 2010","MILLVILLE VENOM 2010",
"18762654","3/9/2025","2:30 PM","Normal","PAL-RIV CHARLES STREET SCHOOL Spring Season","S7","","Soccer","U-10","PALMYRA RIVERTON SC NATIONALS 2015","MANTUA TOWNSHIP SA FROGS 2015",
"18822553","3/9/2025","3:45 PM","Normal","PAL-RIV CHARLES STREET SCHOOL Spring Season","S7","","Soccer","U-9","PALMYRA RIVERTON SC LEGENDARY 2016","COSC WARRIORS 2016",
"18700812","3/9/2025","12:00 PM","Normal","PAL-RIV CHARLES STREET SCHOOL Spring Season","S9","","Soccer","U-12","PALMYRA RIVERTON SC HURRICANES 2013","MOORESTOWN SC DRAGONS 2013",
"18822488","3/9/2025","1:15 PM","Normal","PAL-RIV CHARLES STREET SCHOOL Spring Season","S9","","Soccer","U-11","PALMYRA RIVERTON SC TORNADOES 2014","DELRAN FC HAWKS 2014",
"18770961","3/9/2025","3:30 PM","Normal","PEMBERTON - HIGH SCHOOL","F1","","Soccer","U-14","PEMBERTON SC PUNISHERS 2011","GATEWAY UNITED SOCCER CLUB GUSC WILDCATS B2011",
"18685364","3/9/2025","12:00 PM","Normal","Pennsauken Community Recreation Facility","F1","","Soccer","U-15","PENNSAUKEN YOUTH SOCCER CLUB CYCLONES 2010","MLU FORCE 2010",
"18763773","3/9/2025","1:45 PM","Normal","Pennsauken Community Recreation Facility","F1","","Soccer","U-13","PENNSAUKEN YOUTH SOCCER CLUB TITANS 2012","WEST DEPTFORD SC WARRIORS 2013",
"18762639","3/9/2025","3:30 PM","Normal","Pennsauken Community Recreation Facility","S7","","Soccer","U-10","PENNSAUKEN YOUTH SOCCER CLUB LIONS 2015","HARRISON BLUE REBELS 2015",
"18756943","3/9/2025","2:00 PM","Normal","Pennsauken Community Recreation Facility","S9","","Soccer","U-12","PENNSAUKEN YOUTH SOCCER CLUB REBELS 2013","CINNAMINSON SC THUNDERBIRDS 2013",
"18695948","3/9/2025","3:30 PM","Normal","Pennsauken Community Recreation Facility","S9","","Soccer","U-11","PENNSAUKEN YOUTH SOCCER CLUB AVENGERS 2014","RANCOCAS VALLEY SC RVSC '14 - CELTIC",
"18755438","3/9/2025","12:30 PM","Normal","PENNSVILLE","F1","","Soccer","U-13","PENNSVILLE EAGLES 2012","NORTHERN BURLINGTON SA RANGERS 2012",
"18822489","3/9/2025","2:00 PM","Normal","PENNSVILLE","S9","","Soccer","U-11","PENNSVILLE EAGLES 2014","HADDON TWP WHITE HAWKS 2014",
"18999211","3/9/2025","3:30 PM","Normal","PENNSVILLE","S9","","Soccer","U-12","PENNSVILLE EAGLES 2013","BERLIN SOCCER CLUB BULLDOGS 2013",
"18695867","3/9/2025","3:30 PM","Normal","PG-CP-PED- Carney's Point Rec Center","F1","","Soccer","U-14","PENNS GROVE SC RAGE 2011","MAINLAND UNITED SA MUSTANGS WHITE 2011-12 B",
"18696048","3/9/2025","2:00 PM","Normal","PG-CP-PED- Carney's Point Rec Center","S7","","Soccer","U-9","PENNS GROVE SC DRAGONS 2016","FTYSA JERSEY DEVILS 2016",
"18695995","3/9/2025","12:30 PM","Normal","PG-CP-PED- Carney's Point Rec Center","S9","","Soccer","U-12","PENNS GROVE WILD 2013","VINELAND TERMINATORS 2013",
"18820582","3/9/2025","3:30 PM","Normal","PITMAN - ALCYON LAKE","F1","","Soccer","U-13","PITMAN SA JAGUARS 2012","MILLVILLE LYNX 2012",
"18700811","3/9/2025","12:30 PM","Normal","PITMAN-LAMBS ROAD","S9","","Soccer","U-12","PITMAN SA TOMCATS 2013","HADDONFIELD SC WHITE 2013",
"18772738","3/9/2025","2:00 PM","Normal","PITMAN-LAMBS ROAD","S9","","Soccer","U-11","PITMAN SA BENGALS 2014","HIGHLAND YOUTH SOCCER CLUB THUNDER 2014",
"18685832","3/9/2025","11:30 AM","Normal","PITTSGROVE-GREEN BRANCH","F1","","Soccer","U-14","PITTSGROVE SOCCER CLUB PSC WOLVES '11","MAINLAND UNITED SA MUSTANGS RED 2011 B",
"18720834","3/9/2025","1:00 PM","Normal","PITTSGROVE-GREEN BRANCH","F1","","Soccer","U-13","PITTSGROVE SOCCER CLUB PSC WARRIORS '12","WINSLOW DYNAMO 2012",
"18700914","3/9/2025","11:00 AM","Normal","PITTSGROVE-GREEN BRANCH","S7","","Soccer","U-9","PITTSGROVE SOCCER CLUB PSC PRIME BLACK '16","MANTUA TOWNSHIP SA MAMBAS 2016",
"18791898","3/9/2025","12:15 PM","Normal","PITTSGROVE-GREEN BRANCH","S7","","Soccer","U-10","PITTSGROVE SOCCER CLUB PSC GALAXY '15","CINNAMINSON SC BANDITS 2015",
"18735656","3/9/2025","1:30 PM","Normal","PITTSGROVE-GREEN BRANCH","S7","","Soccer","U-8","PITTSGROVE SOCCER CLUB PSC PREDATORS ‚Äò17","AUDUBON CROSSFIRE",
"18758640","3/9/2025","2:45 PM","Normal","PITTSGROVE-GREEN BRANCH","S7","","Soccer","U-8","PITTSGROVE SOCCER CLUB PSC RAPTORS ‚Äò17","EGG HARBOR SC EAGLES 2017",
"18700883","3/9/2025","4:00 PM","Normal","PITTSGROVE-GREEN BRANCH","S7","","Soccer","U-9","PITTSGROVE SOCCER CLUB PSC PRIME WHITE '16","HADDONFIELD SC BLACK 2016 B",
"18793241","3/9/2025","2:30 PM","Normal","PITTSGROVE-GREEN BRANCH","S9","","Soccer","U-11","PITTSGROVE SOCCER CLUB PSC MAVERICKS '14","HARRISON WAVE 2014",
"18755503","3/9/2025","3:45 PM","Normal","PITTSGROVE-GREEN BRANCH","S9","","Soccer","U-12","PITTSGROVE SOCCER CLUB PSC PYTHONS '13","AUDUBON SOCCER YOUTH WILD WINGS 2013",
"18720835","3/9/2025","12:00 PM","Normal","Rancocas Valley-LUMBERTON MUNICIPAL","F1","","Soccer","U-13","RANCOCAS VALLEY SC 2012 BOYS AVENGERS","CINNAMINSON SC CHARGE 2012",
"18752468","3/9/2025","1:30 PM","Normal","Rancocas Valley-LUMBERTON MUNICIPAL","S7","","Soccer","U-9","RANCOCAS VALLEY SC 2016 BOYS UNITED","HADDONFIELD SC WHITE 2016",
"18760732","3/9/2025","2:45 PM","Normal","Rancocas Valley-LUMBERTON MUNICIPAL","S7","","Soccer","U-9","RANCOCAS VALLEY SC 2016 BOYS PREMIER","MEDFORD SC COLUMBIA 2016",
"18761194","3/9/2025","4:00 PM","Normal","Rancocas Valley-LUMBERTON MUNICIPAL","S7","","Soccer","U-8","RANCOCAS VALLEY SC 2017 BOYS PREMIER","CINNAMINSON SC RED 2017",
"18755439","3/9/2025","12:00 PM","Normal","SW-Locke Avenue Park","F1","","Soccer","U-13","SWSA SHARKS 2012","AUDUBON SOCCER YOUTH BALLERS 2012",
"18734113","3/9/2025","1:30 PM","Normal","SW-Locke Avenue Park","F1","","Soccer","U-14","SWSA RED FLAMES 2011","LOGAN BLAZE 2011",
"19024852","3/9/2025","3:00 PM","Normal","SW-Locke Avenue Park","F1","","Soccer","U-16","SWSA FORCE 2009","MARLTON SC CHIEFS ORANGE 2009",
"18772708","3/9/2025","12:00 PM","Normal","SW-Locke Avenue Park","S7","","Soccer","U-10","SWSA GUNNERS 2015","HIGHLAND YOUTH SOCCER CLUB STORM 2015",
"18753505","3/9/2025","1:15 PM","Normal","SW-Locke Avenue Park","S7","","Soccer","U-10","SWSA STRIKERS 2015","WASHINGTON UNITED SOCCER CLUB WUSC 2015",
"18760207","3/9/2025","2:30 PM","Normal","SW-Locke Avenue Park","S7","","Soccer","U-8","SWSA FIREBALLS 2017","WEST DEPTFORD SC DRAGONS 2017",
"18793452","3/9/2025","3:45 PM","Normal","SW-Locke Avenue Park","S7","","Soccer","U-9","SWSA VENOM 2016","WASHINGTON TWP SOCCER CLUB THUNDER 2016",
"18820579","3/9/2025","2:30 PM","Normal","TARKILL-STERLING HS","F1","","Soccer","U-13","TAR-KILL SOCCER CLUB TARKILL BARCELONA 2012","COSC KNIGHTS 2012",
"18685470","3/9/2025","4:00 PM","Normal","TARKILL-STERLING HS","F1","","Soccer","U-16","TAR-KILL SOCCER CLUB TARKILL BLUE DEVILS 2009","BURLINGTON TOWNSHIP SOCCER CELTIC 2010",
"18822523","3/9/2025","2:00 PM","Normal","TARKILL-STERLING HS","S7","","Soccer","U-9","TAR-KILL SOCCER CLUB TARKILL 2016 BOYS","COSC SPARTANS 2016",
"18747949","3/9/2025","12:30 PM","Normal","TARKILL-STERLING HS","S9","","Soccer","U-11","TAR-KILL SOCCER CLUB TARKILL 2015 BLUE","HARRISON STRIKERS 2014",
"18734128","3/9/2025","11:00 AM","Normal","TBAA-VALLEY BROOK","F1","","Soccer","U-14","TBAA TITANS 2011","MONROE TOWNSHIP YS UNITED WHITE 2011",
"19024853","3/9/2025","12:30 PM","Normal","TBAA-VALLEY BROOK","F1","","Soccer","U-16","TBAA STORM 2009","SJ FUTBOL CLUB RAPIDS 2009",
"18735671","3/9/2025","1:15 PM","Normal","TBAA-VALLEY BROOK","S7","","Soccer","U-8","TBAA REVOLUTION 2017","MANTUA CHAOS 2017",
"18755372","3/9/2025","12:00 PM","Normal","TBAA-VALLEY BROOK","S9","","Soccer","U-11","TBAA SYNDICATE 2014","MOORESTOWN SC GUARDIANS 2014",
"18730860","3/9/2025","2:30 PM","Normal","TBAA-VALLEY BROOK","S9","","Soccer","U-11","TBAA OUTLAWS 2014","UPPER TOWNSHIP SA HURRICANES GREEN 2014",
"18730861","3/9/2025","3:45 PM","Normal","TBAA-VALLEY BROOK","S9","","Soccer","U-11","TBAA REVOLUTION 2015","TAR-KILL SOCCER CLUB TARKILL CHELSEA 2014",
"18815527","3/9/2025","12:30 PM","Normal","UPPER TWP-Amanda's Field Complex","F1","","Soccer","U-13","UPPER TOWNSHIP SA FORCE GREEN 2012","VOORHEES SA PREDATORS 2013",
"18783513","3/9/2025","12:00 PM","Normal","UPPER TWP-Amanda's Field Complex","S7","","Soccer","U-9","UPPER TOWNSHIP SA THUNDER 2016","ATLANTIC UNITED PREMIER RED 2016/2017 B",
"18793391","3/9/2025","1:15 PM","Normal","UPPER TWP-Amanda's Field Complex","S7","","Soccer","U-10","UPPER TOWNSHIP SA SUPER SONICS 2015","WASHINGTON TWP SOCCER CLUB RAPTORS 2015",
"18761494","3/9/2025","2:30 PM","Normal","UPPER TWP-Amanda's Field Complex","S7","","Soccer","U-10","UPPER TOWNSHIP SA COMETS WHITE 2015","SENECA UNITED SC RAPTORS 2015",
"18771991","3/9/2025","3:45 PM","Normal","UPPER TWP-Amanda's Field Complex","S7","","Soccer","U-10","UPPER TOWNSHIP SA COMETS GREEN 2015","CAPE EXPRESS CE SILVER STREAK 2015",
"18758195","3/9/2025","11:00 AM","Normal","VOORHEES-EASTERN HS","F1","","Soccer","U-14","VOORHEES SA ATTACK 2011","CHERRY HILL FC 2011 AVENGERS",
"18815451","3/9/2025","12:30 PM","Normal","VOORHEES-EASTERN HS","F1","","Soccer","U-14","VOORHEES SA BLUES 2011","DELRAN FC BLAST 2011",
"18769281","3/9/2025","2:00 PM","Normal","VOORHEES-EASTERN HS","F1","","Soccer","U-13","VOORHEES SA FORCE 2012","MAINLAND UNITED SA MUSTANGS RED 2012 B",
"18783586","3/9/2025","3:30 PM","Normal","VOORHEES-EASTERN HS","F1","","Soccer","U-15","VOORHEES SA WARRIORS 2010","HARRISON SC STORM 2010",
"18791884","3/9/2025","12:30 PM","Normal","VOORHEES-Echelon Complex","S7","","Soccer","U-10","VOORHEES SA PYTHONS 2015","MILLVILLE WARRIORS 2015",
"18783496","3/9/2025","2:00 PM","Normal","VOORHEES-Echelon Complex","S7","","Soccer","U-9","VOORHEES SA TITANS 2016","MONROE UNITED 2016 BLUE",
"18761180","3/9/2025","3:30 PM","Normal","VOORHEES-Echelon Complex","S7","","Soccer","U-8","VOORHEES SA BLUE DEVILS 2017","SJ FUTBOL CLUB HAMMERS 2017",
"18730862","3/9/2025","11:00 AM","Normal","VOORHEES-Echelon Complex","S9","","Soccer","U-11","VOORHEES SA KNIGHTS 2014","MEDFORD SC AVENGERS 2014",
"18821217","3/9/2025","12:15 PM","Normal","VOORHEES-Echelon Complex","S9","","Soccer","U-11","VOORHEES SA VIKINGS 2014","CINNAMINSON SC AVENGERS 2014",
"18687228","3/9/2025","1:30 PM","Normal","VOORHEES-Echelon Complex","S9","","Soccer","U-12","VOORHEES COSMOS 2013","HIGHLAND YOUTH SOCCER CLUB CHAOS 2013",
"18821143","3/9/2025","2:45 PM","Normal","VOORHEES-Echelon Complex","S9","","Soccer","U-12","VOORHEES SA RAPTORS 2013","MOORESTOWN SC RAPTORS 2013",
"18815156","3/9/2025","4:00 PM","Normal","VOORHEES-Echelon Complex","S9","","Soccer","U-11","VOORHEES SA LIGHTNING 2014","SWSA LIGHTNING 2014",
"18783557","3/9/2025","12:00 PM","Normal","W DEPTFORD-WD PARK","F1","","Soccer","U-13","WEST DEPTFORD SC UNION 2012","LOGAN FUSION 2012",
"18762606","3/9/2025","1:30 PM","Normal","W DEPTFORD-WD PARK","S7","","Soccer","U-10","WEST DEPTFORD SC COBRAS 2015","PENNSVILLE EAGLES BLUE 2015",
"18771993","3/9/2025","2:45 PM","Normal","W DEPTFORD-WD PARK","S7","","Soccer","U-10","WEST DEPTFORD SC ANIMALS 2015","MAINLAND UNITED SA MUSTANGS BLACK 2015 B",
"18822555","3/9/2025","4:00 PM","Normal","W DEPTFORD-WD PARK","S7","","Soccer","U-9","WEST DEPTFORD SC TSUNAMI 2016","UPPER TOWNSHIP SA BREAKERS 2016",
"18685416","3/9/2025","1:30 PM","Normal","WASHINGTON TWP-WASH LAKE PARK","F1","","Soccer","U-19","WASHINGTON TWP SOCCER CLUB SPARTANS 2007","SWSA SCORPIONS 2008",
"18685365","3/9/2025","3:20 PM","Normal","WASHINGTON TWP-WASH LAKE PARK","F1","","Soccer","U-15","WASHINGTON TWP SOCCER CLUB RENEGADES 2010","SJ FUTBOL CLUB WOLVES",
"18815157","3/9/2025","12:00 PM","Normal","WASHINGTON TWP-WASH LAKE PARK","S9","","Soccer","U-11","WASHINGTON TWP SOCCER CLUB TERROR 2014","DEPTFORD SA UNITED 2014",
"18696008","3/9/2025","3:45 PM","Normal","WASHINGTON TWP-WASH LAKE PARK","S9","","Soccer","U-12","WASHINGTON TWP SOCCER CLUB DAREDEVILS 2013","HARRISON WOLFPACK 2013",
"18742812","3/9/2025","3:30 PM","Normal","WATERFORD - BURNT MILL FIELD","S1","","Soccer","U-10","WATERFORD ATHLETIC ASSN WINGS 2015","MAINLAND UNITED SA MUSTANGS WHITE 2015-16 B",
"18815480","3/9/2025","12:00 PM","Normal","WOODBURY","F1","","Soccer","U-14","WOODBURY SOCCER CLUB WOODBURY ARMORY 2011","WEST DEPTFORD SC WOLFPACK 2011",
"18771377","3/9/2025","2:45 PM","Normal","WOODBURY","S7","","Soccer","U-10","WOODBURY BOLTS","CHERRY HILL FC 2015 JUNIOR WHITE",
"18748976","3/9/2025","4:00 PM","Normal","WOODBURY","S7","","Soccer","U-8","WOODBURY WARRIORS","PALMYRA RIVERTON SC RIPPERS 2017",
"18999213","3/9/2025","1:30 PM","Normal","WOODBURY","S9","","Soccer","U-12","WOODBURY SOCCER CLUB WOODBURY BISON 2013","HADDON HEIGHTS SC 2013 BEAST BOYS",
"18818833","3/9/2025","12:00 PM","Normal","WOODSTOWN","F1","","Soccer","U-15","WOODSTOWN WOLVERINES 2010","WINSLOW SLAYERS 2010",
"18759174","3/9/2025","4:15 PM","Normal","WOODSTOWN","S7","","Soccer","U-10","WOODSTOWN WILD 2015","MOORESTOWN SC DEVIL RAYS 2015",
"18793361","3/9/2025","1:45 PM","Normal","WOODSTOWN","S9","","Soccer","U-12","WOODSTOWN WOLVERINES 2013","CINNAMINSON SC STRIKERS 2013",
"18793226","3/9/2025","3:00 PM","Normal","WOODSTOWN","S9","","Soccer","U-11","WOODSTOWN WOLFPACK 2014","NORTHERN BURLINGTON JACKALS 2015",
"18685454","3/13/2025","7:00 PM","Normal","E GREENWICH - THOMPSON FAMILY PARK","F1","","Soccer","U-16","DEPTFORD AVENGERS 2009","EAST GREENWICH SA EGSA THUNDER 2009",
"18752608","3/16/2025","11:00 AM","Normal","AUDUBON - GREEN WAVE PARK","F1","","Soccer","U-15","AUDUBON SOCCER YOUTH UNITED 2010","FTYSA STORM 2010",
"18755442","3/16/2025","12:40 PM","Normal","AUDUBON - GREEN WAVE PARK","F1","","Soccer","U-13","AUDUBON SOCCER YOUTH BALLERS 2012","PENNSVILLE EAGLES 2012",
"18760214","3/16/2025","2:15 PM","Normal","AUDUBON - GREEN WAVE PARK","S7","","Soccer","U-8","AUDUBON BOYS 2017 TEAM 2","DELRAN FC RAPTORS 2017",
"18735658","3/16/2025","3:30 PM","Normal","AUDUBON - GREEN WAVE PARK","S7","","Soccer","U-8","AUDUBON CROSSFIRE","MANTUA CHAOS 2017",
"18793455","3/16/2025","4:45 PM","Normal","AUDUBON - GREEN WAVE PARK","S7","","Soccer","U-9","AUDUBON 2016 BOYS","SWSA VENOM 2016",
"18755506","3/16/2025","2:15 PM","Normal","AUDUBON - GREEN WAVE PARK","S9","","Soccer","U-12","AUDUBON SOCCER YOUTH WILD WINGS 2013","HAMMONTON HEAT BOYS 2013",
"18820573","3/16/2025","12:30 PM","Normal","BERLIN SC - FRANKLIN FIELDS","F1","","Soccer","U-13","BERLIN SOCCER CLUB BALL BREAKERS 2012","PITMAN SA JAGUARS 2012",
"18793394","3/16/2025","2:00 PM","Normal","BERLIN SC - FRANKLIN FIELDS","S7","","Soccer","U-10","BERLIN SOCCER CLUB BERSERKERS 2015","UPPER TOWNSHIP SA SUPER SONICS 2015",
"18815499","3/16/2025","2:00 PM","Normal","BURLINGTON TWP - PINEWALD AVE","F1","","Soccer","U-14","BURLINGTON TOWNSHIP SOCCER REBELS 2011","WASHINGTON TWP SOCCER CLUB REGULATORS 2011",
"18815529","3/16/2025","3:30 PM","Normal","BURLINGTON TWP - PINEWALD AVE","F1","","Soccer","U-13","BURLINGTON TOWNSHIP SOCCER DRAGONS 2012","UPPER TOWNSHIP SA FORCE GREEN 2012",
"18770617","3/16/2025","12:00 PM","Normal","BURLINGTON TWP - PINEWALD AVE","S7","","Soccer","U-10","BURLINGTON TOWNSHIP SOCCER PHOENIX 2015","HADDONFIELD SC WHITE 2015 B",
"18792471","3/16/2025","1:15 PM","Normal","BURLINGTON TWP - PINEWALD AVE","S7","","Soccer","U-8","BURLINGTON TOWNSHIP SOCCER FIRE 2017","MLU EAGLES 2017",
"18759178","3/16/2025","2:30 PM","Normal","BURLINGTON TWP - PINEWALD AVE","S7","","Soccer","U-10","BURLINGTON TOWNSHIP SOCCER THUNDER2015","WOODSTOWN WILD 2015",
"18793230","3/16/2025","12:30 PM","Normal","BURLINGTON TWP - PINEWALD AVE","S9","","Soccer","U-11","BURLINGTON TOWNSHIP SOCCER DYNAMITE 2014","WOODSTOWN WOLFPACK 2014",
"18695997","3/16/2025","3:45 PM","Normal","BURLINGTON TWP - PINEWALD AVE","S9","","Soccer","U-12","BURLINGTON TOWNSHIP SOCCER STRIKERS 2013","PENNS GROVE WILD 2013",
"18771995","3/16/2025","1:15 PM","Normal","CAPE EX SOCCER COMPLEX At Ockie Wisting","S7","","Soccer","U-10","CAPE EXPRESS CE SILVER STREAK 2015","WEST DEPTFORD SC ANIMALS 2015",
"18783291","3/16/2025","2:30 PM","Normal","CAPE EX SOCCER COMPLEX At Ockie Wisting","S7","","Soccer","U-9","CAPE EXPRESS CE NOR'EASTERS 2016","BORDENTOWN FC REVOLUTION 2016",
"18761431","3/16/2025","12:00 PM","Normal","CAPE EX SOCCER COMPLEX At Ockie Wisting","S9","","Soccer","U-12","CAPE EXPRESS AVENGERS 2013","MONROE UNITED 2013",
"18701091","3/16/2025","3:45 PM","Normal","CAPE EX SOCCER COMPLEX At Ockie Wisting","S9","","Soccer","U-11","CAPE EXPRESS CE ENGINEERS 2014","ATLANTIC UNITED PREMIER KICKERS 2014 B",
"18695883","3/16/2025","12:30 PM","Normal","CHFC - DeCOU","F1","","Soccer","U-14","CHERRY HILL FC 2011/2012 COBRAS","PITMAN SA PUMAS 2011",
"18758197","3/16/2025","2:00 PM","Normal","CHFC - DeCOU","F1","","Soccer","U-14","CHERRY HILL FC 2011 AVENGERS","PENNSAUKEN YOUTH SOCCER CLUB WARRIORS 2011",
"18750890","3/16/2025","3:30 PM","Normal","CHFC - DeCOU","F1","","Soccer","U-14","CHERRY HILL FC 2011 STALLIONS","EGG HARBOR SC EAGLES BLACK 2011",
"18783440","3/16/2025","12:30 PM","Normal","CHFC - DeCOU","S7 - Grass 7v7/D6","","Soccer","U-8","CHERRY HILL FC 2017 JUNIOR BLACK","BORDENTOWN FC REVOLUTION 2017",
"18771381","3/16/2025","2:00 PM","Normal","CHFC - DeCOU","S7 - Grass 7v7/D6","","Soccer","U-10","CHERRY HILL FC 2015 JUNIOR WHITE","EGG HARBOR SC EAGLES 2015 BLACK",
"18994515","3/16/2025","11:00 AM","Normal","CHFC - DeCOU","S9- Grass 9v9/D5","","Soccer","U-11","CHERRY HILL FC 2015 JUNIOR RED","DEPTFORD PREMIER FC '15 BOYS FUSION",
"18820572","3/16/2025","11:00 AM","Normal","CHSC - CH WEST HS","F1","","Soccer","U-13","CHERRY HILL SC ROYALS 2012","TAR-KILL SOCCER CLUB TARKILL BARCELONA 2012",
"18802315","3/16/2025","12:00 PM","Normal","CHSC - UPPER CHAPEL TURF","S7","","Soccer","U-9","CHERRY HILL SC THUNDER (2016)","DELRAN FC UNION 2016",
"18755535","3/16/2025","1:15 PM","Normal","CHSC - UPPER CHAPEL TURF","S9","","Soccer","U-11","CHERRY HILL SC FORCE 2014","MEDFORD SC CAROLINA 2014",
"18783477","3/16/2025","2:30 PM","Normal","CHSC - UPPER CHAPEL TURF","S9","","Soccer","U-11","CHERRY HILL SC UNION 2015","DELRAN FC SOCCER DELRAN FC KNIGHTS 2014",
"18747951","3/16/2025","3:45 PM","Normal","CHSC - UPPER CHAPEL TURF","S9","","Soccer","U-11","CHERRY HILL SC WHITE (2014)","BORDENTOWN FC UNION 2014",
"18720838","3/16/2025","12:00 PM","Normal","CINNAMINSON SC - MEMORIAL","F1","","Soccer","U-13","CINNAMINSON SC CHARGE 2012","PITTSGROVE SOCCER CLUB PSC WARRIORS '12",
"18752606","3/16/2025","1:45 PM","Normal","CINNAMINSON SC - MEMORIAL","F1","","Soccer","U-15","CINNAMINSON SC PIRATES 2010","CHERRY HILL SC THUNDERBOLTS (2010-2011)",
"18758198","3/16/2025","3:30 PM","Normal","CINNAMINSON SC - MEMORIAL","F1","","Soccer","U-14","CINNAMINSON SC VIPERS 2011","CAPE EXPRESS SURGE 2011",
"18755565","3/16/2025","2:00 PM","Normal","CINNAMINSON SC - MEMORIAL","S7","","Soccer","U-10","CINNAMINSON SC PRIME 2015","MLU KNIGHTS 2015 BOYS",
"18696050","3/16/2025","3:30 PM","Normal","CINNAMINSON SC - MEMORIAL","S7","","Soccer","U-9","CINNAMINSON SC CHAOS 2016","PENNS GROVE SC DRAGONS 2016",
"18701092","3/16/2025","12:00 PM","Normal","CINNAMINSON SC - MEMORIAL","S9","","Soccer","U-11","CINNAMINSON SC CHARGERS 2014","PITTSGROVE SOCCER CLUB PSC PHANTOMS '14",
"18756947","3/16/2025","1:15 PM","Normal","CINNAMINSON SC - MEMORIAL","S9","","Soccer","U-12","CINNAMINSON SC THUNDERBIRDS 2013","CAPE EXPRESS CE 2014 UNION",
"18821220","3/16/2025","2:30 PM","Normal","CINNAMINSON SC - MEMORIAL","S9","","Soccer","U-11","CINNAMINSON SC AVENGERS 2014","DELRAN FC COBRAS 2015",
"18793363","3/16/2025","3:45 PM","Normal","CINNAMINSON SC - MEMORIAL","S9","","Soccer","U-12","CINNAMINSON SC STRIKERS 2013","LOGAN FLASH 2013",
"18742801","3/16/2025","3:30 PM","Normal","Cohansey - Cumberland County Tech School","S7","","Soccer","U-10","COHANSEY SC DYNAMO 2015","EPAA  WARRIORS 2015",
"18822527","3/16/2025","2:30 PM","Normal","COSC- Oaklyn Public School","S7","","Soccer","U-9","COSC SPARTANS 2016","CINNAMINSON SC TITANS 2016",
"18822557","3/16/2025","3:45 PM","Normal","COSC- Oaklyn Public School","S7","","Soccer","U-9","COSC WARRIORS 2016","WEST DEPTFORD SC TSUNAMI 2016",
"18793364","3/16/2025","12:00 PM","Normal","COSC- Oaklyn Public School","S9","","Soccer","U-12","COSC TITANS 2013","HADDONFIELD SC BLACK 2013",
"18821219","3/16/2025","1:15 PM","Normal","COSC- Oaklyn Public School","S9","","Soccer","U-11","COSC OUTLAWS 2014","VOORHEES SA VIKINGS 2014",
"18815453","3/16/2025","2:00 PM","Normal","Delran Middle School","Delran Middle School F1","","Soccer","U-14","DELRAN FC BLAST 2011","WINSLOW WILDCATS 2011",
"18815483","3/16/2025","3:30 PM","Normal","Delran Middle School","Delran Middle School F1","","Soccer","U-14","DELRAN FC FLASH 2011","WOODBURY SOCCER CLUB WOODBURY ARMORY 2011",
"18720593","3/16/2025","12:30 PM","Normal","DELRAN-DEUTSCH FIELD","S7","","Soccer","U-9","DELRAN FC SOCCER SHARKS 2016","ATLANTIC UNITED PREMIER BLACK 2016 B",
"18822492","3/16/2025","11:00 AM","Normal","DELRAN-DEUTSCH FIELD","S9","","Soccer","U-11","DELRAN FC HAWKS 2014","MARLTON SC CHIEFS SILVER 2014",
"18685849","3/16/2025","11:30 AM","Normal","DEPTFORD SC","F1","","Soccer","U-14","DEPTFORD SA TORNADOES 2011","MAINLAND UNITED SA MUSTANGS RED 2011 B",
"18814253","3/16/2025","1:00 PM","Normal","DEPTFORD SC","F1","","Soccer","U-13","DEPTFORD SA THUNDER 2012","CAPE EXPRESS WHITE CAPS 2012",
"18821146","3/16/2025","2:30 PM","Normal","DEPTFORD SC","S9","","Soccer","U-12","DEPTFORD SA TORNADOES 2013","FTYSA ENFORCERS 2013",
"18815160","3/16/2025","3:45 PM","Normal","DEPTFORD SC","S9","","Soccer","U-11","DEPTFORD SA UNITED 2014","VOORHEES SA LIGHTNING 2014",
"18685456","3/16/2025","12:00 PM","Normal","E GREENWICH - THOMPSON FAMILY PARK","F1","","Soccer","U-16","EAST GREENWICH SA EGSA THUNDER 2009","HIGHLAND YOUTH SOCCER CLUB BOYS 2009",
"18783597","3/16/2025","1:40 PM","Normal","E GREENWICH - THOMPSON FAMILY PARK","F1","","Soccer","U-15","EAST GREENWICH SA EGSA BLAZE 2010","HARRISON SC STORM 2010",
"18772711","3/16/2025","1:15 PM","Normal","E GREENWICH - THOMPSON FAMILY PARK","S7","","Soccer","U-10","EAST GREENWICH SA EGSA TIGERS 2015","DEPTFORD SA THUNDER 2015",
"18753954","3/16/2025","2:30 PM","Normal","E GREENWICH - THOMPSON FAMILY PARK","S7","","Soccer","U-8","EAST GREENWICH SA EGSA UNITED 2017","MEDFORD SC 2017B NAVY (RENEGADES)",
"18755564","3/16/2025","3:45 PM","Normal","E GREENWICH - THOMPSON FAMILY PARK","S7","","Soccer","U-10","EAST GREENWICH SA EGSA BLACK KNIGHTS 2015","AUDUBON SOCCER YOUTH BOYS 2015 - HAMMERS",
"18687229","3/16/2025","12:00 PM","Normal","E GREENWICH - THOMPSON FAMILY PARK","S9","","Soccer","U-12","EAST GREENWICH SA EGSA PANTHERS 2013","CHERRY HILL SC FORCE 2013",
"18772741","3/16/2025","3:30 PM","Normal","E GREENWICH - THOMPSON FAMILY PARK","S9","","Soccer","U-11","EAST GREENWICH SA EGSA STARS 2014","WEST DEPTFORD SC EAGLES 2014",
"18695884","3/16/2025","3:45 PM","Normal","Egg Harbor Twp HS","Field 1 (11 v 11)","","Soccer","U-14","EGG HARBOR SC EAGLES 2011/2012 BLACK","MAINLAND UNITED SA MUSTANGS WHITE 2011-12 B",
"18755519","3/16/2025","12:00 PM","Normal","Egg Harbor Twp HS","Field 4 (9 v 9)","","Soccer","U-12","EGG HARBOR SC EAGLES 2013 BLACK","MEDFORD SC MAYHEM 2013",
"18758642","3/16/2025","1:15 PM","Normal","Egg Harbor Twp HS","Field 5 (7 v 7)","","Soccer","U-8","EGG HARBOR SC EAGLES 2017","HADDONFIELD SC THUNDER 2017",
"18772010","3/16/2025","2:30 PM","Normal","Egg Harbor Twp HS","Field 5 (7 v 7)","","Soccer","U-10","EGG HARBOR SC EAGLES 2015 WHITE","MAINLAND UNITED SA MUSTANGS BLACK 2015 B",
"18696051","3/16/2025","12:30 PM","Normal","FRANKLIN TWP YOUTH COMPLEX","S7","","Soccer","U-9","FTYSA JERSEY DEVILS 2016","EAST GREENWICH SA EGSA LIONS 2016",
"18822528","3/16/2025","2:00 PM","Normal","FRANKLIN TWP YOUTH COMPLEX","S7","","Soccer","U-9","FTYSA UNITED 2016","CHERRY HILL FC 2016 JUNIOR BLACK",
"18792469","3/16/2025","12:00 PM","Normal","GATEWAY UTD. - LANGSTON FIELD","S7","","Soccer","U-8","GUSC GATORS B2017","VOORHEES SA VENOM 2017",
"18769268","3/16/2025","2:00 PM","Normal","GATEWAY UTD. - WESTVILLE","F1","","Soccer","U-13","GATEWAY UNITED SOCCER CLUB GUSC STINGRAYS B2012","MAINLAND UNITED SA MUSTANGS RED 2012 B",
"18770965","3/16/2025","3:30 PM","Normal","GATEWAY UTD. - WESTVILLE","F1","","Soccer","U-14","GATEWAY UNITED SOCCER CLUB GUSC WILDCATS B2011","MEDFORD SC COLUMBIA 2011",
"18822556","3/16/2025","2:45 PM","Normal","HADD HGTS - DEVON","S7","","Soccer","U-9","HADDON HEIGHTS SC 2016 RUCKUS","PALMYRA RIVERTON SC LEGENDARY 2016",
"18756983","3/16/2025","4:00 PM","Normal","HADD HGTS - DEVON","S7","","Soccer","U-10","HADDON HEIGHTS SC 2015 CHEETAHS","WINSLOW TITANS 2015",
"18743086","3/16/2025","11:00 AM","Normal","HADD HGTS - DEVON","S9","","Soccer","U-12","HADDON HEIGHTS SC 2013 YOUNG BOYS","HIGHLAND YOUTH SOCCER CLUB FURY 2013",
"18755536","3/16/2025","12:15 PM","Normal","HADD HGTS - DEVON","S9","","Soccer","U-11","HADDON HEIGHTS SC 2014 MIGHTY TITANS","HAMMONTON HEAT BOYS 2014",
"18999200","3/16/2025","1:30 PM","Normal","HADD HGTS - DEVON","S9","","Soccer","U-12","HADDON HEIGHTS SC 2013 BEAST BOYS","MAINLAND UNITED SA MUSTANGS WHITE 2013-14 B",
"18783560","3/16/2025","3:30 PM","Normal","HADDON TWP - RECCHINO FIELDS","F1","","Soccer","U-13","HADDON TWP WHITE HAWKS 2012","PALMYRA RIVERTON SC YOUNGBLOODS 2013",
"18750889","3/16/2025","11:00 AM","Normal","HADDONFIELD - CROWS WOODS","F1","","Soccer","U-14","HADDONFIELD SC RED 2011","MANTUA TOWNSHIP SA UNION 2011",
"18755441","3/16/2025","12:30 PM","Normal","HADDONFIELD - CROWS WOODS","F1","","Soccer","U-13","HADDONFIELD SC RED 2012","SWSA SHARKS 2012",
"18763776","3/16/2025","2:00 PM","Normal","HADDONFIELD - CROWS WOODS","F1","","Soccer","U-13","HADDONFIELD SC BLACK 2012","PENNSAUKEN YOUTH SOCCER CLUB TITANS 2012",
"18752607","3/16/2025","3:30 PM","Normal","HADDONFIELD - CROWS WOODS","F1","","Soccer","U-15","HADDONFIELD SC WHITE 2010","EAST GREENWICH SA EGSA CHARGERS 2010",
"18752455","3/16/2025","12:00 PM","Normal","HADDONFIELD - CROWS WOODS","S7","","Soccer","U-9","HADDONFIELD SC GREY 2016","HADDONFIELD SC WHITE 2016",
"18783441","3/16/2025","1:15 PM","Normal","HADDONFIELD - CROWS WOODS","S7","","Soccer","U-8","HADDONFIELD SC REBELS 2017","CHERRY HILL SC COBRAS 2017",
"18700885","3/16/2025","2:30 PM","Normal","HADDONFIELD - CROWS WOODS","S7","","Soccer","U-9","HADDONFIELD SC BLACK 2016 B","CHERRY HILL SC 72S 2016",
"18755566","3/16/2025","3:45 PM","Normal","HADDONFIELD - CROWS WOODS","S7","","Soccer","U-10","HADDONFIELD SC RED 2015 B","VOORHEES SA COBRAS 2015",
"18700813","3/16/2025","12:30 PM","Normal","HADDONFIELD - CROWS WOODS","S9","","Soccer","U-12","HADDONFIELD SC WHITE 2013","BARRINGTON SC REVOLUTION 2013",
"18695951","3/16/2025","2:00 PM","Normal","HADDONFIELD - CROWS WOODS","S9","","Soccer","U-11","HADDONFIELD SC RED 2014 B","PENNSAUKEN YOUTH SOCCER CLUB AVENGERS 2014",
"18747953","3/16/2025","3:30 PM","Normal","HADDONFIELD - CROWS WOODS","S9","","Soccer","U-11","HADDONFIELD SC BLACK 2014","TAR-KILL SOCCER CLUB TARKILL 2015 BLUE",
"18754806","3/16/2025","3:30 PM","Normal","HAMILTON ELITE FC - HICKORY FIELDS","S9","","Soccer","U-11","HAMILTON ELITE FC PREMIER 2015B","LOGAN CHARGE BLUE 2014",
"18783561","3/16/2025","12:00 PM","Normal","HARRISON - William Wilt Soccer Complex","F1","","Soccer","U-13","HARRISON WILDCATS 2012","WEST DEPTFORD SC UNION 2012",
"18683034","3/16/2025","1:45 PM","Normal","HARRISON - William Wilt Soccer Complex","F1","","Soccer","U-19","HARRISON TITANS FvöTBOL ACADEMY","MAINLAND UNITED SA MUSTANGS 2009 B",
"18685833","3/16/2025","3:30 PM","Normal","HARRISON - William Wilt Soccer Complex","F1","","Soccer","U-14","HARRISON SC THUNDER 2011","CHERRY HILL SC CHAOS 2011",
"18770601","3/16/2025","12:00 PM","Normal","HARRISON - William Wilt Soccer Complex","S7","","Soccer","U-10","HARRISON BLUE ARSENAL 2015","LOGAN ARMADA BLACK 2015",
"18760721","3/16/2025","1:15 PM","Normal","HARRISON - William Wilt Soccer Complex","S7","","Soccer","U-9","HARRISON HORNETS 2016","MOORESTOWN SC WARRIORS 2016",
"18762641","3/16/2025","2:30 PM","Normal","HARRISON - William Wilt Soccer Complex","S7","","Soccer","U-10","HARRISON BLUE REBELS 2015","MANTUA TOWNSHIP SA FROGS 2015",
"18762671","3/16/2025","3:45 PM","Normal","HARRISON - William Wilt Soccer Complex","S7","","Soccer","U-8","HARRISON HURRICANES 2017","WASHINGTON TWP SOCCER CLUB WOLVES 2017",
"18743084","3/16/2025","12:30 PM","Normal","HARRISON - William Wilt Soccer Complex","S9","","Soccer","U-12","HARRISON SC LIGHTNING 2013","MANTUA TOWNSHIP SA MTSA ELITE 2014",
"18696012","3/16/2025","2:00 PM","Normal","HARRISON - William Wilt Soccer Complex","S9","","Soccer","U-12","HARRISON WOLFPACK 2013","VINELAND TERMINATORS 2013",
"18683033","3/16/2025","11:00 AM","Normal","HIGHLAND - GLOUCESTER TWP PARK","F1","","Soccer","U-19","HIGHLAND YOUTH SOCCER CLUB FUSION","BURLINGTON TOWNSHIP SOCCER BULLS 2007-2008",
"18683035","3/16/2025","12:40 PM","Normal","HIGHLAND - GLOUCESTER TWP PARK","F1","","Soccer","U-19","HIGHLAND YOUTH SOCCER CLUB GALAXY 2008","GATEWAY UNITED SOCCER CLUB GUSC WARRIORS B2006",
"18685433","3/16/2025","2:20 PM","Normal","HIGHLAND - GLOUCESTER TWP PARK","F1","","Soccer","U-19","HIGHLAND YOUTH SOCCER CLUB HURRICANES 2008","SWSA SCORPIONS 2008",
"18783588","3/16/2025","4:00 PM","Normal","HIGHLAND - GLOUCESTER TWP PARK","F1","","Soccer","U-15","HIGHLAND YOUTH SOCCER CLUB RAPTORS 2010","VOORHEES SA WARRIORS 2010",
"18687231","3/16/2025","3:30 PM","Normal","HIGHLAND - GLOUCESTER TWP PARK","S9","","Soccer","U-12","HIGHLAND YOUTH SOCCER CLUB CHAOS 2013","MARLTON SC CHIEFS BLACK 2013",
"18734117","3/16/2025","12:30 PM","Normal","LOGAN - TWP LINE","F1","","Soccer","U-14","LOGAN BLAZE 2011","MEDFORD SC RENEGADES 2011",
"18783559","3/16/2025","2:00 PM","Normal","LOGAN - TWP LINE","F1","","Soccer","U-13","LOGAN FUSION 2012","DELRAN FC SOCCER GREY 2013B",
"18822526","3/16/2025","12:30 PM","Normal","LOGAN - TWP LINE","S7","","Soccer","U-9","LOGAN SUPERNOVA 2016","TAR-KILL SOCCER CLUB TARKILL 2016 BOYS",
"18762609","3/16/2025","2:00 PM","Normal","LOGAN - TWP LINE","S7","","Soccer","U-10","LOGAN ARMADA BLUE 2015","WEST DEPTFORD SC COBRAS 2015",
"18783499","3/16/2025","3:30 PM","Normal","LOGAN - TWP LINE","S7","","Soccer","U-9","LOGAN APOLLO 2016","VOORHEES SA TITANS 2016",
"18720608","3/16/2025","3:30 PM","Normal","MAINLAND - MEMORIAL PARK","S7","","Soccer","U-9","MAINLAND UNITED SA MUSTANGS RED 2016 B","CINNAMINSON SC LIGHTNING 2016",
"18687262","3/16/2025","2:00 PM","Normal","MAINLAND - MEMORIAL PARK","S9","","Soccer","U-12","MAINLAND UNITED SA MUSTANGS RED 2013 B","MARLTON SC CHIEFS WHITE 2013",
"18700916","3/16/2025","3:30 PM","Normal","MANTUA TWP","S7","","Soccer","U-9","MANTUA TOWNSHIP SA MAMBAS 2016","MARLTON SC CHIEFS ORANGE 2016",
"18755534","3/16/2025","2:00 PM","Normal","MANTUA TWP","S9","","Soccer","U-11","MANTUA TOWNSHIP SA OUTLAWS 2014","AUDUBON ATTACK - BOYS 2014",
"18685419","3/16/2025","12:00 PM","Normal","MAPLE SHADE - TURF FIELD","F1","","Soccer","U-19","MAPLE SHADE AVENGERS 2007","MEDFORD SC ",
"18752605","3/16/2025","1:45 PM","Normal","MAPLE SHADE - TURF FIELD","F1","","Soccer","U-15","MAPLE SHADE BEST ELEVEN 2010","TBAA DYNAMO 2010",
"18700814","3/16/2025","3:45 PM","Normal","MAPLE SHADE - TURF FIELD","S1","","Soccer","U-12","MAPLE SHADE FORCE 2013","PALMYRA RIVERTON SC HURRICANES 2013",
"18754964","3/16/2025","2:00 PM","Normal","MARLTON - MEMORIAL","F1","","Soccer","U-13","MARLTON SC CHIEFS BLACK 2012","FTYSA CRUSADERS 2012",
"19024855","3/16/2025","3:30 PM","Normal","MARLTON - MEMORIAL","F1","","Soccer","U-16","MARLTON SC CHIEFS ORANGE 2009","BURLINGTON TOWNSHIP SOCCER FUSION 2009",
"18791885","3/16/2025","11:00 AM","Normal","MARLTON - MEMORIAL","S7","","Soccer","U-10","MARLTON SC CHIEFS WHITE 2015","CINNAMINSON SC BANDITS 2015",
"18772742","3/16/2025","12:30 PM","Normal","MARLTON - MEMORIAL","S9","","Soccer","U-11","MARLTON SC CHIEFS BLACK 2014","PITMAN SA BENGALS 2014",
"18754966","3/16/2025","2:00 PM","Normal","MEDFORD - BENDE PARK","F1","","Soccer","U-13","MEDFORD SC DESTROYERS 2012","CINNAMINSON SC SKULLS 2012",
"18687261","3/16/2025","12:30 PM","Normal","MEDFORD - BENDE PARK","S9","","Soccer","U-12","MEDFORD SC BLUE DEVILS 2013","TAR-KILL SOCCER CLUB TARKILL KNIGHTS 2013",
"18822493","3/16/2025","3:30 PM","Normal","MEDFORD - BENDE PARK","S9","","Soccer","U-11","MEDFORD SC GOLD 2014","PENNSVILLE EAGLES 2014",
"18750905","3/16/2025","12:00 PM","Normal","MEDFORD STRIKERS - ARK ROAD COMPLEX","F1","","Soccer","U-14","MEDFORD STRIKERS 2011 BOYS","BORDENTOWN FC RENEGADES 2011",
"18756999","3/16/2025","4:00 PM","Normal","MEDFORD STRIKERS - ARK ROAD COMPLEX","S7","","Soccer","U-10","MEDFORD STRIKERS 2015 BOYS","VINELAND AVENGERS 2015",
"18695967","3/16/2025","1:30 PM","Normal","MEDFORD STRIKERS - ARK ROAD COMPLEX","S9","","Soccer","U-11","MEDFORD STRIKERS 2014 BOYS","MAINLAND UNITED SA MUSTANGS RED 2014 B",
"18756962","3/16/2025","2:45 PM","Normal","MEDFORD STRIKERS - ARK ROAD COMPLEX","S9","","Soccer","U-12","MEDFORD STRIKERS 2013 BOYS","VINELAND SA UNITED 2013",
"18685420","3/16/2025","12:00 PM","Normal","MILLVILLE SOCCER COMPLEX","F1","","Soccer","U-19","MILLVILLE PHANTOMS 2007","WASHINGTON TWP SOCCER CLUB SPARTANS 2007",
"18820574","3/16/2025","1:45 PM","Normal","MILLVILLE SOCCER COMPLEX","F1","","Soccer","U-13","MILLVILLE LYNX 2012","WINSLOW GREEN DRAGONS 2012",
"18818837","3/16/2025","3:20 PM","Normal","MILLVILLE SOCCER COMPLEX","F1","","Soccer","U-15","MILLVILLE VENOM 2010","WOODSTOWN WOLVERINES 2010",
"18793396","3/16/2025","1:15 PM","Normal","MILLVILLE SOCCER COMPLEX","S7","","Soccer","U-10","MILLVILLE PREDATORS 2015","CHERRY HILL FC 2015 JUNIORS BLACK",
"18752457","3/16/2025","2:30 PM","Normal","MILLVILLE SOCCER COMPLEX","S7","","Soccer","U-9","MILLVILLE THUNDER 2016","MOORESTOWN SC DRAGONS 2016",
"18791887","3/16/2025","3:45 PM","Normal","MILLVILLE SOCCER COMPLEX","S7","","Soccer","U-10","MILLVILLE WARRIORS 2015","MAPLE SHADE WILD 2015",
"18793365","3/16/2025","12:00 PM","Normal","MILLVILLE SOCCER COMPLEX","S9","","Soccer","U-12","MILLVILLE REBELS 2013","WOODSTOWN WOLVERINES 2013",
"18720592","3/16/2025","12:30 PM","Normal","MLU-MARNE HWY","S7-1","","Soccer","U-9","MLU REVOLUTION 2016","HADDONFIELD SC RED 2016",
"18762643","3/16/2025","2:00 PM","Normal","MLU-MARNE HWY","S7-1","","Soccer","U-10","MLU WOLFPACK 2015","PENNSAUKEN YOUTH SOCCER CLUB LIONS 2015",
"18771380","3/16/2025","3:30 PM","Normal","MLU-MARNE HWY","S7-1","","Soccer","U-10","MLU SHARKS 2015","WOODBURY BOLTS",
"18685834","3/16/2025","12:30 PM","Normal","MLU-TROTTERS","F1","","Soccer","U-14","MLU FLASH 2011","PITTSGROVE SOCCER CLUB PSC WOLVES '11",
"18770964","3/16/2025","2:00 PM","Normal","MLU-TROTTERS","F1","","Soccer","U-14","MLU WARRIORS 2011","PEMBERTON SC PUNISHERS 2011",
"18685368","3/16/2025","3:30 PM","Normal","MLU-TROTTERS","F1","","Soccer","U-15","MLU FORCE 2010","EPAA  WIZARDS 2010",
"18761430","3/16/2025","12:30 PM","Normal","MLU-TROTTERS","S9","","Soccer","U-12","MLU LIGHTNING 2014","MARLTON SC CHIEFS ORANGE 2014",
"18687230","3/16/2025","2:00 PM","Normal","MLU-TROTTERS","S9","","Soccer","U-12","MLU TIGERS 2013","VOORHEES COSMOS 2013",
"18755374","3/16/2025","3:30 PM","Normal","MLU-TROTTERS","S9","","Soccer","U-11","MLU COBRAS 2014","TBAA SYNDICATE 2014",
"18734132","3/16/2025","12:30 PM","Normal","MONROE TWP - CORKERY LANE","F1","","Soccer","U-14","MONROE TOWNSHIP YS UNITED WHITE 2011","BORDENTOWN FC JAGUARS 2011",
"18815454","3/16/2025","2:00 PM","Normal","MONROE TWP - CORKERY LANE","F1","","Soccer","U-14","MONROE TOWNSHIP YS UNITED BOYS 2011 BLUE","MOORESTOWN SC BLACK KNIGHTS 2011",
"18802314","3/16/2025","12:30 PM","Normal","MONROE TWP - CORKERY LANE","S7","","Soccer","U-9","MONROE UNITED 2016 BOYS","EGG HARBOR SC EAGLES 2016 WHITE",
"18759193","3/16/2025","2:00 PM","Normal","MONROE TWP - CORKERY LANE","S7","","Soccer","U-10","MONROE TOWNSHIP YS 2015 UNITED BLUE","MAINLAND UNITED SA MUSTANGS RED 2015 B",
"18783500","3/16/2025","3:30 PM","Normal","MONROE TWP - CORKERY LANE","S7","","Soccer","U-9","MONROE UNITED 2016 BLUE","ATLANTIC UNITED PREMIER RED 2016/2017 B",
"18743085","3/16/2025","3:45 PM","Normal","MONROE TWP - CORKERY LANE","S9","","Soccer","U-12","MONROE TOWNSHIP YS UNITED BOYS 2013 BLUE","HADDONFIELD SC RED 2013",
"18819045","3/16/2025","11:00 AM","Normal","MOORESTOWN - MEMORIAL FIELDS","F1","","Soccer","U-14","MOORESTOWN SC LIGHTNING 2011","HAMMONTON HEAT BOYS 2011",
"18753507","3/16/2025","12:30 PM","Normal","MOORESTOWN - MEMORIAL FIELDS","S7","","Soccer","U-10","MOORESTOWN SC VIPERS 2015","SWSA STRIKERS 2015",
"18760213","3/16/2025","2:00 PM","Normal","MOORESTOWN - MEMORIAL FIELDS","S7","","Soccer","U-8","MOORESTOWN SC HAWKS 2017","CINNAMINSON SC UNION 2017",
"18759176","3/16/2025","3:30 PM","Normal","MOORESTOWN - MEMORIAL FIELDS","S7","","Soccer","U-10","MOORESTOWN SC DEVIL RAYS 2015","HADDONFIELD SC BLACK 2015 B",
"18756946","3/16/2025","12:00 PM","Normal","MOORESTOWN - SALEM RD/PRYOR PARK","S9","","Soccer","U-12","MOORESTOWN SC GOLDEN EAGLES 2013","PENNSAUKEN YOUTH SOCCER CLUB REBELS 2013",
"18700815","3/16/2025","1:15 PM","Normal","MOORESTOWN - SALEM RD/PRYOR PARK","S9","","Soccer","U-12","MOORESTOWN SC DRAGONS 2013","PITMAN SA TOMCATS 2013",
"18821145","3/16/2025","2:30 PM","Normal","MOORESTOWN - SALEM RD/PRYOR PARK","S9","","Soccer","U-12","MOORESTOWN SC RAPTORS 2013","EAST GREENWICH SA EGSA DYNAMO 2013",
"18999199","3/16/2025","3:45 PM","Normal","MOORESTOWN - SALEM RD/PRYOR PARK","S9","","Soccer","U-12","MOORESTOWN SC THUNDER 2013","PENNSVILLE EAGLES 2013",
"18754965","3/16/2025","12:30 PM","Normal","NB- MANSFIELD TOWNSHIP ELEMENTARY SCHOOL","F1","","Soccer","U-13","NORTHERN BURLINGTON SA BLUES 2013","PITTSGROVE SOCCER CLUB PSC REVOLUTION '13",
"18755440","3/16/2025","2:00 PM","Normal","NB- MANSFIELD TOWNSHIP ELEMENTARY SCHOOL","F1","","Soccer","U-13","NORTHERN BURLINGTON SA RANGERS 2012","EAST GREENWICH SA EGSA VENOM 2012",
"18685457","3/16/2025","3:30 PM","Normal","NB- MANSFIELD TOWNSHIP ELEMENTARY SCHOOL","F1","","Soccer","U-16","NORTHERN BURLINGTON SA BULLDOGS 2009","BURLINGTON TOWNSHIP SOCCER CELTIC 2010",
"18771382","3/16/2025","12:00 PM","Normal","NB- MANSFIELD TOWNSHIP ELEMENTARY SCHOOL","S7","","Soccer","U-10","NORTHERN BURLINGTON STORM 2015","AUDUBON BOYS 2015",
"18793457","3/16/2025","1:15 PM","Normal","NB- MANSFIELD TOWNSHIP ELEMENTARY SCHOOL","S7","","Soccer","U-9","NORTHERN BURLINGTON BOOM 2016","MAPLE SHADE SHARKS 2016",
"18792470","3/16/2025","2:30 PM","Normal","NB- MANSFIELD TOWNSHIP ELEMENTARY SCHOOL","S7","","Soccer","U-8","NORTHERN BURLINGTON FORCE 2017","CINNAMINSON SC RAIDERS 2017",
"18793228","3/16/2025","12:30 PM","Normal","NB- MANSFIELD TOWNSHIP ELEMENTARY SCHOOL","S9","","Soccer","U-11","NORTHERN BURLINGTON JACKALS 2015","HARRISON WAVE 2014",
"18755358","3/16/2025","3:45 PM","Normal","NB- MANSFIELD TOWNSHIP ELEMENTARY SCHOOL","S9","","Soccer","U-11","NORTHERN BURLINGTON BLUE DEVILS 2014","MONROE TOWNSHIP YS UNITED BOYS 2014 BLUE",
"18770966","3/16/2025","2:00 PM","Normal","Northern Burlington-Mansfield Community Park","11 v 11 Field","","Soccer","U-14","NORTHERN BURLINGTON SA HOOLIGANS 2011","HARRISON SC ARSENAL 2011",
"18763778","3/16/2025","3:30 PM","Normal","Northern Burlington-Mansfield Community Park","11 v 11 Field","","Soccer","U-13","NORTHERN BURLINGTON CELTIC 2012","HIGHLAND YOUTH SOCCER CLUB MUSTANGS 2012",
"18683056","3/16/2025","12:00 PM","Normal","PAL-RIV - LEGION FIELD 11v11","F1","","Soccer","U-19","PALMYRA RIVERTON SC LEGACY 2006","BORDENTOWN FC 2006",
"18818852","3/16/2025","1:45 PM","Normal","PAL-RIV - LEGION FIELD 11v11","F1","","Soccer","U-15","PALMYRA RIVERTON SC UNION 2010","ATLANTIC UNITED PREMIER STRIKERS 2010/11 B",
"18762642","3/16/2025","3:45 PM","Normal","PAL-RIV CHARLES STREET SCHOOL Spring Season","S7","","Soccer","U-10","PALMYRA RIVERTON SC NATIONALS 2015","ATLANTIC UNITED PREMIER FIRE 2015 B",
"19024856","3/16/2025","12:00 PM","Normal","PENNSVILLE","F1","","Soccer","U-16","PENNSVILLE EAGLES 2010/2009","TBAA STORM 2009",
"18770602","3/16/2025","2:00 PM","Normal","PENNSVILLE","S7","","Soccer","U-10","PENNSVILLE EAGLES GOLD 2015","CINNAMINSON SC PIRATES SEA DOGS 2015",
"18762610","3/16/2025","3:30 PM","Normal","PENNSVILLE","S7","","Soccer","U-10","PENNSVILLE EAGLES BLUE 2015","DEPTFORD SA CYCLONES 2015",
"18762611","3/16/2025","12:30 PM","Normal","PITMAN - Dell","S7","","Soccer","U-10","PITMAN SA WILDCATS 2015","CLAYTON SA CLIPPERS 2015",
"18762673","3/16/2025","2:00 PM","Normal","PITMAN - Dell","S7","","Soccer","U-8","PITMAN SA PANTHERS 2017","HAMMONTON HEAT BOYS 2017",
"18814496","3/16/2025","3:30 PM","Normal","PITMAN - Dell","S7","","Soccer","U-9","PITMAN SA BOBCATS 2016","VOORHEES SA DESTROYERS 2016",
"18814254","3/16/2025","3:30 PM","Normal","PITTSGROVE-GREEN BRANCH","F1","","Soccer","U-13","PITTSGROVE SOCCER CLUB PSC SPURS '12","DELRAN FC SOCCER DELRAN FC UNITED 2013",
"18791886","3/16/2025","12:30 PM","Normal","PITTSGROVE-GREEN BRANCH","S7","","Soccer","U-10","PITTSGROVE SOCCER CLUB PSC GALAXY '15","VOORHEES SA PYTHONS 2015",
"18793229","3/16/2025","2:00 PM","Normal","PITTSGROVE-GREEN BRANCH","S9","","Soccer","U-11","PITTSGROVE SOCCER CLUB PSC MAVERICKS '14","GUSC GREYHOUNDS 2014",
"18720853","3/16/2025","11:00 AM","Normal","Rancocas Valley-LUMBERTON MUNICIPAL","F1","","Soccer","U-13","RANCOCAS VALLEY SC 2012 BOYS AVENGERS","HARRISON SC STRIKERS 2012",
"18752456","3/16/2025","12:00 PM","Normal","Rancocas Valley-LUMBERTON MUNICIPAL","S7","","Soccer","U-9","RANCOCAS VALLEY SC 2016 BOYS UNITED","HIGHLAND YOUTH SOCCER CLUB HAVOK 2016",
"18760720","3/16/2025","1:15 PM","Normal","Rancocas Valley-LUMBERTON MUNICIPAL","S7","","Soccer","U-9","RANCOCAS VALLEY SC 2016 BOYS PREMIER","HIGHLAND YOUTH SOCCER CLUB MAYHEM",
"18756984","3/16/2025","2:30 PM","Normal","Rancocas Valley-LUMBERTON MUNICIPAL","S7","","Soccer","U-10","RANCOCAS VALLEY SC 2015 BOYS STEALTH","MEDFORD SC WHITE 2015",
"18761182","3/16/2025","3:45 PM","Normal","Rancocas Valley-LUMBERTON MUNICIPAL","S7","","Soccer","U-8","RANCOCAS VALLEY SC 2017 BOYS PREMIER","VOORHEES SA BLUE DEVILS 2017",
"18754805","3/16/2025","12:30 PM","Normal","Rancocas Valley-LUMBERTON MUNICIPAL","S9","","Soccer","U-11","RANCOCAS VALLEY SC RVSC - '14 FOREST","FTYSA KNIGHTS 2014",
"18695952","3/16/2025","2:00 PM","Normal","Rancocas Valley-LUMBERTON MUNICIPAL","S9","","Soccer","U-11","RANCOCAS VALLEY SC RVSC '14 - CELTIC","MARLTON SC CHIEFS WHITE 2014",
"18755505","3/16/2025","3:30 PM","Normal","Rancocas Valley-LUMBERTON MUNICIPAL","S9","","Soccer","U-12","RANCOCAS VALLEY SC 2013 BOYS RONALDO","PITTSGROVE SOCCER CLUB PSC PYTHONS '13",
"18820547","3/16/2025","11:00 AM","Normal","SENECA - STONEY CREEK FIELDS","F1","","Soccer","U-13","SENECA UNITED SC PRIDE 2012","COSC KNIGHTS 2012",
"18700886","3/16/2025","2:00 PM","Normal","SENECA - STONEY CREEK FIELDS","S7","","Soccer","U-9","SENECA UNITED SC EAGLES 2016","MEDFORD SC GOLD 2016",
"18814495","3/16/2025","3:30 PM","Normal","SENECA - STONEY CREEK FIELDS","S7","","Soccer","U-9","SENECA UNITED SC RAPTORS 2016","EGG HARBOR SC EAGLES 2016 BLACK",
"18815159","3/16/2025","12:30 PM","Normal","SENECA - STONEY CREEK FIELDS","S9","","Soccer","U-11","SENECA UNITED SC THUNDER 2014","WASHINGTON TWP SOCCER CLUB TERROR 2014",
"18685367","3/16/2025","12:00 PM","Normal","SJFC - UPPER DEERFIELD RECREATION COMPLEX","F1","","Soccer","U-15","SJ FUTBOL CLUB WOLVES","PENNSAUKEN YOUTH SOCCER CLUB CYCLONES 2010",
"19024854","3/16/2025","1:40 PM","Normal","SJFC - UPPER DEERFIELD RECREATION COMPLEX","F1","","Soccer","U-16","SJ FUTBOL CLUB RAPIDS 2009","SWSA FORCE 2009",
"18761497","3/16/2025","2:00 PM","Normal","SJFC - UPPER DEERFIELD RECREATION COMPLEX","S7","","Soccer","U-10","SJ FUTBOL CLUB RAMS 2015","CHERRY HILL SC COMETS (2015)",
"18761183","3/16/2025","3:30 PM","Normal","SJFC - UPPER DEERFIELD RECREATION COMPLEX","S7","","Soccer","U-8","SJ FUTBOL CLUB HAMMERS 2017","DELRAN FC 2017 DEVILS",
"18761432","3/16/2025","12:30 PM","Normal","SJFC - UPPER DEERFIELD RECREATION COMPLEX","S9","","Soccer","U-12","SJ FUTBOL CLUB FLYERS 2014","EGG HARBOR SC EAGLES WHITE 2013",
"18687260","3/16/2025","3:30 PM","Normal","SJFC - UPPER DEERFIELD RECREATION COMPLEX","S9","","Soccer","U-12","SJ FUTBOL CLUB SOUNDERS 2013","CHERRY HILL SC THUNDER 2013",
"18754987","3/16/2025","1:30 PM","Normal","SW-Locke Avenue Park","F1","","Soccer","U-13","SWSA CYCLONES 2012/2013","CHERRY HILL SC COBRAS 2012",
"18742802","3/16/2025","11:00 AM","Normal","SW-Locke Avenue Park","S7","","Soccer","U-10","SWSA HONEY BADGERS 2015","MAINLAND UNITED SA MUSTANGS WHITE 2015-16 B",
"18783290","3/16/2025","12:15 PM","Normal","SW-Locke Avenue Park","S7","","Soccer","U-9","SWSA HAVOC 2016","MEDFORD SC WHITE 2016",
"18772726","3/16/2025","1:30 PM","Normal","SW-Locke Avenue Park","S7","","Soccer","U-10","SWSA GUNNERS 2015","MEDFORD SC GOLD 2015",
"18735660","3/16/2025","2:45 PM","Normal","SW-Locke Avenue Park","S7","","Soccer","U-8","SWSA PANTHERS 2017","PITTSGROVE SOCCER CLUB PSC PREDATORS ‚Äò17",
"18760212","3/16/2025","4:00 PM","Normal","SW-Locke Avenue Park","S7","","Soccer","U-8","SWSA FIREBALLS 2017","HIGHLAND YOUTH SOCCER CLUB BOYS 2017",
"18815158","3/16/2025","12:00 PM","Normal","SW-Locke Avenue Park","S9","","Soccer","U-11","SWSA LIGHTNING 2014","MARLTON SC CHIEFS ORANGE 2015",
"18685458","3/16/2025","12:00 PM","Normal","TARKILL-STERLING HS","F1","","Soccer","U-16","TAR-KILL SOCCER CLUB TARKILL BLUE DEVILS 2009","DEPTFORD AVENGERS 2009",
"18734116","3/16/2025","12:30 PM","Normal","TBAA-VALLEY BROOK","F1","","Soccer","U-14","TBAA TITANS 2011","SWSA RED FLAMES 2011",
"18735659","3/16/2025","2:00 PM","Normal","TBAA-VALLEY BROOK","S7","","Soccer","U-8","TBAA REVOLUTION 2017","HADDONFIELD SC FIRE 2017",
"18783292","3/16/2025","3:30 PM","Normal","TBAA-VALLEY BROOK","S7","","Soccer","U-9","TBAA KNIGHTS 2016","GATEWAY UNITED SOCCER CLUB GUSC THUNDER B2016",
"18730849","3/16/2025","12:30 PM","Normal","TBAA-VALLEY BROOK","S9","","Soccer","U-11","TBAA REVOLUTION 2015","MEDFORD SC AVENGERS 2014",
"18747950","3/16/2025","2:00 PM","Normal","TBAA-VALLEY BROOK","S9","","Soccer","U-11","TBAA REVOLUTION 2014","MOORESTOWN SC WOLVERINES 2014",
"18730848","3/16/2025","3:30 PM","Normal","TBAA-VALLEY BROOK","S9","","Soccer","U-11","TBAA OUTLAWS 2014","TAR-KILL SOCCER CLUB TARKILL CHELSEA 2014",
"18758199","3/16/2025","3:30 PM","Normal","UPPER TWP-Amanda's Field Complex","F1","","Soccer","U-14","UPPER TOWNSHIP SA TSUNAMIS 2011","VOORHEES SA ATTACK 2011",
"18783501","3/16/2025","12:00 PM","Normal","UPPER TWP-Amanda's Field Complex","S7","","Soccer","U-9","UPPER TOWNSHIP SA THUNDER 2016","GATEWAY UNITED SOCCER CLUB GUSC GATORS B2016/2017",
"18822558","3/16/2025","1:15 PM","Normal","UPPER TWP-Amanda's Field Complex","S7","","Soccer","U-9","UPPER TOWNSHIP SA BREAKERS 2016","HARRISON HURRICANES 2016",
"18758644","3/16/2025","2:30 PM","Normal","UPPER TWP-Amanda's Field Complex","S7","","Soccer","U-8","UPPER TOWNSHIP SA FLASH 2017","PITTSGROVE SOCCER CLUB PSC RAPTORS ‚Äò17",
"18761506","3/16/2025","3:45 PM","Normal","UPPER TWP-Amanda's Field Complex","S7","","Soccer","U-10","UPPER TOWNSHIP SA COMETS WHITE 2015","MEDFORD SC COLUMBIA 2015",
"18701090","3/16/2025","12:30 PM","Normal","UPPER TWP-Amanda's Field Complex","S9","","Soccer","U-11","UPPER TOWNSHIP SA HURRICANES WHITE 2014","FTYSA STORM 2014",
"18821147","3/16/2025","2:00 PM","Normal","UPPER TWP-Amanda's Field Complex","S9","","Soccer","U-12","UPPER TOWNSHIP SA CYCLONES 2013","VOORHEES SA RAPTORS 2013",
"18815455","3/16/2025","12:30 PM","Normal","VINELAND SA","F1","","Soccer","U-14","VINELAND SA STRIKERS 2011","VOORHEES SA BLUES 2011",
"18815513","3/16/2025","2:00 PM","Normal","VINELAND SA","F1","","Soccer","U-13","VINELAND SA FURY 2012","MARLTON SC CHIEFS WHITE 2012",
"18769267","3/16/2025","3:30 PM","Normal","VINELAND SA","F1","","Soccer","U-13","VINELAND SA JERSEY BOYZ 2012","LOGAN FORCE 2012",
"18769269","3/16/2025","12:30 PM","Normal","VOORHEES-EASTERN HS","F1","","Soccer","U-13","VOORHEES SA FORCE 2012","HIGHLAND YOUTH SOCCER CLUB FORCE 2012",
"18815530","3/16/2025","2:00 PM","Normal","VOORHEES-EASTERN HS","F1","","Soccer","U-13","VOORHEES SA PREDATORS 2013","ATLANTIC UNITED PREMIER KICKERS 2013 B",
"18730850","3/16/2025","3:45 PM","Normal","VOORHEES-Echelon Complex","S9","","Soccer","U-11","VOORHEES SA KNIGHTS 2014","UPPER TOWNSHIP SA HURRICANES GREEN 2014",
"18763777","3/16/2025","12:30 PM","Normal","W DEPTFORD-WD PARK","F1","","Soccer","U-13","WEST DEPTFORD SC WARRIORS 2013","EPAA  UNITED 2012",
"18815484","3/16/2025","2:00 PM","Normal","W DEPTFORD-WD PARK","F1","","Soccer","U-14","WEST DEPTFORD SC WOLFPACK 2011","CINNAMINSON SC STORM 2011",
"18814494","3/16/2025","12:30 PM","Normal","W DEPTFORD-WD PARK","S7","","Soccer","U-9","WEST DEPTFORD SC WILDCATS 2016","MARLTON SC CHIEFS WHITE 2016",
"18760211","3/16/2025","2:00 PM","Normal","W DEPTFORD-WD PARK","S7","","Soccer","U-8","WEST DEPTFORD SC DRAGONS 2017","LOGAN BOOM 2017",
"18748979","3/16/2025","3:30 PM","Normal","W DEPTFORD-WD PARK","S7","","Soccer","U-8","WEST DEPTFORD SC WARRIORS 2017","MAPLE SHADE CHAOS 2017",
"18754804","3/16/2025","3:45 PM","Normal","W DEPTFORD-WD PARK","S9","","Soccer","U-11","WEST DEPTFORD SC AVALANCHE 2014","EAST GREENWICH SA EGSA EAGLES 2014",
"18793395","3/16/2025","12:30 PM","Normal","WASHINGTON TWP- H.S.","S7","","Soccer","U-10","WASHINGTON TWP SOCCER CLUB RAPTORS 2015","HADDON TWP RED HAWKS 2015",
"18761181","3/16/2025","2:00 PM","Normal","WASHINGTON TWP- H.S.","S7","","Soccer","U-8","WASHINGTON TWP SOCCER CLUB REBELS 2017","CINNAMINSON SC RED 2017",
"18793456","3/16/2025","3:30 PM","Normal","WASHINGTON TWP- H.S.","S7","","Soccer","U-9","WASHINGTON TWP SOCCER CLUB THUNDER 2016","HADDON TWP WHITE HAWKS 2016",
"18753508","3/16/2025","12:30 PM","Normal","WASHINGTON TWP. - Levy Fields (Virtua)","S7","","Soccer","U-10","WASHINGTON UNITED SOCCER CLUB WUSC 2015","DEPTFORD SA LIGHTNING 2015",
"18753939","3/16/2025","2:00 PM","Normal","WASHINGTON TWP. - Levy Fields (Virtua)","S7","","Soccer","U-8","WASHINGTON UNITED SOCCER CLUB WUSC 2017","MONROE TOWNSHIP YS 2017 MONROE UNITED",
"18802313","3/16/2025","3:30 PM","Normal","WASHINGTON TWP. - Levy Fields (Virtua)","S7","","Soccer","U-9","WASHINGTON UNITED SOCCER CLUB WUSC 2016","EAST GREENWICH SA EGSA CHAOS 2016",
"18685383","3/16/2025","12:00 PM","Normal","WASHINGTON TWP-WASH LAKE PARK","F1","","Soccer","U-15","WASHINGTON TWP SOCCER CLUB RENEGADES 2010","BORDENTOWN FC PANTHERS 2010",
"18814252","3/16/2025","1:45 PM","Normal","WASHINGTON TWP-WASH LAKE PARK","F1","","Soccer","U-13","WASHINGTON TWP SOCCER CLUB PREDATORS 2012","CHERRY HILL FC 2012 JUNIORS BLACK",
"18819044","3/16/2025","3:30 PM","Normal","WASHINGTON TWP-WASH LAKE PARK","F1","","Soccer","U-14","WASHINGTON TWP SOCCER CLUB CHAOS 11/12","PALMYRA RIVERTON SC WARRIORS 2011",
"18695996","3/16/2025","12:30 PM","Normal","WASHINGTON TWP-WASH LAKE PARK","S9","","Soccer","U-12","WASHINGTON TWP SOCCER CLUB DAREDEVILS 2013","CHERRY HILL FC 2013 RED HAWKS",
"18821218","3/16/2025","2:00 PM","Normal","WASHINGTON TWP-WASH LAKE PARK","S9","","Soccer","U-11","WASHINGTON TWP SOCCER CLUB WARRIORS 2014","EGG HARBOR SC EAGLES 2014",
"18999201","3/16/2025","3:30 PM","Normal","WASHINGTON TWP-WASH LAKE PARK","S9","","Soccer","U-12","WASHINGTON TWP SOCCER CLUB RAPTORS 2013","WINSLOW SHARKS",
"18747952","3/16/2025","12:30 PM","Normal","WATERFORD - BURNT MILL FIELD","S1","","Soccer","U-11","WATERFORD ATHLETIC ASSN WINGS 2014","HARRISON STRIKERS 2014",
"18748978","3/16/2025","2:00 PM","Normal","WATERFORD - BURNT MILL FIELD","S1","","Soccer","U-8","WATERFORD ATHLETIC ASSN WINGS 2017","WOODBURY WARRIORS",
"18742800","3/16/2025","3:30 PM","Normal","WATERFORD - BURNT MILL FIELD","S1","","Soccer","U-10","WATERFORD ATHLETIC ASSN WINGS 2015","MANTUA VIPERS 2015-2016",
"18999198","3/16/2025","12:00 PM","Normal","WOODBURY","S9","","Soccer","U-12","WOODBURY SOCCER CLUB WOODBURY BISON 2013","MLU GALAXY 2013",
"18755568","3/23/2025","2:00 PM","Normal","AUDUBON - GREEN WAVE PARK","S7","","Soccer","U-10","AUDUBON SOCCER YOUTH BOYS 2015 - HAMMERS","HADDONFIELD SC RED 2015 B",
"18755538","3/23/2025","12:30 PM","Normal","AUDUBON - GREEN WAVE PARK","S9","","Soccer","U-11","AUDUBON ATTACK - BOYS 2014","HADDON HEIGHTS SC 2014 MIGHTY TITANS",
"18696053","3/23/2025","3:30 PM","Normal","BARRINGTON-DEERE FIELD","S7","","Soccer","U-9","BARRINGTON SC STORM 2016","FTYSA JERSEY DEVILS 2016",
"18700817","3/23/2025","2:00 PM","Normal","BARRINGTON-DEERE FIELD","S9","","Soccer","U-12","BARRINGTON SC REVOLUTION 2013","MOORESTOWN SC DRAGONS 2013",
"18683036","3/23/2025","3:45 PM","Normal","BORDENTOWN - FRIENDSHIP FIELDS","F1","","Soccer","U-19","BORDENTOWN FC 2006","HARRISON TITANS FvöTBOL ACADEMY",
"18783444","3/23/2025","12:00 PM","Normal","BORDENTOWN - FRIENDSHIP FIELDS","S7","","Soccer","U-8","BORDENTOWN FC REVOLUTION 2017","CHERRY HILL SC COBRAS 2017",
"18783295","3/23/2025","1:15 PM","Normal","BORDENTOWN - FRIENDSHIP FIELDS","S7","","Soccer","U-9","BORDENTOWN FC REVOLUTION 2016","GATEWAY UNITED SOCCER CLUB GUSC THUNDER B2016",
"18747957","3/23/2025","2:30 PM","Normal","BORDENTOWN - FRIENDSHIP FIELDS","S9","","Soccer","U-11","BORDENTOWN FC UNION 2014","TAR-KILL SOCCER CLUB TARKILL 2015 BLUE",
"18683039","3/23/2025","12:15 PM","Normal","BURLINGTON TWP - PINEWALD AVE","F1","","Soccer","U-19","BURLINGTON TOWNSHIP SOCCER BULLS 2007-2008","GATEWAY UNITED SOCCER CLUB GUSC WARRIORS B2006",
"19024858","3/23/2025","2:00 PM","Normal","BURLINGTON TWP - PINEWALD AVE","F1","","Soccer","U-16","BURLINGTON TOWNSHIP SOCCER FUSION 2009","SJ FUTBOL CLUB RAPIDS 2009",
"18685461","3/23/2025","3:45 PM","Normal","BURLINGTON TWP - PINEWALD AVE","F1","","Soccer","U-16","BURLINGTON TOWNSHIP SOCCER CELTIC 2010","DEPTFORD AVENGERS 2009",
"18695999","3/23/2025","11:00 AM","Normal","BURLINGTON TWP - PINEWALD AVE","S9","","Soccer","U-12","BURLINGTON TOWNSHIP SOCCER STRIKERS 2013","WASHINGTON TWP SOCCER CLUB DAREDEVILS 2013",
"18814257","3/23/2025","2:00 PM","Normal","CAPE EX SOCCER COMPLEX At Ockie Wisting","F1","","Soccer","U-13","CAPE EXPRESS WHITE CAPS 2012","DELRAN FC SOCCER DELRAN FC UNITED 2013",
"18758202","3/23/2025","3:30 PM","Normal","CAPE EX SOCCER COMPLEX At Ockie Wisting","F1","","Soccer","U-14","CAPE EXPRESS SURGE 2011","VOORHEES SA ATTACK 2011",
"18771997","3/23/2025","12:30 PM","Normal","CAPE EX SOCCER COMPLEX At Ockie Wisting","S7","","Soccer","U-10","CAPE EXPRESS CE SILVER STREAK 2015","HIGHLAND YOUTH SOCCER CLUB LIGHTNING 2015",
"18758647","3/23/2025","2:00 PM","Normal","CAPE EX SOCCER COMPLEX At Ockie Wisting","S7","","Soccer","U-8","CAPE EXPRESS CE 2017 BARCA","PITTSGROVE SOCCER CLUB PSC RAPTORS ‚Äò17",
"18783293","3/23/2025","3:30 PM","Normal","CAPE EX SOCCER COMPLEX At Ockie Wisting","S7","","Soccer","U-9","CAPE EXPRESS CE NOR'EASTERS 2016","SWSA HAVOC 2016",
"18756951","3/23/2025","12:30 PM","Normal","CAPE EX SOCCER COMPLEX At Ockie Wisting","S9","","Soccer","U-12","CAPE EXPRESS CE 2014 UNION","MEDFORD STRIKERS 2013 BOYS",
"18701093","3/23/2025","2:00 PM","Normal","CAPE EX SOCCER COMPLEX At Ockie Wisting","S9","","Soccer","U-11","CAPE EXPRESS CE ENGINEERS 2014","UPPER TOWNSHIP SA HURRICANES WHITE 2014",
"18761433","3/23/2025","3:30 PM","Normal","CAPE EX SOCCER COMPLEX At Ockie Wisting","S9","","Soccer","U-12","CAPE EXPRESS AVENGERS 2013","MLU LIGHTNING 2014",
"18750892","3/23/2025","2:00 PM","Normal","CHFC - DeCOU","F1","","Soccer","U-14","CHERRY HILL FC 2011 STALLIONS","HADDONFIELD SC RED 2011",
"18695872","3/23/2025","3:30 PM","Normal","CHFC - DeCOU","F1","","Soccer","U-14","CHERRY HILL FC 2011/2012 COBRAS","MAINLAND UNITED SA MUSTANGS WHITE 2011-12 B",
"18783442","3/23/2025","12:30 PM","Normal","CHFC - DeCOU","S7 - Grass 7v7/D6","","Soccer","U-8","CHERRY HILL FC 2017 JUNIOR BLACK","HADDON TWP. RED HAWKS 2017",
"18771383","3/23/2025","2:00 PM","Normal","CHFC - DeCOU","S7 - Grass 7v7/D6","","Soccer","U-10","CHERRY HILL FC 2015 JUNIOR WHITE","MLU SHARKS 2015",
"18783478","3/23/2025","11:00 AM","Normal","CHFC - DeCOU","S9- Grass 9v9/D5","","Soccer","U-11","CHERRY HILL FC 2015 JUNIOR RED","HADDON TWP RED HAWKS 2014",
"18696000","3/23/2025","12:30 PM","Normal","CHFC - DeCOU","S9- Grass 9v9/D5","","Soccer","U-12","CHERRY HILL FC 2013 RED HAWKS","VINELAND TERMINATORS 2013",
"18820556","3/23/2025","11:00 AM","Normal","CHSC - CH WEST HS","F1","","Soccer","U-13","CHERRY HILL SC ROYALS 2012","MILLVILLE LYNX 2012",
"18685837","3/23/2025","12:30 PM","Normal","CHSC - CH WEST HS","F1","","Soccer","U-14","CHERRY HILL SC CHAOS 2011","MAINLAND UNITED SA MUSTANGS RED 2011 B",
"18752612","3/23/2025","2:00 PM","Normal","CHSC - CH WEST HS","F1","","Soccer","U-15","CHERRY HILL SC THUNDERBOLTS (2010-2011)","FTYSA STORM 2010",
"18754967","3/23/2025","3:40 PM","Normal","CHSC - CH WEST HS","F1","","Soccer","U-13","CHERRY HILL SC COBRAS 2012","NORTHERN BURLINGTON SA BLUES 2013",
"18700889","3/23/2025","12:30 PM","Normal","CHSC - UPPER CHAPEL TURF","S7","","Soccer","U-9","CHERRY HILL SC 72S 2016","MOORESTOWN SC RENEGADES 2016",
"18753510","3/23/2025","2:00 PM","Normal","CHSC - UPPER CHAPEL TURF","S7","","Soccer","U-10","CHERRY HILL SC WARRIORS 2015","WASHINGTON UNITED SOCCER CLUB WUSC 2015",
"18753941","3/23/2025","3:30 PM","Normal","CHSC - UPPER CHAPEL TURF","S7","","Soccer","U-8","CHERRY HILL SC DYNAMO (2017)","WASHINGTON UNITED SOCCER CLUB WUSC 2017",
"18783479","3/23/2025","12:00 PM","Normal","CHSC - UPPER CHAPEL TURF","S9","","Soccer","U-11","CHERRY HILL SC UNITED 2014","CHERRY HILL SC UNION 2015",
"18687233","3/23/2025","1:15 PM","Normal","CHSC - UPPER CHAPEL TURF","S9","","Soccer","U-12","CHERRY HILL SC FORCE 2013","HIGHLAND YOUTH SOCCER CLUB CHAOS 2013",
"18747956","3/23/2025","2:30 PM","Normal","CHSC - UPPER CHAPEL TURF","S9","","Soccer","U-11","CHERRY HILL SC WHITE (2014)","HADDONFIELD SC BLACK 2014",
"18687264","3/23/2025","3:45 PM","Normal","CHSC - UPPER CHAPEL TURF","S9","","Soccer","U-12","CHERRY HILL SC THUNDER 2013","MAINLAND UNITED SA MUSTANGS RED 2013 B",
"18815488","3/23/2025","12:15 PM","Normal","CINNAMINSON SC - MEMORIAL","F1","","Soccer","U-14","CINNAMINSON SC STORM 2011","BURLINGTON TOWNSHIP SOCCER REBELS 2011",
"18752611","3/23/2025","1:45 PM","Normal","CINNAMINSON SC - MEMORIAL","F1","","Soccer","U-15","CINNAMINSON SC PIRATES 2010","AUDUBON SOCCER YOUTH UNITED 2010",
"18758200","3/23/2025","3:30 PM","Normal","CINNAMINSON SC - MEMORIAL","F1","","Soccer","U-14","CINNAMINSON SC VIPERS 2011","CHERRY HILL FC 2011 AVENGERS",
"18822531","3/23/2025","12:30 PM","Normal","CINNAMINSON SC - MEMORIAL","S7","","Soccer","U-9","CINNAMINSON SC TITANS 2016","CHERRY HILL FC 2016 JUNIOR BLACK",
"18791889","3/23/2025","2:00 PM","Normal","CINNAMINSON SC - MEMORIAL","S7","","Soccer","U-10","CINNAMINSON SC BANDITS 2015","MILLVILLE WARRIORS 2015",
"18696052","3/23/2025","3:30 PM","Normal","CINNAMINSON SC - MEMORIAL","S7","","Soccer","U-9","CINNAMINSON SC CHAOS 2016","WINSLOW KINGS 2016",
"18756949","3/23/2025","11:00 AM","Normal","CINNAMINSON SC - MEMORIAL","S9","","Soccer","U-12","CINNAMINSON SC THUNDERBIRDS 2013","MOORESTOWN SC GOLDEN EAGLES 2013",
"18742803","3/23/2025","3:30 PM","Normal","Cohansey - Cumberland County Tech School","S7","","Soccer","U-10","COHANSEY SC DYNAMO 2015","WATERFORD ATHLETIC ASSN WINGS 2015",
"18822529","3/23/2025","2:30 PM","Normal","COSC- Oaklyn Public School","S7","","Soccer","U-9","COSC SPARTANS 2016","LOGAN SUPERNOVA 2016",
"18822559","3/23/2025","3:45 PM","Normal","COSC- Oaklyn Public School","S7","","Soccer","U-9","COSC WARRIORS 2016","HADDON HEIGHTS SC 2016 RUCKUS",
"18793366","3/23/2025","12:00 PM","Normal","COSC- Oaklyn Public School","S9","","Soccer","U-12","COSC TITANS 2013","CINNAMINSON SC STRIKERS 2013",
"18821221","3/23/2025","1:15 PM","Normal","COSC- Oaklyn Public School","S9","","Soccer","U-11","COSC OUTLAWS 2014","WASHINGTON TWP SOCCER CLUB WARRIORS 2014",
"18783563","3/23/2025","12:30 PM","Normal","Delran Middle School","Delran Middle School F1","","Soccer","U-13","DELRAN FC SOCCER GREY 2013B","HARRISON WILDCATS 2012",
"18720595","3/23/2025","3:30 PM","Normal","DELRAN-DEUTSCH FIELD","S7","","Soccer","U-9","DELRAN FC SOCCER SHARKS 2016","MLU REVOLUTION 2016",
"18822494","3/23/2025","2:00 PM","Normal","DELRAN-DEUTSCH FIELD","S9","","Soccer","U-11","DELRAN FC HAWKS 2014","HADDON TWP WHITE HAWKS 2014",
"18814255","3/23/2025","12:30 PM","Normal","DEPTFORD SC","F1","","Soccer","U-13","DEPTFORD SA THUNDER 2012","WASHINGTON TWP SOCCER CLUB PREDATORS 2012",
"18762614","3/23/2025","12:30 PM","Normal","DEPTFORD SC","S7","","Soccer","U-10","DEPTFORD SA CYCLONES 2015","CLAYTON SA CLIPPERS 2015",
"18762676","3/23/2025","2:00 PM","Normal","DEPTFORD SC","S7","","Soccer","U-8","DEPTFORD SA SCORPIONS 2017","HAMMONTON HEAT BOYS 2017",
"18772715","3/23/2025","3:30 PM","Normal","DEPTFORD SC","S7","","Soccer","U-10","DEPTFORD SA THUNDER 2015","SWSA GUNNERS 2015",
"18994519","3/23/2025","11:00 AM","Normal","DEPTFORD SC","S9","","Soccer","U-11","DEPTFORD PREMIER FC '15 BOYS FUSION","DELRAN FC SOCCER DELRAN FC KNIGHTS 2014",
"18821148","3/23/2025","2:00 PM","Normal","DEPTFORD SC","S9","","Soccer","U-12","DEPTFORD SA TORNADOES 2013","MOORESTOWN SC RAPTORS 2013",
"18783590","3/23/2025","12:00 PM","Normal","E GREENWICH - THOMPSON FAMILY PARK","F1","","Soccer","U-15","EAST GREENWICH SA EGSA BLAZE 2010","HIGHLAND YOUTH SOCCER CLUB RAPTORS 2010",
"18685474","3/23/2025","1:45 PM","Normal","E GREENWICH - THOMPSON FAMILY PARK","F1","","Soccer","U-16","EAST GREENWICH SA EGSA THUNDER 2009","NORTHERN BURLINGTON SA BULLDOGS 2009",
"18755444","3/23/2025","3:30 PM","Normal","E GREENWICH - THOMPSON FAMILY PARK","F1","","Soccer","U-13","EAST GREENWICH SA EGSA VENOM 2012","AUDUBON SOCCER YOUTH BALLERS 2012",
"18753942","3/23/2025","12:30 PM","Normal","E GREENWICH - THOMPSON FAMILY PARK","S7","","Soccer","U-8","EAST GREENWICH SA EGSA UNITED 2017","MONROE TOWNSHIP YS 2017 MONROE UNITED",
"18772713","3/23/2025","2:00 PM","Normal","E GREENWICH - THOMPSON FAMILY PARK","S7","","Soccer","U-10","EAST GREENWICH SA EGSA TIGERS 2015","HIGHLAND YOUTH SOCCER CLUB STORM 2015",
"18802317","3/23/2025","3:30 PM","Normal","E GREENWICH - THOMPSON FAMILY PARK","S7","","Soccer","U-9","EAST GREENWICH SA EGSA CHAOS 2016","CHERRY HILL SC THUNDER (2016)",
"18772743","3/23/2025","12:30 PM","Normal","E GREENWICH - THOMPSON FAMILY PARK","S9","","Soccer","U-11","EAST GREENWICH SA EGSA STARS 2014","HIGHLAND YOUTH SOCCER CLUB THUNDER 2014",
"18754808","3/23/2025","2:00 PM","Normal","E GREENWICH - THOMPSON FAMILY PARK","S9","","Soccer","U-11","EAST GREENWICH SA EGSA EAGLES 2014","HAMILTON ELITE FC PREMIER 2015B",
"18821149","3/23/2025","3:30 PM","Normal","E GREENWICH - THOMPSON FAMILY PARK","S9","","Soccer","U-12","EAST GREENWICH SA EGSA DYNAMO 2013","UPPER TOWNSHIP SA CYCLONES 2013",
"18750894","3/23/2025","3:30 PM","Normal","Egg Harbor Twp HS","Field 1 (11 v 11)","","Soccer","U-14","EGG HARBOR SC EAGLES BLACK 2011","MEDFORD STRIKERS 2011 BOYS",
"18755508","3/23/2025","12:30 PM","Normal","Egg Harbor Twp HS","Field 4 (9 v 9)","","Soccer","U-12","EGG HARBOR SC EAGLES 2013 BLACK","AUDUBON SOCCER YOUTH WILD WINGS 2013",
"18821222","3/23/2025","2:00 PM","Normal","Egg Harbor Twp HS","Field 4 (9 v 9)","","Soccer","U-11","EGG HARBOR SC EAGLES 2014","CINNAMINSON SC AVENGERS 2014",
"18814499","3/23/2025","12:00 PM","Normal","Egg Harbor Twp HS","Field 5 (7 v 7)","","Soccer","U-9","EGG HARBOR SC EAGLES 2016 BLACK","VOORHEES SA DESTROYERS 2016",
"18802318","3/23/2025","1:15 PM","Normal","Egg Harbor Twp HS","Field 5 (7 v 7)","","Soccer","U-9","EGG HARBOR SC EAGLES 2016 WHITE","DELRAN FC UNION 2016",
"18771385","3/23/2025","2:30 PM","Normal","Egg Harbor Twp HS","Field 5 (7 v 7)","","Soccer","U-10","EGG HARBOR SC EAGLES 2015 BLACK","AUDUBON BOYS 2015",
"18754970","3/23/2025","11:00 AM","Normal","FRANKLIN TWP YOUTH COMPLEX","F1","","Soccer","U-13","FTYSA CRUSADERS 2012","CINNAMINSON SC SKULLS 2012",
"18821150","3/23/2025","12:30 PM","Normal","FRANKLIN TWP YOUTH COMPLEX","S9","","Soccer","U-12","FTYSA ENFORCERS 2013","VOORHEES SA RAPTORS 2013",
"18701094","3/23/2025","2:00 PM","Normal","FRANKLIN TWP YOUTH COMPLEX","S9","","Soccer","U-11","FTYSA STORM 2014","CINNAMINSON SC CHARGERS 2014",
"18754809","3/23/2025","3:30 PM","Normal","FRANKLIN TWP YOUTH COMPLEX","S9","","Soccer","U-11","FTYSA KNIGHTS 2014","LOGAN CHARGE BLUE 2014",
"18792474","3/23/2025","11:00 AM","Normal","GATEWAY UTD. - LANGSTON FIELD","S7","","Soccer","U-8","GUSC GATORS B2017","BURLINGTON TOWNSHIP SOCCER FIRE 2017",
"18770967","3/23/2025","12:00 PM","Normal","GATEWAY UTD. - WESTVILLE","F1","","Soccer","U-14","GATEWAY UNITED SOCCER CLUB GUSC WILDCATS B2011","MLU WARRIORS 2011",
"18769270","3/23/2025","1:30 PM","Normal","GATEWAY UTD. - WESTVILLE","F1","","Soccer","U-13","GATEWAY UNITED SOCCER CLUB GUSC STINGRAYS B2012","VINELAND SA JERSEY BOYZ 2012",
"18793233","3/23/2025","3:15 PM","Normal","GATEWAY UTD. - WESTVILLE","S9","","Soccer","U-11","GUSC GREYHOUNDS 2014","WOODSTOWN WOLFPACK 2014",
"18792473","3/23/2025","3:30 PM","Normal","HADD HGTS - DEVON","S7","","Soccer","U-8","HADDON HEIGHTS SC 2017 HAVOC","CINNAMINSON SC RAIDERS 2017",
"18999193","3/23/2025","2:00 PM","Normal","HADD HGTS - DEVON","S9","","Soccer","U-12","HADDON HEIGHTS SC 2013 BEAST BOYS","BERLIN SOCCER CLUB BULLDOGS 2013",
"18783562","3/23/2025","3:30 PM","Normal","HADDON TWP - RECCHINO FIELDS","F1","","Soccer","U-13","HADDON TWP WHITE HAWKS 2012","LOGAN FUSION 2012",
"18755443","3/23/2025","11:00 AM","Normal","HADDONFIELD - CROWS WOODS","F1","","Soccer","U-13","HADDONFIELD SC RED 2012","NORTHERN BURLINGTON SA RANGERS 2012",
"18819046","3/23/2025","12:30 PM","Normal","HADDONFIELD - CROWS WOODS","F1","","Soccer","U-14","HADDONFIELD SC WHITE 2011","WASHINGTON TWP SOCCER CLUB CHAOS 11/12",
"18759180","3/23/2025","12:30 PM","Normal","HADDONFIELD - CROWS WOODS","S7","","Soccer","U-10","HADDONFIELD SC BLACK 2015 B","BURLINGTON TOWNSHIP SOCCER THUNDER2015",
"18758646","3/23/2025","2:00 PM","Normal","HADDONFIELD - CROWS WOODS","S7","","Soccer","U-8","HADDONFIELD SC THUNDER 2017","UPPER TOWNSHIP SA FLASH 2017",
"18752459","3/23/2025","3:30 PM","Normal","HADDONFIELD - CROWS WOODS","S7","","Soccer","U-9","HADDONFIELD SC WHITE 2016","MILLVILLE THUNDER 2016",
"18743089","3/23/2025","2:30 PM","Normal","HADDONFIELD - CROWS WOODS","S9","","Soccer","U-12","HADDONFIELD SC RED 2013","HIGHLAND YOUTH SOCCER CLUB FURY 2013",
"18793368","3/23/2025","3:45 PM","Normal","HADDONFIELD - CROWS WOODS","S9","","Soccer","U-12","HADDONFIELD SC BLACK 2013","WOODSTOWN WOLVERINES 2013",
"18783599","3/23/2025","12:00 PM","Normal","HARRISON - William Wilt Soccer Complex","F1","","Soccer","U-15","HARRISON SC STORM 2010","SWSA BLACK MAMBAS 2011",
"18720839","3/23/2025","1:45 PM","Normal","HARRISON - William Wilt Soccer Complex","F1","","Soccer","U-13","HARRISON SC STRIKERS 2012","WINSLOW DYNAMO 2012",
"18760739","3/23/2025","2:00 PM","Normal","HARRISON - William Wilt Soccer Complex","S7","","Soccer","U-9","HARRISON HORNETS 2016","MEDFORD SC COLUMBIA 2016",
"18753955","3/23/2025","3:30 PM","Normal","HARRISON - William Wilt Soccer Complex","S7","","Soccer","U-8","HARRISON UNITED 2017","MEDFORD SC 2017B NAVY (RENEGADES)",
"18793232","3/23/2025","3:30 PM","Normal","HARRISON - William Wilt Soccer Complex","S9","","Soccer","U-11","HARRISON WAVE 2014","BURLINGTON TOWNSHIP SOCCER DYNAMITE 2014",
"18683038","3/23/2025","11:00 AM","Normal","HIGHLAND - GLOUCESTER TWP PARK","F1","","Soccer","U-19","HIGHLAND YOUTH SOCCER CLUB FUSION","HIGHLAND YOUTH SOCCER CLUB GALAXY 2008",
"18769286","3/23/2025","12:40 PM","Normal","HIGHLAND - GLOUCESTER TWP PARK","F1","","Soccer","U-13","HIGHLAND YOUTH SOCCER CLUB FORCE 2012","MAINLAND UNITED SA MUSTANGS RED 2012 B",
"18685422","3/23/2025","2:10 PM","Normal","HIGHLAND - GLOUCESTER TWP PARK","F1","","Soccer","U-19","HIGHLAND YOUTH SOCCER CLUB HURRICANES 2008","MILLVILLE PHANTOMS 2007",
"18685460","3/23/2025","3:50 PM","Normal","HIGHLAND - GLOUCESTER TWP PARK","F1","","Soccer","U-16","HIGHLAND YOUTH SOCCER CLUB BOYS 2009","TAR-KILL SOCCER CLUB TARKILL BLUE DEVILS 2009",
"18760724","3/23/2025","12:30 PM","Normal","HIGHLAND - GLOUCESTER TWP PARK","S7","","Soccer","U-9","HIGHLAND YOUTH SOCCER CLUB MAYHEM","MOORESTOWN SC WARRIORS 2016",
"18752460","3/23/2025","2:00 PM","Normal","HIGHLAND - GLOUCESTER TWP PARK","S7","","Soccer","U-9","HIGHLAND YOUTH SOCCER CLUB HAVOK 2016","MOORESTOWN SC DRAGONS 2016",
"18760218","3/23/2025","3:30 PM","Normal","HIGHLAND - GLOUCESTER TWP PARK","S7","","Soccer","U-8","HIGHLAND YOUTH SOCCER CLUB BOYS 2017","DELRAN FC RAPTORS 2017",
"18734119","3/23/2025","12:30 PM","Normal","LOGAN - TWP LINE","F1","","Soccer","U-14","LOGAN BLAZE 2011","TBAA TITANS 2011",
"18769271","3/23/2025","2:00 PM","Normal","LOGAN - TWP LINE","F1","","Soccer","U-13","LOGAN FORCE 2012","VOORHEES SA FORCE 2012",
"18760216","3/23/2025","2:00 PM","Normal","LOGAN - TWP LINE","S7","","Soccer","U-8","LOGAN BOOM 2017","CINNAMINSON SC UNION 2017",
"18770605","3/23/2025","3:30 PM","Normal","LOGAN - TWP LINE","S7","","Soccer","U-10","LOGAN ARMADA BLACK 2015","HADDONFIELD SC WHITE 2015 B",
"18772744","3/23/2025","12:30 PM","Normal","LOGAN - TWP LINE","S9","","Soccer","U-11","LOGAN CHARGE BLACK 2014","MARLTON SC CHIEFS BLACK 2014",
"18793367","3/23/2025","3:45 PM","Normal","LOGAN - TWP LINE","S9","","Soccer","U-12","LOGAN FLASH 2013","MILLVILLE REBELS 2013",
"18758645","3/23/2025","3:30 PM","Normal","MAINLAND - MEMORIAL PARK","S7","","Soccer","U-8","MAINLAND UNITED SA MUSTANGS RED 2017 B","EGG HARBOR SC EAGLES 2017",
"18750893","3/23/2025","2:00 PM","Normal","MANTUA TWP","F1","","Soccer","U-14","MANTUA TOWNSHIP SA UNION 2011","BORDENTOWN FC RENEGADES 2011",
"18742804","3/23/2025","12:00 PM","Normal","MANTUA TWP","S7","","Soccer","U-10","MANTUA VIPERS 2015-2016","SWSA HONEY BADGERS 2015",
"18735662","3/23/2025","1:15 PM","Normal","MANTUA TWP","S7","","Soccer","U-8","MANTUA CHAOS 2017","SWSA PANTHERS 2017",
"18762645","3/23/2025","2:30 PM","Normal","MANTUA TWP","S7","","Soccer","U-10","MANTUA TOWNSHIP SA FROGS 2015","MLU WOLFPACK 2015",
"18700934","3/23/2025","3:45 PM","Normal","MANTUA TWP","S7","","Soccer","U-9","MANTUA TOWNSHIP SA MAMBAS 2016","HARRISON LEGENDS 2016",
"18755552","3/23/2025","12:30 PM","Normal","MANTUA TWP","S9","","Soccer","U-11","MANTUA TOWNSHIP SA OUTLAWS 2014","CHERRY HILL SC FORCE 2014",
"18743088","3/23/2025","3:30 PM","Normal","MANTUA TWP","S9","","Soccer","U-12","MANTUA TOWNSHIP SA MTSA ELITE 2014","HADDON HEIGHTS SC 2013 YOUNG BOYS",
"18685421","3/23/2025","1:30 PM","Normal","MAPLE SHADE - TURF FIELD","F1","","Soccer","U-19","MAPLE SHADE AVENGERS 2007","SWSA SCORPIONS 2008",
"18752609","3/23/2025","3:20 PM","Normal","MAPLE SHADE - TURF FIELD","F1","","Soccer","U-15","MAPLE SHADE BEST ELEVEN 2010","HADDONFIELD SC WHITE 2010",
"18700816","3/23/2025","12:00 PM","Normal","MAPLE SHADE - TURF FIELD","S1","","Soccer","U-12","MAPLE SHADE FORCE 2013","HADDONFIELD SC WHITE 2013",
"18754969","3/23/2025","12:00 PM","Normal","MARLTON - MEMORIAL","F1","","Soccer","U-13","MARLTON SC CHIEFS BLACK 2012","MEDFORD SC DESTROYERS 2012",
"18815517","3/23/2025","1:45 PM","Normal","MARLTON - MEMORIAL","F1","","Soccer","U-13","MARLTON SC CHIEFS WHITE 2012","UPPER TOWNSHIP SA FORCE GREEN 2012",
"18818839","3/23/2025","3:20 PM","Normal","MARLTON - MEMORIAL","F1","","Soccer","U-15","MARLTON SC CHIEFS WHITE 2010","MILLVILLE VENOM 2010",
"18700920","3/23/2025","12:30 PM","Normal","MARLTON - MEMORIAL","S7","","Soccer","U-9","MARLTON SC CHIEFS ORANGE 2016","MOORESTOWN SC UNITED 2016",
"18814498","3/23/2025","2:00 PM","Normal","MARLTON - MEMORIAL","S7","","Soccer","U-9","MARLTON SC CHIEFS WHITE 2016","PITMAN SA BOBCATS 2016",
"18695956","3/23/2025","12:30 PM","Normal","MARLTON - MEMORIAL","S9","","Soccer","U-11","MARLTON SC CHIEFS WHITE 2014","MEDFORD STRIKERS 2014 BOYS",
"18761434","3/23/2025","2:00 PM","Normal","MARLTON - MEMORIAL","S9","","Soccer","U-12","MARLTON SC CHIEFS ORANGE 2014","SJ FUTBOL CLUB FLYERS 2014",
"18815162","3/23/2025","3:30 PM","Normal","MARLTON - MEMORIAL","S9","","Soccer","U-11","MARLTON SC CHIEFS ORANGE 2015","DEPTFORD SA UNITED 2014",
"18685423","3/23/2025","12:00 PM","Normal","MEDFORD - BENDE PARK","F1","","Soccer","U-19","MEDFORD SC ","WASHINGTON TWP SOCCER CLUB SPARTANS 2007",
"18734121","3/23/2025","1:45 PM","Normal","MEDFORD - BENDE PARK","F1","","Soccer","U-14","MEDFORD SC RENEGADES 2011","MONROE TOWNSHIP YS UNITED WHITE 2011",
"18770969","3/23/2025","3:30 PM","Normal","MEDFORD - BENDE PARK","F1","","Soccer","U-14","MEDFORD SC COLUMBIA 2011","HARRISON SC ARSENAL 2011",
"18687263","3/23/2025","12:30 PM","Normal","MEDFORD - BENDE PARK","S9","","Soccer","U-12","MEDFORD SC BLUE DEVILS 2013","SJ FUTBOL CLUB SOUNDERS 2013",
"18755539","3/23/2025","2:00 PM","Normal","MEDFORD - BENDE PARK","S9","","Soccer","U-11","MEDFORD SC CAROLINA 2014","HAMMONTON HEAT BOYS 2014",
"18730853","3/23/2025","3:30 PM","Normal","MEDFORD - BENDE PARK","S9","","Soccer","U-11","MEDFORD SC AVENGERS 2014","UPPER TOWNSHIP SA HURRICANES GREEN 2014",
"18685370","3/23/2025","11:00 AM","Normal","MLU-TROTTERS","F1","","Soccer","U-15","MLU FORCE 2010","SJ FUTBOL CLUB WOLVES",
"18685836","3/23/2025","12:40 PM","Normal","MLU-TROTTERS","F1","","Soccer","U-14","MLU FLASH 2011","HARRISON SC THUNDER 2011",
"18999190","3/23/2025","2:30 PM","Normal","MLU-TROTTERS","S9","","Soccer","U-12","MLU GALAXY 2013","PENNSVILLE EAGLES 2013",
"18687232","3/23/2025","3:45 PM","Normal","MLU-TROTTERS","S9","","Soccer","U-12","MLU TIGERS 2013","EAST GREENWICH SA EGSA PANTHERS 2013",
"18815456","3/23/2025","3:30 PM","Normal","MONROE TWP - CORKERY LANE","F1","","Soccer","U-14","MONROE TOWNSHIP YS UNITED BOYS 2011 BLUE","DELRAN FC BLAST 2011",
"18783502","3/23/2025","12:00 PM","Normal","MONROE TWP - CORKERY LANE","S7","","Soccer","U-9","MONROE UNITED 2016 BLUE","LOGAN APOLLO 2016",
"18802316","3/23/2025","1:15 PM","Normal","MONROE TWP - CORKERY LANE","S7","","Soccer","U-9","MONROE UNITED 2016 BOYS","WASHINGTON UNITED SOCCER CLUB WUSC 2016",
"18759181","3/23/2025","2:30 PM","Normal","MONROE TWP - CORKERY LANE","S7","","Soccer","U-10","MONROE TOWNSHIP YS 2015 UNITED BLUE","WOODSTOWN WILD 2015",
"18755362","3/23/2025","12:30 PM","Normal","MONROE TWP - CORKERY LANE","S9","","Soccer","U-11","MONROE TOWNSHIP YS UNITED BOYS 2014 BLUE","TBAA SYNDICATE 2014",
"18761435","3/23/2025","2:00 PM","Normal","MONROE TWP - CORKERY LANE","S9","","Soccer","U-12","MONROE UNITED 2013","EGG HARBOR SC EAGLES WHITE 2013",
"18743087","3/23/2025","3:45 PM","Normal","MONROE TWP - CORKERY LANE","S9","","Soccer","U-12","MONROE TOWNSHIP YS UNITED BOYS 2013 BLUE","HARRISON SC LIGHTNING 2013",
"18815458","3/23/2025","4:00 PM","Normal","MOORESTOWN - MEMORIAL FIELDS","F1","","Soccer","U-14","MOORESTOWN SC BLACK KNIGHTS 2011","VOORHEES SA BLUES 2011",
"18753509","3/23/2025","12:00 PM","Normal","MOORESTOWN - MEMORIAL FIELDS","S7","","Soccer","U-10","MOORESTOWN SC VIPERS 2015","HARRISON STRIKERS 2015",
"18762674","3/23/2025","1:15 PM","Normal","MOORESTOWN - MEMORIAL FIELDS","S7","","Soccer","U-8","MOORESTOWN SC PYTHONS 2017","HARRISON HURRICANES 2017",
"18772714","3/23/2025","2:30 PM","Normal","MOORESTOWN - MEMORIAL FIELDS","S7","","Soccer","U-10","MOORESTOWN SC HORNETS 2015","MEDFORD SC GOLD 2015",
"18759194","3/23/2025","3:45 PM","Normal","MOORESTOWN - MEMORIAL FIELDS","S7","","Soccer","U-10","MOORESTOWN SC DEVIL RAYS 2015","MAINLAND UNITED SA MUSTANGS RED 2015 B",
"18755363","3/23/2025","12:00 PM","Normal","MOORESTOWN - SALEM RD/PRYOR PARK","S9","","Soccer","U-11","MOORESTOWN SC GUARDIANS 2014","MLU COBRAS 2014",
"18747955","3/23/2025","1:15 PM","Normal","MOORESTOWN - SALEM RD/PRYOR PARK","S9","","Soccer","U-11","MOORESTOWN SC WOLVERINES 2014","HARRISON STRIKERS 2014",
"18999192","3/23/2025","2:30 PM","Normal","MOORESTOWN - SALEM RD/PRYOR PARK","S9","","Soccer","U-12","MOORESTOWN SC THUNDER 2013","WINSLOW SHARKS",
"18819047","3/23/2025","11:00 AM","Normal","PAL-RIV - LEGION FIELD 11v11","F1","","Soccer","U-14","PALMYRA RIVERTON SC WARRIORS 2011","MOORESTOWN SC LIGHTNING 2011",
"18683037","3/23/2025","12:30 PM","Normal","PAL-RIV - LEGION FIELD 11v11","F1","","Soccer","U-19","PALMYRA RIVERTON SC LEGACY 2006","MAINLAND UNITED SA MUSTANGS 2009 B",
"18783564","3/23/2025","2:10 PM","Normal","PAL-RIV - LEGION FIELD 11v11","F1","","Soccer","U-13","PALMYRA RIVERTON SC YOUNGBLOODS 2013","WEST DEPTFORD SC UNION 2012",
"18818840","3/23/2025","3:40 PM","Normal","PAL-RIV - LEGION FIELD 11v11","F1","","Soccer","U-15","PALMYRA RIVERTON SC UNION 2010","WOODSTOWN WOLVERINES 2010",
"18762644","3/23/2025","12:00 PM","Normal","PAL-RIV CHARLES STREET SCHOOL Spring Season","S7","","Soccer","U-10","PALMYRA RIVERTON SC NATIONALS 2015","HARRISON BLUE REBELS 2015",
"18822560","3/23/2025","2:30 PM","Normal","PAL-RIV CHARLES STREET SCHOOL Spring Season","S7","","Soccer","U-9","PALMYRA RIVERTON SC LEGENDARY 2016","UPPER TOWNSHIP SA BREAKERS 2016",
"18748980","3/23/2025","3:45 PM","Normal","PAL-RIV CHARLES STREET SCHOOL Spring Season","S7","","Soccer","U-8","PALMYRA RIVERTON SC RIPPERS 2017","WATERFORD ATHLETIC ASSN WINGS 2017",
"18700818","3/23/2025","1:30 PM","Normal","PAL-RIV CHARLES STREET SCHOOL Spring Season","S9","","Soccer","U-12","PALMYRA RIVERTON SC HURRICANES 2013","PITMAN SA TOMCATS 2013",
"18822495","3/23/2025","3:00 PM","Normal","PAL-RIV CHARLES STREET SCHOOL Spring Season","S9","","Soccer","U-11","PALMYRA RIVERTON SC TORNADOES 2014","MEDFORD SC GOLD 2014",
"18770968","3/23/2025","3:30 PM","Normal","PEMBERTON - HIGH SCHOOL","F1","","Soccer","U-14","PEMBERTON SC PUNISHERS 2011","NORTHERN BURLINGTON SA HOOLIGANS 2011",
"18685371","3/23/2025","12:00 PM","Normal","Pennsauken Community Recreation Facility","F1","","Soccer","U-15","PENNSAUKEN YOUTH SOCCER CLUB CYCLONES 2010","BORDENTOWN FC PANTHERS 2010",
"18758201","3/23/2025","1:45 PM","Normal","Pennsauken Community Recreation Facility","F1","","Soccer","U-14","PENNSAUKEN YOUTH SOCCER CLUB WARRIORS 2011","UPPER TOWNSHIP SA TSUNAMIS 2011",
"18763780","3/23/2025","3:30 PM","Normal","Pennsauken Community Recreation Facility","F1","","Soccer","U-13","PENNSAUKEN YOUTH SOCCER CLUB TITANS 2012","NORTHERN BURLINGTON CELTIC 2012",
"18762660","3/23/2025","3:30 PM","Normal","Pennsauken Community Recreation Facility","S7","","Soccer","U-10","PENNSAUKEN YOUTH SOCCER CLUB LIONS 2015","ATLANTIC UNITED PREMIER FIRE 2015 B",
"18756950","3/23/2025","12:30 PM","Normal","Pennsauken Community Recreation Facility","S9","","Soccer","U-12","PENNSAUKEN YOUTH SOCCER CLUB REBELS 2013","VINELAND SA UNITED 2013",
"18695955","3/23/2025","2:00 PM","Normal","Pennsauken Community Recreation Facility","S9","","Soccer","U-11","PENNSAUKEN YOUTH SOCCER CLUB AVENGERS 2014","MAINLAND UNITED SA MUSTANGS RED 2014 B",
"18770604","3/23/2025","12:30 PM","Normal","PENNSVILLE","S7","","Soccer","U-10","PENNSVILLE EAGLES GOLD 2015","HARRISON BLUE ARSENAL 2015",
"18762612","3/23/2025","2:00 PM","Normal","PENNSVILLE","S7","","Soccer","U-10","PENNSVILLE EAGLES BLUE 2015","LOGAN ARMADA BLUE 2015",
"18695873","3/23/2025","2:00 PM","Normal","PG-CP-PED- Carney's Point Rec Center","F1","","Soccer","U-14","PENNS GROVE SC RAGE 2011","EGG HARBOR SC EAGLES 2011/2012 BLACK",
"18696054","3/23/2025","3:30 PM","Normal","PG-CP-PED- Carney's Point Rec Center","S7","","Soccer","U-9","PENNS GROVE SC DRAGONS 2016","EAST GREENWICH SA EGSA LIONS 2016",
"18696001","3/23/2025","12:30 PM","Normal","PG-CP-PED- Carney's Point Rec Center","S9","","Soccer","U-12","PENNS GROVE WILD 2013","HARRISON WOLFPACK 2013",
"18720855","3/23/2025","2:00 PM","Normal","PITTSGROVE-GREEN BRANCH","F1","","Soccer","U-13","PITTSGROVE SOCCER CLUB PSC WARRIORS '12","RANCOCAS VALLEY SC 2012 BOYS AVENGERS",
"18814272","3/23/2025","3:30 PM","Normal","PITTSGROVE-GREEN BRANCH","F1","","Soccer","U-13","PITTSGROVE SOCCER CLUB PSC SPURS '12","CHERRY HILL FC 2012 JUNIORS BLACK",
"18700904","3/23/2025","12:30 PM","Normal","PITTSGROVE-GREEN BRANCH","S7","","Soccer","U-9","PITTSGROVE SOCCER CLUB PSC PRIME WHITE '16","MEDFORD SC GOLD 2016",
"18791888","3/23/2025","2:00 PM","Normal","PITTSGROVE-GREEN BRANCH","S7","","Soccer","U-10","PITTSGROVE SOCCER CLUB PSC GALAXY '15","MARLTON SC CHIEFS WHITE 2015",
"18700935","3/23/2025","3:30 PM","Normal","PITTSGROVE-GREEN BRANCH","S7","","Soccer","U-9","PITTSGROVE SOCCER CLUB PSC PRIME BLACK '16","MLU GLADIATORS 2016",
"18793231","3/23/2025","12:30 PM","Normal","PITTSGROVE-GREEN BRANCH","S9","","Soccer","U-11","PITTSGROVE SOCCER CLUB PSC MAVERICKS '14","NORTHERN BURLINGTON JACKALS 2015",
"18755509","3/23/2025","2:00 PM","Normal","PITTSGROVE-GREEN BRANCH","S9","","Soccer","U-12","PITTSGROVE SOCCER CLUB PSC PYTHONS '13","HAMMONTON HEAT BOYS 2013",
"18701109","3/23/2025","3:30 PM","Normal","PITTSGROVE-GREEN BRANCH","S9","","Soccer","U-11","PITTSGROVE SOCCER CLUB PSC PHANTOMS '14","ATLANTIC UNITED PREMIER KICKERS 2014 B",
"18695871","3/23/2025","1:15 PM","Normal","Rancocas Valley-LUMBERTON MUNICIPAL","F1","","Soccer","U-14","RANCOCAS VALLEY SC BOYS 2011 UNITED","PITMAN SA PUMAS 2011",
"18756986","3/23/2025","12:00 PM","Normal","Rancocas Valley-LUMBERTON MUNICIPAL","S7","","Soccer","U-10","RANCOCAS VALLEY SC 2015 BOYS STEALTH","HADDON HEIGHTS SC 2015 CHEETAHS",
"18761184","3/23/2025","1:15 PM","Normal","Rancocas Valley-LUMBERTON MUNICIPAL","S7","","Soccer","U-8","RANCOCAS VALLEY SC 2017 BOYS PREMIER","WASHINGTON TWP SOCCER CLUB REBELS 2017",
"18752458","3/23/2025","2:30 PM","Normal","Rancocas Valley-LUMBERTON MUNICIPAL","S7","","Soccer","U-9","RANCOCAS VALLEY SC 2016 BOYS UNITED","HADDONFIELD SC GREY 2016",
"18760722","3/23/2025","3:45 PM","Normal","Rancocas Valley-LUMBERTON MUNICIPAL","S7","","Soccer","U-9","RANCOCAS VALLEY SC 2016 BOYS PREMIER","HADDON TWP RED HAWKS 2016",
"18695954","3/23/2025","12:00 PM","Normal","Rancocas Valley-LUMBERTON MUNICIPAL","S9","","Soccer","U-11","RANCOCAS VALLEY SC RVSC '14 - CELTIC","HADDONFIELD SC RED 2014 B",
"18754807","3/23/2025","2:45 PM","Normal","Rancocas Valley-LUMBERTON MUNICIPAL","S9","","Soccer","U-11","RANCOCAS VALLEY SC RVSC - '14 FOREST","WEST DEPTFORD SC AVALANCHE 2014",
"18755507","3/23/2025","4:00 PM","Normal","Rancocas Valley-LUMBERTON MUNICIPAL","S9","","Soccer","U-12","RANCOCAS VALLEY SC 2013 BOYS RONALDO","MEDFORD SC MAYHEM 2013",
"18820557","3/23/2025","2:00 PM","Normal","SENECA - STONEY CREEK FIELDS","F1","","Soccer","U-13","SENECA UNITED SC PRIDE 2012","PITMAN SA JAGUARS 2012",
"18761498","3/23/2025","12:30 PM","Normal","SENECA - STONEY CREEK FIELDS","S7","","Soccer","U-10","SENECA UNITED SC RAPTORS 2015","MEDFORD SC COLUMBIA 2015",
"18814497","3/23/2025","2:00 PM","Normal","SENECA - STONEY CREEK FIELDS","S7","","Soccer","U-9","SENECA UNITED SC RAPTORS 2016","WEST DEPTFORD SC WILDCATS 2016",
"18700888","3/23/2025","3:30 PM","Normal","SENECA - STONEY CREEK FIELDS","S7","","Soccer","U-9","SENECA UNITED SC EAGLES 2016","HADDONFIELD SC BLACK 2016 B",
"18815161","3/23/2025","12:30 PM","Normal","SENECA - STONEY CREEK FIELDS","S9","","Soccer","U-11","SENECA UNITED SC THUNDER 2014","SWSA LIGHTNING 2014",
"19024859","3/23/2025","11:00 AM","Normal","SW-Locke Avenue Park","F1","","Soccer","U-16","SWSA FORCE 2009","PENNSVILLE EAGLES 2010/2009",
"18734120","3/23/2025","12:40 PM","Normal","SW-Locke Avenue Park","F1","","Soccer","U-14","SWSA RED FLAMES 2011","BORDENTOWN FC JAGUARS 2011",
"18755445","3/23/2025","2:10 PM","Normal","SW-Locke Avenue Park","F1","","Soccer","U-13","SWSA SHARKS 2012","PENNSVILLE EAGLES 2012",
"18754968","3/23/2025","3:40 PM","Normal","SW-Locke Avenue Park","F1","","Soccer","U-13","SWSA CYCLONES 2012/2013","PITTSGROVE SOCCER CLUB PSC REVOLUTION '13",
"18793459","3/23/2025","12:30 PM","Normal","SW-Locke Avenue Park","S7","","Soccer","U-9","SWSA VENOM 2016","NORTHERN BURLINGTON BOOM 2016",
"18753511","3/23/2025","2:00 PM","Normal","SW-Locke Avenue Park","S7","","Soccer","U-10","SWSA STRIKERS 2015","DEPTFORD SA LIGHTNING 2015",
"18760217","3/23/2025","3:30 PM","Normal","SW-Locke Avenue Park","S7","","Soccer","U-8","SWSA FIREBALLS 2017","AUDUBON BOYS 2017 TEAM 2",
"18720840","3/23/2025","12:30 PM","Normal","TARKILL-STERLING HS","F1","","Soccer","U-13","TAR-KILL SOCCER CLUB TARKILL LIVERPOOL 2012","CINNAMINSON SC CHARGE 2012",
"18820558","3/23/2025","2:00 PM","Normal","TARKILL-STERLING HS","F1","","Soccer","U-13","TAR-KILL SOCCER CLUB TARKILL BARCELONA 2012","WINSLOW GREEN DRAGONS 2012",
"18822530","3/23/2025","3:30 PM","Normal","TARKILL-STERLING HS","S7","","Soccer","U-9","TAR-KILL SOCCER CLUB TARKILL 2016 BOYS","FTYSA UNITED 2016",
"18730852","3/23/2025","2:00 PM","Normal","TARKILL-STERLING HS","S9","","Soccer","U-11","TAR-KILL SOCCER CLUB TARKILL CHELSEA 2014","VOORHEES SA KNIGHTS 2014",
"18687265","3/23/2025","3:45 PM","Normal","TARKILL-STERLING HS","S9","","Soccer","U-12","TAR-KILL SOCCER CLUB TARKILL KNIGHTS 2013","MARLTON SC CHIEFS WHITE 2013",
"18752610","3/23/2025","1:30 PM","Normal","TBAA-VALLEY BROOK","F1","","Soccer","U-15","TBAA DYNAMO 2010","EAST GREENWICH SA EGSA CHARGERS 2010",
"18735661","3/23/2025","1:00 PM","Normal","TBAA-VALLEY BROOK","S7","","Soccer","U-8","TBAA REVOLUTION 2017","AUDUBON CROSSFIRE",
"18783310","3/23/2025","2:30 PM","Normal","TBAA-VALLEY BROOK","S7","","Soccer","U-9","TBAA KNIGHTS 2016","MEDFORD SC WHITE 2016",
"18747954","3/23/2025","12:00 PM","Normal","TBAA-VALLEY BROOK","S9","","Soccer","U-11","TBAA REVOLUTION 2014","WATERFORD ATHLETIC ASSN WINGS 2014",
"18730851","3/23/2025","3:30 PM","Normal","TBAA-VALLEY BROOK","S9","","Soccer","U-11","TBAA REVOLUTION 2015","TBAA OUTLAWS 2014",
"18761499","3/23/2025","12:30 PM","Normal","UPPER TWP-Amanda's Field Complex","S7","","Soccer","U-10","UPPER TOWNSHIP SA COMETS WHITE 2015","SJ FUTBOL CLUB RAMS 2015",
"18771998","3/23/2025","2:00 PM","Normal","UPPER TWP-Amanda's Field Complex","S7","","Soccer","U-10","UPPER TOWNSHIP SA COMETS GREEN 2015","MAINLAND UNITED SA MUSTANGS BLACK 2015 B",
"18793398","3/23/2025","3:30 PM","Normal","UPPER TWP-Amanda's Field Complex","S7","","Soccer","U-10","UPPER TOWNSHIP SA SUPER SONICS 2015","MILLVILLE PREDATORS 2015",
"18815531","3/23/2025","3:30 PM","Normal","VINELAND SA","F1","","Soccer","U-13","VINELAND SA FURY 2012","ATLANTIC UNITED PREMIER KICKERS 2013 B",
"18757003","3/23/2025","2:00 PM","Normal","VINELAND SA","S7","","Soccer","U-10","VINELAND AVENGERS 2015","WINSLOW TITANS 2015",
"18815518","3/23/2025","3:30 PM","Normal","VOORHEES-EASTERN HS","F1","","Soccer","U-13","VOORHEES SA PREDATORS 2013","BURLINGTON TOWNSHIP SOCCER DRAGONS 2012",
"18755583","3/23/2025","11:00 AM","Normal","VOORHEES-Echelon Complex","S7","","Soccer","U-10","VOORHEES SA COBRAS 2015","MLU KNIGHTS 2015 BOYS",
"18783503","3/23/2025","1:15 PM","Normal","VOORHEES-Echelon Complex","S7","","Soccer","U-9","VOORHEES SA TITANS 2016","UPPER TOWNSHIP SA THUNDER 2016",
"18792475","3/23/2025","2:30 PM","Normal","VOORHEES-Echelon Complex","S7","","Soccer","U-8","VOORHEES SA VENOM 2017","MLU EAGLES 2017",
"18761186","3/23/2025","3:45 PM","Normal","VOORHEES-Echelon Complex","S7","","Soccer","U-8","VOORHEES SA BLUE DEVILS 2017","DELRAN FC 2017 DEVILS",
"18687234","3/23/2025","12:30 PM","Normal","VOORHEES-Echelon Complex","S9","","Soccer","U-12","VOORHEES COSMOS 2013","MARLTON SC CHIEFS BLACK 2013",
"18821223","3/23/2025","2:00 PM","Normal","VOORHEES-Echelon Complex","S9","","Soccer","U-11","VOORHEES SA VIKINGS 2014","DELRAN FC COBRAS 2015",
"18815486","3/23/2025","12:30 PM","Normal","W DEPTFORD-WD PARK","F1","","Soccer","U-14","WEST DEPTFORD SC WOLFPACK 2011","DELRAN FC FLASH 2011",
"18763779","3/23/2025","2:00 PM","Normal","W DEPTFORD-WD PARK","F1","","Soccer","U-13","WEST DEPTFORD SC WARRIORS 2013","HADDONFIELD SC BLACK 2012",
"18760215","3/23/2025","12:00 PM","Normal","W DEPTFORD-WD PARK","S7","","Soccer","U-8","WEST DEPTFORD SC DRAGONS 2017","MOORESTOWN SC HAWKS 2017",
"18822561","3/23/2025","1:15 PM","Normal","W DEPTFORD-WD PARK","S7","","Soccer","U-9","WEST DEPTFORD SC TSUNAMI 2016","HARRISON HURRICANES 2016",
"18762613","3/23/2025","2:30 PM","Normal","W DEPTFORD-WD PARK","S7","","Soccer","U-10","WEST DEPTFORD SC COBRAS 2015","PITMAN SA WILDCATS 2015",
"18771999","3/23/2025","3:45 PM","Normal","W DEPTFORD-WD PARK","S7","","Soccer","U-10","WEST DEPTFORD SC ANIMALS 2015","EGG HARBOR SC EAGLES 2015 WHITE",
"18772745","3/23/2025","3:30 PM","Normal","W DEPTFORD-WD PARK","S9","","Soccer","U-11","WEST DEPTFORD SC EAGLES 2014","PITMAN SA BENGALS 2014",
"18793397","3/23/2025","12:30 PM","Normal","WASHINGTON TWP. - Levy Fields (Virtua)","S7","","Soccer","U-10","WASHINGTON TWP SOCCER CLUB RAPTORS 2015","BERLIN SOCCER CLUB BERSERKERS 2015",
"18793458","3/23/2025","2:00 PM","Normal","WASHINGTON TWP. - Levy Fields (Virtua)","S7","","Soccer","U-9","WASHINGTON TWP SOCCER CLUB THUNDER 2016","AUDUBON 2016 BOYS",
"18762675","3/23/2025","3:30 PM","Normal","WASHINGTON TWP. - Levy Fields (Virtua)","S7","","Soccer","U-8","WASHINGTON TWP SOCCER CLUB WOLVES 2017","PITMAN SA PANTHERS 2017",
"18815163","3/23/2025","12:30 PM","Normal","WASHINGTON TWP-WASH LAKE PARK","S9","","Soccer","U-11","WASHINGTON TWP SOCCER CLUB TERROR 2014","VOORHEES SA LIGHTNING 2014",
"18815487","3/23/2025","11:30 AM","Normal","WOODBURY","F1","","Soccer","U-14","WOODBURY SOCCER CLUB WOODBURY ARMORY 2011","WASHINGTON TWP SOCCER CLUB REGULATORS 2011",
"18820555","3/23/2025","2:30 PM","Normal","WOODBURY","F1","","Soccer","U-13","COSC KNIGHTS 2012","BERLIN SOCCER CLUB BALL BREAKERS 2012",
"18771384","3/23/2025","2:30 PM","Normal","WOODBURY","S7","","Soccer","U-10","WOODBURY BOLTS","NORTHERN BURLINGTON STORM 2015",
"18748981","3/23/2025","3:45 PM","Normal","WOODBURY","S7","","Soccer","U-8","WOODBURY WARRIORS","WEST DEPTFORD SC WARRIORS 2017",
"18999191","3/23/2025","1:00 PM","Normal","WOODBURY","S9","","Soccer","U-12","WOODBURY SOCCER CLUB WOODBURY BISON 2013","MAINLAND UNITED SA MUSTANGS WHITE 2013-14 B",
"18685838","3/25/2025","7:00 PM","Normal","PITTSGROVE-GREEN BRANCH","F1","","Soccer","U-14","PITTSGROVE SOCCER CLUB PSC WOLVES '11","DEPTFORD SA TORNADOES 2011",
"18752615","3/30/2025","12:30 PM","Normal","AUDUBON - GREEN WAVE PARK","F1","","Soccer","U-15","AUDUBON SOCCER YOUTH UNITED 2010","CHERRY HILL SC THUNDERBOLTS (2010-2011)",
"18755448","3/30/2025","2:00 PM","Normal","AUDUBON - GREEN WAVE PARK","F1","","Soccer","U-13","AUDUBON SOCCER YOUTH BALLERS 2012","HADDONFIELD SC RED 2012",
"18735664","3/30/2025","11:00 AM","Normal","AUDUBON - GREEN WAVE PARK","S7","","Soccer","U-8","AUDUBON CROSSFIRE","HADDONFIELD SC FIRE 2017",
"18771387","3/30/2025","3:30 PM","Normal","AUDUBON - GREEN WAVE PARK","S7","","Soccer","U-10","AUDUBON BOYS 2015","WOODBURY BOLTS",
"18760221","3/30/2025","4:45 PM","Normal","AUDUBON - GREEN WAVE PARK","S7","","Soccer","U-8","AUDUBON BOYS 2017 TEAM 2","HIGHLAND YOUTH SOCCER CLUB BOYS 2017",
"18755512","3/30/2025","3:30 PM","Normal","AUDUBON - GREEN WAVE PARK","S9","","Soccer","U-12","AUDUBON SOCCER YOUTH WILD WINGS 2013","RANCOCAS VALLEY SC 2013 BOYS RONALDO",
"18820559","3/30/2025","12:30 PM","Normal","BERLIN SC - FRANKLIN FIELDS","F1","","Soccer","U-13","BERLIN SOCCER CLUB BALL BREAKERS 2012","CHERRY HILL SC ROYALS 2012",
"18793400","3/30/2025","2:00 PM","Normal","BERLIN SC - FRANKLIN FIELDS","S7","","Soccer","U-10","BERLIN SOCCER CLUB BERSERKERS 2015","HADDON TWP RED HAWKS 2015",
"18999194","3/30/2025","3:30 PM","Normal","BERLIN SC - FRANKLIN FIELDS","S9","","Soccer","U-12","BERLIN SOCCER CLUB BULLDOGS 2013","WASHINGTON TWP SOCCER CLUB RAPTORS 2013",
"18685375","3/30/2025","12:00 PM","Normal","BORDENTOWN - FRIENDSHIP FIELDS","F1","","Soccer","U-15","BORDENTOWN FC PANTHERS 2010","MLU FORCE 2010",
"18750897","3/30/2025","1:45 PM","Normal","BORDENTOWN - FRIENDSHIP FIELDS","F1","","Soccer","U-14","BORDENTOWN FC RENEGADES 2011","CHERRY HILL FC 2011 STALLIONS",
"18734124","3/30/2025","3:30 PM","Normal","BORDENTOWN - FRIENDSHIP FIELDS","F1","","Soccer","U-14","BORDENTOWN FC JAGUARS 2011","LOGAN BLAZE 2011",
"18783462","3/30/2025","2:30 PM","Normal","BORDENTOWN - FRIENDSHIP FIELDS","S7","","Soccer","U-8","BORDENTOWN FC REVOLUTION 2017","HADDON TWP. RED HAWKS 2017",
"18783313","3/30/2025","3:45 PM","Normal","BORDENTOWN - FRIENDSHIP FIELDS","S7","","Soccer","U-9","BORDENTOWN FC REVOLUTION 2016","SWSA HAVOC 2016",
"18815490","3/30/2025","2:00 PM","Normal","BURLINGTON TWP - PINEWALD AVE","F1","","Soccer","U-14","BURLINGTON TOWNSHIP SOCCER REBELS 2011","WOODBURY SOCCER CLUB WOODBURY ARMORY 2011",
"18815520","3/30/2025","3:30 PM","Normal","BURLINGTON TWP - PINEWALD AVE","F1","","Soccer","U-13","BURLINGTON TOWNSHIP SOCCER DRAGONS 2012","MARLTON SC CHIEFS WHITE 2012",
"18770608","3/30/2025","12:30 PM","Normal","BURLINGTON TWP - PINEWALD AVE","S7","","Soccer","U-10","BURLINGTON TOWNSHIP SOCCER PHOENIX 2015","LOGAN ARMADA BLACK 2015",
"18759184","3/30/2025","2:00 PM","Normal","BURLINGTON TWP - PINEWALD AVE","S7","","Soccer","U-10","BURLINGTON TOWNSHIP SOCCER THUNDER2015","MAINLAND UNITED SA MUSTANGS RED 2015 B",
"18792478","3/30/2025","3:30 PM","Normal","BURLINGTON TWP - PINEWALD AVE","S7","","Soccer","U-8","BURLINGTON TOWNSHIP SOCCER FIRE 2017","VOORHEES SA VENOM 2017",
"18793236","3/30/2025","12:30 PM","Normal","BURLINGTON TWP - PINEWALD AVE","S9","","Soccer","U-11","BURLINGTON TOWNSHIP SOCCER DYNAMITE 2014","PITTSGROVE SOCCER CLUB PSC MAVERICKS '14",
"18772015","3/30/2025","3:30 PM","Normal","CAPE EX SOCCER COMPLEX At Ockie Wisting","S7","","Soccer","U-10","CAPE EXPRESS CE SILVER STREAK 2015","MAINLAND UNITED SA MUSTANGS BLACK 2015 B",
"18758203","3/30/2025","12:00 PM","Normal","CHFC - DeCOU","F1","","Soccer","U-14","CHERRY HILL FC 2011 AVENGERS","CAPE EXPRESS SURGE 2011",
"18814274","3/30/2025","4:00 PM","Normal","CHFC - DeCOU","F1","","Soccer","U-13","CHERRY HILL FC 2012 JUNIORS BLACK","DELRAN FC SOCCER DELRAN FC UNITED 2013",
"18793401","3/30/2025","1:30 PM","Normal","CHFC - DeCOU","S7 - Grass 7v7/D6","","Soccer","U-10","CHERRY HILL FC 2015 JUNIORS BLACK","UPPER TOWNSHIP SA SUPER SONICS 2015",
"18822533","3/30/2025","2:45 PM","Normal","CHFC - DeCOU","S7 - Grass 7v7/D6","","Soccer","U-9","CHERRY HILL FC 2016 JUNIOR BLACK","TAR-KILL SOCCER CLUB TARKILL 2016 BOYS",
"18783446","3/30/2025","12:30 PM","Normal","CHSC - UPPER CHAPEL TURF","S7","","Soccer","U-8","CHERRY HILL SC COBRAS 2017","MEDFORD SC 2017B WHITE (LIGHTNING)",
"18802321","3/30/2025","2:00 PM","Normal","CHSC - UPPER CHAPEL TURF","S7","","Soccer","U-9","CHERRY HILL SC THUNDER (2016)","MONROE UNITED 2016 BOYS",
"18761500","3/30/2025","3:30 PM","Normal","CHSC - UPPER CHAPEL TURF","S7","","Soccer","U-10","CHERRY HILL SC COMETS (2015)","UPPER TOWNSHIP SA COMETS WHITE 2015",
"18783481","3/30/2025","11:00 AM","Normal","CHSC - UPPER CHAPEL TURF","S9","","Soccer","U-11","CHERRY HILL SC UNION 2015","CHERRY HILL FC 2015 JUNIOR RED",
"18720844","3/30/2025","12:30 PM","Normal","CINNAMINSON SC - MEMORIAL","F1","","Soccer","U-13","CINNAMINSON SC CHARGE 2012","HARRISON SC STRIKERS 2012",
"18754974","3/30/2025","2:00 PM","Normal","CINNAMINSON SC - MEMORIAL","F1","","Soccer","U-13","CINNAMINSON SC SKULLS 2012","CHERRY HILL SC COBRAS 2012",
"18720600","3/30/2025","12:30 PM","Normal","CINNAMINSON SC - MEMORIAL","S7","","Soccer","U-9","CINNAMINSON SC LIGHTNING 2016","DELRAN FC SOCCER SHARKS 2016",
"18792477","3/30/2025","2:00 PM","Normal","CINNAMINSON SC - MEMORIAL","S7","","Soccer","U-8","CINNAMINSON SC RAIDERS 2017","GUSC GATORS B2017",
"18760220","3/30/2025","3:30 PM","Normal","CINNAMINSON SC - MEMORIAL","S7","","Soccer","U-8","CINNAMINSON SC UNION 2017","SWSA FIREBALLS 2017",
"18701098","3/30/2025","12:30 PM","Normal","CINNAMINSON SC - MEMORIAL","S9","","Soccer","U-11","CINNAMINSON SC CHARGERS 2014","CAPE EXPRESS CE ENGINEERS 2014",
"18793369","3/30/2025","2:00 PM","Normal","CINNAMINSON SC - MEMORIAL","S9","","Soccer","U-12","CINNAMINSON SC STRIKERS 2013","HADDONFIELD SC BLACK 2013",
"18821226","3/30/2025","3:30 PM","Normal","CINNAMINSON SC - MEMORIAL","S9","","Soccer","U-11","CINNAMINSON SC AVENGERS 2014","COSC OUTLAWS 2014",
"18762616","3/30/2025","3:30 PM","Normal","CLAYTON - BENTZ","S7","","Soccer","U-10","CLAYTON SA CLIPPERS 2015","WEST DEPTFORD SC COBRAS 2015",
"18815459","3/30/2025","12:30 PM","Normal","Delran Middle School","Delran Middle School F1","","Soccer","U-14","DELRAN FC BLAST 2011","MOORESTOWN SC BLACK KNIGHTS 2011",
"18815489","3/30/2025","2:00 PM","Normal","Delran Middle School","Delran Middle School F1","","Soccer","U-14","DELRAN FC FLASH 2011","CINNAMINSON SC STORM 2011",
"18802320","3/30/2025","12:00 PM","Normal","DELRAN-DEUTSCH FIELD","S7","","Soccer","U-9","DELRAN FC UNION 2016","EAST GREENWICH SA EGSA CHAOS 2016",
"18760222","3/30/2025","2:30 PM","Normal","DELRAN-DEUTSCH FIELD","S7","","Soccer","U-8","DELRAN FC RAPTORS 2017","WEST DEPTFORD SC DRAGONS 2017",
"18761188","3/30/2025","3:45 PM","Normal","DELRAN-DEUTSCH FIELD","S7","","Soccer","U-8","DELRAN FC 2017 DEVILS","CINNAMINSON SC RED 2017",
"18821225","3/30/2025","1:15 PM","Normal","DELRAN-DEUTSCH FIELD","S9","","Soccer","U-11","DELRAN FC COBRAS 2015","EGG HARBOR SC EAGLES 2014",
"18783480","3/30/2025","3:45 PM","Normal","DELRAN-DEUTSCH FIELD","S9","","Soccer","U-11","DELRAN FC SOCCER DELRAN FC KNIGHTS 2014","CHERRY HILL SC UNITED 2014",
"18685463","3/30/2025","12:00 PM","Normal","DEPTFORD SC","F1","","Soccer","U-16","DEPTFORD AVENGERS 2009","HIGHLAND YOUTH SOCCER CLUB BOYS 2009",
"18814273","3/30/2025","1:45 PM","Normal","DEPTFORD SC","F1","","Soccer","U-13","DEPTFORD SA THUNDER 2012","PITTSGROVE SOCCER CLUB PSC SPURS '12",
"18753513","3/30/2025","12:30 PM","Normal","DEPTFORD SC","S7","","Soccer","U-10","DEPTFORD SA LIGHTNING 2015","CHERRY HILL SC WARRIORS 2015",
"18815166","3/30/2025","11:00 AM","Normal","DEPTFORD SC","S9","","Soccer","U-11","DEPTFORD SA UNITED 2014","SENECA UNITED SC THUNDER 2014",
"18821166","3/30/2025","3:30 PM","Normal","DEPTFORD SC","S9","","Soccer","U-12","DEPTFORD SA TORNADOES 2013","UPPER TOWNSHIP SA CYCLONES 2013",
"18752614","3/30/2025","1:30 PM","Normal","E GREENWICH - THOMPSON FAMILY PARK","F1","","Soccer","U-15","EAST GREENWICH SA EGSA CHARGERS 2010","CINNAMINSON SC PIRATES 2010",
"18685462","3/30/2025","3:20 PM","Normal","E GREENWICH - THOMPSON FAMILY PARK","F1","","Soccer","U-16","EAST GREENWICH SA EGSA THUNDER 2009","BURLINGTON TOWNSHIP SOCCER CELTIC 2010",
"18696056","3/30/2025","12:30 PM","Normal","E GREENWICH - THOMPSON FAMILY PARK","S7","","Soccer","U-9","EAST GREENWICH SA EGSA LIONS 2016","BARRINGTON SC STORM 2016",
"18755570","3/30/2025","2:00 PM","Normal","E GREENWICH - THOMPSON FAMILY PARK","S7","","Soccer","U-10","EAST GREENWICH SA EGSA BLACK KNIGHTS 2015","MLU KNIGHTS 2015 BOYS",
"18772731","3/30/2025","3:30 PM","Normal","E GREENWICH - THOMPSON FAMILY PARK","S7","","Soccer","U-10","EAST GREENWICH SA EGSA TIGERS 2015","MEDFORD SC GOLD 2015",
"18687235","3/30/2025","12:00 PM","Normal","E GREENWICH - THOMPSON FAMILY PARK","S9","","Soccer","U-12","EAST GREENWICH SA EGSA PANTHERS 2013","VOORHEES COSMOS 2013",
"18695875","3/30/2025","12:30 PM","Normal","Egg Harbor Twp HS","Field 1 (11 v 11)","","Soccer","U-14","EGG HARBOR SC EAGLES 2011/2012 BLACK","CHERRY HILL FC 2011/2012 COBRAS",
"18761437","3/30/2025","11:00 AM","Normal","Egg Harbor Twp HS","Field 4 (9 v 9)","","Soccer","U-12","EGG HARBOR SC EAGLES WHITE 2013","MARLTON SC CHIEFS ORANGE 2014",
"18772001","3/30/2025","2:00 PM","Normal","Egg Harbor Twp HS","Field 5 (7 v 7)","","Soccer","U-10","EGG HARBOR SC EAGLES 2015 WHITE","UPPER TOWNSHIP SA COMETS GREEN 2015",
"18758648","3/30/2025","3:30 PM","Normal","Egg Harbor Twp HS","Field 5 (7 v 7)","","Soccer","U-8","EGG HARBOR SC EAGLES 2017","CAPE EXPRESS CE 2017 BARCA",
"18752616","3/30/2025","12:00 PM","Normal","FRANKLIN TWP YOUTH COMPLEX","F1","","Soccer","U-15","FTYSA STORM 2010","MAPLE SHADE BEST ELEVEN 2010",
"18822534","3/30/2025","2:00 PM","Normal","FRANKLIN TWP YOUTH COMPLEX","S7","","Soccer","U-9","FTYSA UNITED 2016","COSC SPARTANS 2016",
"18696057","3/30/2025","3:30 PM","Normal","FRANKLIN TWP YOUTH COMPLEX","S7","","Soccer","U-9","FTYSA JERSEY DEVILS 2016","CINNAMINSON SC CHAOS 2016",
"18783297","3/30/2025","2:00 PM","Normal","GATEWAY UTD. - LANGSTON FIELD","S7","","Soccer","U-9","GATEWAY UNITED SOCCER CLUB GUSC THUNDER B2016","MEDFORD SC WHITE 2016",
"18783506","3/30/2025","3:30 PM","Normal","GATEWAY UTD. - LANGSTON FIELD","S7","","Soccer","U-9","GATEWAY UNITED SOCCER CLUB GUSC GATORS B2016/2017","VOORHEES SA TITANS 2016",
"18683043","3/30/2025","12:00 PM","Normal","GATEWAY UTD. - WESTVILLE","F1","","Soccer","U-19","GATEWAY UNITED SOCCER CLUB GUSC WARRIORS B2006","BORDENTOWN FC 2006",
"18822562","3/30/2025","2:45 PM","Normal","HADD HGTS - DEVON","S7","","Soccer","U-9","HADDON HEIGHTS SC 2016 RUCKUS","WEST DEPTFORD SC TSUNAMI 2016",
"18756989","3/30/2025","4:00 PM","Normal","HADD HGTS - DEVON","S7","","Soccer","U-10","HADDON HEIGHTS SC 2015 CHEETAHS","MEDFORD SC WHITE 2015",
"18743092","3/30/2025","11:00 AM","Normal","HADD HGTS - DEVON","S9","","Soccer","U-12","HADDON HEIGHTS SC 2013 YOUNG BOYS","MONROE TOWNSHIP YS UNITED BOYS 2013 BLUE",
"18755542","3/30/2025","12:15 PM","Normal","HADD HGTS - DEVON","S9","","Soccer","U-11","HADDON HEIGHTS SC 2014 MIGHTY TITANS","CHERRY HILL SC FORCE 2014",
"18763782","3/30/2025","12:30 PM","Normal","HADDONFIELD - CROWS WOODS","F1","","Soccer","U-13","HADDONFIELD SC BLACK 2012","EPAA  UNITED 2012",
"18752613","3/30/2025","2:00 PM","Normal","HADDONFIELD - CROWS WOODS","F1","","Soccer","U-15","HADDONFIELD SC WHITE 2010","TBAA DYNAMO 2010",
"18750895","3/30/2025","3:40 PM","Normal","HADDONFIELD - CROWS WOODS","F1","","Soccer","U-14","HADDONFIELD SC RED 2011","EGG HARBOR SC EAGLES BLACK 2011",
"18755572","3/30/2025","12:30 PM","Normal","HADDONFIELD - CROWS WOODS","S7","","Soccer","U-10","HADDONFIELD SC RED 2015 B","CINNAMINSON SC PRIME 2015",
"18752461","3/30/2025","2:00 PM","Normal","HADDONFIELD - CROWS WOODS","S7","","Soccer","U-9","HADDONFIELD SC GREY 2016","HIGHLAND YOUTH SOCCER CLUB HAVOK 2016",
"18700891","3/30/2025","3:30 PM","Normal","HADDONFIELD - CROWS WOODS","S7","","Soccer","U-9","HADDONFIELD SC BLACK 2016 B","MEDFORD SC GOLD 2016",
"18695957","3/30/2025","12:30 PM","Normal","HADDONFIELD - CROWS WOODS","S9","","Soccer","U-11","HADDONFIELD SC RED 2014 B","MARLTON SC CHIEFS WHITE 2014",
"18700819","3/30/2025","2:00 PM","Normal","HADDONFIELD - CROWS WOODS","S9","","Soccer","U-12","HADDONFIELD SC WHITE 2013","PALMYRA RIVERTON SC HURRICANES 2013",
"18747960","3/30/2025","3:30 PM","Normal","HADDONFIELD - CROWS WOODS","S9","","Soccer","U-11","HADDONFIELD SC BLACK 2014","BORDENTOWN FC UNION 2014",
"18819048","3/30/2025","12:00 PM","Normal","HAMMONTON - MOSS MILL RD PARK SOCCER COMPLEX","F1","","Soccer","U-14","HAMMONTON HEAT BOYS 2011","PALMYRA RIVERTON SC WARRIORS 2011",
"18762678","3/30/2025","1:30 PM","Normal","HAMMONTON - MOSS MILL RD PARK SOCCER COMPLEX","S7","","Soccer","U-8","HAMMONTON HEAT BOYS 2017","WASHINGTON TWP SOCCER CLUB WOLVES 2017",
"18755511","3/30/2025","2:45 PM","Normal","HAMMONTON - MOSS MILL RD PARK SOCCER COMPLEX","S9","","Soccer","U-12","HAMMONTON HEAT BOYS 2013","EGG HARBOR SC EAGLES 2013 BLACK",
"18755541","3/30/2025","4:00 PM","Normal","HAMMONTON - MOSS MILL RD PARK SOCCER COMPLEX","S9","","Soccer","U-11","HAMMONTON HEAT BOYS 2014","AUDUBON ATTACK - BOYS 2014",
"18783567","3/30/2025","11:00 AM","Normal","HARRISON - William Wilt Soccer Complex","F1","","Soccer","U-13","HARRISON WILDCATS 2012","HADDON TWP WHITE HAWKS 2012",
"18770971","3/30/2025","12:30 PM","Normal","HARRISON - William Wilt Soccer Complex","F1","","Soccer","U-14","HARRISON SC ARSENAL 2011","PEMBERTON SC PUNISHERS 2011",
"18683040","3/30/2025","2:00 PM","Normal","HARRISON - William Wilt Soccer Complex","F1","","Soccer","U-19","HARRISON TITANS FvöTBOL ACADEMY","PALMYRA RIVERTON SC LEGACY 2006",
"18685839","3/30/2025","3:40 PM","Normal","HARRISON - William Wilt Soccer Complex","F1","","Soccer","U-14","HARRISON SC THUNDER 2011","PITTSGROVE SOCCER CLUB PSC WOLVES '11",
"18753512","3/30/2025","12:00 PM","Normal","HARRISON - William Wilt Soccer Complex","S7","","Soccer","U-10","HARRISON STRIKERS 2015","SWSA STRIKERS 2015",
"18770607","3/30/2025","1:15 PM","Normal","HARRISON - William Wilt Soccer Complex","S7","","Soccer","U-10","HARRISON BLUE ARSENAL 2015","CINNAMINSON SC PIRATES SEA DOGS 2015",
"18762677","3/30/2025","2:30 PM","Normal","HARRISON - William Wilt Soccer Complex","S7","","Soccer","U-8","HARRISON HURRICANES 2017","DEPTFORD SA SCORPIONS 2017",
"18762647","3/30/2025","3:45 PM","Normal","HARRISON - William Wilt Soccer Complex","S7","","Soccer","U-10","HARRISON BLUE REBELS 2015","ATLANTIC UNITED PREMIER FIRE 2015 B",
"18747959","3/30/2025","12:30 PM","Normal","HARRISON - William Wilt Soccer Complex","S9","","Soccer","U-11","HARRISON STRIKERS 2014","CHERRY HILL SC WHITE (2014)",
"18696003","3/30/2025","2:00 PM","Normal","HARRISON - William Wilt Soccer Complex","S9","","Soccer","U-12","HARRISON WOLFPACK 2013","CHERRY HILL FC 2013 RED HAWKS",
"18743090","3/30/2025","3:30 PM","Normal","HARRISON - William Wilt Soccer Complex","S9","","Soccer","U-12","HARRISON SC LIGHTNING 2013","HADDONFIELD SC RED 2013",
"18683042","3/30/2025","11:00 AM","Normal","HIGHLAND - GLOUCESTER TWP PARK","F1","","Soccer","U-19","HIGHLAND YOUTH SOCCER CLUB GALAXY 2008","BURLINGTON TOWNSHIP SOCCER BULLS 2007-2008",
"18685440","3/30/2025","12:45 PM","Normal","HIGHLAND - GLOUCESTER TWP PARK","F1","","Soccer","U-19","HIGHLAND YOUTH SOCCER CLUB HURRICANES 2008","WASHINGTON TWP SOCCER CLUB SPARTANS 2007",
"18769274","3/30/2025","2:30 PM","Normal","HIGHLAND - GLOUCESTER TWP PARK","F1","","Soccer","U-13","HIGHLAND YOUTH SOCCER CLUB FORCE 2012","LOGAN FORCE 2012",
"18763783","3/30/2025","4:00 PM","Normal","HIGHLAND - GLOUCESTER TWP PARK","F1","","Soccer","U-13","HIGHLAND YOUTH SOCCER CLUB MUSTANGS 2012","PENNSAUKEN YOUTH SOCCER CLUB TITANS 2012",
"18772000","3/30/2025","1:15 PM","Normal","HIGHLAND - GLOUCESTER TWP PARK","S7","","Soccer","U-10","HIGHLAND YOUTH SOCCER CLUB LIGHTNING 2015","WEST DEPTFORD SC ANIMALS 2015",
"18772716","3/30/2025","2:30 PM","Normal","HIGHLAND - GLOUCESTER TWP PARK","S7","","Soccer","U-10","HIGHLAND YOUTH SOCCER CLUB STORM 2015","DEPTFORD SA THUNDER 2015",
"18743091","3/30/2025","12:00 PM","Normal","HIGHLAND - GLOUCESTER TWP PARK","S9","","Soccer","U-12","HIGHLAND YOUTH SOCCER CLUB FURY 2013","MANTUA TOWNSHIP SA MTSA ELITE 2014",
"18772746","3/30/2025","3:45 PM","Normal","HIGHLAND - GLOUCESTER TWP PARK","S9","","Soccer","U-11","HIGHLAND YOUTH SOCCER CLUB THUNDER 2014","WEST DEPTFORD SC EAGLES 2014",
"18783565","3/30/2025","12:30 PM","Normal","LOGAN - TWP LINE","F1","","Soccer","U-13","LOGAN FUSION 2012","PALMYRA RIVERTON SC YOUNGBLOODS 2013",
"18822532","3/30/2025","12:30 PM","Normal","LOGAN - TWP LINE","S7","","Soccer","U-9","LOGAN SUPERNOVA 2016","CINNAMINSON SC TITANS 2016",
"18783505","3/30/2025","2:00 PM","Normal","LOGAN - TWP LINE","S7","","Soccer","U-9","LOGAN APOLLO 2016","ATLANTIC UNITED PREMIER RED 2016/2017 B",
"18762615","3/30/2025","3:30 PM","Normal","LOGAN - TWP LINE","S7","","Soccer","U-10","LOGAN ARMADA BLUE 2015","DEPTFORD SA CYCLONES 2015",
"18754811","3/30/2025","2:00 PM","Normal","LOGAN - TWP LINE","S9","","Soccer","U-11","LOGAN CHARGE BLUE 2014","EAST GREENWICH SA EGSA EAGLES 2014",
"18720599","3/30/2025","2:30 PM","Normal","MAINLAND - MEMORIAL PARK","S7","","Soccer","U-9","MAINLAND UNITED SA MUSTANGS RED 2016 B","HADDONFIELD SC RED 2016",
"18758663","3/30/2025","3:45 PM","Normal","MAINLAND - MEMORIAL PARK","S7","","Soccer","U-8","MAINLAND UNITED SA MUSTANGS RED 2017 B","UPPER TOWNSHIP SA FLASH 2017",
"18687268","3/30/2025","12:00 PM","Normal","MAINLAND - MEMORIAL PARK","S9","","Soccer","U-12","MAINLAND UNITED SA MUSTANGS RED 2013 B","MEDFORD SC BLUE DEVILS 2013",
"18999196","3/30/2025","1:15 PM","Normal","MAINLAND - MEMORIAL PARK","S9","","Soccer","U-12","MAINLAND UNITED SA MUSTANGS WHITE 2013-14 B","MOORESTOWN SC THUNDER 2013",
"18762663","3/30/2025","1:15 PM","Normal","MANTUA TWP","S7","","Soccer","U-10","MANTUA TOWNSHIP SA FROGS 2015","PENNSAUKEN YOUTH SOCCER CLUB LIONS 2015",
"18700922","3/30/2025","2:30 PM","Normal","MANTUA TWP","S7","","Soccer","U-9","MANTUA TOWNSHIP SA MAMBAS 2016","MLU GLADIATORS 2016",
"18742822","3/30/2025","3:45 PM","Normal","MANTUA TWP","S7","","Soccer","U-10","MANTUA VIPERS 2015-2016","MAINLAND UNITED SA MUSTANGS WHITE 2015-16 B",
"18755540","3/30/2025","12:00 PM","Normal","MANTUA TWP","S9","","Soccer","U-11","MANTUA TOWNSHIP SA OUTLAWS 2014","MEDFORD SC CAROLINA 2014",
"18791892","3/30/2025","12:30 PM","Normal","MAPLE SHADE - TURF FIELD","S1","","Soccer","U-10","MAPLE SHADE WILD 2015","CINNAMINSON SC BANDITS 2015",
"18793462","3/30/2025","2:00 PM","Normal","MAPLE SHADE - TURF FIELD","S1","","Soccer","U-9","MAPLE SHADE SHARKS 2016","SWSA VENOM 2016",
"18748982","3/30/2025","3:30 PM","Normal","MAPLE SHADE - TURF FIELD","S1","","Soccer","U-8","MAPLE SHADE CHAOS 2017","WOODBURY WARRIORS",
"18791891","3/30/2025","3:45 PM","Normal","MARLTON - MEMORIAL","S7","","Soccer","U-10","MARLTON SC CHIEFS WHITE 2015","VOORHEES SA PYTHONS 2015",
"18687236","3/30/2025","12:00 PM","Normal","MARLTON - MEMORIAL","S9","","Soccer","U-12","MARLTON SC CHIEFS BLACK 2013","CHERRY HILL SC FORCE 2013",
"18687267","3/30/2025","1:15 PM","Normal","MARLTON - MEMORIAL","S9","","Soccer","U-12","MARLTON SC CHIEFS WHITE 2013","CHERRY HILL SC THUNDER 2013",
"18772748","3/30/2025","2:30 PM","Normal","MARLTON - MEMORIAL","S9","","Soccer","U-11","MARLTON SC CHIEFS BLACK 2014","EAST GREENWICH SA EGSA STARS 2014",
"18754973","3/30/2025","12:30 PM","Normal","MEDFORD - BENDE PARK","F1","","Soccer","U-13","MEDFORD SC DESTROYERS 2012","FTYSA CRUSADERS 2012",
"18755510","3/30/2025","2:00 PM","Normal","MEDFORD - BENDE PARK","S9","","Soccer","U-12","MEDFORD SC MAYHEM 2013","PITTSGROVE SOCCER CLUB PSC PYTHONS '13",
"18822499","3/30/2025","3:30 PM","Normal","MEDFORD - BENDE PARK","S9","","Soccer","U-11","MEDFORD SC GOLD 2014","DELRAN FC HAWKS 2014",
"18750896","3/30/2025","12:00 PM","Normal","MEDFORD STRIKERS - ARK ROAD COMPLEX","F1","","Soccer","U-14","MEDFORD STRIKERS 2011 BOYS","MANTUA TOWNSHIP SA UNION 2011",
"18756990","3/30/2025","4:00 PM","Normal","MEDFORD STRIKERS - ARK ROAD COMPLEX","S7","","Soccer","U-10","MEDFORD STRIKERS 2015 BOYS","WINSLOW TITANS 2015",
"18695958","3/30/2025","1:30 PM","Normal","MEDFORD STRIKERS - ARK ROAD COMPLEX","S9","","Soccer","U-11","MEDFORD STRIKERS 2014 BOYS","PENNSAUKEN YOUTH SOCCER CLUB AVENGERS 2014",
"18756953","3/30/2025","2:45 PM","Normal","MEDFORD STRIKERS - ARK ROAD COMPLEX","S9","","Soccer","U-12","MEDFORD STRIKERS 2013 BOYS","PENNSAUKEN YOUTH SOCCER CLUB REBELS 2013",
"18685426","3/30/2025","12:00 PM","Normal","MILLVILLE SOCCER COMPLEX","F1","","Soccer","U-19","MILLVILLE PHANTOMS 2007","MAPLE SHADE AVENGERS 2007",
"18820560","3/30/2025","1:45 PM","Normal","MILLVILLE SOCCER COMPLEX","F1","","Soccer","U-13","MILLVILLE LYNX 2012","SENECA UNITED SC PRIDE 2012",
"18818843","3/30/2025","3:20 PM","Normal","MILLVILLE SOCCER COMPLEX","F1","","Soccer","U-15","MILLVILLE VENOM 2010","ATLANTIC UNITED PREMIER STRIKERS 2010/11 B",
"18793402","3/30/2025","1:15 PM","Normal","MILLVILLE SOCCER COMPLEX","S7","","Soccer","U-10","MILLVILLE PREDATORS 2015","WASHINGTON TWP SOCCER CLUB RAPTORS 2015",
"18791893","3/30/2025","2:30 PM","Normal","MILLVILLE SOCCER COMPLEX","S7","","Soccer","U-10","MILLVILLE WARRIORS 2015","PITTSGROVE SOCCER CLUB PSC GALAXY '15",
"18752463","3/30/2025","3:45 PM","Normal","MILLVILLE SOCCER COMPLEX","S7","","Soccer","U-9","MILLVILLE THUNDER 2016","RANCOCAS VALLEY SC 2016 BOYS UNITED",
"18793371","3/30/2025","12:00 PM","Normal","MILLVILLE SOCCER COMPLEX","S9","","Soccer","U-12","MILLVILLE REBELS 2013","COSC TITANS 2013",
"18720598","3/30/2025","12:00 PM","Normal","MLU-MARNE HWY","S7-1","","Soccer","U-9","MLU REVOLUTION 2016","ATLANTIC UNITED PREMIER BLACK 2016 B",
"18792479","3/30/2025","1:15 PM","Normal","MLU-MARNE HWY","S7-1","","Soccer","U-8","MLU EAGLES 2017","HADDON TWP. WHITE HAWKS 2017",
"18762649","3/30/2025","2:30 PM","Normal","MLU-MARNE HWY","S7-1","","Soccer","U-10","MLU WOLFPACK 2015","PALMYRA RIVERTON SC NATIONALS 2015",
"18771386","3/30/2025","3:45 PM","Normal","MLU-MARNE HWY","S7-1","","Soccer","U-10","MLU SHARKS 2015","EGG HARBOR SC EAGLES 2015 BLACK",
"18770970","3/30/2025","2:00 PM","Normal","MLU-TROTTERS","F1","","Soccer","U-14","MLU WARRIORS 2011","MEDFORD SC COLUMBIA 2011",
"18685854","3/30/2025","3:30 PM","Normal","MLU-TROTTERS","F1","","Soccer","U-14","MLU FLASH 2011","MAINLAND UNITED SA MUSTANGS RED 2011 B",
"18755365","3/30/2025","12:30 PM","Normal","MLU-TROTTERS","S9","","Soccer","U-11","MLU COBRAS 2014","MONROE TOWNSHIP YS UNITED BOYS 2014 BLUE",
"18687250","3/30/2025","2:00 PM","Normal","MLU-TROTTERS","S9","","Soccer","U-12","MLU TIGERS 2013","HIGHLAND YOUTH SOCCER CLUB CHAOS 2013",
"18761436","3/30/2025","3:30 PM","Normal","MLU-TROTTERS","S9","","Soccer","U-12","MLU LIGHTNING 2014","MONROE UNITED 2013",
"18734123","3/30/2025","2:00 PM","Normal","MONROE TWP - CORKERY LANE","F1","","Soccer","U-14","MONROE TOWNSHIP YS UNITED WHITE 2011","SWSA RED FLAMES 2011",
"18753944","3/30/2025","3:45 PM","Normal","MONROE TWP - CORKERY LANE","S7","","Soccer","U-8","MONROE TOWNSHIP YS 2017 MONROE UNITED","CHERRY HILL SC DYNAMO (2017)",
"18819049","3/30/2025","12:30 PM","Normal","MOORESTOWN - MEMORIAL FIELDS","F1","","Soccer","U-14","MOORESTOWN SC LIGHTNING 2011","HADDONFIELD SC WHITE 2011",
"18752462","3/30/2025","12:30 PM","Normal","MOORESTOWN - MEMORIAL FIELDS","S7","","Soccer","U-9","MOORESTOWN SC DRAGONS 2016","HADDONFIELD SC WHITE 2016",
"18760726","3/30/2025","2:00 PM","Normal","MOORESTOWN - MEMORIAL FIELDS","S7","","Soccer","U-9","MOORESTOWN SC WARRIORS 2016","MEDFORD SC COLUMBIA 2016",
"18700893","3/30/2025","3:30 PM","Normal","MOORESTOWN - MEMORIAL FIELDS","S7","","Soccer","U-9","MOORESTOWN SC RENEGADES 2016","SENECA UNITED SC EAGLES 2016",
"18700821","3/30/2025","12:30 PM","Normal","MOORESTOWN - SALEM RD/PRYOR PARK","S9","","Soccer","U-12","MOORESTOWN SC DRAGONS 2013","MAPLE SHADE FORCE 2013",
"18821151","3/30/2025","2:00 PM","Normal","MOORESTOWN - SALEM RD/PRYOR PARK","S9","","Soccer","U-12","MOORESTOWN SC RAPTORS 2013","FTYSA ENFORCERS 2013",
"18756952","3/30/2025","3:30 PM","Normal","MOORESTOWN - SALEM RD/PRYOR PARK","S9","","Soccer","U-12","MOORESTOWN SC GOLDEN EAGLES 2013","CAPE EXPRESS CE 2014 UNION",
"18770972","3/30/2025","11:00 AM","Normal","NB- MANSFIELD TOWNSHIP ELEMENTARY SCHOOL","F1","","Soccer","U-14","NORTHERN BURLINGTON SA HOOLIGANS 2011","GATEWAY UNITED SOCCER CLUB GUSC WILDCATS B2011",
"18763784","3/30/2025","12:30 PM","Normal","NB- MANSFIELD TOWNSHIP ELEMENTARY SCHOOL","F1","","Soccer","U-13","NORTHERN BURLINGTON CELTIC 2012","WEST DEPTFORD SC WARRIORS 2013",
"18754971","3/30/2025","2:00 PM","Normal","NB- MANSFIELD TOWNSHIP ELEMENTARY SCHOOL","F1","","Soccer","U-13","NORTHERN BURLINGTON SA BLUES 2013","SWSA CYCLONES 2012/2013",
"18755446","3/30/2025","3:30 PM","Normal","NB- MANSFIELD TOWNSHIP ELEMENTARY SCHOOL","F1","","Soccer","U-13","NORTHERN BURLINGTON SA RANGERS 2012","SWSA SHARKS 2012",
"18793463","3/30/2025","1:30 PM","Normal","NB- MANSFIELD TOWNSHIP ELEMENTARY SCHOOL","S7","","Soccer","U-9","NORTHERN BURLINGTON BOOM 2016","WASHINGTON TWP SOCCER CLUB THUNDER 2016",
"18771388","3/30/2025","2:45 PM","Normal","NB- MANSFIELD TOWNSHIP ELEMENTARY SCHOOL","S7","","Soccer","U-10","NORTHERN BURLINGTON STORM 2015","CHERRY HILL FC 2015 JUNIOR WHITE",
"18792476","3/30/2025","4:00 PM","Normal","NB- MANSFIELD TOWNSHIP ELEMENTARY SCHOOL","S7","","Soccer","U-8","NORTHERN BURLINGTON FORCE 2017","HADDON HEIGHTS SC 2017 HAVOC",
"18755364","3/30/2025","11:00 AM","Normal","NB- MANSFIELD TOWNSHIP ELEMENTARY SCHOOL","S9","","Soccer","U-11","NORTHERN BURLINGTON BLUE DEVILS 2014","MOORESTOWN SC GUARDIANS 2014",
"18793234","3/30/2025","12:15 PM","Normal","NB- MANSFIELD TOWNSHIP ELEMENTARY SCHOOL","S9","","Soccer","U-11","NORTHERN BURLINGTON JACKALS 2015","GUSC GREYHOUNDS 2014",
"19024862","3/30/2025","2:30 PM","Normal","PENNSVILLE","F1","","Soccer","U-16","PENNSVILLE EAGLES 2010/2009","BURLINGTON TOWNSHIP SOCCER FUSION 2009",
"18755447","3/30/2025","4:00 PM","Normal","PENNSVILLE","F1","","Soccer","U-13","PENNSVILLE EAGLES 2012","EAST GREENWICH SA EGSA VENOM 2012",
"18999197","3/30/2025","12:00 PM","Normal","PENNSVILLE","S9","","Soccer","U-12","PENNSVILLE EAGLES 2013","WOODBURY SOCCER CLUB WOODBURY BISON 2013",
"18822498","3/30/2025","1:15 PM","Normal","PENNSVILLE","S9","","Soccer","U-11","PENNSVILLE EAGLES 2014","PALMYRA RIVERTON SC TORNADOES 2014",
"18695874","3/30/2025","12:00 PM","Normal","PITMAN - ALCYON LAKE","F1","","Soccer","U-14","PITMAN SA PUMAS 2011","PENNS GROVE SC RAGE 2011",
"18820561","3/30/2025","1:30 PM","Normal","PITMAN - ALCYON LAKE","F1","","Soccer","U-13","PITMAN SA JAGUARS 2012","TAR-KILL SOCCER CLUB TARKILL BARCELONA 2012",
"18814502","3/30/2025","1:15 PM","Normal","PITMAN - Dell","S7","","Soccer","U-9","PITMAN SA BOBCATS 2016","SENECA UNITED SC RAPTORS 2016",
"18762617","3/30/2025","2:30 PM","Normal","PITMAN - Dell","S7","","Soccer","U-10","PITMAN SA WILDCATS 2015","PENNSVILLE EAGLES BLUE 2015",
"18762679","3/30/2025","3:45 PM","Normal","PITMAN - Dell","S7","","Soccer","U-8","PITMAN SA PANTHERS 2017","MOORESTOWN SC PYTHONS 2017",
"18772747","3/30/2025","12:00 PM","Normal","PITMAN-LAMBS ROAD","S9","","Soccer","U-11","PITMAN SA BENGALS 2014","LOGAN CHARGE BLACK 2014",
"18700820","3/30/2025","3:30 PM","Normal","PITMAN-LAMBS ROAD","S9","","Soccer","U-12","PITMAN SA TOMCATS 2013","BARRINGTON SC REVOLUTION 2013",
"18720843","3/30/2025","12:30 PM","Normal","PITTSGROVE-GREEN BRANCH","F1","","Soccer","U-13","PITTSGROVE SOCCER CLUB PSC WARRIORS '12","TAR-KILL SOCCER CLUB TARKILL LIVERPOOL 2012",
"18754972","3/30/2025","2:00 PM","Normal","PITTSGROVE-GREEN BRANCH","F1","","Soccer","U-13","PITTSGROVE SOCCER CLUB PSC REVOLUTION '13","MARLTON SC CHIEFS BLACK 2012",
"18735665","3/30/2025","12:00 PM","Normal","PITTSGROVE-GREEN BRANCH","S7","","Soccer","U-8","PITTSGROVE SOCCER CLUB PSC PREDATORS ‚Äò17","MANTUA CHAOS 2017",
"18758649","3/30/2025","1:15 PM","Normal","PITTSGROVE-GREEN BRANCH","S7","","Soccer","U-8","PITTSGROVE SOCCER CLUB PSC RAPTORS ‚Äò17","HADDONFIELD SC THUNDER 2017",
"18700892","3/30/2025","2:30 PM","Normal","PITTSGROVE-GREEN BRANCH","S7","","Soccer","U-9","PITTSGROVE SOCCER CLUB PSC PRIME WHITE '16","CHERRY HILL SC 72S 2016",
"18700923","3/30/2025","3:45 PM","Normal","PITTSGROVE-GREEN BRANCH","S7","","Soccer","U-9","PITTSGROVE SOCCER CLUB PSC PRIME BLACK '16","MARLTON SC CHIEFS ORANGE 2016",
"18701097","3/30/2025","3:45 PM","Normal","PITTSGROVE-GREEN BRANCH","S9","","Soccer","U-11","PITTSGROVE SOCCER CLUB PSC PHANTOMS '14","FTYSA STORM 2014",
"18695889","3/30/2025","12:30 PM","Normal","Rancocas Valley-LUMBERTON MUNICIPAL","F1","","Soccer","U-14","RANCOCAS VALLEY SC BOYS 2011 UNITED","MAINLAND UNITED SA MUSTANGS WHITE 2011-12 B",
"18695972","3/30/2025","2:00 PM","Normal","Rancocas Valley-LUMBERTON MUNICIPAL","S9","","Soccer","U-11","RANCOCAS VALLEY SC RVSC '14 - CELTIC","MAINLAND UNITED SA MUSTANGS RED 2014 B",
"18754825","3/30/2025","3:30 PM","Normal","Rancocas Valley-LUMBERTON MUNICIPAL","S9","","Soccer","U-11","RANCOCAS VALLEY SC RVSC - '14 FOREST","HAMILTON ELITE FC PREMIER 2015B",
"19024860","3/30/2025","1:30 PM","Normal","SJFC - UPPER DEERFIELD RECREATION COMPLEX","F1","","Soccer","U-16","SJ FUTBOL CLUB RAPIDS 2009","WINSLOW VIPERS 2009",
"18685373","3/30/2025","3:20 PM","Normal","SJFC - UPPER DEERFIELD RECREATION COMPLEX","F1","","Soccer","U-15","SJ FUTBOL CLUB WOLVES","EPAA  WIZARDS 2010",
"18761189","3/30/2025","1:00 PM","Normal","SJFC - UPPER DEERFIELD RECREATION COMPLEX","S7","","Soccer","U-8","SJ FUTBOL CLUB HAMMERS 2017","RANCOCAS VALLEY SC 2017 BOYS PREMIER",
"18761501","3/30/2025","2:15 PM","Normal","SJFC - UPPER DEERFIELD RECREATION COMPLEX","S7","","Soccer","U-10","SJ FUTBOL CLUB RAMS 2015","SENECA UNITED SC RAPTORS 2015",
"18687266","3/30/2025","12:00 PM","Normal","SJFC - UPPER DEERFIELD RECREATION COMPLEX","S9","","Soccer","U-12","SJ FUTBOL CLUB SOUNDERS 2013","TAR-KILL SOCCER CLUB TARKILL KNIGHTS 2013",
"18761438","3/30/2025","3:45 PM","Normal","SJFC - UPPER DEERFIELD RECREATION COMPLEX","S9","","Soccer","U-12","SJ FUTBOL CLUB FLYERS 2014","CAPE EXPRESS AVENGERS 2013",
"18685424","3/30/2025","1:30 PM","Normal","SW-Locke Avenue Park","F1","","Soccer","U-19","SWSA SCORPIONS 2008","MEDFORD SC ",
"18783601","3/30/2025","3:20 PM","Normal","SW-Locke Avenue Park","F1","","Soccer","U-15","SWSA BLACK MAMBAS 2011","HIGHLAND YOUTH SOCCER CLUB RAPTORS 2010",
"18742808","3/30/2025","1:00 PM","Normal","SW-Locke Avenue Park","S7","","Soccer","U-10","SWSA HONEY BADGERS 2015","COHANSEY SC DYNAMO 2015",
"18772717","3/30/2025","2:30 PM","Normal","SW-Locke Avenue Park","S7","","Soccer","U-10","SWSA GUNNERS 2015","MOORESTOWN SC HORNETS 2015",
"18735666","3/30/2025","3:45 PM","Normal","SW-Locke Avenue Park","S7","","Soccer","U-8","SWSA PANTHERS 2017","TBAA REVOLUTION 2017",
"18815164","3/30/2025","12:00 PM","Normal","SW-Locke Avenue Park","S9","","Soccer","U-11","SWSA LIGHTNING 2014","WASHINGTON TWP SOCCER CLUB TERROR 2014",
"18685464","3/30/2025","12:30 PM","Normal","TARKILL-STERLING HS","F1","","Soccer","U-16","TAR-KILL SOCCER CLUB TARKILL BLUE DEVILS 2009","NORTHERN BURLINGTON SA BULLDOGS 2009",
"18747961","3/30/2025","2:30 PM","Normal","TARKILL-STERLING HS","S9","","Soccer","U-11","TAR-KILL SOCCER CLUB TARKILL 2015 BLUE","TBAA REVOLUTION 2014",
"18734122","3/30/2025","12:00 PM","Normal","TBAA-VALLEY BROOK","F1","","Soccer","U-14","TBAA TITANS 2011","MEDFORD SC RENEGADES 2011",
"19024861","3/30/2025","1:40 PM","Normal","TBAA-VALLEY BROOK","F1","","Soccer","U-16","TBAA STORM 2009","SWSA FORCE 2009",
"18783298","3/30/2025","3:30 PM","Normal","TBAA-VALLEY BROOK","S7","","Soccer","U-9","TBAA KNIGHTS 2016","CAPE EXPRESS CE NOR'EASTERS 2016",
"18730854","3/30/2025","2:00 PM","Normal","TBAA-VALLEY BROOK","S9","","Soccer","U-11","TBAA OUTLAWS 2014","MEDFORD SC AVENGERS 2014",
"18755366","3/30/2025","3:30 PM","Normal","TBAA-VALLEY BROOK","S9","","Soccer","U-11","TBAA SYNDICATE 2014","HADDON TWP WHITE HAWKS 2015",
"18815521","3/30/2025","2:00 PM","Normal","UPPER TWP-Amanda's Field Complex","F1","","Soccer","U-13","UPPER TOWNSHIP SA FORCE GREEN 2012","ATLANTIC UNITED PREMIER KICKERS 2013 B",
"18758205","3/30/2025","3:30 PM","Normal","UPPER TWP-Amanda's Field Complex","F1","","Soccer","U-14","UPPER TOWNSHIP SA TSUNAMIS 2011","CINNAMINSON SC VIPERS 2011",
"18822564","3/30/2025","1:00 PM","Normal","UPPER TWP-Amanda's Field Complex","S7","","Soccer","U-9","UPPER TOWNSHIP SA BREAKERS 2016","COSC WARRIORS 2016",
"18783507","3/30/2025","2:15 PM","Normal","UPPER TWP-Amanda's Field Complex","S7","","Soccer","U-9","UPPER TOWNSHIP SA THUNDER 2016","MONROE UNITED 2016 BLUE",
"18730855","3/30/2025","12:30 PM","Normal","UPPER TWP-Amanda's Field Complex","S9","","Soccer","U-11","UPPER TOWNSHIP SA HURRICANES GREEN 2014","TAR-KILL SOCCER CLUB TARKILL CHELSEA 2014",
"18701096","3/30/2025","3:45 PM","Normal","UPPER TWP-Amanda's Field Complex","S9","","Soccer","U-11","UPPER TOWNSHIP SA HURRICANES WHITE 2014","ATLANTIC UNITED PREMIER KICKERS 2014 B",
"18769273","3/30/2025","12:30 PM","Normal","VINELAND SA","F1","","Soccer","U-13","VINELAND SA JERSEY BOYZ 2012","MAINLAND UNITED SA MUSTANGS RED 2012 B",
"18815461","3/30/2025","2:00 PM","Normal","VINELAND SA","F1","","Soccer","U-14","VINELAND SA STRIKERS 2011","MONROE TOWNSHIP YS UNITED BOYS 2011 BLUE",
"18815519","3/30/2025","3:30 PM","Normal","VINELAND SA","F1","","Soccer","U-13","VINELAND SA FURY 2012","VOORHEES SA PREDATORS 2013",
"18756991","3/30/2025","12:30 PM","Normal","VINELAND SA","S7","","Soccer","U-10","VINELAND AVENGERS 2015","RANCOCAS VALLEY SC 2015 BOYS STEALTH",
"18756954","3/30/2025","2:00 PM","Normal","VINELAND SA","S9","","Soccer","U-12","VINELAND SA UNITED 2013","CINNAMINSON SC THUNDERBIRDS 2013",
"18696004","3/30/2025","3:30 PM","Normal","VINELAND SA","S9","","Soccer","U-12","VINELAND TERMINATORS 2013","BURLINGTON TOWNSHIP SOCCER STRIKERS 2013",
"18815460","3/30/2025","11:00 AM","Normal","VOORHEES-EASTERN HS","F1","","Soccer","U-14","VOORHEES SA BLUES 2011","WINSLOW WILDCATS 2011",
"18783591","3/30/2025","12:30 PM","Normal","VOORHEES-EASTERN HS","F1","","Soccer","U-15","VOORHEES SA WARRIORS 2010","EAST GREENWICH SA EGSA BLAZE 2010",
"18758204","3/30/2025","2:15 PM","Normal","VOORHEES-EASTERN HS","F1","","Soccer","U-14","VOORHEES SA ATTACK 2011","PENNSAUKEN YOUTH SOCCER CLUB WARRIORS 2011",
"18769275","3/30/2025","3:45 PM","Normal","VOORHEES-EASTERN HS","F1","","Soccer","U-13","VOORHEES SA FORCE 2012","GATEWAY UNITED SOCCER CLUB GUSC STINGRAYS B2012",
"18755571","3/30/2025","12:30 PM","Normal","VOORHEES-Echelon Complex","S7","","Soccer","U-10","VOORHEES SA COBRAS 2015","AUDUBON SOCCER YOUTH BOYS 2015 - HAMMERS",
"18814501","3/30/2025","2:00 PM","Normal","VOORHEES-Echelon Complex","S7","","Soccer","U-9","VOORHEES SA DESTROYERS 2016","MARLTON SC CHIEFS WHITE 2016",
"18730856","3/30/2025","12:30 PM","Normal","VOORHEES-Echelon Complex","S9","","Soccer","U-11","VOORHEES SA KNIGHTS 2014","TBAA REVOLUTION 2015",
"18815165","3/30/2025","2:00 PM","Normal","VOORHEES-Echelon Complex","S9","","Soccer","U-11","VOORHEES SA LIGHTNING 2014","MARLTON SC CHIEFS ORANGE 2015",
"18821152","3/30/2025","3:30 PM","Normal","VOORHEES-Echelon Complex","S9","","Soccer","U-12","VOORHEES SA RAPTORS 2013","EAST GREENWICH SA EGSA DYNAMO 2013",
"18783566","3/30/2025","12:00 PM","Normal","W DEPTFORD-WD PARK","F1","","Soccer","U-13","WEST DEPTFORD SC UNION 2012","DELRAN FC SOCCER GREY 2013B",
"18748983","3/30/2025","1:30 PM","Normal","W DEPTFORD-WD PARK","S7","","Soccer","U-8","WEST DEPTFORD SC WARRIORS 2017","PALMYRA RIVERTON SC RIPPERS 2017",
"18814500","3/30/2025","2:45 PM","Normal","W DEPTFORD-WD PARK","S7","","Soccer","U-9","WEST DEPTFORD SC WILDCATS 2016","EGG HARBOR SC EAGLES 2016 BLACK",
"18754810","3/30/2025","4:00 PM","Normal","W DEPTFORD-WD PARK","S9","","Soccer","U-11","WEST DEPTFORD SC AVALANCHE 2014","FTYSA KNIGHTS 2014",
"18761187","3/30/2025","12:00 PM","Normal","WASHINGTON TWP. - Levy Fields (Virtua)","S7","","Soccer","U-8","WASHINGTON TWP SOCCER CLUB REBELS 2017","VOORHEES SA BLUE DEVILS 2017",
"18802319","3/30/2025","1:15 PM","Normal","WASHINGTON TWP. - Levy Fields (Virtua)","S7","","Soccer","U-9","WASHINGTON UNITED SOCCER CLUB WUSC 2016","EGG HARBOR SC EAGLES 2016 WHITE",
"18753514","3/30/2025","2:30 PM","Normal","WASHINGTON TWP. - Levy Fields (Virtua)","S7","","Soccer","U-10","WASHINGTON UNITED SOCCER CLUB WUSC 2015","MOORESTOWN SC VIPERS 2015",
"18753945","3/30/2025","3:45 PM","Normal","WASHINGTON TWP. - Levy Fields (Virtua)","S7","","Soccer","U-8","WASHINGTON UNITED SOCCER CLUB WUSC 2017","MEDFORD SC 2017B NAVY (RENEGADES)",
"18685374","3/30/2025","12:00 PM","Normal","WASHINGTON TWP-WASH LAKE PARK","F1","","Soccer","U-15","WASHINGTON TWP SOCCER CLUB RENEGADES 2010","PENNSAUKEN YOUTH SOCCER CLUB CYCLONES 2010",
"18814258","3/30/2025","1:45 PM","Normal","WASHINGTON TWP-WASH LAKE PARK","F1","","Soccer","U-13","WASHINGTON TWP SOCCER CLUB PREDATORS 2012","CAPE EXPRESS WHITE CAPS 2012",
"18815491","3/30/2025","3:30 PM","Normal","WASHINGTON TWP-WASH LAKE PARK","F1","","Soccer","U-14","WASHINGTON TWP SOCCER CLUB REGULATORS 2011","WEST DEPTFORD SC WOLFPACK 2011",
"18821224","3/30/2025","2:00 PM","Normal","WASHINGTON TWP-WASH LAKE PARK","S9","","Soccer","U-11","WASHINGTON TWP SOCCER CLUB WARRIORS 2014","VOORHEES SA VIKINGS 2014",
"18696002","3/30/2025","3:30 PM","Normal","WASHINGTON TWP-WASH LAKE PARK","S9","","Soccer","U-12","WASHINGTON TWP SOCCER CLUB DAREDEVILS 2013","PENNS GROVE WILD 2013",
"18747958","3/30/2025","2:00 PM","Normal","WATERFORD - BURNT MILL FIELD","S1","","Soccer","U-11","WATERFORD ATHLETIC ASSN WINGS 2014","MOORESTOWN SC WOLVERINES 2014",
"18742806","3/30/2025","3:30 PM","Normal","WATERFORD - BURNT MILL FIELD","S1","","Soccer","U-10","WATERFORD ATHLETIC ASSN WINGS 2015","EPAA  WARRIORS 2015",
"18818842","3/30/2025","12:00 PM","Normal","WOODSTOWN","F1","","Soccer","U-15","WOODSTOWN WOLVERINES 2010","MARLTON SC CHIEFS WHITE 2010",
"18759183","3/30/2025","4:15 PM","Normal","WOODSTOWN","S7","","Soccer","U-10","WOODSTOWN WILD 2015","HADDONFIELD SC BLACK 2015 B",
"18793370","3/30/2025","1:45 PM","Normal","WOODSTOWN","S9","","Soccer","U-12","WOODSTOWN WOLVERINES 2013","LOGAN FLASH 2013",
"18793235","3/30/2025","3:00 PM","Normal","WOODSTOWN","S9","","Soccer","U-11","WOODSTOWN WOLFPACK 2014","HARRISON WAVE 2014",
