Date,Time,Game ID,Custom Game ID,Partner,Sport,Level,Home Team,Away Team,Site,Subsite,BillTo
08/22/2024,18:00,17058566,,GotSport,Soccer,U-10,BERLIN SOCCER CLUB BERSERKERS 2015,MONROE TOWNSHIP YS UNITED BLUE 2015,BERLIN SC - FRANKLIN FIELDS,,
09/08/2024,11:00,16795649,,GotSport,Soccer,U-13,LOGAN FUSION 2012,HADDON TWP WHITE HAWKS 2012,LOGAN - TWP LINE,,
09/08/2024,11:00,16795769,,GotSport,Soccer,U-13,CINNAMINSON SC SKULLS 2012,PENNSAUKEN YOUTH SOCCER CLUB OUTLAWS 2012,CINNAMINSON SC - MEMORIAL,,
09/08/2024,11:00,16795724,,GotSport,Soccer,U-11,SWEDESBORO WOOLWICH SOCCER ASSOC. SWSA LIGHTNING 2014,HIGHLAND YOUTH SOCCER CLUB THUNDER 2014,SW-Locke Avenue Park,,
09/08/2024,11:00,16796357,,GotSport,Soccer,U-13,MEDFORD SC DESTROYERS 2012,PITMAN SA JAGUARS 2012,MEDFORD - BENDE PARK,,
09/08/2024,11:00,16795709,,GotSport,Soccer,U-11,TBAA SYNDICATE 2014,VOORHEES SA LIGHTNING 2014,TBAA-VALLEY BROOK,,
09/08/2024,11:00,16795134,,GotSport,Soccer,U-15,FRANKLIN TOWNSHIP YOUTH SOCCER ASSOCIATION STORM 2010,HARRISON SC STORM 2010,FRANKLIN TWP YOUTH COMPLEX,,
09/08/2024,11:00,16796624,,GotSport,Soccer,U-14,HARRISON SC ARSENAL 2011,VINELAND SA STRIKERS 2011,HARRISON - William Wilt Soccer Complex,,
09/08/2024,11:00,16794842,,GotSport,Soccer,U-13,TAR-KILL SOCCER CLUB TARKILL LIVERPOOL 2012,PITTSGROVE SOCCER CLUB PSC WARRIORS '12,TARKILL-STERLING HS,,
09/08/2024,11:00,16794472,,GotSport,Soccer,U-12,MAPLE SHADE FORCE 2013,MAINLAND UNITED SA MUSTANGS WHITE 2013-14 B,MAPLE SHADE - TURF FIELD,,
09/08/2024,11:00,16795893,,GotSport,Soccer,U-16,MARLTON SC CHIEFS ORANGE 2009,DEPTFORD REBELS 2009,MARLTON - MEMORIAL,,
09/08/2024,11:00,16796131,,GotSport,Soccer,U-19,HIGHLAND YOUTH SOCCER CLUB GALAXY 2008,WASHINGTON TWP SOCCER CLUB GLADIATORS 2008,HIGHLAND - GLOUCESTER TWP PARK,,
09/08/2024,11:00,16795325,,GotSport,Soccer,U-10,MEDFORD SC WHITE 2015,MOORESTOWN SC DEVIL RAYS 2015,MEDFORD - BENDE PARK,,
09/08/2024,11:00,16794701,,GotSport,Soccer,U-12,PENNSAUKEN YOUTH SOCCER CLUB REBELS 2013,MOORESTOWN SC GOLDEN EAGLES 2013,Pennsauken Community Recreation Facility,,
09/08/2024,11:00,16795356,,GotSport,Soccer,U-10,AUDUBON SOCCER YOUTH BOYS 2015 - HAMMERS,BERLIN SOCCER CLUB BERSERKERS 2015,AUDUBON - GREEN WAVE PARK,,
09/08/2024,11:00,16796100,,GotSport,Soccer,U-19,MEDFORD SC ,HIGHLAND YOUTH SOCCER CLUB FUSION 2008,MARLTON - MEMORIAL,,
09/08/2024,12:00,16796168,,GotSport,Soccer,U-10,PALMYRA RIVERTON SC NATIONALS 2015,WASHINGTON TWP SOCCER CLUB RAPTORS 2015,,,
09/08/2024,12:00,16795863,,GotSport,Soccer,U-10,DEPTFORD THUNDER 2015,MILLVILLE WARRIORS 2015,DEPTFORD SC,,
09/08/2024,12:00,16795456,,GotSport,Soccer,U-11,COLLINGSWOOD OAKLYN SOCCER CLUB OUTLAWS 2014,MANTUA TOWNSHIP SA OUTLAWS 2014,COSC- Oaklyn Public School,,
09/08/2024,12:00,16794363,,GotSport,Soccer,U-14,MONROE TOWNSHIP YS UNITED 2012,MEDFORD STRIKERS 2011 BOYS,MONROE TWP - CORKERY LANE,,
09/08/2024,12:00,16795259,,GotSport,Soccer,U-15,MOUNT LAUREL UNITED (MLU) FORCE 2010,SJ FUTBOL CLUB WOLVES 2010,MLU-TROTTERS,,
09/08/2024,12:00,16795133,,GotSport,Soccer,U-15,PALMYRA RIVERTON SC UNION 2010,WINSLOW SLAYERS 2010,PAL-RIV - LEGION FIELD,,
09/08/2024,12:00,16796289,,GotSport,Soccer,U-15,EAST GREENWICH SA EGSA CHARGERS 2010,TBAA DYNAMO 2010,E GREENWICH - THOMPSON FAMILY PARK,,
09/08/2024,12:00,16795241,,GotSport,Soccer,U-15,VOORHEES SA WARRIORS 2010,EAST GREENWICH SA EGSA BLAZE 2010,VOORHEES-EASTERN HS,,
09/08/2024,12:00,16796196,,GotSport,Soccer,U-10,TAR-KILL SOCCER CLUB TARKILL 2015 BLUE,MONROE TOWNSHIP YS UNITED BLUE 2015,TARKILL-STERLING HS,,
09/08/2024,12:00,16794605,,GotSport,Soccer,U-14,BORDENTOWN FC RENEGADES 2011,MAINLAND UNITED SA MUSTANGS RED 2011 B,BORDENTOWN - FRIENDSHIP FIELDS,,
09/08/2024,12:00,16795602,,GotSport,Soccer,U-12,PITMAN SA TOMCATS 2013,HADDONFIELD SC WHITE 2013,PITMAN - ALCYON LAKE,,
09/08/2024,12:00,16794627,,GotSport,Soccer,U-14,DEPTFORD TORNADOES 2011,MEDFORD SC RENEGADES 2011,DEPTFORD SC,,
09/08/2024,12:00,16794513,,GotSport,Soccer,U-12,HIGHLAND YOUTH SOCCER CLUB FURY 2013,PITMAN SA TIGERS 2013,HIGHLAND - GLOUCESTER TWP PARK,,
09/08/2024,12:00,16795537,,GotSport,Soccer,U-9,TBAA RENEGADES 2016,MONROE UNITED BLUE 2016,TBAA-VALLEY BROOK,,
09/08/2024,12:00,16795213,,GotSport,Soccer,U-16,HAMMONTON HEAT BOYS 2009,EAST GREENWICH SA EGSA THUNDER 2009,HAMMONTON - MOSS MILL RD PARK SOCCER COMPLEX,,
09/08/2024,12:00,16796440,,GotSport,Soccer,U-10,SWEDESBORO WOOLWICH SOCCER ASSOC. SWSA GUNNERS 2015,MEDFORD SC GOLD 2015,SW-Locke Avenue Park,,
09/08/2024,12:00,16796014,,GotSport,Soccer,U-11,BURLINGTON TOWNSHIP SOCCER DYNAMITE 2014,BORDENTOWN FC UNION 2014,BURLINGTON TWP - PINEWALD AVE,,
09/08/2024,12:00,16795233,,GotSport,Soccer,U-15,WASHINGTON TWP SOCCER CLUB RENEGADES 2010,HIGHLAND YOUTH SOCCER CLUB RAPTORS 2010,WASHINGTON TWP-WASH LAKE PARK,,
09/08/2024,12:00,16795135,,GotSport,Soccer,U-15,WOODSTOWN WOLVERINES 2010,DEPTFORD BRUTE FORCE 2010,WOODSTOWN,,
09/08/2024,12:00,16796772,,GotSport,Soccer,U-9,HARRISON HORNETS 2016,WEST DEPTFORD SC WILDCATS 2016,HARRISON - William Wilt Soccer Complex,,
09/08/2024,12:00,16795064,,GotSport,Soccer,U-12,SJ FUTBOL CLUB SJFC FLYERS ELITE 2014,MOUNT LAUREL UNITED (MLU) LIGHTNING 2014,SJFC - UPPER DEERFIELD RECREATION COMPLEX,,
09/08/2024,12:00,16796288,,GotSport,Soccer,U-15,VINELAND REBELS 2010,CHERRY HILL SC CHERRY HILL SC FUSION (2011) - BOYS,VINELAND SA,,
09/08/2024,12:15,16794837,,GotSport,Soccer,U-8,AUDUBON U8 BOYS 2017 TEAM 2,CINNAMINSON SC UNION 2017,AUDUBON - GREEN WAVE PARK,,
09/08/2024,12:15,16796135,,GotSport,Soccer,U-19,SWEDESBORO WOOLWICH SOCCER ASSOC. SWSA SCORPIONS 2008,MILLVILLE PHANTOMS 2008,SW-Locke Avenue Park,,
09/08/2024,12:15,16796588,,GotSport,Soccer,U-10,MAPLE SHADE WILD 2015,PITTSGROVE SOCCER CLUB PSC GALAXY '15,MAPLE SHADE - TURF FIELD,,
09/08/2024,12:15,16795569,,GotSport,Soccer,U-12,AUDUBON SOCCER YOUTH WILD WINGS 2013,MEDFORD SC MAYHEM 2013,AUDUBON - GREEN WAVE PARK,,
09/08/2024,12:30,16796980,,GotSport,Soccer,U-11,MOUNT LAUREL UNITED (MLU) COBRAS 2014,AUDUBON ATTACK - BOYS 2014,MLU-TROTTERS,,
09/08/2024,12:30,16796260,,GotSport,Soccer,U-12,SENECA UNITED SC 2013 TIGERS,HAMMONTON HEAT BOYS 2013,SENECA - STONEY CREEK FIELDS,,
09/08/2024,12:30,16795326,,GotSport,Soccer,U-10,UPPER TOWNSHIP SA COMETS GREEN 2015,WINSLOW TITANS 2015,UPPER TWP-Amanda's Field Complex,,
09/08/2024,12:30,16794416,,GotSport,Soccer,U-11,TBAA REVOLUTION 2015,UPPER TOWNSHIP SA HURRICANES GREEN 2014,TBAA-VALLEY BROOK,,
09/08/2024,12:30,16796926,,GotSport,Soccer,U-11,PENNSVILLE EAGLES 2014,WOODSTOWN WOLVERINES 2014,PENNSVILLE,,
09/08/2024,12:30,16796925,,GotSport,Soccer,U-11,LOGAN CHARGE BLUE 2014,EAST GREENWICH SA EGSA EAGLES 2014,LOGAN - TWP LINE,,
09/08/2024,12:30,16796481,,GotSport,Soccer,U-8,MAINLAND UNITED SA MUSTANGS RED 2017 B,EGG HARBOR SC EAGLES 2017,MAINLAND - MEMORIAL PARK,,
09/08/2024,12:30,16796923,,GotSport,Soccer,U-11,HARRISON STRIKERS 2014,WATERFORD ATHLETIC ASSN WINGS 2014,HARRISON - William Wilt Soccer Complex,,
09/08/2024,12:30,16796256,,GotSport,Soccer,U-13,BURLINGTON TOWNSHIP SOCCER DRAGONS 2012,VOORHEES SA FORCE 2012,BURLINGTON TWP - PINEWALD AVE,,
09/08/2024,12:30,16795832,,GotSport,Soccer,U-12,CHERRY HILL SC THUNDER 2013,HADDONFIELD SC RED 2013,CHSC - UPPER CHAPEL TURF,,
09/08/2024,12:30,16796529,,GotSport,Soccer,U-11,HADDON TWP WHITE HAWKS 2014,HADDONFIELD SC BLACK 2014,,,
09/08/2024,12:30,16794614,,GotSport,Soccer,U-14,MANTUA TOWNSHIP SA UNION 2011,CAPE EXPRESS SURGE 2011,MANTUA TWP,,
09/08/2024,12:30,16796625,,GotSport,Soccer,U-14,DELRAN FC BLAST 2011,WEST DEPTFORD SC WOLFPACK 2011,,,
09/08/2024,12:30,16794599,,GotSport,Soccer,U-8,HARRISON UNITED 2017,EAST GREENWICH SA EGSA UNITED 2017,HARRISON - William Wilt Soccer Complex,,
09/08/2024,12:30,16794702,,GotSport,Soccer,U-12,MONROE TOWNSHIP YS UNITED BOYS BLUE 2013,PITTSGROVE SOCCER CLUB PSC REVOLUTION '13,MONROE TWP - CORKERY LANE,,
09/08/2024,12:30,16795895,,GotSport,Soccer,U-16,CINNAMINSON SC PIRATES 2009,SWEDESBORO WOOLWICH SOCCER ASSOC. SWSA FORCE 2009,CINNAMINSON SC - MEMORIAL,,
09/08/2024,12:30,16796656,,GotSport,Soccer,U-9,WEST DEPTFORD SC WARRIORS 2016,MILLVILLE THUNDER 2016,W DEPTFORD-WD PARK,,
09/08/2024,12:30,16795754,,GotSport,Soccer,U-9,BORDENTOWN FC REVOLUTION 2016,HADDON TWP RED HAWKS 2016,BORDENTOWN - FRIENDSHIP FIELDS,,
09/08/2024,12:30,16794576,,GotSport,Soccer,U-8,VOORHEES SA BLUE DEVILS 2017,MANTUA CHAOS 2017,VOORHEES-Echelon Complex,,
09/08/2024,12:30,16795115,,GotSport,Soccer,U-10,NORTHERN BURLINGTON STORM 2015,CHERRY HILL FC 2015 CHFC JUNIOR WHITE,NB Georgetown Park,,
09/08/2024,12:30,16796558,,GotSport,Soccer,U-8,LOGAN BOOM BLUE 2017,WASHINGTON TWP SOCCER CLUB WOLVES 2017,LOGAN - TWP LINE,,
09/08/2024,12:30,16795934,,GotSport,Soccer,U-11,RANCOCAS VALLEY SC RVSC '14 - CELTIC,PENNSAUKEN YOUTH SOCCER CLUB AVENGERS 2014,Rancocas Valley-LUMBERTON MUNICIPAL,,
09/08/2024,12:30,16795535,,GotSport,Soccer,U-9,EGG HARBOR SC EAGLES 2016 BLACK,WEST DEPTFORD SC TSUNAMI 2016,EGG HARBOR - BARGAINTOWN,,
09/08/2024,12:30,16794289,,GotSport,Soccer,U-12,DELRAN FC SOCCER DELRAN FC UNITED 2013,VINELAND SA UNITED 2013,,,
09/08/2024,12:30,16796705,,GotSport,Soccer,U-9,CINNAMINSON SC LIGHTNING 2016,MEDFORD SC WHITE 2016,CINNAMINSON SC - MEMORIAL,,
09/08/2024,12:30,16794323,,GotSport,Soccer,U-10,CLAYTON SA CLIPPERS 2015,COHANSEY SC DYNAMO 2015,CLAYTON - BENTZ,,
09/08/2024,12:30,16795381,,GotSport,Soccer,U-10,VOORHEES SA COBRAS 2015,MAINLAND UNITED SA MUSTANGS BLACK 2015 B,VOORHEES-Echelon Complex,,
09/08/2024,12:30,16796744,,GotSport,Soccer,U-9,HADDONFIELD SC WHITE 2016,ATLANTIC UNITED PREMIER RED 2016 B,HADDONFIELD - CROWS WOODS,,
09/08/2024,12:30,16795702,,GotSport,Soccer,U-11,MEDFORD SC CAROLINA 2014,PITMAN SA BENGALS 2014,MEDFORD - BENDE PARK,,
09/08/2024,12:30,16794292,,GotSport,Soccer,U-10,MONROE TOWNSHIP YS UNITED BOYS 2015,HADDON TWP SOCCER CLUB 2015 HADDON TWP WHITE HAWKS,MONROE TWP - CORKERY LANE,,
09/08/2024,12:30,16796460,,GotSport,Soccer,U-10,LOGAN ARMADA BLACK 2015,WOODBURY BOLTS,LOGAN - TWP LINE,,
09/08/2024,12:30,16795486,,GotSport,Soccer,U-14,LOGAN BLAZE 2011,VOORHEES SA BLUES 2011,LOGAN - TWP LINE,,
09/08/2024,12:30,16796988,,GotSport,Soccer,U-11,CHERRY HILL SC CHERRY HILL SC FORCE 2014,HAMMONTON HEAT BOYS 2014,CHSC - UPPER CHAPEL TURF,,
09/08/2024,12:30,16794509,,GotSport,Soccer,U-10,MOUNT LAUREL UNITED (MLU) MLU KNIGHTS 2015,CHERRY HILL SC CHERRY HILL SC WARRIORS 2015,MLU-TROTTERS,,
09/08/2024,12:30,16795935,,GotSport,Soccer,U-11,CHERRY HILL FC 2015 JUNIOR RED,DEPTFORD RENEGADES 2014,CHFC - DeCOU,,
09/08/2024,12:30,16794494,,GotSport,Soccer,U-10,WASHINGTON UNITED SOCCER CLUB WUSC 2015 BOYS,MEDFORD STRIKERS 2015 BOYS,WASHINGTON TWP. - Levy Fields (Virtua),,
09/08/2024,12:30,16795563,,GotSport,Soccer,U-12,VOORHEES SA RAPTORS 2013,MARLTON SC CHIEFS WHITE 2013,VOORHEES-Echelon Complex,,
09/08/2024,12:30,16795292,,GotSport,Soccer,U-14,HARRISON SC THUNDER 2011,CHERRY HILL SC CHAOS 2011,HARRISON - William Wilt Soccer Complex,,
09/08/2024,12:30,16796818,,GotSport,Soccer,U-13,TAR-KILL SOCCER CLUB TARKILL BARCELONA 2012,WOODSTOWN THUNDER 2012,TARKILL-STERLING HS,,
09/08/2024,12:30,16794473,,GotSport,Soccer,U-12,HADDON HEIGHTS SC BEAST BOYS 2013,EAST GREENWICH SA EGSA PANTHERS 2013,HADD HGTS - DEVON,,
09/08/2024,12:30,16795021,,GotSport,Soccer,U-10,CINNAMINSON SC RED DEVILS 2015,CHERRY HILL FC 2015 JUNIOR BLACK,CINNAMINSON SC - MEMORIAL,,
09/08/2024,12:30,16795293,,GotSport,Soccer,U-14,HADDONFIELD SC RED 2011,PITTSGROVE SOCCER CLUB PSC WOLVES '11,HADDONFIELD - CROWS WOODS,,
09/08/2024,12:30,16795294,,GotSport,Soccer,U-14,PENNSAUKEN YOUTH SOCCER CLUB WARRIORS 2011,MOUNT LAUREL UNITED (MLU) FLASH 2011,Pennsauken Community Recreation Facility,,
09/08/2024,12:30,16796825,,GotSport,Soccer,U-13,CHERRY HILL SC CHERRY HILL SC BULL DOGS 2012,COLLINGSWOOD OAKLYN SOCCER CLUB KNIGHTS 2012,CHSC - CH WEST HS,,
09/08/2024,12:30,16794456,,GotSport,Soccer,U-12,MOORESTOWN SC THUNDER 2013,HADDON TWP WHITE HAWKS 2013,MOORESTOWN - SALEM RD/PRYOR PARK,,
09/08/2024,12:30,16794896,,GotSport,Soccer,U-9,MOORESTOWN SC RENEGADES 2016,PITTSGROVE SOCCER CLUB PSC PRIME WHITE '16,MOORESTOWN - MEMORIAL FIELDS,,
09/08/2024,12:30,16795072,,GotSport,Soccer,U-10,HADDON HEIGHTS SC CHEETAHS 2015,HIGHLAND YOUTH SOCCER CLUB LIGHTNING 2015,HADD HGTS - DEVON,,
09/08/2024,12:30,16795070,,GotSport,Soccer,U-12,EGG HARBOR SC EAGLES WHITE 2013,CAPE EXPRESS AVENGERS 2013,EGG HARBOR - BARGAINTOWN,,
09/08/2024,12:30,16795044,,GotSport,Soccer,U-12,CINNAMINSON SC THUNDERBIRDS 2013,MARLTON SC CHIEFS ORANGE 2014,CINNAMINSON SC - MEMORIAL,,
09/08/2024,12:30,16794752,,GotSport,Soccer,U-9,DELRAN FC SOCCER SHARKS 2016,CINNAMINSON SC TITANS 2016,,,
09/08/2024,12:30,16794379,,GotSport,Soccer,U-14,PENNS GROVE SC RAGE 2011,PITMAN SA PUMAS 2011,PG-CP-PED- Carney's Point Rec Center,,
09/08/2024,12:30,16795973,,GotSport,Soccer,U-13,NORTHERN BURLINGTON SA RANGERS 2012,SWEDESBORO WOOLWICH SOCCER ASSOC. SWSA SHARKS 2012,NB- MANSFIELD TOWNSHIP ELEMENTARY SCHOOL,,
09/08/2024,12:30,16795574,,GotSport,Soccer,U-12,PITTSGROVE SOCCER CLUB PSC PYTHONS '13,EAST GREENWICH SA EGSA DYNAMO 2013,PITTSGROVE-GREEN BRANCH,,
09/08/2024,12:40,16796847,,GotSport,Soccer,U-13,MARLTON SC CHIEFS BLACK 2012,BERLIN SOCCER CLUB BALL BREAKERS 2012,MARLTON - MEMORIAL,,
09/08/2024,12:40,16796123,,GotSport,Soccer,U-19,HIGHLAND YOUTH SOCCER CLUB HURRICANES 2008,GATEWAY UNITED SOCCER CLUB GUSC WARRIORS B2006,HIGHLAND - GLOUCESTER TWP PARK,,
09/08/2024,12:45,16796528,,GotSport,Soccer,U-11,FRANKLIN TOWNSHIP YOUTH SOCCER ASSOCIATION KNIGHTS 2014,MARLTON SC CHIEFS SILVER 2014,FRANKLIN TWP YOUTH COMPLEX,,
09/08/2024,13:00,16794431,,GotSport,Soccer,U-11,MARLTON SC CHIEFS ORANGE 2015,HADDONFIELD SC RED 2014 B,MARLTON - MEMORIAL,,
09/08/2024,13:00,16795384,,GotSport,Soccer,U-11,MARLTON SC CHIEFS WHITE 2014,UPPER TOWNSHIP SA HURRICANES WHITE 2014,MARLTON - MEMORIAL,,
09/08/2024,13:15,16796881,,GotSport,Soccer,U-11,COLLINGSWOOD OAKLYN SOCCER CLUB VENOM COSC 2014,WASHINGTON TWP SOCCER CLUB WARRIORS 2014,COSC- Oaklyn Public School,,
09/08/2024,13:15,16795116,,GotSport,Soccer,U-10,DEPTFORD SA CYCLONES 2015,MOUNT LAUREL UNITED (MLU) SHARKS 2015,DEPTFORD SC,,
09/08/2024,13:15,16795000,,GotSport,Soccer,U-10,BURLINGTON TOWNSHIP SOCCER THUNDER2015,MARLTON SC CHIEFS WHITE 2015,BURLINGTON TWP - PINEWALD AVE,,
09/08/2024,13:15,16794766,,GotSport,Soccer,U-9,HIGHLAND YOUTH SOCCER CLUB MAYHEM 2016,GATEWAY UNITED SOCCER CLUB 2016 GUSC THUNDER,HIGHLAND - GLOUCESTER TWP PARK,,
09/08/2024,13:15,16794877,,GotSport,Soccer,U-9,PITMAN SA BOBCATS 2016,VOORHEES SA DESTROYERS 2016,PITMAN - Dell,,
09/08/2024,13:15,16796590,,GotSport,Soccer,U-10,HARRISON BLUE REBELS 2015,VINELAND AVENGERS 2015,HARRISON - William Wilt Soccer Complex,,
09/08/2024,13:15,16795677,,GotSport,Soccer,U-10,TAR-KILL SOCCER CLUB TARKILL 2015 WHITE,CINNAMINSON SC PIRATES SEA DOGS 2015,TARKILL-STERLING HS,,
09/08/2024,13:15,16796678,,GotSport,Soccer,U-9,TBAA KNIGHTS 2016,RANCOCAS VALLEY SC 2016 BOYS PREMIER,TBAA-VALLEY BROOK,,
09/08/2024,13:15,16795503,,GotSport,Soccer,U-9,SWEDESBORO WOOLWICH SOCCER ASSOC. SWSA VENOM 2016,MEDFORD SC GOLD 2016,SW-Locke Avenue Park,,
09/08/2024,13:15,16795834,,GotSport,Soccer,U-12,SJ FUTBOL CLUB SOUNDERS 2013,FRANKLIN TOWNSHIP YOUTH SOCCER ASSOCIATION ENFORCERS 2013,SJFC - UPPER DEERFIELD RECREATION COMPLEX,,
09/08/2024,13:30,16795502,,GotSport,Soccer,U-9,MAPLE SHADE SHARKS 2016,WASHINGTON TWP SOCCER CLUB THUNDER 2016,MAPLE SHADE - TURF FIELD,,
09/08/2024,13:30,16796356,,GotSport,Soccer,U-13,DEPTFORD THUNDER 2012,CAPE EXPRESS WHITE CAPS 2012,DEPTFORD SC,,
09/08/2024,13:30,16795491,,GotSport,Soccer,U-14,BORDENTOWN FC JAGUARS 2011,MONROE TOWNSHIP YS UNITED WHITE 2011,BORDENTOWN - FRIENDSHIP FIELDS,,
09/08/2024,13:30,16794724,,GotSport,Soccer,U-9,PALMYRA RIVERTON SC NEW U9B - 2016,AUDUBON 2016 BOYS,,,
09/08/2024,13:35,16796815,,GotSport,Soccer,U-15,MONROE TOWNSHIP YS UNITED 2010,MILLVILLE VENOM 2010,MONROE TWP - CORKERY LANE,,
09/08/2024,13:45,16796619,,GotSport,Soccer,U-14,WASHINGTON TWP SOCCER CLUB REGULATORS 2011,CINNAMINSON SC STORM 2011,WASHINGTON TWP-WASH LAKE PARK,,
09/08/2024,13:45,16796088,,GotSport,Soccer,U-14,HAMMONTON HEAT BOYS 2011,PALMYRA RIVERTON SC WARRIORS 2011,HAMMONTON - MOSS MILL RD PARK SOCCER COMPLEX,,
09/08/2024,13:45,16796069,,GotSport,Soccer,U-14,MOUNT LAUREL UNITED (MLU) WARRIORS 2011,PEMBERTON SC PUNISHERS 2011,MLU-TROTTERS,,
09/08/2024,13:45,16795802,,GotSport,Soccer,U-14,VOORHEES SA ATTACK 2011,UPPER TOWNSHIP SA TSUNAMIS 2011,VOORHEES-EASTERN HS,,
09/08/2024,13:45,16796229,,GotSport,Soccer,U-13,VINELAND SA FURY 2012,CHERRY HILL SC ROYALS 2012,VINELAND SA,,
09/08/2024,13:45,16795966,,GotSport,Soccer,U-13,AUDUBON SOCCER YOUTH BALLERS 2012,HADDON TWP RED HAWKS 2012,AUDUBON - GREEN WAVE PARK,,
09/08/2024,13:45,16795892,,GotSport,Soccer,U-16,TBAA STORM 2009,MEDFORD STRIKERS 2009 BOYS,TBAA-VALLEY BROOK,,
09/08/2024,14:00,16794728,,GotSport,Soccer,U-9,HADDON HEIGHTS SC RUCKUS 2016,NORTHERN BURLINGTON BOOM 2016,HADD HGTS - DEVON,,
09/08/2024,14:00,16795989,,GotSport,Soccer,U-11,RANCOCAS VALLEY SC RVSC - '14 FOREST,PALMYRA RIVERTON SC TORNADOES 2014,Rancocas Valley-LUMBERTON MUNICIPAL,,
09/08/2024,14:00,16795173,,GotSport,Soccer,U-10,LOGAN ARMADA BLUE 2015,SWEDESBORO WOOLWICH SOCCER ASSOC. SWSA HONEY BADGERS 2015,LOGAN - TWP LINE,,
09/08/2024,14:00,16795172,,GotSport,Soccer,U-10,PENNSVILLE EAGLES BLUE 2015,WOODSTOWN WILDCATS 2015,PENNSVILLE,,
09/08/2024,14:00,16795411,,GotSport,Soccer,U-11,CINNAMINSON SC CHARGERS 2014,PITTSGROVE SOCCER CLUB PSC PHANTOMS '14,CINNAMINSON SC - MEMORIAL,,
09/08/2024,14:00,16795833,,GotSport,Soccer,U-12,EGG HARBOR SC EAGLES 2013 BLACK,WEST DEPTFORD WIZARDS 2013,EGG HARBOR - BARGAINTOWN,,
09/08/2024,14:00,16796148,,GotSport,Soccer,U-8,MEDFORD SC 2017B WHITE,AUDUBON U8 BOYS 2017 TEAM 1,MEDFORD - BENDE PARK,,
09/08/2024,14:00,16794924,,GotSport,Soccer,U-11,CHERRY HILL SC CHERRY HILL SC UNITED 2014,ATLANTIC UNITED PREMIER KICKERS 2014 B,CHSC - UPPER CHAPEL TURF,,
09/08/2024,14:00,16796038,,GotSport,Soccer,U-10,MOUNT LAUREL UNITED (MLU) MLU WOLFPACK 2015,SENECA UNITED SC 2015 RAPTORS,MLU-TROTTERS,,
09/08/2024,14:00,16795382,,GotSport,Soccer,U-11,MEDFORD SC AVENGERS 2014,CAPE EXPRESS CE ENGINEERS 2014,MEDFORD - BENDE PARK,,
09/08/2024,14:00,16797008,,GotSport,Soccer,U-8,BORDENTOWN FC REVOLUTION 2017,HADDON TWP. WHITE HAWKS 2017,BORDENTOWN - FRIENDSHIP FIELDS,,
09/08/2024,14:00,16794342,,GotSport,Soccer,U-14,SENECA UNITED SC 2011 WARRIORS,CHERRY HILL FC 2011 JUNIORS BLACK,SENECA - STONEY CREEK FIELDS,,
09/08/2024,14:00,16794360,,GotSport,Soccer,U-14,SWEDESBORO WOOLWICH SOCCER ASSOC. SWSA RED FLAMES 2011,EGG HARBOR SC EAGLES 2011/2012 BLACK,SW-Locke Avenue Park,,
09/08/2024,14:00,16795990,,GotSport,Soccer,U-11,MOORESTOWN SC WOLVERINES 2014,DELRAN FC HAWKS 2014,MOORESTOWN - SALEM RD/PRYOR PARK,,
09/08/2024,14:00,16796970,,GotSport,Soccer,U-12,WINSLOW SHARKS 2013,BERLIN SOCCER CLUB BULLDOGS 2013,WINSLOW TWP - PETER VOLPA,,
09/08/2024,14:00,16796216,,GotSport,Soccer,U-15,PENNSAUKEN YOUTH SOCCER CLUB CYCLONES 2010,BORDENTOWN FC PANTHERS 2010,Pennsauken Community Recreation Facility,,
09/08/2024,14:00,16796948,,GotSport,Soccer,U-12,DELRAN FC SOCCER GREY 2013B,WOODBURY SOCCER CLUB WOODBURY BISON 2013,,,
09/08/2024,14:00,16794956,,GotSport,Soccer,U-9,CINNAMINSON SC VIPERS 2016,MARLTON SC CHIEFS ORANGE 2016,CINNAMINSON SC - MEMORIAL,,
09/08/2024,14:00,16796924,,GotSport,Soccer,U-11,WEST DEPTFORD SC AVALANCHE 2014,TBAA REVOLUTION 2014,W DEPTFORD-WD PARK,,
09/08/2024,14:00,16795605,,GotSport,Soccer,U-12,BARRINGTON SC REVOLUTION 2013,VOORHEES COSMOS 2013,TBA,,
09/08/2024,14:00,16795611,,GotSport,Soccer,U-12,MOUNT LAUREL UNITED (MLU) GALAXY 2013,PENNSVILLE EAGLES 2013,MLU-TROTTERS,,
09/08/2024,14:00,16794961,,GotSport,Soccer,U-9,MONROE UNITED 2016B,MANTUA TOWNSHIP SA MAMBAS 2016,MONROE TWP - CORKERY LANE,,
09/08/2024,14:00,16794999,,GotSport,Soccer,U-10,HADDONFIELD SC BLACK 2015 B,DELRAN FC COBRAS 2015,HADDONFIELD - CROWS WOODS,,
09/08/2024,14:00,16794963,,GotSport,Soccer,U-12,PENNS GROVE WILD 2013,WASHINGTON TWP SOCCER CLUB DAREDEVILS 2013,PG-CP-PED- Carney's Point Rec Center,,
09/08/2024,14:00,16795641,,GotSport,Soccer,U-12,PALMYRA RIVERTON SC HURRICANES 2013,MOORESTOWN SC DRAGONS 2013,,,
09/08/2024,14:00,16796862,,GotSport,Soccer,U-13,SOUTH HARRISON TOWNSHIP SOCCER CLUB STRIKERS 2012,PITTSGROVE SOCCER CLUB PSC SPURS '12,SOUTH HARRISON - STEWART,,
09/08/2024,14:00,16794843,,GotSport,Soccer,U-13,HARRISON SC STRIKERS 2012,WINSLOW DYNAMO 2012,HARRISON - William Wilt Soccer Complex,,
09/08/2024,14:00,16794968,,GotSport,Soccer,U-12,HARRISON WOLFPACK 2013,GATEWAY UNITED SOCCER CLUB SHARKS 2013,HARRISON - William Wilt Soccer Complex,,
09/08/2024,14:00,16794294,,GotSport,Soccer,U-10,HARRISON STRIKERS 2015,SWEDESBORO WOOLWICH SOCCER ASSOC. SWSA STRIKERS 2015,HARRISON - William Wilt Soccer Complex,,
09/08/2024,14:00,16795079,,GotSport,Soccer,U-10,WEST DEPTFORD SC ANIMALS 2015,UPPER TOWNSHIP SA SUPER SONICS 2015,W DEPTFORD-WD PARK,,
09/08/2024,14:00,16795082,,GotSport,Soccer,U-10,EGG HARBOR SC EAGLES 2015,CAPE EXPRESS CE SILVER STREAK 2015,EGG HARBOR - BARGAINTOWN,,
09/08/2024,14:00,16796068,,GotSport,Soccer,U-14,BURLINGTON TOWNSHIP SOCCER REBELS 2011,WOODSTOWN FURY 2011,BURLINGTON TWP - PINEWALD AVE,,
09/08/2024,14:00,16794503,,GotSport,Soccer,U-10,EAST GREENWICH SA EGSA BLACK KNIGHTS 2015,HADDONFIELD SC RED 2015 B,E GREENWICH - THOMPSON FAMILY PARK,,
09/08/2024,14:00,16795933,,GotSport,Soccer,U-11,VOORHEES SA VIPERS 2015,FRANKLIN TOWNSHIP YOUTH SOCCER ASSOCIATION STORM 2014,VOORHEES-Echelon Complex,,
09/08/2024,14:00,16794293,,GotSport,Soccer,U-10,MOORESTOWN SC VIPERS 2015,VINELAND LIVERPOOL 2015,MOORESTOWN - MEMORIAL FIELDS,,
09/08/2024,14:00,16794514,,GotSport,Soccer,U-12,SENECA UNITED SC 2014 THUNDER,UPPER TOWNSHIP SA CYCLONES 2013,SENECA - STONEY CREEK FIELDS,,
09/08/2024,14:00,16795263,,GotSport,Soccer,U-12,EAST GREENWICH SA EGSA MAYHEM 2013,WOODSTOWN PREDATORS 2013,E GREENWICH - THOMPSON FAMILY PARK,,
09/08/2024,14:00,16795693,,GotSport,Soccer,U-10,VOORHEES SA PYTHONS 2015,HADDONFIELD SC WHITE 2015 B,VOORHEES-Echelon Complex,,
09/08/2024,14:00,16795457,,GotSport,Soccer,U-11,HADDON HEIGHTS SC MIGHTY TITANS 2014,GATEWAY UNITED SOCCER CLUB GREYHOUNDS 2014,HADD HGTS - DEVON,,
09/08/2024,14:00,16794814,,GotSport,Soccer,U-8,DELRAN FC SOCCER GREY 2017B,MOORESTOWN SC HAWKS 2017,,,
09/08/2024,14:00,16796013,,GotSport,Soccer,U-11,NORTHERN BURLINGTON BLUE DEVILS 2014,HARRISON WAVE 2014,NB Georgetown Park,,
09/08/2024,14:00,16796346,,GotSport,Soccer,U-13,LOGAN FORCE 2012,UPPER TOWNSHIP SA FORCE GREEN 2012,LOGAN - TWP LINE,,
09/08/2024,14:00,16794800,,GotSport,Soccer,U-9,WASHINGTON UNITED SOCCER CLUB WUSC 2016 BOYS,EAST GREENWICH SA EGSA CHAOS 2016,WASHINGTON TWP. - Levy Fields (Virtua),,
09/08/2024,14:00,16795918,,GotSport,Soccer,U-16,FRANKLIN TOWNSHIP YOUTH SOCCER ASSOCIATION STRIKERS 2009,WINSLOW VIPERS 2009,FRANKLIN TWP YOUTH COMPLEX,,
09/08/2024,14:00,16796713,,GotSport,Soccer,U-8,CINNAMINSON SC BLACK 2017,HADDONFIELD SC THUNDER 2017,CINNAMINSON SC - MEMORIAL,,
09/08/2024,14:00,16796711,,GotSport,Soccer,U-8,CHERRY HILL FC 2017 JUNIORS BLACK,DELRAN FC BLACK 2017B,CHFC - DeCOU,,
09/08/2024,14:00,16796710,,GotSport,Soccer,U-8,HADDON TWP. RED HAWKS 2017,RANCOCAS VALLEY SC 2017 BOYS PREMIER,,,
09/08/2024,14:00,16796706,,GotSport,Soccer,U-9,CHERRY HILL SC CHERRY HILL SC THUNDER (2016) - BOYS,MOORESTOWN SC UNITED 2016,CHSC - UPPER CHAPEL TURF,,
09/08/2024,14:00,16796378,,GotSport,Soccer,U-14,HADDONFIELD SC WHITE 2011,WOODBURY SOCCER CLUB WOODBURY ARMORY 2011,HADDONFIELD - CROWS WOODS,,
09/08/2024,14:00,16796379,,GotSport,Soccer,U-14,DELRAN FC FLASH 2011,RANCOCAS VALLEY SC BOYS 2011 UNITED,,,
09/08/2024,14:00,16795753,,GotSport,Soccer,U-9,MAINLAND UNITED SA MUSTANGS RED 2016 B,HADDONFIELD SC RED 2016,MAINLAND - MEMORIAL PARK,,
09/08/2024,14:00,16796657,,GotSport,Soccer,U-9,CLAYTON SA CLIPPERS 2016,WATERFORD ATHLETIC ASSN WINGS 2016,CLAYTON - BENTZ,,
09/08/2024,14:00,16796648,,GotSport,Soccer,U-9,VOORHEES SA TITANS 2016,WINSLOW VENOM 2016,VOORHEES-Echelon Complex,,
09/08/2024,14:00,16796380,,GotSport,Soccer,U-14,CHERRY HILL FC JUNIOR WHITE 2011/12,MOORESTOWN SC LIGHTNING 2011,CHFC - DeCOU,,
09/08/2024,14:00,16794262,,GotSport,Soccer,U-12,MONROE UNITED 2013,MEDFORD STRIKERS 2013 BOYS,MONROE TWP - CORKERY LANE,,
09/08/2024,14:00,16795204,,GotSport,Soccer,U-10,MANTUA 2015-2016 BOYS,EAST GREENWICH SA EGSA FLYERS 2015,MANTUA TWP,,
09/08/2024,14:00,16795412,,GotSport,Soccer,U-12,LOGAN FLASH 2013,HIGHLAND YOUTH SOCCER CLUB CHAOS 2013,LOGAN - TWP LINE,,
09/08/2024,14:00,16794635,,GotSport,Soccer,U-14,NORTHERN BURLINGTON SA HOOLIGANS 2011,WINSLOW WILDCATS 2011,NB- MANSFIELD TOWNSHIP ELEMENTARY SCHOOL,,
09/08/2024,14:00,16796559,,GotSport,Soccer,U-8,LOGAN BOOM BLACK 2017,PITMAN SA PANTHERS 2017,LOGAN - TWP LINE,,
09/08/2024,14:00,16795865,,GotSport,Soccer,U-10,UPPER TOWNSHIP SA COMETS WHITE 2015,SENECA UNITED SC 2015 PARK RANGERS,UPPER TWP-Amanda's Field Complex,,
09/08/2024,14:10,16796297,,GotSport,Soccer,U-15,CINNAMINSON SC PIRATES 2010,WOODBURY ARMORY 2010,CINNAMINSON SC - MEMORIAL,,
09/08/2024,14:10,16796806,,GotSport,Soccer,U-15,MARLTON SC CHIEFS WHITE 2010,BERLIN SOCCER CLUB BRAWLERS 2010,MARLTON - MEMORIAL,,
09/08/2024,14:15,16794512,,GotSport,Soccer,U-12,TAR-KILL SOCCER CLUB TARKILL KNIGHTS 2013,MAINLAND UNITED SA MUSTANGS RED 2013 B,TARKILL-STERLING HS,,
09/08/2024,14:15,16795429,,GotSport,Soccer,U-12,MARLTON SC CHIEFS SILVER 2013,WOODSTOWN WOLVERINES 2013,MARLTON - MEMORIAL,,
09/08/2024,14:20,16795464,,GotSport,Soccer,U-11,MARLTON SC CHIEFS BLACK 2014,WEST DEPTFORD SC EAGLES 2014,MARLTON - MEMORIAL,,
09/08/2024,14:20,16795650,,GotSport,Soccer,U-13,HIGHLAND YOUTH SOCCER CLUB MUSTANGS 2012,PENNSVILLE EAGLES 2012,HIGHLAND - GLOUCESTER TWP PARK,,
09/08/2024,14:30,16794664,,GotSport,Soccer,U-8,SJ FUTBOL CLUB HAMMERS 2017,SWEDESBORO WOOLWICH SOCCER ASSOC. SWSA PANTHERS 2017,SJFC - UPPER DEERFIELD RECREATION COMPLEX,,
09/08/2024,14:30,16796560,,GotSport,Soccer,U-8,HIGHLAND YOUTH SOCCER CLUB BOYS 2017,HAMMONTON HEAT BOYS 2017,HIGHLAND - GLOUCESTER TWP PARK,,
09/08/2024,14:30,16794424,,GotSport,Soccer,U-11,DEPTFORD UNITED 2014,MAINLAND UNITED SA MUSTANGS RED 2014 B,DEPTFORD SC,,
09/08/2024,14:30,16796501,,GotSport,Soccer,U-8,BURLINGTON TOWNSHIP SOCCER FIRE 2017,MOORESTOWN SC PYTHONS 2017,BURLINGTON TWP - PINEWALD AVE,,
09/08/2024,14:30,16794663,,GotSport,Soccer,U-8,TAR-KILL SOCCER CLUB TARKILL UNION 2017,PITTSGROVE SOCCER CLUB PSC BLACK ‘17,TARKILL-STERLING HS,,
09/08/2024,14:30,16796763,,GotSport,Soccer,U-9,HARRISON HURRICANES 2016,FRANKLIN TOWNSHIP YOUTH SOCCER ASSOCIATION JERSEY DEVILS 2016,HARRISON - William Wilt Soccer Complex,,
09/08/2024,14:30,16796439,,GotSport,Soccer,U-10,PITMAN SA WILDCATS 2015,MOORESTOWN SC HORNETS 2015,PITMAN - Dell,,
09/08/2024,14:30,16794801,,GotSport,Soccer,U-9,SWEDESBORO WOOLWICH SOCCER ASSOC. SWSA HAVOC 2016,EGG HARBOR SC EAGLES 2016,SW-Locke Avenue Park,,
09/08/2024,14:30,16794543,,GotSport,Soccer,U-9,COLLINGSWOOD OAKLYN SOCCER CLUB SPARTANS 2016,EAST GREENWICH SA EGSA LIONS 2016,COSC- Oaklyn Public School,,
09/08/2024,14:30,16794671,,GotSport,Soccer,U-8,TBAA REVOLUTION 2017,CAPE EXPRESS CE 2017 BARCA,TBAA-VALLEY BROOK,,
09/08/2024,14:30,16795361,,GotSport,Soccer,U-10,RANCOCAS VALLEY SC 2015 BOYS STEALTH,CINNAMINSON SC RAPTORS 2015,Rancocas Valley-LUMBERTON MUNICIPAL,,
09/08/2024,14:45,16796525,,GotSport,Soccer,U-8,MAPLE SHADE CHAOS 2017,WEST DEPTFORD SC DRAGONS 2017,MAPLE SHADE - TURF FIELD,,
09/08/2024,15:00,16796199,,GotSport,Soccer,U-15,DEPTFORD DEMONS 2010,MEDFORD SC MAD DOGS WHITE 2010,DEPTFORD SC,,
09/08/2024,15:20,16795132,,GotSport,Soccer,U-15,AUDUBON SOCCER YOUTH UNITED 2010,HADDONFIELD SC WHITE 2010,AUDUBON - GREEN WAVE PARK,,
09/08/2024,15:30,16796882,,GotSport,Soccer,U-11,MEDFORD SC GOLD 2014,CINNAMINSON SC AVENGERS 2014,MEDFORD - BENDE PARK,,
09/08/2024,15:30,16796530,,GotSport,Soccer,U-11,EAST GREENWICH SA EGSA STARS 2014,NORTHERN BURLINGTON JACKALS 2015,E GREENWICH - THOMPSON FAMILY PARK,,
09/08/2024,15:30,16796413,,GotSport,Soccer,U-9,CINNAMINSON SC CHAOS 2016,HADDONFIELD SC GREY 2016,CINNAMINSON SC - MEMORIAL,,
09/08/2024,15:30,16796978,,GotSport,Soccer,U-11,MOORESTOWN SC GUARDIANS 2014,PITTSGROVE SOCCER CLUB PSC MAVERICKS '14,MOORESTOWN - SALEM RD/PRYOR PARK,,
09/08/2024,15:30,16794634,,GotSport,Soccer,U-14,TBAA TITANS 2011,MEDFORD SC COLUMBIA 2011,TBAA-VALLEY BROOK,,
09/08/2024,15:30,16796764,,GotSport,Soccer,U-9,UPPER TOWNSHIP SA BREAKERS 2016,EAST GREENWICH SA EGSA ROYALS 2016,UPPER TWP-Amanda's Field Complex,,
09/08/2024,15:30,16794590,,GotSport,Soccer,U-8,CINNAMINSON RED 2017,CHERRY HILL SC CHERRY HILL SC DYNAMO (2017) - BOYS,CINNAMINSON SC - MEMORIAL,,
09/08/2024,15:30,16794727,,GotSport,Soccer,U-9,PENNS GROVE SC DRAGONS 2016,GATEWAY UNITED SOCCER CLUB 2016 GUSC BLUES,PG-CP-PED- Carney's Point Rec Center,,
09/08/2024,15:30,16795262,,GotSport,Soccer,U-12,WEST DEPTFORD SC WARRIORS 2013,MOUNT LAUREL UNITED (MLU) TIGERS 2013,W DEPTFORD-WD PARK,,
09/08/2024,15:30,16796589,,GotSport,Soccer,U-10,MANTUA TOWNSHIP SA FROGS 2015,MILLVILLE PREDATORS 2015,MANTUA TWP,,
09/08/2024,15:30,16796347,,GotSport,Soccer,U-13,RANCOCAS VALLEY SC BOYS 2012 - AVENGERS,MAINLAND UNITED SA MUSTANGS RED 2012 B,Rancocas Valley-LUMBERTON MUNICIPAL,,
09/08/2024,15:30,16795026,,GotSport,Soccer,U-8,MEDFORD SC 2017B NAVY,MARLTON SC CHIEFS ORANGE 2017,MEDFORD - BENDE PARK,,
09/08/2024,15:30,16794779,,GotSport,Soccer,U-9,MOORESTOWN SC WARRIORS 2016,MEDFORD SC COLUMBIA 2016,MOORESTOWN - MEMORIAL FIELDS,,
09/08/2024,15:30,16796147,,GotSport,Soccer,U-8,HADDONFIELD SC FIRE 2017,GATEWAY UNITED SOCCER CLUB GUSC B2017,HADDONFIELD - CROWS WOODS,,
09/08/2024,15:30,16796974,,GotSport,Soccer,U-12,MARLTON SC CHIEFS BLACK 2013,PALMYRA RIVERTON SC YOUNGBLOODS 2013,MARLTON - MEMORIAL,,
09/08/2024,15:30,16796416,,GotSport,Soccer,U-9,BARRINGTON SC BLACK 2016,RANCOCAS VALLEY SC 2016 BOYS UNITED,TBA,,
09/08/2024,15:30,16794550,,GotSport,Soccer,U-9,SENECA UNITED SC 2016 EAGLES,HADDON TWP WHITE HAWKS 2016,SENECA - STONEY CREEK FIELDS,,
09/08/2024,15:30,16796012,,GotSport,Soccer,U-11,LOGAN CHARGE BLACK 2014,VOORHEES SA VIKINGS 2014,LOGAN - TWP LINE,,
09/08/2024,15:30,16795767,,GotSport,Soccer,U-13,COLLINGSWOOD OAKLYN SOCCER CLUB ROVERS 2013,WEST DEPTFORD SC UNION 2012,COLLINGSWOOD - CAMDEN ATHLETIC FACILITY,,
09/08/2024,15:30,16797011,,GotSport,Soccer,U-8,VOORHEES SA VENOM 2017,HADDONFIELD SC REBELS 2017,VOORHEES-Echelon Complex,,
09/08/2024,15:30,16796348,,GotSport,Soccer,U-13,SENECA UNITED SC 2012 PRIDE,MILLVILLE LYNX 2012,SENECA - STONEY CREEK FIELDS,,
09/08/2024,15:30,16794948,,GotSport,Soccer,U-9,HARRISON LEGENDS 2016,MOUNT LAUREL UNITED (MLU) GLADIATORS 2016,HARRISON - William Wilt Soccer Complex,,
09/08/2024,15:30,16795801,,GotSport,Soccer,U-13,HADDONFIELD BLACK 2012,HARRISON WILDCATS 2012,HADDONFIELD - CROWS WOODS,,
09/08/2024,15:30,16794645,,GotSport,Soccer,U-14,MONROE TOWNSHIP YS UNITED BOYS BLUE 2011,GATEWAY UNITED SOCCER CLUB WILDCATS 2011,MONROE TWP - CORKERY LANE,,
09/08/2024,15:30,16795424,,GotSport,Soccer,U-12,CINNAMINSON SC STRIKERS 2013,HADDONFIELD SC BLACK 2013,CINNAMINSON SC - MEMORIAL,,
09/08/2024,15:30,16796880,,GotSport,Soccer,U-11,EGG HARBOR SC EAGLES 2014 WHITE,WOODSTOWN WOLFPACK 2014,EGG HARBOR - BARGAINTOWN,,
09/08/2024,15:30,16795830,,GotSport,Soccer,U-14,SWEDESBORO WOOLWICH SOCCER ASSOC. SWSA BLACK MAMBAS 2011,EGG HARBOR SC EAGLES BLACK 2011,SW-Locke Avenue Park,,
09/08/2024,15:30,16794876,,GotSport,Soccer,U-9,LOGAN SUPERNOVA 2016,FRANKLIN TOWNSHIP YOUTH SOCCER ASSOCIATION UNITED 2016,LOGAN - TWP LINE,,
09/08/2024,15:30,16794330,,GotSport,Soccer,U-10,WEST DEPTFORD SC COBRAS 2016,HARRISON BLUE ARSENAL 2015,W DEPTFORD-WD PARK,,
09/08/2024,15:30,16795967,,GotSport,Soccer,U-13,VOORHEES SA PREDATORS 2013,EAST GREENWICH SA EGSA VENOM 2012,VOORHEES-EASTERN HS,,
09/08/2024,15:30,16796139,,GotSport,Soccer,U-8,CHERRY HILL SC CHERRY HILL SC COBRAS (2017) - BOYS,WASHINGTON TWP SOCCER CLUB REBELS 2017,CHSC - UPPER CHAPEL TURF,,
09/08/2024,15:30,16795575,,GotSport,Soccer,U-12,NORTHERN BURLINGTON SA BLUES 2013,MOORESTOWN SC RAPTORS 2013,NB Georgetown Park,,
09/08/2024,15:30,16794415,,GotSport,Soccer,U-11,DELRAN FC SOCCER DELRAN FC KNIGHTS 2014,TBAA OUTLAWS 2014,,,
09/08/2024,15:30,16794414,,GotSport,Soccer,U-11,VOORHEES SA KNIGHTS 2014,MEDFORD STRIKERS 2014 BOYS,VOORHEES-Echelon Complex,,
09/08/2024,15:30,16795205,,GotSport,Soccer,U-10,HAMILTON ELITE FC PREMIER 2015B,MAINLAND UNITED SA MUSTANGS WHITE 2015-16 B,,,
09/08/2024,15:30,16796183,,GotSport,Soccer,U-10,HADDON TWP RED HAWKS 2015,WOODSTOWN WILD 2015,,,
09/08/2024,15:30,16795039,,GotSport,Soccer,U-8,MONROE UNITED 2017,WASHINGTON UNITED SOCCER CLUB WUSC 2017 BOYS,MONROE TWP - CORKERY LANE,,
09/08/2024,15:30,16796848,,GotSport,Soccer,U-13,WASHINGTON TWP SOCCER CLUB PREDATORS 2012,HADDONFIELD SC RED 2012,WASHINGTON TWP-WASH LAKE PARK,,
09/08/2024,15:30,16794445,,GotSport,Soccer,U-11,MONROE TOWNSHIP YS UNITED BOYS BLUE 2014,WASHINGTON TWP SOCCER CLUB TERROR 2014,MONROE TWP - CORKERY LANE,,
09/08/2024,15:30,16795864,,GotSport,Soccer,U-10,EGG HARBOR SC EAGLES 2015 BLACK,ATLANTIC UNITED PREMIER FIRE 2015 B,EGG HARBOR - BARGAINTOWN,,
09/08/2024,15:30,16796318,,GotSport,Soccer,U-13,VINELAND SA JERSEY BOYZ 2012,CINNAMINSON SC CHARGE 2012,VINELAND SA,,
09/08/2024,15:30,16794903,,GotSport,Soccer,U-11,CHERRY HILL SC CHERRY HILL SC UNION 2015,MANTUA TOWNSHIP SA ELITE 2014,CHSC - UPPER CHAPEL TURF,,
09/08/2024,15:30,16796487,,GotSport,Soccer,U-8,SOUTH HARRISON FORCE,PITTSGROVE SOCCER CLUB PSC RAPTORS ‘17,SOUTH HARRISON - STEWART,,
09/08/2024,15:30,16796039,,GotSport,Soccer,U-10,EAST GREENWICH SA EGSA TIGERS 2015,DEPTFORD LIGHTNING 2015,E GREENWICH - THOMPSON FAMILY PARK,,
09/08/2024,15:30,16794799,,GotSport,Soccer,U-9,DELRAN FC UNION 2016,PITTSGROVE SOCCER CLUB PSC PRIME BLACK '16,,,
09/08/2024,15:30,16794263,,GotSport,Soccer,U-12,HARRISON SC LIGHTNING 2013,CAPE EXPRESS CE 2014 UNION,HARRISON - William Wilt Soccer Complex,,
09/08/2024,15:30,16794372,,GotSport,Soccer,U-14,CLAYTON SA CLIPPERS 2011/2012,MAINLAND UNITED SA MUSTANGS WHITE 2011-12 B,CLAYTON - BENTZ,,
09/08/2024,15:30,16795114,,GotSport,Soccer,U-10,PENNSVILLE EAGLES GOLD 2015,HIGHLAND YOUTH SOCCER CLUB STORM 2015,PENNSVILLE,,
09/08/2024,15:30,16795212,,GotSport,Soccer,U-16,NORTHERN BURLINGTON SA BULLDOGS 2009,SJ FUTBOL CLUB RAPIDS 2009,NB- MANSFIELD TOWNSHIP ELEMENTARY SCHOOL,,
09/08/2024,15:30,16795560,,GotSport,Soccer,U-9,LOGAN APOLLO 2016,UPPER TOWNSHIP SA THUNDER 2016,LOGAN - TWP LINE,,
09/08/2024,15:30,16794703,,GotSport,Soccer,U-12,HADDON HEIGHTS SC YOUNG BOYS 2013,MEDFORD SC BLUE DEVILS 2013,HADD HGTS - DEVON,,
09/08/2024,15:30,16795265,,GotSport,Soccer,U-12,WASHINGTON TWP SOCCER CLUB RAPTORS 2013,MILLVILLE REBELS 2013,WASHINGTON TWP. - Levy Fields (Virtua),,
09/08/2024,15:30,16796863,,GotSport,Soccer,U-13,CHERRY HILL FC 2012 JUNIORS BLACK,MOUNT LAUREL UNITED (MLU) IMPACT 2012,CHFC - DeCOU,,
09/08/2024,15:30,16796769,,GotSport,Soccer,U-9,CHERRY HILL FC 2016 JUNIOR BLACK,ATLANTIC UNITED PREMIER BLACK 2016 B,CHFC - DeCOU,,
09/08/2024,15:30,16795485,,GotSport,Soccer,U-14,HADDON TWP RED HAWKS 2011,MOORESTOWN SC BLACK KNIGHTS 2011,HADDON TWP - RECCHINO FIELDS,,
09/08/2024,15:30,16795755,,GotSport,Soccer,U-9,MOUNT LAUREL UNITED (MLU) REVOLUTION 2016,CAPE EXPRESS CE NOR'EASTERS 2016,MLU-TROTTERS,,
09/08/2024,15:45,16796768,,GotSport,Soccer,U-9,MARLTON SC CHIEFS WHITE 2016,SENECA UNITED SC 2016 RAPTORS,MARLTON - MEMORIAL,,
09/08/2024,15:45,16797012,,GotSport,Soccer,U-8,TBAA ROUGHRIDERS 2017,MOUNT LAUREL UNITED (MLU) BOYS TEAM 2 2017,TBAA-VALLEY BROOK,,
09/08/2024,15:45,16795663,,GotSport,Soccer,U-13,WINSLOW GREEN DRAGONS 2012,SWEDESBORO WOOLWICH SOCCER ASSOC. SWSA CYCLONES 2012/2013,WINSLOW TWP - PETER VOLPA,,
09/08/2024,15:45,16794902,,GotSport,Soccer,U-11,TAR-KILL SOCCER CLUB TARKILL CHELSEA 2014,HADDON TWP RED HAWKS 2014,TARKILL-STERLING HS,,
09/08/2024,15:45,16795672,,GotSport,Soccer,U-10,BURLINGTON TOWNSHIP SOCCER PHOENIX 2015,CHERRY HILL SC CHERRY HILL SC COMETS (2015) - BOYS,BURLINGTON TWP - PINEWALD AVE,,
09/08/2024,15:45,16795332,,GotSport,Soccer,U-10,SJ FUTBOL CLUB RAMS 2015,MAINLAND UNITED SA MUSTANGS RED 2015 B,SJFC - UPPER DEERFIELD RECREATION COMPLEX,,
09/08/2024,15:45,16796411,,GotSport,Soccer,U-9,COLLINGSWOOD OAKLYN SOCCER CLUB WARRIORS 2016,MOORESTOWN SC DRAGONS 2016,COSC- Oaklyn Public School,,
09/08/2024,15:45,16796259,,GotSport,Soccer,U-12,RANCOCAS VALLEY SC RONALDO 2013,CHERRY HILL SC CHERRY HILL SC FORCE 2013,Rancocas Valley-LUMBERTON MUNICIPAL,,
09/08/2024,15:45,16796040,,GotSport,Soccer,U-10,PENNSAUKEN YOUTH SOCCER CLUB LIONS 2015,MEDFORD SC COLUMBIA 2015,Pennsauken Community Recreation Facility,,
09/08/2024,15:45,16795517,,GotSport,Soccer,U-9,HIGHLAND YOUTH SOCCER CLUB HAVOK 2016,HADDONFIELD SC BLACK 2016 B,HIGHLAND - GLOUCESTER TWP PARK,,
09/08/2024,15:45,16796469,,GotSport,Soccer,U-8,HARRISON HURRICANES 2017,UPPER TOWNSHIP SA FLASH 2017,HARRISON - William Wilt Soccer Complex,,
09/08/2024,15:45,16795768,,GotSport,Soccer,U-13,FRANKLIN TOWNSHIP YOUTH SOCCER ASSOCIATION CRUSADERS 2012,MANTUA TOWNSHIP SA FURY 2012,FRANKLIN TWP YOUTH COMPLEX,,
09/08/2024,15:45,16794813,,GotSport,Soccer,U-8,SWEDESBORO WOOLWICH SOCCER ASSOC. SWSA FIREBALLS 2017,HADDON HEIGHTS SC HAVOC 2017,SW-Locke Avenue Park,,
09/08/2024,15:45,16794542,,GotSport,Soccer,U-9,TAR-KILL SOCCER CLUB TARKILL 2016 BOYS,CHERRY HILL SC CHERRY HILL SC 72S (2016) - BOYS,TARKILL-STERLING HS,,
09/08/2024,15:45,16796258,,GotSport,Soccer,U-12,BURLINGTON TOWNSHIP SOCCER STRIKERS 2013,CHERRY HILL FC 2013 JUNIOR BLACK - RED HAWKS,BURLINGTON TWP - PINEWALD AVE,,
09/08/2024,15:45,16796505,,GotSport,Soccer,U-8,PITMAN SA LIONS 2017,NORTHERN BURLINGTON FORCE 2017,PITMAN - Dell,,
09/08/2024,15:45,16794979,,GotSport,Soccer,U-12,DEPTFORD TORNADOS 2013,VINELAND TERMINATORS 2013,DEPTFORD SC,,
09/08/2024,15:50,16795813,,GotSport,Soccer,U-14,CINNAMINSON SC VIPERS 2011,CHERRY HILL FC CHFC 2011 AVENGERS,CINNAMINSON SC - MEMORIAL,,
09/08/2024,15:50,16796243,,GotSport,Soccer,U-13,HIGHLAND YOUTH SOCCER CLUB FORCE 2012,ATLANTIC UNITED PREMIER KICKERS 2013 B EDP,HIGHLAND - GLOUCESTER TWP PARK,,
09/08/2024,15:50,16794856,,GotSport,Soccer,U-13,MARLTON SC CHIEFS WHITE 2012,GATEWAY UNITED SOCCER CLUB STINGRAYS 2012,MARLTON - MEMORIAL,,
09/15/2024,11:00,16796132,,GotSport,Soccer,U-19,HIGHLAND YOUTH SOCCER CLUB FUSION 2008,HIGHLAND YOUTH SOCCER CLUB HURRICANES 2008,HIGHLAND - GLOUCESTER TWP PARK,,
09/15/2024,11:00,16796015,,GotSport,Soccer,U-11,BORDENTOWN FC UNION 2014,NORTHERN BURLINGTON BLUE DEVILS 2014,BORDENTOWN - FRIENDSHIP FIELDS,,
09/15/2024,11:00,16795536,,GotSport,Soccer,U-9,LOGAN APOLLO 2016,TBAA RENEGADES 2016,LOGAN - TWP LINE,,
09/15/2024,11:00,16795261,,GotSport,Soccer,U-15,EAST GREENWICH SA EGSA BLAZE 2010,MOUNT LAUREL UNITED (MLU) FORCE 2010,E GREENWICH - THOMPSON FAMILY PARK,,
09/15/2024,11:00,16795230,,GotSport,Soccer,U-16,DEPTFORD AVENGERS 2009,HAMMONTON HEAT BOYS 2009,DEPTFORD SC,,
09/15/2024,12:00,16796561,,GotSport,Soccer,U-8,HIGHLAND YOUTH SOCCER CLUB BOYS 2017,LOGAN BOOM BLACK 2017,HIGHLAND - GLOUCESTER TWP PARK,,
09/15/2024,12:00,16796201,,GotSport,Soccer,U-15,NORTHERN BURLINGTON SA BLAST 2010,MEDFORD SC MAD DOGS WHITE 2010,NB- MANSFIELD TOWNSHIP ELEMENTARY SCHOOL,,
09/15/2024,12:00,16796290,,GotSport,Soccer,U-15,CHERRY HILL SC CHERRY HILL SC FUSION (2011) - BOYS,CINNAMINSON SC PIRATES 2010,CHSC - CH WEST HS,,
09/15/2024,12:00,16796812,,GotSport,Soccer,U-15,BERLIN SOCCER CLUB BRAWLERS 2010,MONROE TOWNSHIP YS UNITED 2010,BERLIN SC - FRANKLIN FIELDS,,
09/15/2024,12:00,16794482,,GotSport,Soccer,U-10,WASHINGTON UNITED SOCCER CLUB WUSC 2015 BOYS,EAST GREENWICH SA EGSA BLACK KNIGHTS 2015,WASHINGTON TWP. - Levy Fields (Virtua),,
09/15/2024,12:00,16795142,,GotSport,Soccer,U-15,HADDONFIELD SC WHITE 2010,PALMYRA RIVERTON SC UNION 2010,HADDONFIELD - CROWS WOODS,,
09/15/2024,12:00,16794506,,GotSport,Soccer,U-10,HADDONFIELD SC RED 2015 B,MOUNT LAUREL UNITED (MLU) MLU KNIGHTS 2015,HADDONFIELD - CROWS WOODS,,
09/15/2024,12:00,16797009,,GotSport,Soccer,U-8,TBAA ROUGHRIDERS 2017,VOORHEES SA VENOM 2017,TBAA-VALLEY BROOK,,
09/15/2024,12:00,16797010,,GotSport,Soccer,U-8,HADDONFIELD SC REBELS 2017,BORDENTOWN FC REVOLUTION 2017,HADDONFIELD - CROWS WOODS,,
09/15/2024,12:00,16795924,,GotSport,Soccer,U-16,WINSLOW VIPERS 2009,BURLINGTON TOWNSHIP SOCCER CELTIC 2010,WINSLOW TWP - PETER VOLPA,,
09/15/2024,12:00,16794808,,GotSport,Soccer,U-9,EAST GREENWICH SA EGSA CHAOS 2016,PITTSGROVE SOCCER CLUB PSC PRIME BLACK '16,E GREENWICH - THOMPSON FAMILY PARK,,
09/15/2024,12:00,16794915,,GotSport,Soccer,U-11,ATLANTIC UNITED PREMIER KICKERS 2014 B,HADDON TWP RED HAWKS 2014,ATLANTIC - TARTAGLIO,,
09/15/2024,12:00,16796707,,GotSport,Soccer,U-9,CHERRY HILL SC CHERRY HILL SC THUNDER (2016) - BOYS,CINNAMINSON SC LIGHTNING 2016,CHSC - UPPER CHAPEL TURF,,
09/15/2024,12:00,16795898,,GotSport,Soccer,U-16,MEDFORD STRIKERS 2009 BOYS,MARLTON SC CHIEFS ORANGE 2009,MEDFORD STRIKERS - ARK ROAD COMPLEX,,
09/15/2024,12:00,16795896,,GotSport,Soccer,U-16,SWEDESBORO WOOLWICH SOCCER ASSOC. SWSA FORCE 2009,FRANKLIN TOWNSHIP YOUTH SOCCER ASSOCIATION STRIKERS 2009,SW-Locke Avenue Park,,
09/15/2024,12:00,16794777,,GotSport,Soccer,U-9,MEDFORD SC COLUMBIA 2016,CINNAMINSON SC TITANS 2016,MEDFORD - BENDE PARK,,
09/15/2024,12:00,16794692,,GotSport,Soccer,U-12,HADDON HEIGHTS SC YOUNG BOYS 2013,MONROE TOWNSHIP YS UNITED BOYS BLUE 2013,HADD HGTS - DEVON,,
09/15/2024,12:00,16796108,,GotSport,Soccer,U-19,WASHINGTON TWP SOCCER CLUB GLADIATORS 2008,SWEDESBORO WOOLWICH SOCCER ASSOC. SWSA SCORPIONS 2008,WASHINGTON TWP-WASH LAKE PARK,,
09/15/2024,12:00,16796894,,GotSport,Soccer,U-11,MEDFORD SC GOLD 2014,COLLINGSWOOD OAKLYN SOCCER CLUB VENOM COSC 2014,MEDFORD - BENDE PARK,,
09/15/2024,12:00,16794959,,GotSport,Soccer,U-9,MOUNT LAUREL UNITED (MLU) GLADIATORS 2016,MARLTON SC CHIEFS ORANGE 2016,MLU-TROTTERS,,
09/15/2024,12:00,16795968,,GotSport,Soccer,U-13,VOORHEES SA PREDATORS 2013,AUDUBON SOCCER YOUTH BALLERS 2012,VOORHEES-EASTERN HS,,
09/15/2024,12:00,16796930,,GotSport,Soccer,U-11,EAST GREENWICH SA EGSA EAGLES 2014,PENNSVILLE EAGLES 2014,E GREENWICH - THOMPSON FAMILY PARK,,
09/15/2024,12:00,16796412,,GotSport,Soccer,U-9,MOORESTOWN SC DRAGONS 2016,BARRINGTON SC BLACK 2016,MOORESTOWN - MEMORIAL FIELDS,,
09/15/2024,12:00,16795065,,GotSport,Soccer,U-12,SJ FUTBOL CLUB SJFC FLYERS ELITE 2014,EGG HARBOR SC EAGLES WHITE 2013,SJFC - UPPER DEERFIELD RECREATION COMPLEX,,
09/15/2024,12:00,16796107,,GotSport,Soccer,U-19,GATEWAY UNITED SOCCER CLUB GUSC WARRIORS B2006,MEDFORD SC ,GATEWAY UTD. - WESTVILLE,,
09/15/2024,12:30,16796016,,GotSport,Soccer,U-11,LOGAN CHARGE BLACK 2014,HARRISON WAVE 2014,LOGAN - TWP LINE,,
09/15/2024,12:30,16794329,,GotSport,Soccer,U-10,HARRISON BLUE ARSENAL 2015,CLAYTON SA CLIPPERS 2015,HARRISON - William Wilt Soccer Complex,,
09/15/2024,12:30,16794971,,GotSport,Soccer,U-12,WASHINGTON TWP SOCCER CLUB DAREDEVILS 2013,DEPTFORD TORNADOS 2013,WASHINGTON TWP-WASH LAKE PARK,,
09/15/2024,12:30,16796149,,GotSport,Soccer,U-8,GATEWAY UNITED SOCCER CLUB GUSC B2017,MEDFORD SC 2017B WHITE,,,
09/15/2024,12:30,16796175,,GotSport,Soccer,U-10,MONROE TOWNSHIP YS UNITED BLUE 2015,WASHINGTON TWP SOCCER CLUB RAPTORS 2015,MONROE TWP - CORKERY LANE,,
09/15/2024,12:30,16795386,,GotSport,Soccer,U-11,UPPER TOWNSHIP SA HURRICANES WHITE 2014,PITTSGROVE SOCCER CLUB PSC PHANTOMS '14,UPPER TWP-Amanda's Field Complex,,
09/15/2024,12:30,16795002,,GotSport,Soccer,U-10,DELRAN FC COBRAS 2015,CINNAMINSON SC RED DEVILS 2015,,,
09/15/2024,12:30,16794986,,GotSport,Soccer,U-12,GATEWAY UNITED SOCCER CLUB SHARKS 2013,VINELAND TERMINATORS 2013,GATEWAY UTD. - WESTVILLE,,
09/15/2024,12:30,16794919,,GotSport,Soccer,U-11,MANTUA TOWNSHIP SA ELITE 2014,TAR-KILL SOCCER CLUB TARKILL CHELSEA 2014,MANTUA TWP,,
09/15/2024,12:30,16794851,,GotSport,Soccer,U-13,MARLTON SC CHIEFS WHITE 2012,HARRISON SC STRIKERS 2012,MARLTON - MEMORIAL,,
09/15/2024,12:30,16794277,,GotSport,Soccer,U-12,CAPE EXPRESS CE 2014 UNION,DELRAN FC SOCCER DELRAN FC UNITED 2013,CAPE EX SOCCER COMPLEX At Ockie Wisting,,
09/15/2024,12:30,16795929,,GotSport,Soccer,U-11,FRANKLIN TOWNSHIP YOUTH SOCCER ASSOCIATION STORM 2014,PENNSAUKEN YOUTH SOCCER CLUB AVENGERS 2014,FRANKLIN TWP YOUTH COMPLEX,,
09/15/2024,12:30,16794523,,GotSport,Soccer,U-12,PITMAN SA TIGERS 2013,TAR-KILL SOCCER CLUB TARKILL KNIGHTS 2013,PITMAN - ALCYON LAKE,,
09/15/2024,12:30,16796578,,GotSport,Soccer,U-8,HAMMONTON HEAT BOYS 2017,WASHINGTON TWP SOCCER CLUB WOLVES 2017,HAMMONTON - MOSS MILL RD PARK SOCCER COMPLEX,,
09/15/2024,12:30,16796291,,GotSport,Soccer,U-15,TBAA DYNAMO 2010,WOODBURY ARMORY 2010,TBAA-VALLEY BROOK,,
09/15/2024,12:30,16795073,,GotSport,Soccer,U-10,CAPE EXPRESS CE SILVER STREAK 2015,HADDON HEIGHTS SC CHEETAHS 2015,CAPE EX SOCCER COMPLEX At Ockie Wisting,,
09/15/2024,12:30,16795297,,GotSport,Soccer,U-14,MOUNT LAUREL UNITED (MLU) FLASH 2011,CHERRY HILL SC CHAOS 2011,MLU-TROTTERS,,
09/15/2024,12:30,16794517,,GotSport,Soccer,U-12,SENECA UNITED SC 2014 THUNDER,HIGHLAND YOUTH SOCCER CLUB FURY 2013,SENECA - STONEY CREEK FIELDS,,
09/15/2024,12:30,16795296,,GotSport,Soccer,U-14,PITTSGROVE SOCCER CLUB PSC WOLVES '11,HARRISON SC THUNDER 2011,PITTSGROVE-GREEN BRANCH,,
09/15/2024,12:30,16796989,,GotSport,Soccer,U-11,CHERRY HILL SC CHERRY HILL SC FORCE 2014,MOUNT LAUREL UNITED (MLU) COBRAS 2014,CHSC - UPPER CHAPEL TURF,,
09/15/2024,12:30,16795756,,GotSport,Soccer,U-9,MOUNT LAUREL UNITED (MLU) REVOLUTION 2016,MAINLAND UNITED SA MUSTANGS RED 2016 B,MLU-TROTTERS,,
09/15/2024,12:30,16795487,,GotSport,Soccer,U-14,MOORESTOWN SC BLACK KNIGHTS 2011,BORDENTOWN FC JAGUARS 2011,MOORESTOWN - MEMORIAL FIELDS,,
09/15/2024,12:30,16794459,,GotSport,Soccer,U-12,HADDON TWP WHITE HAWKS 2013,MAINLAND UNITED SA MUSTANGS WHITE 2013-14 B,,,
09/15/2024,12:30,16796506,,GotSport,Soccer,U-8,PITMAN SA LIONS 2017,MOORESTOWN SC PYTHONS 2017,PITMAN - Dell,,
09/15/2024,12:30,16796091,,GotSport,Soccer,U-14,PALMYRA RIVERTON SC WARRIORS 2011,BURLINGTON TOWNSHIP SOCCER REBELS 2011,PAL-RIV - LEGION FIELD,,
09/15/2024,12:30,16796445,,GotSport,Soccer,U-10,SWEDESBORO WOOLWICH SOCCER ASSOC. SWSA GUNNERS 2015,PITMAN SA WILDCATS 2015,SW-Locke Avenue Park,,
09/15/2024,12:30,16795823,,GotSport,Soccer,U-14,CHERRY HILL FC CHFC 2011 AVENGERS,SWEDESBORO WOOLWICH SOCCER ASSOC. SWSA BLACK MAMBAS 2011,CHFC - DeCOU,,
09/15/2024,12:30,16795295,,GotSport,Soccer,U-14,PENNSAUKEN YOUTH SOCCER CLUB WARRIORS 2011,HADDONFIELD SC RED 2011,Pennsauken Community Recreation Facility,,
09/15/2024,12:30,16796771,,GotSport,Soccer,U-9,SENECA UNITED SC 2016 RAPTORS,HARRISON HORNETS 2016,SENECA - STONEY CREEK FIELDS,,
09/15/2024,12:30,16796391,,GotSport,Soccer,U-14,RANCOCAS VALLEY SC BOYS 2011 UNITED,WOODBURY SOCCER CLUB WOODBURY ARMORY 2011,Rancocas Valley-LUMBERTON MUNICIPAL,,
09/15/2024,12:30,16796021,,GotSport,Soccer,U-11,VOORHEES SA VIKINGS 2014,BURLINGTON TOWNSHIP SOCCER DYNAMITE 2014,VOORHEES-Echelon Complex,,
09/15/2024,12:30,16795267,,GotSport,Soccer,U-12,MILLVILLE REBELS 2013,EAST GREENWICH SA EGSA MAYHEM 2013,MILLVILLE SOCCER COMPLEX,,
09/15/2024,12:30,16795570,,GotSport,Soccer,U-12,MARLTON SC CHIEFS WHITE 2013,NORTHERN BURLINGTON SA BLUES 2013,MARLTON - MEMORIAL,,
09/15/2024,12:30,16794904,,GotSport,Soccer,U-11,CHERRY HILL SC CHERRY HILL SC UNITED 2014,CHERRY HILL SC CHERRY HILL SC UNION 2015,CHSC - UPPER CHAPEL TURF,,
09/15/2024,12:30,16796322,,GotSport,Soccer,U-13,CINNAMINSON SC CHARGE 2012,LOGAN FORCE 2012,CINNAMINSON SC - MEMORIAL,,
09/15/2024,12:30,16794609,,GotSport,Soccer,U-14,MEDFORD SC RENEGADES 2011,MAINLAND UNITED SA MUSTANGS RED 2011 B,MEDFORD - BENDE PARK,,
09/15/2024,12:30,16794356,,GotSport,Soccer,U-14,MONROE TOWNSHIP YS UNITED 2012,SWEDESBORO WOOLWICH SOCCER ASSOC. SWSA RED FLAMES 2011,MONROE TWP - CORKERY LANE,,
09/15/2024,12:30,16795652,,GotSport,Soccer,U-13,PENNSVILLE EAGLES 2012,SWEDESBORO WOOLWICH SOCCER ASSOC. SWSA CYCLONES 2012/2013,PENNSVILLE,,
09/15/2024,12:30,16796542,,GotSport,Soccer,U-11,HADDONFIELD SC BLACK 2014,FRANKLIN TOWNSHIP YOUTH SOCCER ASSOCIATION KNIGHTS 2014,HADDONFIELD - CROWS WOODS,,
09/15/2024,12:30,16796618,,GotSport,Soccer,U-14,WEST DEPTFORD SC WOLFPACK 2011,VINELAND SA STRIKERS 2011,W DEPTFORD-WD PARK,,
09/15/2024,12:30,16795680,,GotSport,Soccer,U-10,CINNAMINSON SC PIRATES SEA DOGS 2015,CHERRY HILL SC CHERRY HILL SC COMETS (2015) - BOYS,CINNAMINSON SC - MEMORIAL,,
09/15/2024,12:30,16796615,,GotSport,Soccer,U-10,VINELAND AVENGERS 2015,PITTSGROVE SOCCER CLUB PSC GALAXY '15,VINELAND SA,,
09/15/2024,12:30,16796482,,GotSport,Soccer,U-8,EGG HARBOR SC EAGLES 2017,SOUTH HARRISON FORCE,EGG HARBOR - BARGAINTOWN,,
09/15/2024,12:30,16795074,,GotSport,Soccer,U-10,UPPER TOWNSHIP SA SUPER SONICS 2015,HIGHLAND YOUTH SOCCER CLUB LIGHTNING 2015,UPPER TWP-Amanda's Field Complex,,
09/15/2024,12:30,16794405,,GotSport,Soccer,U-11,VOORHEES SA KNIGHTS 2014,TBAA REVOLUTION 2015,VOORHEES-Echelon Complex,,
09/15/2024,12:30,16796048,,GotSport,Soccer,U-10,DEPTFORD LIGHTNING 2015,MOUNT LAUREL UNITED (MLU) MLU WOLFPACK 2015,DEPTFORD SC,,
09/15/2024,12:30,16795673,,GotSport,Soccer,U-10,TAR-KILL SOCCER CLUB TARKILL 2015 WHITE,VOORHEES SA PYTHONS 2015,TARKILL-STERLING HS,,
09/15/2024,12:30,16796904,,GotSport,Soccer,U-11,CINNAMINSON SC AVENGERS 2014,WOODSTOWN WOLFPACK 2014,CINNAMINSON SC - MEMORIAL,,
09/15/2024,12:30,16795991,,GotSport,Soccer,U-11,DELRAN FC HAWKS 2014,RANCOCAS VALLEY SC RVSC - '14 FOREST,,,
09/15/2024,12:30,16794457,,GotSport,Soccer,U-12,MOORESTOWN SC THUNDER 2013,HADDON HEIGHTS SC BEAST BOYS 2013,MOORESTOWN - SALEM RD/PRYOR PARK,,
09/15/2024,12:30,16795360,,GotSport,Soccer,U-10,MAINLAND UNITED SA MUSTANGS BLACK 2015 B,CINNAMINSON SC RAPTORS 2015,MAINLAND - MEMORIAL PARK,,
09/15/2024,12:30,16794412,,GotSport,Soccer,U-11,MEDFORD STRIKERS 2014 BOYS,TBAA OUTLAWS 2014,MEDFORD STRIKERS - ARK ROAD COMPLEX,,
09/15/2024,12:30,16794970,,GotSport,Soccer,U-12,HARRISON WOLFPACK 2013,PENNS GROVE WILD 2013,HARRISON - William Wilt Soccer Complex,,
09/15/2024,12:30,16796981,,GotSport,Soccer,U-11,AUDUBON ATTACK - BOYS 2014,MOORESTOWN SC GUARDIANS 2014,AUDUBON - GREEN WAVE PARK,,
09/15/2024,12:40,16796298,,GotSport,Soccer,U-15,EAST GREENWICH SA EGSA CHARGERS 2010,VINELAND REBELS 2010,E GREENWICH - THOMPSON FAMILY PARK,,
09/15/2024,12:40,16795897,,GotSport,Soccer,U-16,DEPTFORD REBELS 2009,CINNAMINSON SC PIRATES 2009,DEPTFORD SC,,
09/15/2024,12:40,16795242,,GotSport,Soccer,U-15,HIGHLAND YOUTH SOCCER CLUB RAPTORS 2010,SJ FUTBOL CLUB WOLVES 2010,HIGHLAND - GLOUCESTER TWP PARK,,
09/15/2024,13:00,16795103,,GotSport,Soccer,U-10,CHERRY HILL FC 2015 CHFC JUNIOR WHITE,PENNSVILLE EAGLES GOLD 2015,CHFC - DeCOU,,
09/15/2024,13:15,16795847,,GotSport,Soccer,U-12,SJ FUTBOL CLUB SOUNDERS 2013,EGG HARBOR SC EAGLES 2013 BLACK,SJFC - UPPER DEERFIELD RECREATION COMPLEX,,
09/15/2024,13:15,16796773,,GotSport,Soccer,U-9,ATLANTIC UNITED PREMIER BLACK 2016 B,WEST DEPTFORD SC WILDCATS 2016,ATLANTIC - TARTAGLIO,,
09/15/2024,13:15,16794458,,GotSport,Soccer,U-12,EAST GREENWICH SA EGSA PANTHERS 2013,MAPLE SHADE FORCE 2013,E GREENWICH - THOMPSON FAMILY PARK,,
09/15/2024,13:15,16795577,,GotSport,Soccer,U-12,MEDFORD SC MAYHEM 2013,PITTSGROVE SOCCER CLUB PSC PYTHONS '13,MEDFORD - BENDE PARK,,
09/15/2024,13:15,16795757,,GotSport,Soccer,U-9,HADDONFIELD SC RED 2016,BORDENTOWN FC REVOLUTION 2016,HADDONFIELD - CROWS WOODS,,
09/15/2024,13:15,16796444,,GotSport,Soccer,U-10,MEDFORD SC GOLD 2015,WOODBURY BOLTS,MEDFORD - BENDE PARK,,
09/15/2024,13:15,16795033,,GotSport,Soccer,U-8,MOUNT LAUREL UNITED (MLU) MLU PRESTIGE 2017,MONROE UNITED 2017,MLU-TROTTERS,,
09/15/2024,13:15,16795512,,GotSport,Soccer,U-9,HIGHLAND YOUTH SOCCER CLUB HAVOK 2016,SWEDESBORO WOOLWICH SOCCER ASSOC. SWSA VENOM 2016,HIGHLAND - GLOUCESTER TWP PARK,,
09/15/2024,13:15,16796699,,GotSport,Soccer,U-9,MOORESTOWN SC UNITED 2016,TBAA KNIGHTS 2016,MOORESTOWN - MEMORIAL FIELDS,,
09/15/2024,13:15,16796746,,GotSport,Soccer,U-9,EAST GREENWICH SA EGSA ROYALS 2016,HARRISON HURRICANES 2016,E GREENWICH - THOMPSON FAMILY PARK,,
09/15/2024,13:15,16794804,,GotSport,Soccer,U-9,WASHINGTON UNITED SOCCER CLUB WUSC 2016 BOYS,SWEDESBORO WOOLWICH SOCCER ASSOC. SWSA HAVOC 2016,WASHINGTON TWP. - Levy Fields (Virtua),,
09/15/2024,13:15,16794549,,GotSport,Soccer,U-9,CHERRY HILL SC CHERRY HILL SC 72S (2016) - BOYS,HADDON TWP WHITE HAWKS 2016,CHSC - UPPER CHAPEL TURF,,
09/15/2024,13:15,16795465,,GotSport,Soccer,U-11,HADDON HEIGHTS SC MIGHTY TITANS 2014,COLLINGSWOOD OAKLYN SOCCER CLUB OUTLAWS 2014,HADD HGTS - DEVON,,
09/15/2024,13:15,16796415,,GotSport,Soccer,U-9,HADDONFIELD SC GREY 2016,RANCOCAS VALLEY SC 2016 BOYS UNITED,HADDONFIELD - CROWS WOODS,,
09/15/2024,13:30,16795717,,GotSport,Soccer,U-11,TBAA SYNDICATE 2014,HIGHLAND YOUTH SOCCER CLUB THUNDER 2014,TBAA-VALLEY BROOK,,
09/15/2024,13:30,16795482,,GotSport,Soccer,U-14,VOORHEES SA BLUES 2011,MONROE TOWNSHIP YS UNITED WHITE 2011,VOORHEES-EASTERN HS,,
09/15/2024,13:30,16796244,,GotSport,Soccer,U-13,ATLANTIC UNITED PREMIER KICKERS 2013 B EDP,VOORHEES SA FORCE 2012,ATLANTIC - TARTAGLIO,,
09/15/2024,13:40,16796826,,GotSport,Soccer,U-13,BERLIN SOCCER CLUB BALL BREAKERS 2012,TAR-KILL SOCCER CLUB TARKILL BARCELONA 2012,BERLIN SC - FRANKLIN FIELDS,,
09/15/2024,13:40,16795232,,GotSport,Soccer,U-15,WASHINGTON TWP SOCCER CLUB RENEGADES 2010,VOORHEES SA WARRIORS 2010,WASHINGTON TWP-WASH LAKE PARK,,
09/15/2024,13:45,16796543,,GotSport,Soccer,U-11,NORTHERN BURLINGTON JACKALS 2015,MARLTON SC CHIEFS SILVER 2014,NB Georgetown Park,,
09/15/2024,13:45,16794298,,GotSport,Soccer,U-10,SWEDESBORO WOOLWICH SOCCER ASSOC. SWSA STRIKERS 2015,MOORESTOWN SC VIPERS 2015,SW-Locke Avenue Park,,
09/15/2024,13:45,16795796,,GotSport,Soccer,U-13,HADDONFIELD BLACK 2012,FRANKLIN TOWNSHIP YOUTH SOCCER ASSOCIATION CRUSADERS 2012,HADDONFIELD - CROWS WOODS,,
09/15/2024,13:45,16795498,,GotSport,Soccer,U-14,LOGAN BLAZE 2011,HADDON TWP RED HAWKS 2011,LOGAN - TWP LINE,,
09/15/2024,13:45,16794870,,GotSport,Soccer,U-13,GATEWAY UNITED SOCCER CLUB STINGRAYS 2012,PITTSGROVE SOCCER CLUB PSC WARRIORS '12,GATEWAY UTD. - WESTVILLE,,
09/15/2024,13:45,16796821,,GotSport,Soccer,U-13,CHERRY HILL SC CHERRY HILL SC BULL DOGS 2012,MARLTON SC CHIEFS BLACK 2012,CHSC - CH WEST HS,,
09/15/2024,13:45,16794357,,GotSport,Soccer,U-14,MEDFORD STRIKERS 2011 BOYS,CHERRY HILL FC 2011 JUNIORS BLACK,MEDFORD STRIKERS - ARK ROAD COMPLEX,,
09/15/2024,13:45,16795169,,GotSport,Soccer,U-15,WINSLOW SLAYERS 2010,AUDUBON SOCCER YOUTH UNITED 2010,WINSLOW TWP - PETER VOLPA,,
09/15/2024,14:00,16796261,,GotSport,Soccer,U-12,SENECA UNITED SC 2013 TIGERS,RANCOCAS VALLEY SC RONALDO 2013,SENECA - STONEY CREEK FIELDS,,
09/15/2024,14:00,16794951,,GotSport,Soccer,U-9,HARRISON LEGENDS 2016,MONROE UNITED 2016B,HARRISON - William Wilt Soccer Complex,,
09/15/2024,14:00,16795001,,GotSport,Soccer,U-10,BURLINGTON TOWNSHIP SOCCER THUNDER2015,HADDONFIELD SC BLACK 2015 B,BURLINGTON TWP - PINEWALD AVE,,
09/15/2024,14:00,16794960,,GotSport,Soccer,U-9,MANTUA TOWNSHIP SA MAMBAS 2016,CINNAMINSON SC VIPERS 2016,MANTUA TWP,,
09/15/2024,14:00,16796070,,GotSport,Soccer,U-14,MOUNT LAUREL UNITED (MLU) WARRIORS 2011,HAMMONTON HEAT BOYS 2011,MLU-TROTTERS,,
09/15/2024,14:00,16794315,,GotSport,Soccer,U-10,MONROE TOWNSHIP YS UNITED BOYS 2015,HARRISON STRIKERS 2015,MONROE TWP - CORKERY LANE,,
09/15/2024,14:00,16795391,,GotSport,Soccer,U-11,MARLTON SC CHIEFS WHITE 2014,MEDFORD SC AVENGERS 2014,MARLTON - MEMORIAL,,
09/15/2024,14:00,16797019,,GotSport,Soccer,U-8,MOUNT LAUREL UNITED (MLU) BOYS TEAM 2 2017,HADDON TWP. WHITE HAWKS 2017,MLU-TROTTERS,,
09/15/2024,14:00,16795430,,GotSport,Soccer,U-12,CINNAMINSON SC STRIKERS 2013,MARLTON SC CHIEFS SILVER 2013,CINNAMINSON SC - MEMORIAL,,
09/15/2024,14:00,16795368,,GotSport,Soccer,U-10,VOORHEES SA COBRAS 2015,AUDUBON SOCCER YOUTH BOYS 2015 - HAMMERS,VOORHEES-Echelon Complex,,
09/15/2024,14:00,16795470,,GotSport,Soccer,U-11,MANTUA TOWNSHIP SA OUTLAWS 2014,MARLTON SC CHIEFS BLACK 2014,MANTUA TWP,,
09/15/2024,14:00,16794365,,GotSport,Soccer,U-14,EGG HARBOR SC EAGLES 2011/2012 BLACK,SENECA UNITED SC 2011 WARRIORS,EGG HARBOR - BARGAINTOWN,,
09/15/2024,14:00,16795468,,GotSport,Soccer,U-11,GATEWAY UNITED SOCCER CLUB GREYHOUNDS 2014,WEST DEPTFORD SC EAGLES 2014,GATEWAY UTD. - WESTVILLE,,
09/15/2024,14:00,16795578,,GotSport,Soccer,U-12,MOORESTOWN SC RAPTORS 2013,VOORHEES SA RAPTORS 2013,MOORESTOWN - SALEM RD/PRYOR PARK,,
09/15/2024,14:00,16796928,,GotSport,Soccer,U-11,WOODSTOWN WOLVERINES 2014,LOGAN CHARGE BLUE 2014,WOODSTOWN,,
09/15/2024,14:00,16796908,,GotSport,Soccer,U-11,WATERFORD ATHLETIC ASSN WINGS 2014,WEST DEPTFORD SC AVALANCHE 2014,WATERFORD TWP-LOUDEN FIRE HALL/THERMOCOOL,,
09/15/2024,14:00,16795330,,GotSport,Soccer,U-10,MAINLAND UNITED SA MUSTANGS RED 2015 B,MOORESTOWN SC DEVIL RAYS 2015,MAINLAND - MEMORIAL PARK,,
09/15/2024,14:00,16794420,,GotSport,Soccer,U-11,UPPER TOWNSHIP SA HURRICANES GREEN 2014,DELRAN FC SOCCER DELRAN FC KNIGHTS 2014,UPPER TWP-Amanda's Field Complex,,
09/15/2024,14:00,16795612,,GotSport,Soccer,U-12,PENNSVILLE EAGLES 2013,PITMAN SA TOMCATS 2013,PENNSVILLE,,
09/15/2024,14:00,16795615,,GotSport,Soccer,U-12,VOORHEES COSMOS 2013,PALMYRA RIVERTON SC HURRICANES 2013,VOORHEES-Echelon Complex,,
09/15/2024,14:00,16795616,,GotSport,Soccer,U-12,HADDONFIELD SC WHITE 2013,MOUNT LAUREL UNITED (MLU) GALAXY 2013,HADDONFIELD - CROWS WOODS,,
09/15/2024,14:00,16794434,,GotSport,Soccer,U-11,WASHINGTON TWP SOCCER CLUB TERROR 2014,DEPTFORD UNITED 2014,WASHINGTON TWP-WASH LAKE PARK,,
09/15/2024,14:00,16796859,,GotSport,Soccer,U-13,CHERRY HILL FC 2012 JUNIORS BLACK,WASHINGTON TWP SOCCER CLUB PREDATORS 2012,CHFC - DeCOU,,
09/15/2024,14:00,16794446,,GotSport,Soccer,U-11,MARLTON SC CHIEFS ORANGE 2015,MONROE TOWNSHIP YS UNITED BOYS BLUE 2014,MARLTON - MEMORIAL,,
09/15/2024,14:00,16796819,,GotSport,Soccer,U-13,COLLINGSWOOD OAKLYN SOCCER CLUB KNIGHTS 2012,WOODSTOWN THUNDER 2012,COLLINGSWOOD - CAMDEN ATHLETIC FACILITY,,
09/15/2024,14:00,16795654,,GotSport,Soccer,U-13,HADDON TWP WHITE HAWKS 2012,WINSLOW GREEN DRAGONS 2012,HADDON TWP - RECCHINO FIELDS,,
09/15/2024,14:00,16794498,,GotSport,Soccer,U-10,MEDFORD STRIKERS 2015 BOYS,CHERRY HILL SC CHERRY HILL SC WARRIORS 2015,MEDFORD STRIKERS - ARK ROAD COMPLEX,,
09/15/2024,14:00,16796712,,GotSport,Soccer,U-8,DELRAN FC BLACK 2017B,HADDON TWP. RED HAWKS 2017,,,
09/15/2024,14:00,16795714,,GotSport,Soccer,U-11,PITMAN SA BENGALS 2014,SWEDESBORO WOOLWICH SOCCER ASSOC. SWSA LIGHTNING 2014,PITMAN - ALCYON LAKE,,
09/15/2024,14:00,16794569,,GotSport,Soccer,U-9,SENECA UNITED SC 2016 EAGLES,COLLINGSWOOD OAKLYN SOCCER CLUB SPARTANS 2016,SENECA - STONEY CREEK FIELDS,,
09/15/2024,14:00,16796673,,GotSport,Soccer,U-9,MILLVILLE THUNDER 2016,CLAYTON SA CLIPPERS 2016,MILLVILLE SOCCER COMPLEX,,
09/15/2024,14:00,16796672,,GotSport,Soccer,U-9,WEST DEPTFORD SC WARRIORS 2016,VOORHEES SA TITANS 2016,W DEPTFORD-WD PARK,,
09/15/2024,14:00,16795749,,GotSport,Soccer,U-9,CAPE EXPRESS CE NOR'EASTERS 2016,HADDON TWP RED HAWKS 2016,CAPE EX SOCCER COMPLEX At Ockie Wisting,,
09/15/2024,14:00,16796637,,GotSport,Soccer,U-14,CINNAMINSON SC STORM 2011,HARRISON SC ARSENAL 2011,CINNAMINSON SC - MEMORIAL,,
09/15/2024,14:00,16794622,,GotSport,Soccer,U-14,CAPE EXPRESS SURGE 2011,BORDENTOWN FC RENEGADES 2011,CAPE EX SOCCER COMPLEX At Ockie Wisting,,
09/15/2024,14:00,16795797,,GotSport,Soccer,U-13,WEST DEPTFORD SC UNION 2012,CINNAMINSON SC SKULLS 2012,W DEPTFORD-WD PARK,,
09/15/2024,14:00,16796591,,GotSport,Soccer,U-10,HARRISON BLUE REBELS 2015,MANTUA TOWNSHIP SA FROGS 2015,HARRISON - William Wilt Soccer Complex,,
09/15/2024,14:00,16794637,,GotSport,Soccer,U-14,MONROE TOWNSHIP YS UNITED BOYS BLUE 2011,NORTHERN BURLINGTON SA HOOLIGANS 2011,MONROE TWP - CORKERY LANE,,
09/15/2024,14:00,16794652,,GotSport,Soccer,U-14,MEDFORD SC COLUMBIA 2011,WINSLOW WILDCATS 2011,MEDFORD - BENDE PARK,,
09/15/2024,14:00,16794667,,GotSport,Soccer,U-8,SWEDESBORO WOOLWICH SOCCER ASSOC. SWSA PANTHERS 2017,PITTSGROVE SOCCER CLUB PSC BLACK ‘17,SW-Locke Avenue Park,,
09/15/2024,14:00,16794693,,GotSport,Soccer,U-12,PITTSGROVE SOCCER CLUB PSC REVOLUTION '13,PENNSAUKEN YOUTH SOCCER CLUB REBELS 2013,PITTSGROVE-GREEN BRANCH,,
09/15/2024,14:00,16795860,,GotSport,Soccer,U-12,FRANKLIN TOWNSHIP YOUTH SOCCER ASSOCIATION ENFORCERS 2013,HADDONFIELD SC RED 2013,FRANKLIN TWP YOUTH COMPLEX,,
09/15/2024,14:00,16795861,,GotSport,Soccer,U-12,CHERRY HILL SC THUNDER 2013,WEST DEPTFORD WIZARDS 2013,CHSC - UPPER CHAPEL TURF,,
09/15/2024,14:00,16796470,,GotSport,Soccer,U-8,UPPER TOWNSHIP SA FLASH 2017,PITTSGROVE SOCCER CLUB PSC RAPTORS ‘17,UPPER TWP-Amanda's Field Complex,,
09/15/2024,14:00,16795136,,GotSport,Soccer,U-15,HARRISON SC STORM 2010,WOODSTOWN WOLVERINES 2010,HARRISON - William Wilt Soccer Complex,,
09/15/2024,14:00,16796414,,GotSport,Soccer,U-9,CINNAMINSON SC CHAOS 2016,COLLINGSWOOD OAKLYN SOCCER CLUB WARRIORS 2016,CINNAMINSON SC - MEMORIAL,,
09/15/2024,14:00,16795867,,GotSport,Soccer,U-10,EGG HARBOR SC EAGLES 2015 BLACK,UPPER TOWNSHIP SA COMETS WHITE 2015,EGG HARBOR - BARGAINTOWN,,
09/15/2024,14:00,16796390,,GotSport,Soccer,U-14,MOORESTOWN SC LIGHTNING 2011,HADDONFIELD SC WHITE 2011,MOORESTOWN - MEMORIAL FIELDS,,
09/15/2024,14:00,16794768,,GotSport,Soccer,U-9,GATEWAY UNITED SOCCER CLUB 2016 GUSC THUNDER,DELRAN FC SOCCER SHARKS 2016,,,
09/15/2024,14:00,16796389,,GotSport,Soccer,U-14,DELRAN FC FLASH 2011,CHERRY HILL FC JUNIOR WHITE 2011/12,,,
09/15/2024,14:00,16795102,,GotSport,Soccer,U-10,DEPTFORD SA CYCLONES 2015,NORTHERN BURLINGTON STORM 2015,DEPTFORD SC,,
09/15/2024,14:00,16796350,,GotSport,Soccer,U-13,MILLVILLE LYNX 2012,PITMAN SA JAGUARS 2012,MILLVILLE SOCCER COMPLEX,,
09/15/2024,14:00,16796344,,GotSport,Soccer,U-13,VINELAND SA JERSEY BOYZ 2012,MAINLAND UNITED SA MUSTANGS RED 2012 B,VINELAND SA,,
09/15/2024,14:00,16796319,,GotSport,Soccer,U-13,RANCOCAS VALLEY SC BOYS 2012 - AVENGERS,UPPER TOWNSHIP SA FORCE GREEN 2012,Rancocas Valley-LUMBERTON MUNICIPAL,,
09/15/2024,14:00,16794822,,GotSport,Soccer,U-8,AUDUBON U8 BOYS 2017 TEAM 2,SWEDESBORO WOOLWICH SOCCER ASSOC. SWSA FIREBALLS 2017,AUDUBON - GREEN WAVE PARK,,
09/15/2024,14:00,16796264,,GotSport,Soccer,U-12,CHERRY HILL SC CHERRY HILL SC FORCE 2013,BURLINGTON TOWNSHIP SOCCER STRIKERS 2013,CHSC - UPPER CHAPEL TURF,,
09/15/2024,14:00,16796262,,GotSport,Soccer,U-12,HAMMONTON HEAT BOYS 2013,CHERRY HILL FC 2013 JUNIOR BLACK - RED HAWKS,HAMMONTON - MOSS MILL RD PARK SOCCER COMPLEX,,
09/15/2024,14:00,16795054,,GotSport,Soccer,U-12,CAPE EXPRESS AVENGERS 2013,CINNAMINSON SC THUNDERBIRDS 2013,CAPE EX SOCCER COMPLEX At Ockie Wisting,,
09/15/2024,14:00,16794878,,GotSport,Soccer,U-9,PITMAN SA BOBCATS 2016,LOGAN SUPERNOVA 2016,PITMAN - Dell,,
09/15/2024,14:00,16794297,,GotSport,Soccer,U-10,HADDON TWP SOCCER CLUB 2015 HADDON TWP WHITE HAWKS,VINELAND LIVERPOOL 2015,,,
09/15/2024,14:00,16796200,,GotSport,Soccer,U-15,PENNSAUKEN YOUTH SOCCER CLUB CYCLONES 2010,DEPTFORD DEMONS 2010,Pennsauken Community Recreation Facility,,
09/15/2024,14:00,16796174,,GotSport,Soccer,U-10,TAR-KILL SOCCER CLUB TARKILL 2015 BLUE,WOODSTOWN WILD 2015,TARKILL-STERLING HS,,
09/15/2024,14:10,16794659,,GotSport,Soccer,U-14,TBAA TITANS 2011,GATEWAY UNITED SOCCER CLUB WILDCATS 2011,TBAA-VALLEY BROOK,,
09/15/2024,14:20,16795224,,GotSport,Soccer,U-16,EAST GREENWICH SA EGSA THUNDER 2009,NORTHERN BURLINGTON SA BULLDOGS 2009,E GREENWICH - THOMPSON FAMILY PARK,,
09/15/2024,14:20,16794617,,GotSport,Soccer,U-14,DEPTFORD TORNADOES 2011,MANTUA TOWNSHIP SA UNION 2011,DEPTFORD SC,,
09/15/2024,14:20,16796230,,GotSport,Soccer,U-13,HIGHLAND YOUTH SOCCER CLUB FORCE 2012,VINELAND SA FURY 2012,HIGHLAND - GLOUCESTER TWP PARK,,
09/15/2024,14:30,16796697,,GotSport,Soccer,U-9,MEDFORD SC WHITE 2016,RANCOCAS VALLEY SC 2016 BOYS PREMIER,MEDFORD - BENDE PARK,,
09/15/2024,14:30,16794767,,GotSport,Soccer,U-9,MOORESTOWN SC WARRIORS 2016,HIGHLAND YOUTH SOCCER CLUB MAYHEM 2016,MOORESTOWN - MEMORIAL FIELDS,,
09/15/2024,14:30,16796949,,GotSport,Soccer,U-12,PALMYRA RIVERTON SC YOUNGBLOODS 2013,WOODBURY SOCCER CLUB WOODBURY BISON 2013,,,
09/15/2024,14:30,16794665,,GotSport,Soccer,U-8,SJ FUTBOL CLUB HAMMERS 2017,TBAA REVOLUTION 2017,SJFC - UPPER DEERFIELD RECREATION COMPLEX,,
09/15/2024,14:30,16794729,,GotSport,Soccer,U-9,HADDON HEIGHTS SC RUCKUS 2016,PENNS GROVE SC DRAGONS 2016,HADD HGTS - DEVON,,
09/15/2024,14:30,16796745,,GotSport,Soccer,U-9,HADDONFIELD SC WHITE 2016,UPPER TOWNSHIP SA BREAKERS 2016,HADDONFIELD - CROWS WOODS,,
09/15/2024,14:30,16796708,,GotSport,Soccer,U-8,HADDONFIELD SC THUNDER 2017,RANCOCAS VALLEY SC 2017 BOYS PREMIER,HADDONFIELD - CROWS WOODS,,
09/15/2024,14:30,16796770,,GotSport,Soccer,U-9,CHERRY HILL FC 2016 JUNIOR BLACK,MARLTON SC CHIEFS WHITE 2016,CHFC - DeCOU,,
09/15/2024,14:30,16796747,,GotSport,Soccer,U-9,ATLANTIC UNITED PREMIER RED 2016 B,FRANKLIN TOWNSHIP YOUTH SOCCER ASSOCIATION JERSEY DEVILS 2016,ATLANTIC - TARTAGLIO,,
09/15/2024,14:30,16795576,,GotSport,Soccer,U-12,EAST GREENWICH SA EGSA DYNAMO 2013,AUDUBON SOCCER YOUTH WILD WINGS 2013,E GREENWICH - THOMPSON FAMILY PARK,,
09/15/2024,14:30,16796162,,GotSport,Soccer,U-8,CHERRY HILL SC CHERRY HILL SC COBRAS (2017) - BOYS,HADDONFIELD SC FIRE 2017,CHSC - UPPER CHAPEL TURF,,
09/15/2024,14:30,16795348,,GotSport,Soccer,U-10,MEDFORD SC WHITE 2015,WINSLOW TITANS 2015,MEDFORD - BENDE PARK,,
09/15/2024,14:30,16795034,,GotSport,Soccer,U-8,WASHINGTON UNITED SOCCER CLUB WUSC 2017 BOYS,MEDFORD SC 2017B NAVY,WASHINGTON TWP. - Levy Fields (Virtua),,
09/15/2024,14:30,16795434,,GotSport,Soccer,U-12,HIGHLAND YOUTH SOCCER CLUB CHAOS 2013,WOODSTOWN WOLVERINES 2013,HIGHLAND - GLOUCESTER TWP PARK,,
09/15/2024,14:30,16795192,,GotSport,Soccer,U-10,EAST GREENWICH SA EGSA FLYERS 2015,HAMILTON ELITE FC PREMIER 2015B,E GREENWICH - THOMPSON FAMILY PARK,,
09/15/2024,14:30,16795268,,GotSport,Soccer,U-12,MOUNT LAUREL UNITED (MLU) TIGERS 2013,WOODSTOWN PREDATORS 2013,MLU-TROTTERS,,
09/15/2024,15:00,16796527,,GotSport,Soccer,U-8,NORTHERN BURLINGTON FORCE 2017,WEST DEPTFORD SC DRAGONS 2017,NB Georgetown Park,,
09/15/2024,15:15,16796966,,GotSport,Soccer,U-12,BERLIN SOCCER CLUB BULLDOGS 2013,DELRAN FC SOCCER GREY 2013B,BERLIN SC - FRANKLIN FIELDS,,
09/15/2024,15:30,16795789,,GotSport,Soccer,U-13,COLLINGSWOOD OAKLYN SOCCER CLUB ROVERS 2013,PENNSAUKEN YOUTH SOCCER CLUB OUTLAWS 2012,COLLINGSWOOD - CAMDEN ATHLETIC FACILITY,,
09/15/2024,15:30,16795818,,GotSport,Soccer,U-14,CINNAMINSON SC VIPERS 2011,UPPER TOWNSHIP SA TSUNAMIS 2011,CINNAMINSON SC - MEMORIAL,,
09/15/2024,15:30,16794730,,GotSport,Soccer,U-9,GATEWAY UNITED SOCCER CLUB 2016 GUSC BLUES,PALMYRA RIVERTON SC NEW U9B - 2016,,,
09/15/2024,15:30,16795185,,GotSport,Soccer,U-10,SWEDESBORO WOOLWICH SOCCER ASSOC. SWSA HONEY BADGERS 2015,PENNSVILLE EAGLES BLUE 2015,SW-Locke Avenue Park,,
09/15/2024,15:30,16796562,,GotSport,Soccer,U-8,PITMAN SA PANTHERS 2017,LOGAN BOOM BLUE 2017,PITMAN - Dell,,
09/15/2024,15:30,16795186,,GotSport,Soccer,U-10,WOODSTOWN WILDCATS 2015,LOGAN ARMADA BLUE 2015,WOODSTOWN,,
09/15/2024,15:30,16795193,,GotSport,Soccer,U-10,MAINLAND UNITED SA MUSTANGS WHITE 2015-16 B,MANTUA 2015-2016 BOYS,MAINLAND - MEMORIAL PARK,,
09/15/2024,15:30,16795131,,GotSport,Soccer,U-10,MOUNT LAUREL UNITED (MLU) SHARKS 2015,HIGHLAND YOUTH SOCCER CLUB STORM 2015,MLU-TROTTERS,,
09/15/2024,15:30,16796593,,GotSport,Soccer,U-10,MILLVILLE PREDATORS 2015,MAPLE SHADE WILD 2015,MILLVILLE SOCCER COMPLEX,,
09/15/2024,15:30,16794666,,GotSport,Soccer,U-8,CAPE EXPRESS CE 2017 BARCA,TAR-KILL SOCCER CLUB TARKILL UNION 2017,CAPE EX SOCCER COMPLEX At Ockie Wisting,,
09/15/2024,15:30,16795868,,GotSport,Soccer,U-10,SENECA UNITED SC 2015 PARK RANGERS,DEPTFORD THUNDER 2015,SENECA - STONEY CREEK FIELDS,,
09/15/2024,15:30,16795763,,GotSport,Soccer,U-13,MANTUA TOWNSHIP SA FURY 2012,HARRISON WILDCATS 2012,MANTUA TWP,,
09/15/2024,15:30,16796626,,GotSport,Soccer,U-14,DELRAN FC BLAST 2011,WASHINGTON TWP SOCCER CLUB REGULATORS 2011,,,
09/15/2024,15:30,16794579,,GotSport,Soccer,U-8,HARRISON UNITED 2017,VOORHEES SA BLUE DEVILS 2017,HARRISON - William Wilt Soccer Complex,,
09/15/2024,15:30,16794574,,GotSport,Soccer,U-8,MANTUA CHAOS 2017,CINNAMINSON RED 2017,MANTUA TWP,,
09/15/2024,15:30,16796676,,GotSport,Soccer,U-9,WATERFORD ATHLETIC ASSN WINGS 2016,WINSLOW VENOM 2016,WATERFORD TWP-LOUDEN FIRE HALL/THERMOCOOL,,
09/15/2024,15:30,16796371,,GotSport,Soccer,U-13,SENECA UNITED SC 2012 PRIDE,DEPTFORD THUNDER 2012,SENECA - STONEY CREEK FIELDS,,
09/15/2024,15:30,16796714,,GotSport,Soccer,U-8,CINNAMINSON SC BLACK 2017,CHERRY HILL FC 2017 JUNIORS BLACK,CINNAMINSON SC - MEMORIAL,,
09/15/2024,15:30,16794540,,GotSport,Soccer,U-12,UPPER TOWNSHIP SA CYCLONES 2013,MAINLAND UNITED SA MUSTANGS RED 2013 B,UPPER TWP-Amanda's Field Complex,,
09/15/2024,15:30,16794802,,GotSport,Soccer,U-9,EGG HARBOR SC EAGLES 2016,DELRAN FC UNION 2016,EGG HARBOR - BARGAINTOWN,,
09/15/2024,15:30,16796349,,GotSport,Soccer,U-13,CAPE EXPRESS WHITE CAPS 2012,MEDFORD SC DESTROYERS 2012,CAPE EX SOCCER COMPLEX At Ockie Wisting,,
09/15/2024,15:30,16796071,,GotSport,Soccer,U-14,PEMBERTON SC PUNISHERS 2011,WOODSTOWN FURY 2011,PEMBERTON - HIGH SCHOOL,,
09/15/2024,15:30,16795704,,GotSport,Soccer,U-11,VOORHEES SA LIGHTNING 2014,MEDFORD SC CAROLINA 2014,VOORHEES-Echelon Complex,,
09/15/2024,15:30,16795928,,GotSport,Soccer,U-11,DEPTFORD RENEGADES 2014,RANCOCAS VALLEY SC RVSC '14 - CELTIC,DEPTFORD SC,,
09/15/2024,15:30,16795266,,GotSport,Soccer,U-12,WEST DEPTFORD SC WARRIORS 2013,WASHINGTON TWP SOCCER CLUB RAPTORS 2013,W DEPTFORD-WD PARK,,
09/15/2024,15:30,16794824,,GotSport,Soccer,U-8,CINNAMINSON SC UNION 2017,MOORESTOWN SC HAWKS 2017,CINNAMINSON SC - MEMORIAL,,
09/15/2024,15:30,16795081,,GotSport,Soccer,U-10,WEST DEPTFORD SC ANIMALS 2015,EGG HARBOR SC EAGLES 2015,W DEPTFORD-WD PARK,,
09/15/2024,15:30,16796816,,GotSport,Soccer,U-15,EDGEWATER PARK ATHLETIC ASSOCIATION EP WIZARDS 2010,MARLTON SC CHIEFS WHITE 2010,,,
09/15/2024,15:30,16795413,,GotSport,Soccer,U-12,LOGAN FLASH 2013,HADDONFIELD SC BLACK 2013,LOGAN - TWP LINE,,
09/15/2024,15:30,16796852,,GotSport,Soccer,U-13,MOUNT LAUREL UNITED (MLU) IMPACT 2012,SOUTH HARRISON TOWNSHIP SOCCER CLUB STRIKERS 2012,MLU-TROTTERS,,
09/15/2024,15:30,16795957,,GotSport,Soccer,U-11,VOORHEES SA VIPERS 2015,CHERRY HILL FC 2015 JUNIOR RED,VOORHEES-Echelon Complex,,
09/15/2024,15:30,16796864,,GotSport,Soccer,U-13,HADDONFIELD SC RED 2012,PITTSGROVE SOCCER CLUB PSC SPURS '12,HADDONFIELD - CROWS WOODS,,
09/15/2024,15:30,16794852,,GotSport,Soccer,U-13,WINSLOW DYNAMO 2012,TAR-KILL SOCCER CLUB TARKILL LIVERPOOL 2012,WINSLOW TWP - PETER VOLPA,,
09/15/2024,15:30,16795613,,GotSport,Soccer,U-12,MOORESTOWN SC DRAGONS 2013,BARRINGTON SC REVOLUTION 2013,MOORESTOWN - SALEM RD/PRYOR PARK,,
09/15/2024,15:30,16794428,,GotSport,Soccer,U-11,HADDONFIELD SC RED 2014 B,MAINLAND UNITED SA MUSTANGS RED 2014 B,HADDONFIELD - CROWS WOODS,,
09/15/2024,15:30,16796888,,GotSport,Soccer,U-11,WASHINGTON TWP SOCCER CLUB WARRIORS 2014,EGG HARBOR SC EAGLES 2014 WHITE,WASHINGTON TWP-WASH LAKE PARK,,
09/15/2024,15:30,16796252,,GotSport,Soccer,U-13,CHERRY HILL SC ROYALS 2012,BURLINGTON TOWNSHIP SOCCER DRAGONS 2012,CHSC - CH WEST HS,,
09/15/2024,15:30,16795969,,GotSport,Soccer,U-13,HADDON TWP RED HAWKS 2012,NORTHERN BURLINGTON SA RANGERS 2012,HADDON TWP - RECCHINO FIELDS,,
09/15/2024,15:30,16795003,,GotSport,Soccer,U-10,MARLTON SC CHIEFS WHITE 2015,CHERRY HILL FC 2015 JUNIOR BLACK,MARLTON - MEMORIAL,,
09/15/2024,15:30,16794879,,GotSport,Soccer,U-9,FRANKLIN TOWNSHIP YOUTH SOCCER ASSOCIATION UNITED 2016,MOORESTOWN SC RENEGADES 2016,FRANKLIN TWP YOUTH COMPLEX,,
09/15/2024,15:30,16794381,,GotSport,Soccer,U-14,PITMAN SA PUMAS 2011,CLAYTON SA CLIPPERS 2011/2012,PITMAN - ALCYON LAKE,,
09/15/2024,15:30,16794380,,GotSport,Soccer,U-14,WASHINGTON TWP SOCCER CLUB CHAOS 11/12,PENNS GROVE SC RAGE 2011,WASHINGTON TWP-WASH LAKE PARK,,
09/15/2024,15:30,16796133,,GotSport,Soccer,U-19,MILLVILLE PHANTOMS 2008,HIGHLAND YOUTH SOCCER CLUB GALAXY 2008,MILLVILLE SOCCER COMPLEX,,
09/15/2024,15:30,16796973,,GotSport,Soccer,U-12,MARLTON SC CHIEFS BLACK 2013,WINSLOW SHARKS 2013,MARLTON - MEMORIAL,,
09/15/2024,15:30,16794897,,GotSport,Soccer,U-9,VOORHEES SA DESTROYERS 2016,PITTSGROVE SOCCER CLUB PSC PRIME WHITE '16,VOORHEES-Echelon Complex,,
09/15/2024,15:30,16794264,,GotSport,Soccer,U-12,MONROE UNITED 2013,HARRISON SC LIGHTNING 2013,MONROE TWP - CORKERY LANE,,
09/15/2024,15:30,16795561,,GotSport,Soccer,U-9,MONROE UNITED BLUE 2016,EGG HARBOR SC EAGLES 2016 BLACK,MONROE TWP - CORKERY LANE,,
09/15/2024,15:30,16795992,,GotSport,Soccer,U-11,CHERRY HILL SC CHERRY HILL SC WHITE (2014) - BOYS,MOORESTOWN SC WOLVERINES 2014,CHSC - UPPER CHAPEL TURF,,
09/15/2024,15:30,16796990,,GotSport,Soccer,U-11,HAMMONTON HEAT BOYS 2014,PITTSGROVE SOCCER CLUB PSC MAVERICKS '14,HAMMONTON - MOSS MILL RD PARK SOCCER COMPLEX,,
09/15/2024,15:30,16794328,,GotSport,Soccer,U-10,AUDUBON BOYS 2015,WEST DEPTFORD SC COBRAS 2016,AUDUBON - GREEN WAVE PARK,,
09/15/2024,15:30,16795538,,GotSport,Soccer,U-9,UPPER TOWNSHIP SA THUNDER 2016,WEST DEPTFORD SC TSUNAMI 2016,UPPER TWP-Amanda's Field Complex,,
09/15/2024,15:30,16796169,,GotSport,Soccer,U-10,HADDON TWP RED HAWKS 2015,PALMYRA RIVERTON SC NATIONALS 2015,,,
09/15/2024,15:30,16795385,,GotSport,Soccer,U-11,CAPE EXPRESS CE ENGINEERS 2014,CINNAMINSON SC CHARGERS 2014,CAPE EX SOCCER COMPLEX At Ockie Wisting,,
09/15/2024,15:30,16796492,,GotSport,Soccer,U-8,HARRISON HURRICANES 2017,MAINLAND UNITED SA MUSTANGS RED 2017 B,HARRISON - William Wilt Soccer Complex,,
09/15/2024,15:30,16796526,,GotSport,Soccer,U-8,BURLINGTON TOWNSHIP SOCCER FIRE 2017,MAPLE SHADE CHAOS 2017,BURLINGTON TWP - PINEWALD AVE,,
09/15/2024,15:30,16794275,,GotSport,Soccer,U-12,MEDFORD STRIKERS 2013 BOYS,VINELAND SA UNITED 2013,MEDFORD STRIKERS - ARK ROAD COMPLEX,,
09/15/2024,15:30,16795824,,GotSport,Soccer,U-14,EGG HARBOR SC EAGLES BLACK 2011,VOORHEES SA ATTACK 2011,EGG HARBOR - BARGAINTOWN,,
09/15/2024,15:45,16794823,,GotSport,Soccer,U-8,HADDON HEIGHTS SC HAVOC 2017,DELRAN FC SOCCER GREY 2017B,HADD HGTS - DEVON,,
09/15/2024,15:45,16796927,,GotSport,Soccer,U-11,TBAA REVOLUTION 2014,HARRISON STRIKERS 2014,TBAA-VALLEY BROOK,,
09/15/2024,15:45,16795518,,GotSport,Soccer,U-9,HADDONFIELD SC BLACK 2016 B,WASHINGTON TWP SOCCER CLUB THUNDER 2016,HADDONFIELD - CROWS WOODS,,
09/15/2024,15:45,16795343,,GotSport,Soccer,U-10,SJ FUTBOL CLUB RAMS 2015,UPPER TOWNSHIP SA COMETS GREEN 2015,SJFC - UPPER DEERFIELD RECREATION COMPLEX,,
09/15/2024,15:45,16794544,,GotSport,Soccer,U-9,EAST GREENWICH SA EGSA LIONS 2016,TAR-KILL SOCCER CLUB TARKILL 2016 BOYS,E GREENWICH - THOMPSON FAMILY PARK,,
09/15/2024,15:45,16795516,,GotSport,Soccer,U-9,MEDFORD SC GOLD 2016,MAPLE SHADE SHARKS 2016,MEDFORD - BENDE PARK,,
09/15/2024,15:45,16794716,,GotSport,Soccer,U-12,MEDFORD SC BLUE DEVILS 2013,MOORESTOWN SC GOLDEN EAGLES 2013,MEDFORD - BENDE PARK,,
09/15/2024,15:45,16796065,,GotSport,Soccer,U-10,MEDFORD SC COLUMBIA 2015,SENECA UNITED SC 2015 RAPTORS,MEDFORD - BENDE PARK,,
09/15/2024,15:45,16796041,,GotSport,Soccer,U-10,PENNSAUKEN YOUTH SOCCER CLUB LIONS 2015,EAST GREENWICH SA EGSA TIGERS 2015,Pennsauken Community Recreation Facility,,
09/15/2024,15:45,16796441,,GotSport,Soccer,U-10,MOORESTOWN SC HORNETS 2015,LOGAN ARMADA BLACK 2015,MOORESTOWN - MEMORIAL FIELDS,,
09/15/2024,15:45,16795699,,GotSport,Soccer,U-10,HADDONFIELD SC WHITE 2015 B,BURLINGTON TOWNSHIP SOCCER PHOENIX 2015,HADDONFIELD - CROWS WOODS,,
09/15/2024,15:45,16795055,,GotSport,Soccer,U-12,MOUNT LAUREL UNITED (MLU) LIGHTNING 2014,MARLTON SC CHIEFS ORANGE 2014,MLU-TROTTERS,,
09/15/2024,15:45,16796144,,GotSport,Soccer,U-8,WASHINGTON TWP SOCCER CLUB REBELS 2017,AUDUBON U8 BOYS 2017 TEAM 1,WASHINGTON TWP. - Levy Fields (Virtua),,
09/15/2024,15:45,16796556,,GotSport,Soccer,U-11,EAST GREENWICH SA EGSA STARS 2014,HADDON TWP WHITE HAWKS 2014,E GREENWICH - THOMPSON FAMILY PARK,,
09/15/2024,15:45,16795866,,GotSport,Soccer,U-10,ATLANTIC UNITED PREMIER FIRE 2015 B,MILLVILLE WARRIORS 2015,ATLANTIC - TARTAGLIO,,
09/15/2024,15:45,16794596,,GotSport,Soccer,U-8,CHERRY HILL SC CHERRY HILL SC DYNAMO (2017) - BOYS,EAST GREENWICH SA EGSA UNITED 2017,CHSC - UPPER CHAPEL TURF,,
09/15/2024,15:50,16795164,,GotSport,Soccer,U-15,DEPTFORD BRUTE FORCE 2010,FRANKLIN TOWNSHIP YOUTH SOCCER ASSOCIATION STORM 2010,DEPTFORD SC,,
09/15/2024,15:50,16795651,,GotSport,Soccer,U-13,HIGHLAND YOUTH SOCCER CLUB MUSTANGS 2012,LOGAN FUSION 2012,HIGHLAND - GLOUCESTER TWP PARK,,
09/15/2024,16:00,16795970,,GotSport,Soccer,U-13,EAST GREENWICH SA EGSA VENOM 2012,SWEDESBORO WOOLWICH SOCCER ASSOC. SWSA SHARKS 2012,E GREENWICH - THOMPSON FAMILY PARK,,
09/15/2024,16:15,16794731,,GotSport,Soccer,U-9,NORTHERN BURLINGTON BOOM 2016,AUDUBON 2016 BOYS,NB Georgetown Park,,
09/15/2024,16:30,16795362,,GotSport,Soccer,U-10,BERLIN SOCCER CLUB BERSERKERS 2015,RANCOCAS VALLEY SC 2015 BOYS STEALTH,BERLIN SC - FRANKLIN FIELDS,,
09/22/2024,08:00,16796292,,GotSport,Soccer,U-15,WOODBURY ARMORY 2010,CHERRY HILL SC CHERRY HILL SC FUSION (2011) - BOYS,WOODBURY,,
09/22/2024,11:00,16795894,,GotSport,Soccer,U-16,MARLTON SC CHIEFS ORANGE 2009,TBAA STORM 2009,MARLTON - MEMORIAL,,
09/22/2024,11:00,16794452,,GotSport,Soccer,U-12,MAPLE SHADE FORCE 2013,MOORESTOWN SC THUNDER 2013,MAPLE SHADE - TURF FIELD,,
09/22/2024,11:00,16796101,,GotSport,Soccer,U-19,MEDFORD SC ,HIGHLAND YOUTH SOCCER CLUB HURRICANES 2008,MEDFORD - BENDE PARK,,
09/22/2024,11:00,16795137,,GotSport,Soccer,U-15,AUDUBON SOCCER YOUTH UNITED 2010,PALMYRA RIVERTON SC UNION 2010,AUDUBON - GREEN WAVE PARK,,
09/22/2024,11:00,16795492,,GotSport,Soccer,U-14,BORDENTOWN FC JAGUARS 2011,LOGAN BLAZE 2011,BORDENTOWN - FRIENDSHIP FIELDS,,
09/22/2024,11:00,16795703,,GotSport,Soccer,U-11,SWEDESBORO WOOLWICH SOCCER ASSOC. SWSA LIGHTNING 2014,VOORHEES SA LIGHTNING 2014,SW-Locke Avenue Park,,
09/22/2024,11:00,16795964,,GotSport,Soccer,U-13,SWEDESBORO WOOLWICH SOCCER ASSOC. SWSA SHARKS 2012,HADDON TWP RED HAWKS 2012,SW-Locke Avenue Park,,
09/22/2024,11:00,16796228,,GotSport,Soccer,U-13,VINELAND SA FURY 2012,ATLANTIC UNITED PREMIER KICKERS 2013 B EDP,VINELAND SA,,
09/22/2024,11:00,16795675,,GotSport,Soccer,U-10,BURLINGTON TOWNSHIP SOCCER PHOENIX 2015,TAR-KILL SOCCER CLUB TARKILL 2015 WHITE,BURLINGTON TWP - PINEWALD AVE,,
09/22/2024,11:00,16796112,,GotSport,Soccer,U-19,GATEWAY UNITED SOCCER CLUB GUSC WARRIORS B2006,HIGHLAND YOUTH SOCCER CLUB FUSION 2008,GATEWAY UTD. - WESTVILLE,,
09/22/2024,11:00,16796628,,GotSport,Soccer,U-14,WASHINGTON TWP SOCCER CLUB REGULATORS 2011,WEST DEPTFORD SC WOLFPACK 2011,WASHINGTON TWP-WASH LAKE PARK,,
09/22/2024,11:00,16796552,,GotSport,Soccer,U-11,HADDON TWP WHITE HAWKS 2014,NORTHERN BURLINGTON JACKALS 2015,,,
09/22/2024,11:00,16795138,,GotSport,Soccer,U-15,WINSLOW SLAYERS 2010,HADDONFIELD SC WHITE 2010,WINSLOW TWP - PETER VOLPA,,
09/22/2024,12:00,16796461,,GotSport,Soccer,U-10,LOGAN ARMADA BLACK 2015,SWEDESBORO WOOLWICH SOCCER ASSOC. SWSA GUNNERS 2015,LOGAN - TWP LINE,,
09/22/2024,12:00,16794638,,GotSport,Soccer,U-14,NORTHERN BURLINGTON SA HOOLIGANS 2011,TBAA TITANS 2011,NB- MANSFIELD TOWNSHIP ELEMENTARY SCHOOL,,
09/22/2024,12:00,16794981,,GotSport,Soccer,U-12,DEPTFORD TORNADOS 2013,HARRISON WOLFPACK 2013,DEPTFORD SC,,
09/22/2024,12:00,16795243,,GotSport,Soccer,U-15,MOUNT LAUREL UNITED (MLU) FORCE 2010,WASHINGTON TWP SOCCER CLUB RENEGADES 2010,MLU-TROTTERS,,
09/22/2024,12:00,16795035,,GotSport,Soccer,U-8,MEDFORD SC 2017B NAVY,MOUNT LAUREL UNITED (MLU) MLU PRESTIGE 2017,MEDFORD - BENDE PARK,,
09/22/2024,12:00,16795901,,GotSport,Soccer,U-16,CINNAMINSON SC PIRATES 2009,MEDFORD STRIKERS 2009 BOYS,CINNAMINSON SC - MEMORIAL,,
09/22/2024,12:00,16795728,,GotSport,Soccer,U-11,HIGHLAND YOUTH SOCCER CLUB THUNDER 2014,PITMAN SA BENGALS 2014,HIGHLAND - GLOUCESTER TWP PARK,,
09/22/2024,12:00,16796382,,GotSport,Soccer,U-14,HADDONFIELD SC WHITE 2011,DELRAN FC FLASH 2011,HADDONFIELD - CROWS WOODS,,
09/22/2024,12:00,16795215,,GotSport,Soccer,U-16,SJ FUTBOL CLUB RAPIDS 2009,EAST GREENWICH SA EGSA THUNDER 2009,SJFC - UPPER DEERFIELD RECREATION COMPLEX,,
09/22/2024,12:00,16795541,,GotSport,Soccer,U-9,WEST DEPTFORD SC TSUNAMI 2016,MONROE UNITED BLUE 2016,W DEPTFORD-WD PARK,,
09/22/2024,12:00,16795443,,GotSport,Soccer,U-11,COLLINGSWOOD OAKLYN SOCCER CLUB OUTLAWS 2014,GATEWAY UNITED SOCCER CLUB GREYHOUNDS 2014,COSC- Oaklyn Public School,,
09/22/2024,12:00,16796798,,GotSport,Soccer,U-15,MILLVILLE VENOM 2010,BERLIN SOCCER CLUB BRAWLERS 2010,MILLVILLE SOCCER COMPLEX,,
09/22/2024,12:00,16795930,,GotSport,Soccer,U-11,RANCOCAS VALLEY SC RVSC '14 - CELTIC,VOORHEES SA VIPERS 2015,Rancocas Valley-LUMBERTON MUNICIPAL,,
09/22/2024,12:00,16796429,,GotSport,Soccer,U-9,RANCOCAS VALLEY SC 2016 BOYS UNITED,MOORESTOWN SC DRAGONS 2016,Rancocas Valley-LUMBERTON MUNICIPAL,,
09/22/2024,12:00,16795357,,GotSport,Soccer,U-10,CINNAMINSON SC RAPTORS 2015,BERLIN SOCCER CLUB BERSERKERS 2015,CINNAMINSON SC - MEMORIAL,,
09/22/2024,12:00,16795005,,GotSport,Soccer,U-10,CHERRY HILL FC 2015 JUNIOR BLACK,DELRAN FC COBRAS 2015,CHFC - DeCOU,,
09/22/2024,12:00,16795144,,GotSport,Soccer,U-15,DEPTFORD BRUTE FORCE 2010,HARRISON SC STORM 2010,DEPTFORD SC,,
09/22/2024,12:00,16795835,,GotSport,Soccer,U-12,CHERRY HILL SC THUNDER 2013,SJ FUTBOL CLUB SOUNDERS 2013,CHSC - UPPER CHAPEL TURF,,
09/22/2024,12:00,16795143,,GotSport,Soccer,U-15,FRANKLIN TOWNSHIP YOUTH SOCCER ASSOCIATION STORM 2010,WOODSTOWN WOLVERINES 2010,FRANKLIN TWP YOUTH COMPLEX,,
09/22/2024,12:00,16794265,,GotSport,Soccer,U-12,HARRISON SC LIGHTNING 2013,MEDFORD STRIKERS 2013 BOYS,HARRISON - William Wilt Soccer Complex,,
09/22/2024,12:00,16796242,,GotSport,Soccer,U-13,VOORHEES SA FORCE 2012,CHERRY HILL SC ROYALS 2012,VOORHEES-EASTERN HS,,
09/22/2024,12:00,16796932,,GotSport,Soccer,U-11,WOODSTOWN WOLVERINES 2014,EAST GREENWICH SA EGSA EAGLES 2014,WOODSTOWN,,
09/22/2024,12:00,16794311,,GotSport,Soccer,U-10,VINELAND LIVERPOOL 2015,SWEDESBORO WOOLWICH SOCCER ASSOC. SWSA STRIKERS 2015,VINELAND SA,,
09/22/2024,12:00,16795580,,GotSport,Soccer,U-12,MARLTON SC CHIEFS WHITE 2013,MOORESTOWN SC RAPTORS 2013,MARLTON - MEMORIAL,,
09/22/2024,12:00,16794421,,GotSport,Soccer,U-11,TBAA REVOLUTION 2015,MEDFORD STRIKERS 2014 BOYS,TBAA-VALLEY BROOK,,
09/22/2024,12:00,16795837,,GotSport,Soccer,U-12,HADDONFIELD SC RED 2013,WEST DEPTFORD WIZARDS 2013,HADDONFIELD - CROWS WOODS,,
09/22/2024,12:15,16794786,,GotSport,Soccer,U-9,SWEDESBORO WOOLWICH SOCCER ASSOC. SWSA HAVOC 2016,EAST GREENWICH SA EGSA CHAOS 2016,SW-Locke Avenue Park,,
09/22/2024,12:15,16796611,,GotSport,Soccer,U-10,MAPLE SHADE WILD 2015,HARRISON BLUE REBELS 2015,MAPLE SHADE - TURF FIELD,,
09/22/2024,12:30,16795732,,GotSport,Soccer,U-9,BORDENTOWN FC REVOLUTION 2016,MOUNT LAUREL UNITED (MLU) REVOLUTION 2016,BORDENTOWN - FRIENDSHIP FIELDS,,
09/22/2024,12:30,16795333,,GotSport,Soccer,U-10,MOORESTOWN SC DEVIL RAYS 2015,WINSLOW TITANS 2015,MOORESTOWN - MEMORIAL FIELDS,,
09/22/2024,12:30,16794409,,GotSport,Soccer,U-11,UPPER TOWNSHIP SA HURRICANES GREEN 2014,TBAA OUTLAWS 2014,UPPER TWP-Amanda's Field Complex,,
09/22/2024,12:30,16796158,,GotSport,Soccer,U-8,CHERRY HILL SC CHERRY HILL SC COBRAS (2017) - BOYS,MEDFORD SC 2017B WHITE,CHSC - UPPER CHAPEL TURF,,
09/22/2024,12:30,16795836,,GotSport,Soccer,U-12,EGG HARBOR SC EAGLES 2013 BLACK,FRANKLIN TOWNSHIP YOUTH SOCCER ASSOCIATION ENFORCERS 2013,EGG HARBOR - BARGAINTOWN,,
09/22/2024,12:30,16795565,,GotSport,Soccer,U-12,NORTHERN BURLINGTON SA BLUES 2013,VOORHEES SA RAPTORS 2013,NB Georgetown Park,,
09/22/2024,12:30,16794460,,GotSport,Soccer,U-12,HADDON HEIGHTS SC BEAST BOYS 2013,HADDON TWP WHITE HAWKS 2013,HADD HGTS - DEVON,,
09/22/2024,12:30,16794461,,GotSport,Soccer,U-12,MAINLAND UNITED SA MUSTANGS WHITE 2013-14 B,EAST GREENWICH SA EGSA PANTHERS 2013,MAINLAND - MEMORIAL PARK,,
09/22/2024,12:30,16795387,,GotSport,Soccer,U-11,PITTSGROVE SOCCER CLUB PSC PHANTOMS '14,CAPE EXPRESS CE ENGINEERS 2014,PITTSGROVE-GREEN BRANCH,,
09/22/2024,12:30,16795653,,GotSport,Soccer,U-13,LOGAN FUSION 2012,PENNSVILLE EAGLES 2012,LOGAN - TWP LINE,,
09/22/2024,12:30,16794284,,GotSport,Soccer,U-12,DELRAN FC SOCCER DELRAN FC UNITED 2013,MONROE UNITED 2013,,,
09/22/2024,12:30,16795298,,GotSport,Soccer,U-14,HARRISON SC THUNDER 2011,PENNSAUKEN YOUTH SOCCER CLUB WARRIORS 2011,HARRISON - William Wilt Soccer Complex,,
09/22/2024,12:30,16796176,,GotSport,Soccer,U-10,WOODSTOWN WILD 2015,MONROE TOWNSHIP YS UNITED BLUE 2015,WOODSTOWN,,
09/22/2024,12:30,16795885,,GotSport,Soccer,U-10,UPPER TOWNSHIP SA COMETS WHITE 2015,ATLANTIC UNITED PREMIER FIRE 2015 B,UPPER TWP-Amanda's Field Complex,,
09/22/2024,12:30,16794606,,GotSport,Soccer,U-14,BORDENTOWN FC RENEGADES 2011,DEPTFORD TORNADOES 2011,BORDENTOWN - FRIENDSHIP FIELDS,,
09/22/2024,12:30,16796392,,GotSport,Soccer,U-14,WOODBURY SOCCER CLUB WOODBURY ARMORY 2011,MOORESTOWN SC LIGHTNING 2011,WOODBURY,,
09/22/2024,12:30,16795664,,GotSport,Soccer,U-13,SWEDESBORO WOOLWICH SOCCER ASSOC. SWSA CYCLONES 2012/2013,HADDON TWP WHITE HAWKS 2012,SW-Locke Avenue Park,,
09/22/2024,12:30,16794906,,GotSport,Soccer,U-11,HADDON TWP RED HAWKS 2014,MANTUA TOWNSHIP SA ELITE 2014,,,
09/22/2024,12:30,16795681,,GotSport,Soccer,U-10,CHERRY HILL SC CHERRY HILL SC COMETS (2015) - BOYS,HADDONFIELD SC WHITE 2015 B,CHSC - UPPER CHAPEL TURF,,
09/22/2024,12:30,16796177,,GotSport,Soccer,U-10,WASHINGTON TWP SOCCER CLUB RAPTORS 2015,HADDON TWP RED HAWKS 2015,WASHINGTON TWP. - Levy Fields (Virtua),,
09/22/2024,12:30,16794774,,GotSport,Soccer,U-9,CINNAMINSON SC TITANS 2016,GATEWAY UNITED SOCCER CLUB 2016 GUSC THUNDER,CINNAMINSON SC - MEMORIAL,,
09/22/2024,12:30,16796774,,GotSport,Soccer,U-9,HARRISON HORNETS 2016,CHERRY HILL FC 2016 JUNIOR BLACK,HARRISON - William Wilt Soccer Complex,,
09/22/2024,12:30,16796638,,GotSport,Soccer,U-14,VINELAND SA STRIKERS 2011,CINNAMINSON SC STORM 2011,VINELAND SA,,
09/22/2024,12:30,16794778,,GotSport,Soccer,U-9,DELRAN FC SOCCER SHARKS 2016,MOORESTOWN SC WARRIORS 2016,,,
09/22/2024,12:30,16795733,,GotSport,Soccer,U-9,MAINLAND UNITED SA MUSTANGS RED 2016 B,CAPE EXPRESS CE NOR'EASTERS 2016,MAINLAND - MEMORIAL PARK,,
09/22/2024,12:30,16796982,,GotSport,Soccer,U-11,MOORESTOWN SC GUARDIANS 2014,CHERRY HILL SC CHERRY HILL SC FORCE 2014,MOORESTOWN - SALEM RD/PRYOR PARK,,
09/22/2024,12:30,16796251,,GotSport,Soccer,U-13,HIGHLAND YOUTH SOCCER CLUB FORCE 2012,BURLINGTON TOWNSHIP SOCCER DRAGONS 2012,HIGHLAND - GLOUCESTER TWP PARK,,
09/22/2024,12:30,16794524,,GotSport,Soccer,U-12,TAR-KILL SOCCER CLUB TARKILL KNIGHTS 2013,SENECA UNITED SC 2014 THUNDER,TARKILL-STERLING HS,,
09/22/2024,12:30,16794307,,GotSport,Soccer,U-10,MOORESTOWN SC VIPERS 2015,MONROE TOWNSHIP YS UNITED BOYS 2015,MOORESTOWN - MEMORIAL FIELDS,,
09/22/2024,12:30,16796407,,GotSport,Soccer,U-14,CHERRY HILL FC JUNIOR WHITE 2011/12,RANCOCAS VALLEY SC BOYS 2011 UNITED,CHFC - DeCOU,,
09/22/2024,12:30,16795696,,GotSport,Soccer,U-10,VOORHEES SA PYTHONS 2015,CINNAMINSON SC PIRATES SEA DOGS 2015,VOORHEES-Echelon Complex,,
09/22/2024,12:30,16795562,,GotSport,Soccer,U-12,EAST GREENWICH SA EGSA DYNAMO 2013,MEDFORD SC MAYHEM 2013,E GREENWICH - THOMPSON FAMILY PARK,,
09/22/2024,12:30,16796717,,GotSport,Soccer,U-8,HADDON TWP. RED HAWKS 2017,CINNAMINSON SC BLACK 2017,,,
09/22/2024,12:30,16794375,,GotSport,Soccer,U-14,PITMAN SA PUMAS 2011,MAINLAND UNITED SA MUSTANGS WHITE 2011-12 B,PITMAN - ALCYON LAKE,,
09/22/2024,12:30,16794669,,GotSport,Soccer,U-8,PITTSGROVE SOCCER CLUB PSC BLACK ‘17,CAPE EXPRESS CE 2017 BARCA,PITTSGROVE-GREEN BRANCH,,
09/22/2024,12:30,16794865,,GotSport,Soccer,U-13,PITTSGROVE SOCCER CLUB PSC WARRIORS '12,WINSLOW DYNAMO 2012,PITTSGROVE-GREEN BRANCH,,
09/22/2024,12:30,16794853,,GotSport,Soccer,U-13,TAR-KILL SOCCER CLUB TARKILL LIVERPOOL 2012,MARLTON SC CHIEFS WHITE 2012,TARKILL-STERLING HS,,
09/22/2024,12:30,16796111,,GotSport,Soccer,U-19,WASHINGTON TWP SOCCER CLUB GLADIATORS 2008,MILLVILLE PHANTOMS 2008,WASHINGTON TWP-WASH LAKE PARK,,
09/22/2024,12:30,16795617,,GotSport,Soccer,U-12,PENNSVILLE EAGLES 2013,HADDONFIELD SC WHITE 2013,PENNSVILLE,,
09/22/2024,12:30,16796263,,GotSport,Soccer,U-12,BURLINGTON TOWNSHIP SOCCER STRIKERS 2013,SENECA UNITED SC 2013 TIGERS,BURLINGTON TWP - PINEWALD AVE,,
09/22/2024,12:30,16794695,,GotSport,Soccer,U-12,MONROE TOWNSHIP YS UNITED BOYS BLUE 2013,MEDFORD SC BLUE DEVILS 2013,MONROE TWP - CORKERY LANE,,
09/22/2024,12:30,16794694,,GotSport,Soccer,U-12,PENNSAUKEN YOUTH SOCCER CLUB REBELS 2013,HADDON HEIGHTS SC YOUNG BOYS 2013,Pennsauken Community Recreation Facility,,
09/22/2024,12:30,16794382,,GotSport,Soccer,U-14,CLAYTON SA CLIPPERS 2011/2012,WASHINGTON TWP SOCCER CLUB CHAOS 11/12,CLAYTON - BENTZ,,
09/22/2024,12:30,16795187,,GotSport,Soccer,U-10,EAST GREENWICH SA EGSA FLYERS 2015,MAINLAND UNITED SA MUSTANGS WHITE 2015-16 B,E GREENWICH - THOMPSON FAMILY PARK,,
09/22/2024,12:30,16795032,,GotSport,Soccer,U-8,MARLTON SC CHIEFS ORANGE 2017,WASHINGTON UNITED SOCCER CLUB WUSC 2017 BOYS,MARLTON - MEMORIAL,,
09/22/2024,12:45,16794641,,GotSport,Soccer,U-14,WINSLOW WILDCATS 2011,MONROE TOWNSHIP YS UNITED BOYS BLUE 2011,WINSLOW TWP - PETER VOLPA,,
09/22/2024,12:45,16796202,,GotSport,Soccer,U-15,MEDFORD SC MAD DOGS WHITE 2010,PENNSAUKEN YOUTH SOCCER CLUB CYCLONES 2010,MEDFORD - BENDE PARK,,
09/22/2024,12:45,16795982,,GotSport,Soccer,U-13,AUDUBON SOCCER YOUTH BALLERS 2012,EAST GREENWICH SA EGSA VENOM 2012,AUDUBON - GREEN WAVE PARK,,
09/22/2024,12:45,16794639,,GotSport,Soccer,U-14,GATEWAY UNITED SOCCER CLUB WILDCATS 2011,MEDFORD SC COLUMBIA 2011,GATEWAY UTD. - WESTVILLE,,
09/22/2024,13:00,16795988,,GotSport,Soccer,U-11,PALMYRA RIVERTON SC TORNADOES 2014,DELRAN FC HAWKS 2014,,,
09/22/2024,13:15,16795363,,GotSport,Soccer,U-10,RANCOCAS VALLEY SC 2015 BOYS STEALTH,VOORHEES SA COBRAS 2015,Rancocas Valley-LUMBERTON MUNICIPAL,,
09/22/2024,13:15,16796878,,GotSport,Soccer,U-11,COLLINGSWOOD OAKLYN SOCCER CLUB VENOM COSC 2014,CINNAMINSON SC AVENGERS 2014,COSC- Oaklyn Public School,,
09/22/2024,13:15,16796689,,GotSport,Soccer,U-9,TBAA KNIGHTS 2016,CINNAMINSON SC LIGHTNING 2016,TBAA-VALLEY BROOK,,
09/22/2024,13:15,16795077,,GotSport,Soccer,U-10,HIGHLAND YOUTH SOCCER CLUB LIGHTNING 2015,CAPE EXPRESS CE SILVER STREAK 2015,HIGHLAND - GLOUCESTER TWP PARK,,
09/22/2024,13:15,16795270,,GotSport,Soccer,U-12,WOODSTOWN PREDATORS 2013,MILLVILLE REBELS 2013,WOODSTOWN,,
09/22/2024,13:15,16795435,,GotSport,Soccer,U-12,HADDONFIELD SC BLACK 2013,HIGHLAND YOUTH SOCCER CLUB CHAOS 2013,HADDONFIELD - CROWS WOODS,,
09/22/2024,13:15,16794884,,GotSport,Soccer,U-9,LOGAN SUPERNOVA 2016,VOORHEES SA DESTROYERS 2016,LOGAN - TWP LINE,,
09/22/2024,13:15,16795045,,GotSport,Soccer,U-12,CINNAMINSON SC THUNDERBIRDS 2013,SJ FUTBOL CLUB SJFC FLYERS ELITE 2014,CINNAMINSON SC - MEMORIAL,,
09/22/2024,13:15,16796775,,GotSport,Soccer,U-9,WEST DEPTFORD SC WILDCATS 2016,SENECA UNITED SC 2016 RAPTORS,W DEPTFORD-WD PARK,,
09/22/2024,13:15,16795722,,GotSport,Soccer,U-11,MEDFORD SC CAROLINA 2014,TBAA SYNDICATE 2014,MEDFORD - BENDE PARK,,
09/22/2024,13:15,16794931,,GotSport,Soccer,U-11,CHERRY HILL SC CHERRY HILL SC UNION 2015,ATLANTIC UNITED PREMIER KICKERS 2014 B,CHSC - UPPER CHAPEL TURF,,
09/22/2024,13:15,16796609,,GotSport,Soccer,U-10,VINELAND AVENGERS 2015,MANTUA TOWNSHIP SA FROGS 2015,VINELAND SA,,
09/22/2024,13:15,16796737,,GotSport,Soccer,U-8,CHERRY HILL FC 2017 JUNIORS BLACK,HADDONFIELD SC THUNDER 2017,CHFC - DeCOU,,
09/22/2024,13:15,16796545,,GotSport,Soccer,U-11,MARLTON SC CHIEFS SILVER 2014,HADDONFIELD SC BLACK 2014,MARLTON - MEMORIAL,,
09/22/2024,13:30,16795513,,GotSport,Soccer,U-9,MAPLE SHADE SHARKS 2016,HIGHLAND YOUTH SOCCER CLUB HAVOK 2016,MAPLE SHADE - TURF FIELD,,
09/22/2024,13:30,16795993,,GotSport,Soccer,U-11,RANCOCAS VALLEY SC RVSC - '14 FOREST,CHERRY HILL SC CHERRY HILL SC WHITE (2014) - BOYS,Rancocas Valley-LUMBERTON MUNICIPAL,,
09/22/2024,13:30,16795318,,GotSport,Soccer,U-14,HADDONFIELD SC RED 2011,MOUNT LAUREL UNITED (MLU) FLASH 2011,HADDONFIELD - CROWS WOODS,,
09/22/2024,13:30,16794838,,GotSport,Soccer,U-8,SWEDESBORO WOOLWICH SOCCER ASSOC. SWSA FIREBALLS 2017,CINNAMINSON SC UNION 2017,SW-Locke Avenue Park,,
09/22/2024,13:30,16795869,,GotSport,Soccer,U-10,DEPTFORD THUNDER 2015,EGG HARBOR SC EAGLES 2015 BLACK,DEPTFORD SC,,
09/22/2024,13:30,16795249,,GotSport,Soccer,U-15,VOORHEES SA WARRIORS 2010,HIGHLAND YOUTH SOCCER CLUB RAPTORS 2010,VOORHEES-EASTERN HS,,
09/22/2024,13:35,16795214,,GotSport,Soccer,U-16,NORTHERN BURLINGTON SA BULLDOGS 2009,DEPTFORD AVENGERS 2009,NB- MANSFIELD TOWNSHIP ELEMENTARY SCHOOL,,
09/22/2024,13:40,16795244,,GotSport,Soccer,U-15,SJ FUTBOL CLUB WOLVES 2010,EAST GREENWICH SA EGSA BLAZE 2010,SJFC - UPPER DEERFIELD RECREATION COMPLEX,,
09/22/2024,13:45,16796299,,GotSport,Soccer,U-15,CINNAMINSON SC PIRATES 2010,EAST GREENWICH SA EGSA CHARGERS 2010,CINNAMINSON SC - MEMORIAL,,
09/22/2024,13:45,16795919,,GotSport,Soccer,U-16,FRANKLIN TOWNSHIP YOUTH SOCCER ASSOCIATION STRIKERS 2009,DEPTFORD REBELS 2009,FRANKLIN TWP YOUTH COMPLEX,,
09/22/2024,13:45,16795862,,GotSport,Soccer,U-10,MILLVILLE WARRIORS 2015,SENECA UNITED SC 2015 PARK RANGERS,MILLVILLE SOCCER COMPLEX,,
09/22/2024,13:45,16796983,,GotSport,Soccer,U-11,MOUNT LAUREL UNITED (MLU) COBRAS 2014,HAMMONTON HEAT BOYS 2014,MLU-TROTTERS,,
09/22/2024,14:00,16794551,,GotSport,Soccer,U-9,TAR-KILL SOCCER CLUB TARKILL 2016 BOYS,SENECA UNITED SC 2016 EAGLES,TARKILL-STERLING HS,,
09/22/2024,14:00,16795473,,GotSport,Soccer,U-14,MONROE TOWNSHIP YS UNITED WHITE 2011,MOORESTOWN SC BLACK KNIGHTS 2011,MONROE TWP - CORKERY LANE,,
09/22/2024,14:00,16795458,,GotSport,Soccer,U-11,MANTUA TOWNSHIP SA OUTLAWS 2014,WEST DEPTFORD SC EAGLES 2014,MANTUA TWP,,
09/22/2024,14:00,16795453,,GotSport,Soccer,U-11,HADDON HEIGHTS SC MIGHTY TITANS 2014,MARLTON SC CHIEFS BLACK 2014,HADD HGTS - DEVON,,
09/22/2024,14:00,16794296,,GotSport,Soccer,U-10,HARRISON STRIKERS 2015,HADDON TWP SOCCER CLUB 2015 HADDON TWP WHITE HAWKS,HARRISON - William Wilt Soccer Complex,,
09/22/2024,14:00,16797020,,GotSport,Soccer,U-8,BORDENTOWN FC REVOLUTION 2017,TBAA ROUGHRIDERS 2017,BORDENTOWN - FRIENDSHIP FIELDS,,
09/22/2024,14:00,16794341,,GotSport,Soccer,U-10,CLAYTON SA CLIPPERS 2015,AUDUBON BOYS 2015,CLAYTON - BENTZ,,
09/22/2024,14:00,16794343,,GotSport,Soccer,U-14,CHERRY HILL FC 2011 JUNIORS BLACK,EGG HARBOR SC EAGLES 2011/2012 BLACK,CHFC - DeCOU,,
09/22/2024,14:00,16794361,,GotSport,Soccer,U-14,SWEDESBORO WOOLWICH SOCCER ASSOC. SWSA RED FLAMES 2011,MEDFORD STRIKERS 2011 BOYS,SW-Locke Avenue Park,,
09/22/2024,14:00,16796967,,GotSport,Soccer,U-12,DELRAN FC SOCCER GREY 2013B,MARLTON SC CHIEFS BLACK 2013,,,
09/22/2024,14:00,16796905,,GotSport,Soccer,U-11,EGG HARBOR SC EAGLES 2014 WHITE,MEDFORD SC GOLD 2014,EGG HARBOR - BARGAINTOWN,,
09/22/2024,14:00,16796865,,GotSport,Soccer,U-13,SOUTH HARRISON TOWNSHIP SOCCER CLUB STRIKERS 2012,WASHINGTON TWP SOCCER CLUB PREDATORS 2012,SOUTH HARRISON - STEWART,,
09/22/2024,14:00,16796854,,GotSport,Soccer,U-13,PITTSGROVE SOCCER CLUB PSC SPURS '12,MOUNT LAUREL UNITED (MLU) IMPACT 2012,PITTSGROVE-GREEN BRANCH,,
09/22/2024,14:00,16796835,,GotSport,Soccer,U-13,COLLINGSWOOD OAKLYN SOCCER CLUB KNIGHTS 2012,MARLTON SC CHIEFS BLACK 2012,COLLINGSWOOD - CAMDEN ATHLETIC FACILITY,,
09/22/2024,14:00,16796820,,GotSport,Soccer,U-13,TAR-KILL SOCCER CLUB TARKILL BARCELONA 2012,CHERRY HILL SC CHERRY HILL SC BULL DOGS 2012,TARKILL-STERLING HS,,
09/22/2024,14:00,16794483,,GotSport,Soccer,U-10,CHERRY HILL SC CHERRY HILL SC WARRIORS 2015,HADDONFIELD SC RED 2015 B,CHSC - UPPER CHAPEL TURF,,
09/22/2024,14:00,16796749,,GotSport,Soccer,U-9,UPPER TOWNSHIP SA BREAKERS 2016,ATLANTIC UNITED PREMIER RED 2016 B,UPPER TWP-Amanda's Field Complex,,
09/22/2024,14:00,16794526,,GotSport,Soccer,U-12,MAINLAND UNITED SA MUSTANGS RED 2013 B,PITMAN SA TIGERS 2013,MAINLAND - MEMORIAL PARK,,
09/22/2024,14:00,16794559,,GotSport,Soccer,U-9,CHERRY HILL SC CHERRY HILL SC 72S (2016) - BOYS,EAST GREENWICH SA EGSA LIONS 2016,CHSC - UPPER CHAPEL TURF,,
09/22/2024,14:00,16794591,,GotSport,Soccer,U-8,CINNAMINSON RED 2017,HARRISON UNITED 2017,CINNAMINSON SC - MEMORIAL,,
09/22/2024,14:00,16794601,,GotSport,Soccer,U-8,VOORHEES SA BLUE DEVILS 2017,EAST GREENWICH SA EGSA UNITED 2017,VOORHEES-Echelon Complex,,
09/22/2024,14:00,16796594,,GotSport,Soccer,U-10,PITTSGROVE SOCCER CLUB PSC GALAXY '15,MILLVILLE PREDATORS 2015,PITTSGROVE-GREEN BRANCH,,
09/22/2024,14:00,16796548,,GotSport,Soccer,U-11,FRANKLIN TOWNSHIP YOUTH SOCCER ASSOCIATION KNIGHTS 2014,EAST GREENWICH SA EGSA STARS 2014,FRANKLIN TWP YOUTH COMPLEX,,
09/22/2024,14:00,16796512,,GotSport,Soccer,U-8,MOORESTOWN SC PYTHONS 2017,NORTHERN BURLINGTON FORCE 2017,MOORESTOWN - MEMORIAL FIELDS,,
09/22/2024,14:00,16794700,,GotSport,Soccer,U-12,MOORESTOWN SC GOLDEN EAGLES 2013,PITTSGROVE SOCCER CLUB PSC REVOLUTION '13,MOORESTOWN - SALEM RD/PRYOR PARK,,
09/22/2024,14:00,16796471,,GotSport,Soccer,U-8,MAINLAND UNITED SA MUSTANGS RED 2017 B,UPPER TOWNSHIP SA FLASH 2017,MAINLAND - MEMORIAL PARK,,
09/22/2024,14:00,16794783,,GotSport,Soccer,U-9,DELRAN FC UNION 2016,WASHINGTON UNITED SOCCER CLUB WUSC 2016 BOYS,,,
09/22/2024,14:00,16794787,,GotSport,Soccer,U-9,PITTSGROVE SOCCER CLUB PSC PRIME BLACK '16,EGG HARBOR SC EAGLES 2016,PITTSGROVE-GREEN BRANCH,,
09/22/2024,14:00,16796361,,GotSport,Soccer,U-13,PITMAN SA JAGUARS 2012,CAPE EXPRESS WHITE CAPS 2012,PITMAN - ALCYON LAKE,,
09/22/2024,14:00,16796351,,GotSport,Soccer,U-13,DEPTFORD THUNDER 2012,MILLVILLE LYNX 2012,DEPTFORD SC,,
09/22/2024,14:00,16794815,,GotSport,Soccer,U-8,MOORESTOWN SC HAWKS 2017,HADDON HEIGHTS SC HAVOC 2017,MOORESTOWN - MEMORIAL FIELDS,,
09/22/2024,14:00,16796326,,GotSport,Soccer,U-13,UPPER TOWNSHIP SA FORCE GREEN 2012,CINNAMINSON SC CHARGE 2012,UPPER TWP-Amanda's Field Complex,,
09/22/2024,14:00,16796320,,GotSport,Soccer,U-13,LOGAN FORCE 2012,MAINLAND UNITED SA MUSTANGS RED 2012 B,LOGAN - TWP LINE,,
09/22/2024,14:00,16796300,,GotSport,Soccer,U-15,VINELAND REBELS 2010,TBAA DYNAMO 2010,VINELAND SA,,
09/22/2024,14:00,16794854,,GotSport,Soccer,U-13,HARRISON SC STRIKERS 2012,GATEWAY UNITED SOCCER CLUB STINGRAYS 2012,HARRISON - William Wilt Soccer Complex,,
09/22/2024,14:00,16796218,,GotSport,Soccer,U-15,BORDENTOWN FC PANTHERS 2010,NORTHERN BURLINGTON SA BLAST 2010,BORDENTOWN - FRIENDSHIP FIELDS,,
09/22/2024,14:00,16794932,,GotSport,Soccer,U-9,MONROE UNITED 2016B,MOUNT LAUREL UNITED (MLU) GLADIATORS 2016,MONROE TWP - CORKERY LANE,,
09/22/2024,14:00,16794934,,GotSport,Soccer,U-9,MARLTON SC CHIEFS ORANGE 2016,MANTUA TOWNSHIP SA MAMBAS 2016,MARLTON - MEMORIAL,,
09/22/2024,14:00,16794964,,GotSport,Soccer,U-12,PENNS GROVE WILD 2013,GATEWAY UNITED SOCCER CLUB SHARKS 2013,PG-CP-PED- Carney's Point Rec Center,,
09/22/2024,14:00,16796073,,GotSport,Soccer,U-14,WOODSTOWN FURY 2011,PALMYRA RIVERTON SC WARRIORS 2011,WOODSTOWN,,
09/22/2024,14:00,16796046,,GotSport,Soccer,U-10,EAST GREENWICH SA EGSA TIGERS 2015,MEDFORD SC COLUMBIA 2015,E GREENWICH - THOMPSON FAMILY PARK,,
09/22/2024,14:00,16796042,,GotSport,Soccer,U-10,SENECA UNITED SC 2015 RAPTORS,DEPTFORD LIGHTNING 2015,SENECA - STONEY CREEK FIELDS,,
09/22/2024,14:00,16796017,,GotSport,Soccer,U-11,BURLINGTON TOWNSHIP SOCCER DYNAMITE 2014,LOGAN CHARGE BLACK 2014,BURLINGTON TWP - PINEWALD AVE,,
09/22/2024,14:00,16796008,,GotSport,Soccer,U-11,NORTHERN BURLINGTON BLUE DEVILS 2014,VOORHEES SA VIKINGS 2014,NB Georgetown Park,,
09/22/2024,14:00,16795076,,GotSport,Soccer,U-10,EGG HARBOR SC EAGLES 2015,UPPER TOWNSHIP SA SUPER SONICS 2015,EGG HARBOR - BARGAINTOWN,,
09/22/2024,14:00,16795932,,GotSport,Soccer,U-11,PENNSAUKEN YOUTH SOCCER CLUB AVENGERS 2014,DEPTFORD RENEGADES 2014,Pennsauken Community Recreation Facility,,
09/22/2024,14:00,16795899,,GotSport,Soccer,U-16,BURLINGTON TOWNSHIP SOCCER CELTIC 2010,SWEDESBORO WOOLWICH SOCCER ASSOC. SWSA FORCE 2009,BURLINGTON TWP - PINEWALD AVE,,
09/22/2024,14:00,16795117,,GotSport,Soccer,U-10,PENNSVILLE EAGLES GOLD 2015,DEPTFORD SA CYCLONES 2015,PENNSVILLE,,
09/22/2024,14:00,16795750,,GotSport,Soccer,U-9,HADDON TWP RED HAWKS 2016,HADDONFIELD SC RED 2016,,,
09/22/2024,14:00,16795269,,GotSport,Soccer,U-12,EAST GREENWICH SA EGSA MAYHEM 2013,WEST DEPTFORD SC WARRIORS 2013,E GREENWICH - THOMPSON FAMILY PARK,,
09/22/2024,14:00,16795669,,GotSport,Soccer,U-13,HIGHLAND YOUTH SOCCER CLUB MUSTANGS 2012,WINSLOW GREEN DRAGONS 2012,HIGHLAND - GLOUCESTER TWP PARK,,
09/22/2024,14:00,16795618,,GotSport,Soccer,U-12,BARRINGTON SC REVOLUTION 2013,PALMYRA RIVERTON SC HURRICANES 2013,TBA,,
09/22/2024,14:00,16795507,,GotSport,Soccer,U-9,WASHINGTON TWP SOCCER CLUB THUNDER 2016,MEDFORD SC GOLD 2016,WASHINGTON TWP. - Levy Fields (Virtua),,
09/22/2024,14:15,16796975,,GotSport,Soccer,U-12,WOODBURY SOCCER CLUB WOODBURY BISON 2013,BERLIN SOCCER CLUB BULLDOGS 2013,WOODBURY,,
09/22/2024,14:30,16794440,,GotSport,Soccer,U-11,WASHINGTON TWP SOCCER CLUB TERROR 2014,MAINLAND UNITED SA MUSTANGS RED 2014 B,WASHINGTON TWP-WASH LAKE PARK,,
09/22/2024,14:30,16794735,,GotSport,Soccer,U-9,PALMYRA RIVERTON SC NEW U9B - 2016,HADDON HEIGHTS SC RUCKUS 2016,,,
09/22/2024,14:30,16795389,,GotSport,Soccer,U-11,MEDFORD SC AVENGERS 2014,UPPER TOWNSHIP SA HURRICANES WHITE 2014,MEDFORD - BENDE PARK,,
09/22/2024,14:30,16795425,,GotSport,Soccer,U-12,MARLTON SC CHIEFS SILVER 2013,LOGAN FLASH 2013,MARLTON - MEMORIAL,,
09/22/2024,14:30,16794552,,GotSport,Soccer,U-9,COLLINGSWOOD OAKLYN SOCCER CLUB SPARTANS 2016,HADDON TWP WHITE HAWKS 2016,COSC- Oaklyn Public School,,
09/22/2024,14:30,16795388,,GotSport,Soccer,U-11,CINNAMINSON SC CHARGERS 2014,MARLTON SC CHIEFS WHITE 2014,CINNAMINSON SC - MEMORIAL,,
09/22/2024,14:30,16795579,,GotSport,Soccer,U-12,AUDUBON SOCCER YOUTH WILD WINGS 2013,PITTSGROVE SOCCER CLUB PSC PYTHONS '13,AUDUBON - GREEN WAVE PARK,,
09/22/2024,14:30,16796934,,GotSport,Soccer,U-11,WATERFORD ATHLETIC ASSN WINGS 2014,TBAA REVOLUTION 2014,WATERFORD TWP-LOUDEN FIRE HALL/THERMOCOOL,,
09/22/2024,14:30,16795119,,GotSport,Soccer,U-10,HIGHLAND YOUTH SOCCER CLUB STORM 2015,CHERRY HILL FC 2015 CHFC JUNIOR WHITE,HIGHLAND - GLOUCESTER TWP PARK,,
09/22/2024,14:30,16795414,,GotSport,Soccer,U-12,WOODSTOWN WOLVERINES 2013,CINNAMINSON SC STRIKERS 2013,WOODSTOWN,,
09/22/2024,14:30,16796586,,GotSport,Soccer,U-8,LOGAN BOOM BLACK 2017,HAMMONTON HEAT BOYS 2017,LOGAN - TWP LINE,,
09/22/2024,14:30,16794685,,GotSport,Soccer,U-8,TBAA REVOLUTION 2017,SWEDESBORO WOOLWICH SOCCER ASSOC. SWSA PANTHERS 2017,TBAA-VALLEY BROOK,,
09/22/2024,14:30,16796513,,GotSport,Soccer,U-8,WEST DEPTFORD SC DRAGONS 2017,BURLINGTON TOWNSHIP SOCCER FIRE 2017,W DEPTFORD-WD PARK,,
09/22/2024,14:30,16796376,,GotSport,Soccer,U-13,MEDFORD SC DESTROYERS 2012,SENECA UNITED SC 2012 PRIDE,MEDFORD - BENDE PARK,,
09/22/2024,14:30,16795004,,GotSport,Soccer,U-10,HADDONFIELD SC BLACK 2015 B,MARLTON SC CHIEFS WHITE 2015,HADDONFIELD - CROWS WOODS,,
09/22/2024,14:30,16795364,,GotSport,Soccer,U-10,AUDUBON SOCCER YOUTH BOYS 2015 - HAMMERS,MAINLAND UNITED SA MUSTANGS BLACK 2015 B,AUDUBON - GREEN WAVE PARK,,
09/22/2024,14:30,16794972,,GotSport,Soccer,U-12,VINELAND TERMINATORS 2013,WASHINGTON TWP SOCCER CLUB DAREDEVILS 2013,VINELAND SA,,
09/22/2024,14:30,16795931,,GotSport,Soccer,U-11,CHERRY HILL FC 2015 JUNIOR RED,FRANKLIN TOWNSHIP YOUTH SOCCER ASSOCIATION STORM 2014,CHFC - DeCOU,,
09/22/2024,14:30,16796968,,GotSport,Soccer,U-12,WINSLOW SHARKS 2013,PALMYRA RIVERTON SC YOUNGBLOODS 2013,WINSLOW TWP - PETER VOLPA,,
09/22/2024,14:30,16796692,,GotSport,Soccer,U-9,RANCOCAS VALLEY SC 2016 BOYS PREMIER,MOORESTOWN SC UNITED 2016,Rancocas Valley-LUMBERTON MUNICIPAL,,
09/22/2024,14:45,16795515,,GotSport,Soccer,U-9,SWEDESBORO WOOLWICH SOCCER ASSOC. SWSA VENOM 2016,HADDONFIELD SC BLACK 2016 B,SW-Locke Avenue Park,,
09/22/2024,14:45,16796498,,GotSport,Soccer,U-8,MAPLE SHADE CHAOS 2017,PITMAN SA LIONS 2017,MAPLE SHADE - TURF FIELD,,
09/22/2024,15:00,16794508,,GotSport,Soccer,U-10,MOUNT LAUREL UNITED (MLU) MLU KNIGHTS 2015,WASHINGTON UNITED SOCCER CLUB WUSC 2015 BOYS,MLU-TROTTERS,,
09/22/2024,15:00,16796929,,GotSport,Soccer,U-11,HARRISON STRIKERS 2014,WEST DEPTFORD SC AVALANCHE 2014,HARRISON - William Wilt Soccer Complex,,
09/22/2024,15:00,16795300,,GotSport,Soccer,U-14,CHERRY HILL SC CHAOS 2011,PITTSGROVE SOCCER CLUB PSC WOLVES '11,CHSC - CH WEST HS,,
09/22/2024,15:00,16796265,,GotSport,Soccer,U-12,RANCOCAS VALLEY SC RONALDO 2013,HAMMONTON HEAT BOYS 2013,Rancocas Valley-LUMBERTON MUNICIPAL,,
09/22/2024,15:00,16795779,,GotSport,Soccer,U-13,HADDONFIELD BLACK 2012,MANTUA TOWNSHIP SA FURY 2012,HADDONFIELD - CROWS WOODS,,
09/22/2024,15:10,16795825,,GotSport,Soccer,U-14,VOORHEES SA ATTACK 2011,CHERRY HILL FC CHFC 2011 AVENGERS,VOORHEES-EASTERN HS,,
09/22/2024,15:30,16796748,,GotSport,Soccer,U-9,HARRISON HURRICANES 2016,HADDONFIELD SC WHITE 2016,HARRISON - William Wilt Soccer Complex,,
09/22/2024,15:30,16794733,,GotSport,Soccer,U-9,PENNS GROVE SC DRAGONS 2016,NORTHERN BURLINGTON BOOM 2016,PG-CP-PED- Carney's Point Rec Center,,
09/22/2024,15:30,16796577,,GotSport,Soccer,U-8,WASHINGTON TWP SOCCER CLUB WOLVES 2017,PITMAN SA PANTHERS 2017,WASHINGTON TWP. - Levy Fields (Virtua),,
09/22/2024,15:30,16795814,,GotSport,Soccer,U-14,CINNAMINSON SC VIPERS 2011,SWEDESBORO WOOLWICH SOCCER ASSOC. SWSA BLACK MAMBAS 2011,CINNAMINSON SC - MEMORIAL,,
09/22/2024,15:30,16796473,,GotSport,Soccer,U-8,PITTSGROVE SOCCER CLUB PSC RAPTORS ‘17,EGG HARBOR SC EAGLES 2017,PITTSGROVE-GREEN BRANCH,,
09/22/2024,15:30,16795817,,GotSport,Soccer,U-14,UPPER TOWNSHIP SA TSUNAMIS 2011,EGG HARBOR SC EAGLES BLACK 2011,UPPER TWP-Amanda's Field Complex,,
09/22/2024,15:30,16795183,,GotSport,Soccer,U-10,HAMILTON ELITE FC PREMIER 2015B,MANTUA 2015-2016 BOYS,,,
09/22/2024,15:30,16796495,,GotSport,Soccer,U-8,SOUTH HARRISON FORCE,HARRISON HURRICANES 2017,SOUTH HARRISON - STEWART,,
09/22/2024,15:30,16795177,,GotSport,Soccer,U-10,PENNSVILLE EAGLES BLUE 2015,LOGAN ARMADA BLUE 2015,PENNSVILLE,,
09/22/2024,15:30,16794668,,GotSport,Soccer,U-8,TAR-KILL SOCCER CLUB TARKILL UNION 2017,SJ FUTBOL CLUB HAMMERS 2017,TARKILL-STERLING HS,,
09/22/2024,15:30,16794953,,GotSport,Soccer,U-9,CINNAMINSON SC VIPERS 2016,HARRISON LEGENDS 2016,CINNAMINSON SC - MEMORIAL,,
09/22/2024,15:30,16797021,,GotSport,Soccer,U-8,HADDON TWP. WHITE HAWKS 2017,HADDONFIELD SC REBELS 2017,,,
09/22/2024,15:30,16794331,,GotSport,Soccer,U-10,COHANSEY SC DYNAMO 2015,HARRISON BLUE ARSENAL 2015,Cohansey - Cumberland County Tech School,,
09/22/2024,15:30,16795539,,GotSport,Soccer,U-9,EGG HARBOR SC EAGLES 2016 BLACK,LOGAN APOLLO 2016,EGG HARBOR - BARGAINTOWN,,
09/22/2024,15:30,16796984,,GotSport,Soccer,U-11,PITTSGROVE SOCCER CLUB PSC MAVERICKS '14,AUDUBON ATTACK - BOYS 2014,PITTSGROVE-GREEN BRANCH,,
09/22/2024,15:30,16794352,,GotSport,Soccer,U-14,SENECA UNITED SC 2011 WARRIORS,MONROE TOWNSHIP YS UNITED 2012,SENECA - STONEY CREEK FIELDS,,
09/22/2024,15:30,16794905,,GotSport,Soccer,U-11,TAR-KILL SOCCER CLUB TARKILL CHELSEA 2014,CHERRY HILL SC CHERRY HILL SC UNITED 2014,TARKILL-STERLING HS,,
09/22/2024,15:30,16796947,,GotSport,Soccer,U-11,LOGAN CHARGE BLUE 2014,PENNSVILLE EAGLES 2014,LOGAN - TWP LINE,,
09/22/2024,15:30,16795047,,GotSport,Soccer,U-12,EGG HARBOR SC EAGLES WHITE 2013,MOUNT LAUREL UNITED (MLU) LIGHTNING 2014,EGG HARBOR - BARGAINTOWN,,
09/22/2024,15:30,16794880,,GotSport,Soccer,U-9,MOORESTOWN SC RENEGADES 2016,PITMAN SA BOBCATS 2016,MOORESTOWN - MEMORIAL FIELDS,,
09/22/2024,15:30,16794872,,GotSport,Soccer,U-9,PITTSGROVE SOCCER CLUB PSC PRIME WHITE '16,FRANKLIN TOWNSHIP YOUTH SOCCER ASSOCIATION UNITED 2016,PITTSGROVE-GREEN BRANCH,,
09/22/2024,15:30,16794411,,GotSport,Soccer,U-11,DELRAN FC SOCCER DELRAN FC KNIGHTS 2014,VOORHEES SA KNIGHTS 2014,,,
09/22/2024,15:30,16795329,,GotSport,Soccer,U-10,UPPER TOWNSHIP SA COMETS GREEN 2015,MAINLAND UNITED SA MUSTANGS RED 2015 B,UPPER TWP-Amanda's Field Complex,,
09/22/2024,15:30,16794426,,GotSport,Soccer,U-11,MONROE TOWNSHIP YS UNITED BOYS BLUE 2014,HADDONFIELD SC RED 2014 B,MONROE TWP - CORKERY LANE,,
09/22/2024,15:30,16795958,,GotSport,Soccer,U-13,NORTHERN BURLINGTON SA RANGERS 2012,VOORHEES SA PREDATORS 2013,NB- MANSFIELD TOWNSHIP ELEMENTARY SCHOOL,,
09/22/2024,15:30,16795619,,GotSport,Soccer,U-12,MOORESTOWN SC DRAGONS 2013,VOORHEES COSMOS 2013,MOORESTOWN - SALEM RD/PRYOR PARK,,
09/22/2024,15:30,16796853,,GotSport,Soccer,U-13,CHERRY HILL FC 2012 JUNIORS BLACK,HADDONFIELD SC RED 2012,CHFC - DeCOU,,
09/22/2024,15:30,16795075,,GotSport,Soccer,U-10,HADDON HEIGHTS SC CHEETAHS 2015,WEST DEPTFORD SC ANIMALS 2015,HADD HGTS - DEVON,,
09/22/2024,15:30,16796822,,GotSport,Soccer,U-13,WOODSTOWN THUNDER 2012,BERLIN SOCCER CLUB BALL BREAKERS 2012,WOODSTOWN,,
09/22/2024,15:30,16796807,,GotSport,Soccer,U-15,MONROE TOWNSHIP YS UNITED 2010,EDGEWATER PARK ATHLETIC ASSOCIATION EP WIZARDS 2010,MONROE TWP - CORKERY LANE,,
09/22/2024,15:30,16795488,,GotSport,Soccer,U-14,HADDON TWP RED HAWKS 2011,VOORHEES SA BLUES 2011,HADDON TWP - RECCHINO FIELDS,,
09/22/2024,15:30,16794816,,GotSport,Soccer,U-8,DELRAN FC SOCCER GREY 2017B,AUDUBON U8 BOYS 2017 TEAM 2,,,
09/22/2024,15:30,16796793,,GotSport,Soccer,U-9,MARLTON SC CHIEFS WHITE 2016,ATLANTIC UNITED PREMIER BLACK 2016 B,MARLTON - MEMORIAL,,
09/22/2024,15:30,16794505,,GotSport,Soccer,U-10,EAST GREENWICH SA EGSA BLACK KNIGHTS 2015,MEDFORD STRIKERS 2015 BOYS,E GREENWICH - THOMPSON FAMILY PARK,,
09/22/2024,15:30,16796750,,GotSport,Soccer,U-9,FRANKLIN TOWNSHIP YOUTH SOCCER ASSOCIATION JERSEY DEVILS 2016,EAST GREENWICH SA EGSA ROYALS 2016,FRANKLIN TWP YOUTH COMPLEX,,
09/22/2024,15:30,16796442,,GotSport,Soccer,U-10,PITMAN SA WILDCATS 2015,MEDFORD SC GOLD 2015,PITMAN - Dell,,
09/22/2024,15:30,16796119,,GotSport,Soccer,U-19,SWEDESBORO WOOLWICH SOCCER ASSOC. SWSA SCORPIONS 2008,HIGHLAND YOUTH SOCCER CLUB GALAXY 2008,SW-Locke Avenue Park,,
09/22/2024,15:30,16796698,,GotSport,Soccer,U-9,CHERRY HILL SC CHERRY HILL SC THUNDER (2016) - BOYS,MEDFORD SC WHITE 2016,CHSC - UPPER CHAPEL TURF,,
09/22/2024,15:30,16794580,,GotSport,Soccer,U-8,CHERRY HILL SC CHERRY HILL SC DYNAMO (2017) - BOYS,MANTUA CHAOS 2017,CHSC - UPPER CHAPEL TURF,,
09/22/2024,15:30,16796658,,GotSport,Soccer,U-9,CLAYTON SA CLIPPERS 2016,VOORHEES SA TITANS 2016,CLAYTON - BENTZ,,
09/22/2024,15:30,16794602,,GotSport,Soccer,U-14,CAPE EXPRESS SURGE 2011,MAINLAND UNITED SA MUSTANGS RED 2011 B,CAPE EX SOCCER COMPLEX At Ockie Wisting,,
09/22/2024,15:30,16796034,,GotSport,Soccer,U-11,BORDENTOWN FC UNION 2014,HARRISON WAVE 2014,BORDENTOWN - FRIENDSHIP FIELDS,,
09/22/2024,15:30,16796627,,GotSport,Soccer,U-14,HARRISON SC ARSENAL 2011,DELRAN FC BLAST 2011,HARRISON - William Wilt Soccer Complex,,
09/22/2024,15:30,16795118,,GotSport,Soccer,U-10,NORTHERN BURLINGTON STORM 2015,MOUNT LAUREL UNITED (MLU) SHARKS 2015,NB Georgetown Park,,
09/22/2024,15:30,16795764,,GotSport,Soccer,U-13,COLLINGSWOOD OAKLYN SOCCER CLUB ROVERS 2013,CINNAMINSON SC SKULLS 2012,COLLINGSWOOD - CAMDEN ATHLETIC FACILITY,,
09/22/2024,15:30,16795765,,GotSport,Soccer,U-13,PENNSAUKEN YOUTH SOCCER CLUB OUTLAWS 2012,WEST DEPTFORD SC UNION 2012,Pennsauken Community Recreation Facility,,
09/22/2024,15:30,16795766,,GotSport,Soccer,U-13,FRANKLIN TOWNSHIP YOUTH SOCCER ASSOCIATION CRUSADERS 2012,HARRISON WILDCATS 2012,FRANKLIN TWP YOUTH COMPLEX,,
09/22/2024,15:30,16794623,,GotSport,Soccer,U-14,MANTUA TOWNSHIP SA UNION 2011,MEDFORD SC RENEGADES 2011,MANTUA TWP,,
09/22/2024,15:30,16796087,,GotSport,Soccer,U-14,PEMBERTON SC PUNISHERS 2011,HAMMONTON HEAT BOYS 2011,PEMBERTON - HIGH SCHOOL,,
09/22/2024,15:30,16796409,,GotSport,Soccer,U-9,BARRINGTON SC BLACK 2016,CINNAMINSON SC CHAOS 2016,TBA,,
09/22/2024,15:30,16797034,,GotSport,Soccer,U-8,VOORHEES SA VENOM 2017,MOUNT LAUREL UNITED (MLU) BOYS TEAM 2 2017,VOORHEES-Echelon Complex,,
09/22/2024,15:40,16796323,,GotSport,Soccer,U-13,VINELAND SA JERSEY BOYZ 2012,RANCOCAS VALLEY SC BOYS 2012 - AVENGERS,VINELAND SA,,
09/22/2024,15:45,16796408,,GotSport,Soccer,U-9,COLLINGSWOOD OAKLYN SOCCER CLUB WARRIORS 2016,HADDONFIELD SC GREY 2016,COSC- Oaklyn Public School,,
09/22/2024,15:45,16796659,,GotSport,Soccer,U-9,WEST DEPTFORD SC WARRIORS 2016,WINSLOW VENOM 2016,W DEPTFORD-WD PARK,,
09/22/2024,15:45,16796722,,GotSport,Soccer,U-8,RANCOCAS VALLEY SC 2017 BOYS PREMIER,DELRAN FC BLACK 2017B,Rancocas Valley-LUMBERTON MUNICIPAL,,
09/22/2024,15:45,16795291,,GotSport,Soccer,U-12,WASHINGTON TWP SOCCER CLUB RAPTORS 2013,MOUNT LAUREL UNITED (MLU) TIGERS 2013,WASHINGTON TWP-WASH LAKE PARK,,
09/22/2024,15:45,16796141,,GotSport,Soccer,U-8,HADDONFIELD SC FIRE 2017,WASHINGTON TWP SOCCER CLUB REBELS 2017,HADDONFIELD - CROWS WOODS,,
09/22/2024,15:45,16796194,,GotSport,Soccer,U-10,PALMYRA RIVERTON SC NATIONALS 2015,TAR-KILL SOCCER CLUB TARKILL 2015 BLUE,,,
09/22/2024,15:45,16795350,,GotSport,Soccer,U-10,MEDFORD SC WHITE 2015,SJ FUTBOL CLUB RAMS 2015,MEDFORD - BENDE PARK,,
09/22/2024,15:45,16796883,,GotSport,Soccer,U-11,WOODSTOWN WOLFPACK 2014,WASHINGTON TWP SOCCER CLUB WARRIORS 2014,WOODSTOWN,,
09/22/2024,15:45,16794288,,GotSport,Soccer,U-12,VINELAND SA UNITED 2013,CAPE EXPRESS CE 2014 UNION,VINELAND SA,,
09/22/2024,15:45,16795020,,GotSport,Soccer,U-10,CINNAMINSON SC RED DEVILS 2015,BURLINGTON TOWNSHIP SOCCER THUNDER2015,CINNAMINSON SC - MEMORIAL,,
09/22/2024,15:45,16796072,,GotSport,Soccer,U-14,BURLINGTON TOWNSHIP SOCCER REBELS 2011,MOUNT LAUREL UNITED (MLU) WARRIORS 2011,BURLINGTON TWP - PINEWALD AVE,,
09/22/2024,15:45,16795071,,GotSport,Soccer,U-12,MARLTON SC CHIEFS ORANGE 2014,CAPE EXPRESS AVENGERS 2013,MARLTON - MEMORIAL,,
09/22/2024,15:45,16794732,,GotSport,Soccer,U-9,AUDUBON 2016 BOYS,GATEWAY UNITED SOCCER CLUB 2016 GUSC BLUES,AUDUBON - GREEN WAVE PARK,,
09/22/2024,15:45,16794769,,GotSport,Soccer,U-9,HIGHLAND YOUTH SOCCER CLUB MAYHEM 2016,MEDFORD SC COLUMBIA 2016,HIGHLAND - GLOUCESTER TWP PARK,,
09/22/2024,15:45,16796443,,GotSport,Soccer,U-10,WOODBURY BOLTS,MOORESTOWN SC HORNETS 2015,WOODBURY,,
09/22/2024,15:45,16794432,,GotSport,Soccer,U-11,DEPTFORD UNITED 2014,MARLTON SC CHIEFS ORANGE 2015,DEPTFORD SC,,
09/22/2024,15:45,16796564,,GotSport,Soccer,U-8,LOGAN BOOM BLUE 2017,HIGHLAND YOUTH SOCCER CLUB BOYS 2017,LOGAN - TWP LINE,,
09/22/2024,15:45,16795540,,GotSport,Soccer,U-9,TBAA RENEGADES 2016,UPPER TOWNSHIP SA THUNDER 2016,TBAA-VALLEY BROOK,,
09/22/2024,15:45,16795614,,GotSport,Soccer,U-12,PITMAN SA TOMCATS 2013,MOUNT LAUREL UNITED (MLU) GALAXY 2013,PITMAN - ALCYON LAKE,,
09/22/2024,15:45,16794525,,GotSport,Soccer,U-12,HIGHLAND YOUTH SOCCER CLUB FURY 2013,UPPER TOWNSHIP SA CYCLONES 2013,HIGHLAND - GLOUCESTER TWP PARK,,
09/22/2024,15:45,16796674,,GotSport,Soccer,U-9,WATERFORD ATHLETIC ASSN WINGS 2016,MILLVILLE THUNDER 2016,WATERFORD TWP-LOUDEN FIRE HALL/THERMOCOOL,,
09/22/2024,15:45,16796266,,GotSport,Soccer,U-12,CHERRY HILL FC 2013 JUNIOR BLACK - RED HAWKS,CHERRY HILL SC CHERRY HILL SC FORCE 2013,CHFC - DeCOU,,
09/22/2024,16:00,16795178,,GotSport,Soccer,U-10,SWEDESBORO WOOLWICH SOCCER ASSOC. SWSA HONEY BADGERS 2015,WOODSTOWN WILDCATS 2015,SW-Locke Avenue Park,,
09/22/2024,16:00,16796140,,GotSport,Soccer,U-8,AUDUBON U8 BOYS 2017 TEAM 1,GATEWAY UNITED SOCCER CLUB GUSC B2017,AUDUBON - GREEN WAVE PARK,,
09/22/2024,16:15,16796049,,GotSport,Soccer,U-10,MOUNT LAUREL UNITED (MLU) MLU WOLFPACK 2015,PENNSAUKEN YOUTH SOCCER CLUB LIONS 2015,MLU-TROTTERS,,
09/29/2024,11:00,16795725,,GotSport,Soccer,U-11,VOORHEES SA LIGHTNING 2014,HIGHLAND YOUTH SOCCER CLUB THUNDER 2014,VOORHEES-Echelon Complex,,
09/29/2024,11:00,16796109,,GotSport,Soccer,U-19,WASHINGTON TWP SOCCER CLUB GLADIATORS 2008,GATEWAY UNITED SOCCER CLUB GUSC WARRIORS B2006,WASHINGTON TWP-WASH LAKE PARK,,
09/29/2024,11:00,16795922,,GotSport,Soccer,U-16,SWEDESBORO WOOLWICH SOCCER ASSOC. SWSA FORCE 2009,WINSLOW VIPERS 2009,SW-Locke Avenue Park,,
09/29/2024,11:00,16794640,,GotSport,Soccer,U-14,GATEWAY UNITED SOCCER CLUB WILDCATS 2011,NORTHERN BURLINGTON SA HOOLIGANS 2011,GATEWAY UTD. - WESTVILLE,,
09/29/2024,11:00,16796247,,GotSport,Soccer,U-13,ATLANTIC UNITED PREMIER KICKERS 2013 B EDP,CHERRY HILL SC ROYALS 2012,ATLANTIC - TARTAGLIO,,
09/29/2024,11:00,16796129,,GotSport,Soccer,U-19,HIGHLAND YOUTH SOCCER CLUB GALAXY 2008,HIGHLAND YOUTH SOCCER CLUB HURRICANES 2008,HIGHLAND - GLOUCESTER TWP PARK,,
09/29/2024,11:00,16795965,,GotSport,Soccer,U-13,AUDUBON SOCCER YOUTH BALLERS 2012,NORTHERN BURLINGTON SA RANGERS 2012,AUDUBON - GREEN WAVE PARK,,
09/29/2024,11:00,16796180,,GotSport,Soccer,U-10,MONROE TOWNSHIP YS UNITED BLUE 2015,HADDON TWP RED HAWKS 2015,MONROE TWP - CORKERY LANE,,
09/29/2024,11:00,16794429,,GotSport,Soccer,U-11,MONROE TOWNSHIP YS UNITED BOYS BLUE 2014,DEPTFORD UNITED 2014,MONROE TWP - CORKERY LANE,,
09/29/2024,11:00,16795547,,GotSport,Soccer,U-9,UPPER TOWNSHIP SA THUNDER 2016,MONROE UNITED BLUE 2016,UPPER TWP-Amanda's Field Complex,,
09/29/2024,12:00,16794881,,GotSport,Soccer,U-9,PITMAN SA BOBCATS 2016,PITTSGROVE SOCCER CLUB PSC PRIME WHITE '16,PITMAN - Dell,,
09/29/2024,12:00,16795148,,GotSport,Soccer,U-15,HADDONFIELD SC WHITE 2010,HARRISON SC STORM 2010,HADDONFIELD - CROWS WOODS,,
09/29/2024,12:00,16796102,,GotSport,Soccer,U-19,MILLVILLE PHANTOMS 2008,HIGHLAND YOUTH SOCCER CLUB FUSION 2008,MILLVILLE SOCCER COMPLEX,,
09/29/2024,12:00,16796253,,GotSport,Soccer,U-13,VINELAND SA FURY 2012,BURLINGTON TOWNSHIP SOCCER DRAGONS 2012,VINELAND SA,,
09/29/2024,12:00,16795674,,GotSport,Soccer,U-10,TAR-KILL SOCCER CLUB TARKILL 2015 WHITE,CHERRY HILL SC CHERRY HILL SC COMETS (2015) - BOYS,TARKILL-STERLING HS,,
09/29/2024,12:00,16796547,,GotSport,Soccer,U-11,HADDON TWP WHITE HAWKS 2014,FRANKLIN TOWNSHIP YOUTH SOCCER ASSOCIATION KNIGHTS 2014,,,
09/29/2024,12:00,16796294,,GotSport,Soccer,U-15,TBAA DYNAMO 2010,CHERRY HILL SC CHERRY HILL SC FUSION (2011) - BOYS,TBAA-VALLEY BROOK,,
09/29/2024,12:00,16794462,,GotSport,Soccer,U-12,HADDON HEIGHTS SC BEAST BOYS 2013,MAPLE SHADE FORCE 2013,HADD HGTS - DEVON,,
09/29/2024,12:00,16795225,,GotSport,Soccer,U-16,DEPTFORD AVENGERS 2009,SJ FUTBOL CLUB RAPIDS 2009,DEPTFORD SC,,
09/29/2024,12:00,16795245,,GotSport,Soccer,U-15,VOORHEES SA WARRIORS 2010,MOUNT LAUREL UNITED (MLU) FORCE 2010,VOORHEES-EASTERN HS,,
09/29/2024,12:00,16794528,,GotSport,Soccer,U-12,SENECA UNITED SC 2014 THUNDER,MAINLAND UNITED SA MUSTANGS RED 2013 B,SENECA - STONEY CREEK FIELDS,,
09/29/2024,12:00,16796694,,GotSport,Soccer,U-9,MEDFORD SC WHITE 2016,MOORESTOWN SC UNITED 2016,MEDFORD - BENDE PARK,,
09/29/2024,12:00,16795147,,GotSport,Soccer,U-15,WINSLOW SLAYERS 2010,DEPTFORD BRUTE FORCE 2010,WINSLOW TWP - PETER VOLPA,,
09/29/2024,12:00,16795049,,GotSport,Soccer,U-12,SJ FUTBOL CLUB SJFC FLYERS ELITE 2014,MARLTON SC CHIEFS ORANGE 2014,SJFC - UPPER DEERFIELD RECREATION COMPLEX,,
09/29/2024,12:00,16795050,,GotSport,Soccer,U-12,MOUNT LAUREL UNITED (MLU) LIGHTNING 2014,CAPE EXPRESS AVENGERS 2013,MLU-TROTTERS,,
09/29/2024,12:00,16796410,,GotSport,Soccer,U-9,COLLINGSWOOD OAKLYN SOCCER CLUB WARRIORS 2016,BARRINGTON SC BLACK 2016,COSC- Oaklyn Public School,,
09/29/2024,12:00,16795146,,GotSport,Soccer,U-15,PALMYRA RIVERTON SC UNION 2010,WOODSTOWN WOLVERINES 2010,PAL-RIV - LEGION FIELD,,
09/29/2024,12:00,16795582,,GotSport,Soccer,U-12,MEDFORD SC MAYHEM 2013,MOORESTOWN SC RAPTORS 2013,MEDFORD - BENDE PARK,,
09/29/2024,12:00,16795271,,GotSport,Soccer,U-12,WASHINGTON TWP SOCCER CLUB RAPTORS 2013,EAST GREENWICH SA EGSA MAYHEM 2013,WASHINGTON TWP. - Levy Fields (Virtua),,
09/29/2024,12:15,16795874,,GotSport,Soccer,U-10,UPPER TOWNSHIP SA COMETS WHITE 2015,DEPTFORD THUNDER 2015,UPPER TWP-Amanda's Field Complex,,
09/29/2024,12:30,16795410,,GotSport,Soccer,U-11,MARLTON SC CHIEFS WHITE 2014,PITTSGROVE SOCCER CLUB PSC PHANTOMS '14,MARLTON - MEMORIAL,,
09/29/2024,12:30,16794949,,GotSport,Soccer,U-9,HARRISON LEGENDS 2016,MARLTON SC CHIEFS ORANGE 2016,HARRISON - William Wilt Soccer Complex,,
09/29/2024,12:30,16795006,,GotSport,Soccer,U-10,HADDONFIELD SC BLACK 2015 B,CINNAMINSON SC RED DEVILS 2015,HADDONFIELD - CROWS WOODS,,
09/29/2024,12:30,16795008,,GotSport,Soccer,U-10,MARLTON SC CHIEFS WHITE 2015,DELRAN FC COBRAS 2015,MARLTON - MEMORIAL,,
09/29/2024,12:30,16794947,,GotSport,Soccer,U-9,MOUNT LAUREL UNITED (MLU) GLADIATORS 2016,MANTUA TOWNSHIP SA MAMBAS 2016,MLU-TROTTERS,,
09/29/2024,12:30,16796019,,GotSport,Soccer,U-11,LOGAN CHARGE BLACK 2014,BORDENTOWN FC UNION 2014,LOGAN - TWP LINE,,
09/29/2024,12:30,16794933,,GotSport,Soccer,U-9,MONROE UNITED 2016B,CINNAMINSON SC VIPERS 2016,MONROE TWP - CORKERY LANE,,
09/29/2024,12:30,16794925,,GotSport,Soccer,U-11,ATLANTIC UNITED PREMIER KICKERS 2014 B,MANTUA TOWNSHIP SA ELITE 2014,ATLANTIC - TARTAGLIO,,
09/29/2024,12:30,16794910,,GotSport,Soccer,U-11,CHERRY HILL SC CHERRY HILL SC UNION 2015,TAR-KILL SOCCER CLUB TARKILL CHELSEA 2014,CHSC - UPPER CHAPEL TURF,,
09/29/2024,12:30,16794907,,GotSport,Soccer,U-11,CHERRY HILL SC CHERRY HILL SC UNITED 2014,HADDON TWP RED HAWKS 2014,CHSC - UPPER CHAPEL TURF,,
09/29/2024,12:30,16796221,,GotSport,Soccer,U-15,NORTHERN BURLINGTON SA BLAST 2010,PENNSAUKEN YOUTH SOCCER CLUB CYCLONES 2010,NB- MANSFIELD TOWNSHIP ELEMENTARY SCHOOL,,
09/29/2024,12:30,16794868,,GotSport,Soccer,U-13,GATEWAY UNITED SOCCER CLUB STINGRAYS 2012,WINSLOW DYNAMO 2012,GATEWAY UTD. - WESTVILLE,,
09/29/2024,12:30,16795960,,GotSport,Soccer,U-13,EAST GREENWICH SA EGSA VENOM 2012,HADDON TWP RED HAWKS 2012,E GREENWICH - THOMPSON FAMILY PARK,,
09/29/2024,12:30,16795950,,GotSport,Soccer,U-11,FRANKLIN TOWNSHIP YOUTH SOCCER ASSOCIATION STORM 2014,DEPTFORD RENEGADES 2014,FRANKLIN TWP YOUTH COMPLEX,,
09/29/2024,12:30,16795948,,GotSport,Soccer,U-11,CHERRY HILL FC 2015 JUNIOR RED,RANCOCAS VALLEY SC RVSC '14 - CELTIC,CHFC - DeCOU,,
09/29/2024,12:30,16796337,,GotSport,Soccer,U-13,CINNAMINSON SC CHARGE 2012,RANCOCAS VALLEY SC BOYS 2012 - AVENGERS,CINNAMINSON SC - MEMORIAL,,
09/29/2024,12:30,16795100,,GotSport,Soccer,U-10,WEST DEPTFORD SC ANIMALS 2015,HIGHLAND YOUTH SOCCER CLUB LIGHTNING 2015,W DEPTFORD-WD PARK,,
09/29/2024,12:30,16794789,,GotSport,Soccer,U-9,EAST GREENWICH SA EGSA CHAOS 2016,EGG HARBOR SC EAGLES 2016,E GREENWICH - THOMPSON FAMILY PARK,,
09/29/2024,12:30,16794770,,GotSport,Soccer,U-9,HIGHLAND YOUTH SOCCER CLUB MAYHEM 2016,DELRAN FC SOCCER SHARKS 2016,HIGHLAND - GLOUCESTER TWP PARK,,
09/29/2024,12:30,16796393,,GotSport,Soccer,U-14,CHERRY HILL FC JUNIOR WHITE 2011/12,HADDONFIELD SC WHITE 2011,CHFC - DeCOU,,
09/29/2024,12:30,16795873,,GotSport,Soccer,U-10,EGG HARBOR SC EAGLES 2015 BLACK,MILLVILLE WARRIORS 2015,EGG HARBOR - BARGAINTOWN,,
09/29/2024,12:30,16795872,,GotSport,Soccer,U-10,ATLANTIC UNITED PREMIER FIRE 2015 B,SENECA UNITED SC 2015 PARK RANGERS,ATLANTIC - TARTAGLIO,,
09/29/2024,12:30,16794750,,GotSport,Soccer,U-9,NORTHERN BURLINGTON BOOM 2016,GATEWAY UNITED SOCCER CLUB 2016 GUSC BLUES,NB Georgetown Park,,
09/29/2024,12:30,16796417,,GotSport,Soccer,U-9,CINNAMINSON SC CHAOS 2016,RANCOCAS VALLEY SC 2016 BOYS UNITED,CINNAMINSON SC - MEMORIAL,,
09/29/2024,12:30,16796430,,GotSport,Soccer,U-9,HADDONFIELD SC GREY 2016,MOORESTOWN SC DRAGONS 2016,HADDONFIELD - CROWS WOODS,,
09/29/2024,12:30,16796456,,GotSport,Soccer,U-10,SWEDESBORO WOOLWICH SOCCER ASSOC. SWSA GUNNERS 2015,WOODBURY BOLTS,SW-Locke Avenue Park,,
09/29/2024,12:30,16795145,,GotSport,Soccer,U-15,AUDUBON SOCCER YOUTH UNITED 2010,FRANKLIN TOWNSHIP YOUTH SOCCER ASSOCIATION STORM 2010,AUDUBON - GREEN WAVE PARK,,
09/29/2024,12:30,16795838,,GotSport,Soccer,U-12,EGG HARBOR SC EAGLES 2013 BLACK,CHERRY HILL SC THUNDER 2013,EGG HARBOR - BARGAINTOWN,,
09/29/2024,12:30,16796508,,GotSport,Soccer,U-8,MOORESTOWN SC PYTHONS 2017,MAPLE SHADE CHAOS 2017,MOORESTOWN - MEMORIAL FIELDS,,
09/29/2024,12:30,16794679,,GotSport,Soccer,U-8,SWEDESBORO WOOLWICH SOCCER ASSOC. SWSA PANTHERS 2017,CAPE EXPRESS CE 2017 BARCA,SW-Locke Avenue Park,,
09/29/2024,12:30,16796563,,GotSport,Soccer,U-8,LOGAN BOOM BLACK 2017,LOGAN BOOM BLUE 2017,LOGAN - TWP LINE,,
09/29/2024,12:30,16794631,,GotSport,Soccer,U-14,DEPTFORD TORNADOES 2011,MAINLAND UNITED SA MUSTANGS RED 2011 B,DEPTFORD SC,,
09/29/2024,12:30,16795783,,GotSport,Soccer,U-13,WEST DEPTFORD SC UNION 2012,MANTUA TOWNSHIP SA FURY 2012,W DEPTFORD-WD PARK,,
09/29/2024,12:30,16794624,,GotSport,Soccer,U-14,MEDFORD SC RENEGADES 2011,CAPE EXPRESS SURGE 2011,MEDFORD - BENDE PARK,,
09/29/2024,12:30,16794610,,GotSport,Soccer,U-14,MANTUA TOWNSHIP SA UNION 2011,BORDENTOWN FC RENEGADES 2011,MANTUA TWP,,
09/29/2024,12:30,16796629,,GotSport,Soccer,U-14,DELRAN FC BLAST 2011,VINELAND SA STRIKERS 2011,,,
09/29/2024,12:30,16795735,,GotSport,Soccer,U-9,CAPE EXPRESS CE NOR'EASTERS 2016,HADDONFIELD SC RED 2016,CAPE EX SOCCER COMPLEX At Ockie Wisting,,
09/29/2024,12:30,16794270,,GotSport,Soccer,U-12,HARRISON SC LIGHTNING 2013,DELRAN FC SOCCER DELRAN FC UNITED 2013,HARRISON - William Wilt Soccer Complex,,
09/29/2024,12:30,16794529,,GotSport,Soccer,U-12,UPPER TOWNSHIP SA CYCLONES 2013,PITMAN SA TIGERS 2013,UPPER TWP-Amanda's Field Complex,,
09/29/2024,12:30,16794527,,GotSport,Soccer,U-12,HIGHLAND YOUTH SOCCER CLUB FURY 2013,TAR-KILL SOCCER CLUB TARKILL KNIGHTS 2013,HIGHLAND - GLOUCESTER TWP PARK,,
09/29/2024,12:30,16794497,,GotSport,Soccer,U-10,MEDFORD STRIKERS 2015 BOYS,HADDONFIELD SC RED 2015 B,MEDFORD STRIKERS - ARK ROAD COMPLEX,,
09/29/2024,12:30,16794268,,GotSport,Soccer,U-12,MONROE UNITED 2013,VINELAND SA UNITED 2013,MONROE TWP - CORKERY LANE,,
09/29/2024,12:30,16795299,,GotSport,Soccer,U-14,PENNSAUKEN YOUTH SOCCER CLUB WARRIORS 2011,CHERRY HILL SC CHAOS 2011,Pennsauken Community Recreation Facility,,
09/29/2024,12:30,16796829,,GotSport,Soccer,U-13,COLLINGSWOOD OAKLYN SOCCER CLUB KNIGHTS 2012,BERLIN SOCCER CLUB BALL BREAKERS 2012,COLLINGSWOOD - CAMDEN ATHLETIC FACILITY,,
09/29/2024,12:30,16795622,,GotSport,Soccer,U-12,HADDONFIELD SC WHITE 2013,VOORHEES COSMOS 2013,HADDONFIELD - CROWS WOODS,,
09/29/2024,12:30,16795319,,GotSport,Soccer,U-14,MOUNT LAUREL UNITED (MLU) FLASH 2011,PITTSGROVE SOCCER CLUB PSC WOLVES '11,MLU-TROTTERS,,
09/29/2024,12:30,16796889,,GotSport,Soccer,U-11,CINNAMINSON SC AVENGERS 2014,WASHINGTON TWP SOCCER CLUB WARRIORS 2014,CINNAMINSON SC - MEMORIAL,,
09/29/2024,12:30,16794406,,GotSport,Soccer,U-11,VOORHEES SA KNIGHTS 2014,TBAA OUTLAWS 2014,VOORHEES-Echelon Complex,,
09/29/2024,12:30,16795336,,GotSport,Soccer,U-10,MAINLAND UNITED SA MUSTANGS RED 2015 B,WINSLOW TITANS 2015,MAINLAND - MEMORIAL PARK,,
09/29/2024,12:30,16795581,,GotSport,Soccer,U-12,EAST GREENWICH SA EGSA DYNAMO 2013,MARLTON SC CHIEFS WHITE 2013,E GREENWICH - THOMPSON FAMILY PARK,,
09/29/2024,12:30,16794394,,GotSport,Soccer,U-11,TBAA REVOLUTION 2015,DELRAN FC SOCCER DELRAN FC KNIGHTS 2014,TBAA-VALLEY BROOK,,
09/29/2024,12:30,16796939,,GotSport,Soccer,U-11,PENNSVILLE EAGLES 2014,TBAA REVOLUTION 2014,PENNSVILLE,,
09/29/2024,12:30,16796940,,GotSport,Soccer,U-11,WOODSTOWN WOLVERINES 2014,WATERFORD ATHLETIC ASSN WINGS 2014,WOODSTOWN,,
09/29/2024,12:30,16794383,,GotSport,Soccer,U-14,PENNS GROVE SC RAGE 2011,CLAYTON SA CLIPPERS 2011/2012,PG-CP-PED- Carney's Point Rec Center,,
09/29/2024,12:30,16794368,,GotSport,Soccer,U-14,MEDFORD STRIKERS 2011 BOYS,EGG HARBOR SC EAGLES 2011/2012 BLACK,MEDFORD STRIKERS - ARK ROAD COMPLEX,,
09/29/2024,12:30,16795369,,GotSport,Soccer,U-10,VOORHEES SA COBRAS 2015,CINNAMINSON SC RAPTORS 2015,VOORHEES-Echelon Complex,,
09/29/2024,12:30,16797022,,GotSport,Soccer,U-8,VOORHEES SA VENOM 2017,BORDENTOWN FC REVOLUTION 2017,VOORHEES-Echelon Complex,,
09/29/2024,12:30,16797023,,GotSport,Soccer,U-8,TBAA ROUGHRIDERS 2017,HADDON TWP. WHITE HAWKS 2017,TBAA-VALLEY BROOK,,
09/29/2024,12:40,16794389,,GotSport,Soccer,U-14,WASHINGTON TWP SOCCER CLUB CHAOS 11/12,MAINLAND UNITED SA MUSTANGS WHITE 2011-12 B,WASHINGTON TWP-WASH LAKE PARK,,
09/29/2024,12:40,16796136,,GotSport,Soccer,U-19,SWEDESBORO WOOLWICH SOCCER ASSOC. SWSA SCORPIONS 2008,MEDFORD SC ,SW-Locke Avenue Park,,
09/29/2024,12:40,16795656,,GotSport,Soccer,U-13,HIGHLAND YOUTH SOCCER CLUB MUSTANGS 2012,SWEDESBORO WOOLWICH SOCCER ASSOC. SWSA CYCLONES 2012/2013,HIGHLAND - GLOUCESTER TWP PARK,,
09/29/2024,12:40,16794866,,GotSport,Soccer,U-13,MARLTON SC CHIEFS WHITE 2012,PITTSGROVE SOCCER CLUB PSC WARRIORS '12,MARLTON - MEMORIAL,,
09/29/2024,12:45,16796985,,GotSport,Soccer,U-11,HAMMONTON HEAT BOYS 2014,AUDUBON ATTACK - BOYS 2014,HAMMONTON - MOSS MILL RD PARK SOCCER COMPLEX,,
09/29/2024,13:00,16795007,,GotSport,Soccer,U-10,BURLINGTON TOWNSHIP SOCCER THUNDER2015,CHERRY HILL FC 2015 JUNIOR BLACK,BURLINGTON TWP - PINEWALD AVE,,
09/29/2024,13:15,16794471,,GotSport,Soccer,U-12,HADDON TWP WHITE HAWKS 2013,EAST GREENWICH SA EGSA PANTHERS 2013,,,
09/29/2024,13:15,16795467,,GotSport,Soccer,U-11,COLLINGSWOOD OAKLYN SOCCER CLUB OUTLAWS 2014,MARLTON SC CHIEFS BLACK 2014,COSC- Oaklyn Public School,,
09/29/2024,13:15,16794715,,GotSport,Soccer,U-12,MEDFORD SC BLUE DEVILS 2013,PITTSGROVE SOCCER CLUB PSC REVOLUTION '13,MEDFORD - BENDE PARK,,
09/29/2024,13:15,16794484,,GotSport,Soccer,U-10,WASHINGTON UNITED SOCCER CLUB WUSC 2015 BOYS,CHERRY HILL SC CHERRY HILL SC WARRIORS 2015,WASHINGTON TWP. - Levy Fields (Virtua),,
09/29/2024,13:15,16795839,,GotSport,Soccer,U-12,SJ FUTBOL CLUB SOUNDERS 2013,HADDONFIELD SC RED 2013,SJFC - UPPER DEERFIELD RECREATION COMPLEX,,
09/29/2024,13:15,16796267,,GotSport,Soccer,U-12,SENECA UNITED SC 2013 TIGERS,CHERRY HILL FC 2013 JUNIOR BLACK - RED HAWKS,SENECA - STONEY CREEK FIELDS,,
09/29/2024,13:15,16796466,,GotSport,Soccer,U-10,MEDFORD SC GOLD 2015,MOORESTOWN SC HORNETS 2015,MEDFORD - BENDE PARK,,
09/29/2024,13:15,16794697,,GotSport,Soccer,U-12,HADDON HEIGHTS SC YOUNG BOYS 2013,MOORESTOWN SC GOLDEN EAGLES 2013,HADD HGTS - DEVON,,
09/29/2024,13:15,16795633,,GotSport,Soccer,U-12,MOUNT LAUREL UNITED (MLU) GALAXY 2013,PALMYRA RIVERTON SC HURRICANES 2013,MLU-TROTTERS,,
09/29/2024,13:15,16796447,,GotSport,Soccer,U-10,PITMAN SA WILDCATS 2015,LOGAN ARMADA BLACK 2015,PITMAN - Dell,,
09/29/2024,13:30,16796195,,GotSport,Soccer,U-10,TAR-KILL SOCCER CLUB TARKILL 2015 BLUE,WASHINGTON TWP SOCCER CLUB RAPTORS 2015,TARKILL-STERLING HS,,
09/29/2024,13:30,16796751,,GotSport,Soccer,U-9,UPPER TOWNSHIP SA BREAKERS 2016,HARRISON HURRICANES 2016,UPPER TWP-Amanda's Field Complex,,
09/29/2024,13:40,16796352,,GotSport,Soccer,U-13,MILLVILLE LYNX 2012,CAPE EXPRESS WHITE CAPS 2012,MILLVILLE SOCCER COMPLEX,,
09/29/2024,13:40,16795916,,GotSport,Soccer,U-16,DEPTFORD REBELS 2009,BURLINGTON TOWNSHIP SOCCER CELTIC 2010,DEPTFORD SC,,
09/29/2024,13:45,16796661,,GotSport,Soccer,U-9,WINSLOW VENOM 2016,MILLVILLE THUNDER 2016,WINSLOW TWP - PETER VOLPA,,
09/29/2024,13:45,16795490,,GotSport,Soccer,U-14,LOGAN BLAZE 2011,MONROE TOWNSHIP YS UNITED WHITE 2011,LOGAN - TWP LINE,,
09/29/2024,13:45,16795313,,GotSport,Soccer,U-14,HADDONFIELD SC RED 2011,HARRISON SC THUNDER 2011,HADDONFIELD - CROWS WOODS,,
09/29/2024,13:45,16795900,,GotSport,Soccer,U-16,TBAA STORM 2009,CINNAMINSON SC PIRATES 2009,TBAA-VALLEY BROOK,,
09/29/2024,13:45,16795474,,GotSport,Soccer,U-14,VOORHEES SA BLUES 2011,MOORESTOWN SC BLACK KNIGHTS 2011,VOORHEES-EASTERN HS,,
09/29/2024,13:45,16796302,,GotSport,Soccer,U-15,VINELAND REBELS 2010,CINNAMINSON SC PIRATES 2010,VINELAND SA,,
09/29/2024,14:00,16796496,,GotSport,Soccer,U-8,HARRISON HURRICANES 2017,PITTSGROVE SOCCER CLUB PSC RAPTORS ‘17,HARRISON - William Wilt Soccer Complex,,
09/29/2024,14:00,16795848,,GotSport,Soccer,U-12,FRANKLIN TOWNSHIP YOUTH SOCCER ASSOCIATION ENFORCERS 2013,WEST DEPTFORD WIZARDS 2013,FRANKLIN TWP YOUTH COMPLEX,,
09/29/2024,14:00,16796360,,GotSport,Soccer,U-13,DEPTFORD THUNDER 2012,MEDFORD SC DESTROYERS 2012,DEPTFORD SC,,
09/29/2024,14:00,16796718,,GotSport,Soccer,U-8,CHERRY HILL FC 2017 JUNIORS BLACK,HADDON TWP. RED HAWKS 2017,CHFC - DeCOU,,
09/29/2024,14:00,16796532,,GotSport,Soccer,U-11,EAST GREENWICH SA EGSA STARS 2014,MARLTON SC CHIEFS SILVER 2014,E GREENWICH - THOMPSON FAMILY PARK,,
09/29/2024,14:00,16795711,,GotSport,Soccer,U-11,TBAA SYNDICATE 2014,PITMAN SA BENGALS 2014,TBAA-VALLEY BROOK,,
09/29/2024,14:00,16797024,,GotSport,Soccer,U-8,MOUNT LAUREL UNITED (MLU) BOYS TEAM 2 2017,HADDONFIELD SC REBELS 2017,MLU-TROTTERS,,
09/29/2024,14:00,16796178,,GotSport,Soccer,U-10,WOODSTOWN WILD 2015,PALMYRA RIVERTON SC NATIONALS 2015,WOODSTOWN,,
09/29/2024,14:00,16796493,,GotSport,Soccer,U-8,MAINLAND UNITED SA MUSTANGS RED 2017 B,SOUTH HARRISON FORCE,MAINLAND - MEMORIAL PARK,,
09/29/2024,14:00,16796976,,GotSport,Soccer,U-12,MARLTON SC CHIEFS BLACK 2013,WOODBURY SOCCER CLUB WOODBURY BISON 2013,MARLTON - MEMORIAL,,
09/29/2024,14:00,16796075,,GotSport,Soccer,U-14,MOUNT LAUREL UNITED (MLU) WARRIORS 2011,WOODSTOWN FURY 2011,MLU-TROTTERS,,
09/29/2024,14:00,16795621,,GotSport,Soccer,U-12,PENNSVILLE EAGLES 2013,MOORESTOWN SC DRAGONS 2013,PENNSVILLE,,
09/29/2024,14:00,16794901,,GotSport,Soccer,U-9,VOORHEES SA DESTROYERS 2016,FRANKLIN TOWNSHIP YOUTH SOCCER ASSOCIATION UNITED 2016,VOORHEES-Echelon Complex,,
09/29/2024,14:00,16796875,,GotSport,Soccer,U-13,PITTSGROVE SOCCER CLUB PSC SPURS '12,WASHINGTON TWP SOCCER CLUB PREDATORS 2012,PITTSGROVE-GREEN BRANCH,,
09/29/2024,14:00,16796381,,GotSport,Soccer,U-14,DELRAN FC FLASH 2011,WOODBURY SOCCER CLUB WOODBURY ARMORY 2011,,,
09/29/2024,14:00,16795949,,GotSport,Soccer,U-11,VOORHEES SA VIPERS 2015,PENNSAUKEN YOUTH SOCCER CLUB AVENGERS 2014,VOORHEES-Echelon Complex,,
09/29/2024,14:00,16795354,,GotSport,Soccer,U-10,MAINLAND UNITED SA MUSTANGS BLACK 2015 B,BERLIN SOCCER CLUB BERSERKERS 2015,MAINLAND - MEMORIAL PARK,,
09/29/2024,14:00,16796660,,GotSport,Soccer,U-9,WEST DEPTFORD SC WARRIORS 2016,CLAYTON SA CLIPPERS 2016,W DEPTFORD-WD PARK,,
09/29/2024,14:00,16795182,,GotSport,Soccer,U-10,EAST GREENWICH SA EGSA FLYERS 2015,SWEDESBORO WOOLWICH SOCCER ASSOC. SWSA HONEY BADGERS 2015,E GREENWICH - THOMPSON FAMILY PARK,,
09/29/2024,14:00,16794973,,GotSport,Soccer,U-12,HARRISON WOLFPACK 2013,VINELAND TERMINATORS 2013,HARRISON - William Wilt Soccer Complex,,
09/29/2024,14:00,16796938,,GotSport,Soccer,U-11,LOGAN CHARGE BLUE 2014,WEST DEPTFORD SC AVALANCHE 2014,LOGAN - TWP LINE,,
09/29/2024,14:00,16794885,,GotSport,Soccer,U-9,LOGAN SUPERNOVA 2016,MOORESTOWN SC RENEGADES 2016,LOGAN - TWP LINE,,
09/29/2024,14:00,16795125,,GotSport,Soccer,U-10,MOUNT LAUREL UNITED (MLU) SHARKS 2015,CHERRY HILL FC 2015 CHFC JUNIOR WHITE,MLU-TROTTERS,,
09/29/2024,14:00,16795048,,GotSport,Soccer,U-12,EGG HARBOR SC EAGLES WHITE 2013,CINNAMINSON SC THUNDERBIRDS 2013,EGG HARBOR - BARGAINTOWN,,
09/29/2024,14:00,16796971,,GotSport,Soccer,U-12,PALMYRA RIVERTON SC YOUNGBLOODS 2013,BERLIN SOCCER CLUB BULLDOGS 2013,,,
09/29/2024,14:00,16794395,,GotSport,Soccer,U-11,MEDFORD STRIKERS 2014 BOYS,UPPER TOWNSHIP SA HURRICANES GREEN 2014,MEDFORD STRIKERS - ARK ROAD COMPLEX,,
09/29/2024,14:00,16794788,,GotSport,Soccer,U-9,SWEDESBORO WOOLWICH SOCCER ASSOC. SWSA HAVOC 2016,DELRAN FC UNION 2016,SW-Locke Avenue Park,,
09/29/2024,14:00,16795231,,GotSport,Soccer,U-16,HAMMONTON HEAT BOYS 2009,NORTHERN BURLINGTON SA BULLDOGS 2009,HAMMONTON - MOSS MILL RD PARK SOCCER COMPLEX,,
09/29/2024,14:00,16795525,,GotSport,Soccer,U-9,SWEDESBORO WOOLWICH SOCCER ASSOC. SWSA VENOM 2016,MAPLE SHADE SHARKS 2016,SW-Locke Avenue Park,,
09/29/2024,14:00,16795416,,GotSport,Soccer,U-12,HIGHLAND YOUTH SOCCER CLUB CHAOS 2013,CINNAMINSON SC STRIKERS 2013,HIGHLAND - GLOUCESTER TWP PARK,,
09/29/2024,14:00,16796599,,GotSport,Soccer,U-10,MANTUA TOWNSHIP SA FROGS 2015,MAPLE SHADE WILD 2015,MANTUA TWP,,
09/29/2024,14:00,16794310,,GotSport,Soccer,U-10,HARRISON STRIKERS 2015,MOORESTOWN SC VIPERS 2015,HARRISON - William Wilt Soccer Complex,,
09/29/2024,14:00,16795826,,GotSport,Soccer,U-14,CHERRY HILL FC CHFC 2011 AVENGERS,UPPER TOWNSHIP SA TSUNAMIS 2011,CHFC - DeCOU,,
09/29/2024,14:00,16796640,,GotSport,Soccer,U-14,WEST DEPTFORD SC WOLFPACK 2011,CINNAMINSON SC STORM 2011,W DEPTFORD-WD PARK,,
09/29/2024,14:00,16795120,,GotSport,Soccer,U-10,NORTHERN BURLINGTON STORM 2015,PENNSVILLE EAGLES GOLD 2015,NB Georgetown Park,,
09/29/2024,14:00,16796762,,GotSport,Soccer,U-9,HADDONFIELD SC WHITE 2016,FRANKLIN TOWNSHIP YOUTH SOCCER ASSOCIATION JERSEY DEVILS 2016,HADDONFIELD - CROWS WOODS,,
09/29/2024,14:00,16794318,,GotSport,Soccer,U-10,MONROE TOWNSHIP YS UNITED BOYS 2015,VINELAND LIVERPOOL 2015,MONROE TWP - CORKERY LANE,,
09/29/2024,14:00,16795920,,GotSport,Soccer,U-16,MEDFORD STRIKERS 2009 BOYS,FRANKLIN TOWNSHIP YOUTH SOCCER ASSOCIATION STRIKERS 2009,MEDFORD STRIKERS - ARK ROAD COMPLEX,,
09/29/2024,14:00,16796142,,GotSport,Soccer,U-8,CHERRY HILL SC CHERRY HILL SC COBRAS (2017) - BOYS,AUDUBON U8 BOYS 2017 TEAM 1,CHSC - UPPER CHAPEL TURF,,
09/29/2024,14:00,16794501,,GotSport,Soccer,U-10,EAST GREENWICH SA EGSA BLACK KNIGHTS 2015,MOUNT LAUREL UNITED (MLU) MLU KNIGHTS 2015,E GREENWICH - THOMPSON FAMILY PARK,,
09/29/2024,14:00,16795795,,GotSport,Soccer,U-13,COLLINGSWOOD OAKLYN SOCCER CLUB ROVERS 2013,FRANKLIN TOWNSHIP YOUTH SOCCER ASSOCIATION CRUSADERS 2012,COLLINGSWOOD - CAMDEN ATHLETIC FACILITY,,
09/29/2024,14:00,16795762,,GotSport,Soccer,U-13,CINNAMINSON SC SKULLS 2012,HARRISON WILDCATS 2012,CINNAMINSON SC - MEMORIAL,,
09/29/2024,14:00,16796776,,GotSport,Soccer,U-9,MARLTON SC CHIEFS WHITE 2016,HARRISON HORNETS 2016,MARLTON - MEMORIAL,,
09/29/2024,14:00,16796406,,GotSport,Soccer,U-14,MOORESTOWN SC LIGHTNING 2011,RANCOCAS VALLEY SC BOYS 2011 UNITED,MOORESTOWN - MEMORIAL FIELDS,,
09/29/2024,14:00,16794965,,GotSport,Soccer,U-12,PENNS GROVE WILD 2013,DEPTFORD TORNADOS 2013,PG-CP-PED- Carney's Point Rec Center,,
09/29/2024,14:00,16796152,,GotSport,Soccer,U-8,HADDONFIELD SC FIRE 2017,MEDFORD SC 2017B WHITE,HADDONFIELD - CROWS WOODS,,
09/29/2024,14:00,16796792,,GotSport,Soccer,U-9,ATLANTIC UNITED PREMIER BLACK 2016 B,SENECA UNITED SC 2016 RAPTORS,ATLANTIC - TARTAGLIO,,
09/29/2024,14:00,16795676,,GotSport,Soccer,U-10,CINNAMINSON SC PIRATES SEA DOGS 2015,HADDONFIELD SC WHITE 2015 B,CINNAMINSON SC - MEMORIAL,,
09/29/2024,14:00,16796293,,GotSport,Soccer,U-15,EAST GREENWICH SA EGSA CHARGERS 2010,WOODBURY ARMORY 2010,E GREENWICH - THOMPSON FAMILY PARK,,
09/29/2024,14:00,16795415,,GotSport,Soccer,U-12,HADDONFIELD SC BLACK 2013,MARLTON SC CHIEFS SILVER 2013,HADDONFIELD - CROWS WOODS,,
09/29/2024,14:00,16795542,,GotSport,Soccer,U-9,TBAA RENEGADES 2016,EGG HARBOR SC EAGLES 2016 BLACK,TBAA-VALLEY BROOK,,
09/29/2024,14:00,16796986,,GotSport,Soccer,U-11,CHERRY HILL SC CHERRY HILL SC FORCE 2014,PITTSGROVE SOCCER CLUB PSC MAVERICKS '14,CHSC - UPPER CHAPEL TURF,,
09/29/2024,14:00,16795397,,GotSport,Soccer,U-11,UPPER TOWNSHIP SA HURRICANES WHITE 2014,CAPE EXPRESS CE ENGINEERS 2014,UPPER TWP-Amanda's Field Complex,,
09/29/2024,14:00,16794656,,GotSport,Soccer,U-14,MEDFORD SC COLUMBIA 2011,MONROE TOWNSHIP YS UNITED BOYS BLUE 2011,MEDFORD - BENDE PARK,,
09/29/2024,14:00,16796476,,GotSport,Soccer,U-8,EGG HARBOR SC EAGLES 2017,UPPER TOWNSHIP SA FLASH 2017,EGG HARBOR - BARGAINTOWN,,
09/29/2024,14:00,16795780,,GotSport,Soccer,U-13,PENNSAUKEN YOUTH SOCCER CLUB OUTLAWS 2012,HADDONFIELD BLACK 2012,Pennsauken Community Recreation Facility,,
09/29/2024,14:00,16796723,,GotSport,Soccer,U-8,CINNAMINSON SC BLACK 2017,RANCOCAS VALLEY SC 2017 BOYS PREMIER,CINNAMINSON SC - MEMORIAL,,
09/29/2024,14:00,16794696,,GotSport,Soccer,U-12,MONROE TOWNSHIP YS UNITED BOYS BLUE 2013,PENNSAUKEN YOUTH SOCCER CLUB REBELS 2013,MONROE TWP - CORKERY LANE,,
09/29/2024,14:00,16796585,,GotSport,Soccer,U-8,HIGHLAND YOUTH SOCCER CLUB BOYS 2017,WASHINGTON TWP SOCCER CLUB WOLVES 2017,HIGHLAND - GLOUCESTER TWP PARK,,
09/29/2024,14:00,16795697,,GotSport,Soccer,U-10,VOORHEES SA PYTHONS 2015,BURLINGTON TOWNSHIP SOCCER PHOENIX 2015,VOORHEES-Echelon Complex,,
09/29/2024,14:10,16796813,,GotSport,Soccer,U-15,MARLTON SC CHIEFS WHITE 2010,MONROE TOWNSHIP YS UNITED 2010,MARLTON - MEMORIAL,,
09/29/2024,14:10,16796248,,GotSport,Soccer,U-13,HIGHLAND YOUTH SOCCER CLUB FORCE 2012,VOORHEES SA FORCE 2012,HIGHLAND - GLOUCESTER TWP PARK,,
09/29/2024,14:10,16796632,,GotSport,Soccer,U-14,WASHINGTON TWP SOCCER CLUB REGULATORS 2011,HARRISON SC ARSENAL 2011,WASHINGTON TWP-WASH LAKE PARK,,
09/29/2024,14:15,16795564,,GotSport,Soccer,U-12,AUDUBON SOCCER YOUTH WILD WINGS 2013,NORTHERN BURLINGTON SA BLUES 2013,AUDUBON - GREEN WAVE PARK,,
09/29/2024,14:15,16795365,,GotSport,Soccer,U-10,AUDUBON SOCCER YOUTH BOYS 2015 - HAMMERS,RANCOCAS VALLEY SC 2015 BOYS STEALTH,AUDUBON - GREEN WAVE PARK,,
09/29/2024,14:20,16794359,,GotSport,Soccer,U-14,SWEDESBORO WOOLWICH SOCCER ASSOC. SWSA RED FLAMES 2011,SENECA UNITED SC 2011 WARRIORS,SW-Locke Avenue Park,,
09/29/2024,14:30,16796884,,GotSport,Soccer,U-11,COLLINGSWOOD OAKLYN SOCCER CLUB VENOM COSC 2014,EGG HARBOR SC EAGLES 2014 WHITE,COSC- Oaklyn Public School,,
09/29/2024,14:30,16796554,,GotSport,Soccer,U-11,NORTHERN BURLINGTON JACKALS 2015,HADDONFIELD SC BLACK 2014,NB Georgetown Park,,
09/29/2024,14:30,16796565,,GotSport,Soccer,U-8,HAMMONTON HEAT BOYS 2017,PITMAN SA PANTHERS 2017,HAMMONTON - MOSS MILL RD PARK SOCCER COMPLEX,,
09/29/2024,14:30,16795334,,GotSport,Soccer,U-10,SJ FUTBOL CLUB RAMS 2015,MOORESTOWN SC DEVIL RAYS 2015,SJFC - UPPER DEERFIELD RECREATION COMPLEX,,
09/29/2024,14:30,16796150,,GotSport,Soccer,U-8,WASHINGTON TWP SOCCER CLUB REBELS 2017,GATEWAY UNITED SOCCER CLUB GUSC B2017,WASHINGTON TWP. - Levy Fields (Virtua),,
09/29/2024,14:30,16796047,,GotSport,Soccer,U-10,MEDFORD SC COLUMBIA 2015,DEPTFORD LIGHTNING 2015,MEDFORD - BENDE PARK,,
09/29/2024,14:30,16795444,,GotSport,Soccer,U-11,HADDON HEIGHTS SC MIGHTY TITANS 2014,WEST DEPTFORD SC EAGLES 2014,HADD HGTS - DEVON,,
09/29/2024,14:30,16795445,,GotSport,Soccer,U-11,GATEWAY UNITED SOCCER CLUB GREYHOUNDS 2014,MANTUA TOWNSHIP SA OUTLAWS 2014,GATEWAY UTD. - WESTVILLE,,
09/29/2024,14:30,16794299,,GotSport,Soccer,U-10,HADDON TWP SOCCER CLUB 2015 HADDON TWP WHITE HAWKS,SWEDESBORO WOOLWICH SOCCER ASSOC. SWSA STRIKERS 2015,,,
09/29/2024,14:30,16794554,,GotSport,Soccer,U-9,SENECA UNITED SC 2016 EAGLES,CHERRY HILL SC CHERRY HILL SC 72S (2016) - BOYS,SENECA - STONEY CREEK FIELDS,,
09/29/2024,14:30,16796006,,GotSport,Soccer,U-11,MOORESTOWN SC WOLVERINES 2014,RANCOCAS VALLEY SC RVSC - '14 FOREST,MOORESTOWN - SALEM RD/PRYOR PARK,,
09/29/2024,14:30,16796891,,GotSport,Soccer,U-11,MEDFORD SC GOLD 2014,WOODSTOWN WOLFPACK 2014,MEDFORD - BENDE PARK,,
09/29/2024,14:30,16796515,,GotSport,Soccer,U-8,PITMAN SA LIONS 2017,WEST DEPTFORD SC DRAGONS 2017,PITMAN - Dell,,
09/29/2024,14:30,16797006,,GotSport,Soccer,U-11,MOUNT LAUREL UNITED (MLU) COBRAS 2014,MOORESTOWN SC GUARDIANS 2014,MLU-TROTTERS,,
09/29/2024,14:30,16796281,,GotSport,Soccer,U-12,BURLINGTON TOWNSHIP SOCCER STRIKERS 2013,RANCOCAS VALLEY SC RONALDO 2013,BURLINGTON TWP - PINEWALD AVE,,
09/29/2024,14:45,16795327,,GotSport,Soccer,U-10,UPPER TOWNSHIP SA COMETS GREEN 2015,MEDFORD SC WHITE 2015,UPPER TWP-Amanda's Field Complex,,
09/29/2024,15:15,16796969,,GotSport,Soccer,U-12,WINSLOW SHARKS 2013,DELRAN FC SOCCER GREY 2013B,WINSLOW TWP - PETER VOLPA,,
09/29/2024,15:20,16796215,,GotSport,Soccer,U-15,DEPTFORD DEMONS 2010,BORDENTOWN FC PANTHERS 2010,DEPTFORD SC,,
09/29/2024,15:30,16794594,,GotSport,Soccer,U-8,EAST GREENWICH SA EGSA UNITED 2017,MANTUA CHAOS 2017,E GREENWICH - THOMPSON FAMILY PARK,,
09/29/2024,15:30,16794734,,GotSport,Soccer,U-9,PENNS GROVE SC DRAGONS 2016,PALMYRA RIVERTON SC NEW U9B - 2016,PG-CP-PED- Carney's Point Rec Center,,
09/29/2024,15:30,16796855,,GotSport,Soccer,U-13,CHERRY HILL FC 2012 JUNIORS BLACK,SOUTH HARRISON TOWNSHIP SOCCER CLUB STRIKERS 2012,CHFC - DeCOU,,
09/29/2024,15:30,16796595,,GotSport,Soccer,U-10,VINELAND AVENGERS 2015,MILLVILLE PREDATORS 2015,VINELAND SA,,
09/29/2024,15:30,16796612,,GotSport,Soccer,U-10,HARRISON BLUE REBELS 2015,PITTSGROVE SOCCER CLUB PSC GALAXY '15,HARRISON - William Wilt Soccer Complex,,
09/29/2024,15:30,16795121,,GotSport,Soccer,U-10,DEPTFORD SA CYCLONES 2015,HIGHLAND YOUTH SOCCER CLUB STORM 2015,DEPTFORD SC,,
09/29/2024,15:30,16796018,,GotSport,Soccer,U-11,VOORHEES SA VIKINGS 2014,HARRISON WAVE 2014,VOORHEES-Echelon Complex,,
09/29/2024,15:30,16795759,,GotSport,Soccer,U-9,MAINLAND UNITED SA MUSTANGS RED 2016 B,BORDENTOWN FC REVOLUTION 2016,MAINLAND - MEMORIAL PARK,,
09/29/2024,15:30,16794771,,GotSport,Soccer,U-9,MOORESTOWN SC WARRIORS 2016,CINNAMINSON SC TITANS 2016,MOORESTOWN - MEMORIAL FIELDS,,
09/29/2024,15:30,16794593,,GotSport,Soccer,U-8,HARRISON UNITED 2017,CHERRY HILL SC CHERRY HILL SC DYNAMO (2017) - BOYS,HARRISON - William Wilt Soccer Complex,,
09/29/2024,15:30,16795514,,GotSport,Soccer,U-9,HADDONFIELD SC BLACK 2016 B,MEDFORD SC GOLD 2016,HADDONFIELD - CROWS WOODS,,
09/29/2024,15:30,16795734,,GotSport,Soccer,U-9,MOUNT LAUREL UNITED (MLU) REVOLUTION 2016,HADDON TWP RED HAWKS 2016,MLU-TROTTERS,,
09/29/2024,15:30,16796664,,GotSport,Soccer,U-9,VOORHEES SA TITANS 2016,WATERFORD ATHLETIC ASSN WINGS 2016,VOORHEES-Echelon Complex,,
09/29/2024,15:30,16794577,,GotSport,Soccer,U-8,VOORHEES SA BLUE DEVILS 2017,CINNAMINSON RED 2017,VOORHEES-Echelon Complex,,
09/29/2024,15:30,16796690,,GotSport,Soccer,U-9,CHERRY HILL SC CHERRY HILL SC THUNDER (2016) - BOYS,TBAA KNIGHTS 2016,CHSC - UPPER CHAPEL TURF,,
09/29/2024,15:30,16796693,,GotSport,Soccer,U-9,CINNAMINSON SC LIGHTNING 2016,RANCOCAS VALLEY SC 2016 BOYS PREMIER,CINNAMINSON SC - MEMORIAL,,
09/29/2024,15:30,16796735,,GotSport,Soccer,U-8,DELRAN FC BLACK 2017B,HADDONFIELD SC THUNDER 2017,,,
09/29/2024,15:30,16796343,,GotSport,Soccer,U-13,UPPER TOWNSHIP SA FORCE GREEN 2012,MAINLAND UNITED SA MUSTANGS RED 2012 B,UPPER TWP-Amanda's Field Complex,,
09/29/2024,15:30,16796752,,GotSport,Soccer,U-9,ATLANTIC UNITED PREMIER RED 2016 B,EAST GREENWICH SA EGSA ROYALS 2016,ATLANTIC - TARTAGLIO,,
09/29/2024,15:30,16795505,,GotSport,Soccer,U-9,HIGHLAND YOUTH SOCCER CLUB HAVOK 2016,WASHINGTON TWP SOCCER CLUB THUNDER 2016,HIGHLAND - GLOUCESTER TWP PARK,,
09/29/2024,15:30,16795489,,GotSport,Soccer,U-14,HADDON TWP RED HAWKS 2011,BORDENTOWN FC JAGUARS 2011,HADDON TWP - RECCHINO FIELDS,,
09/29/2024,15:30,16795543,,GotSport,Soccer,U-9,LOGAN APOLLO 2016,WEST DEPTFORD SC TSUNAMI 2016,LOGAN - TWP LINE,,
09/29/2024,15:30,16796777,,GotSport,Soccer,U-9,CHERRY HILL FC 2016 JUNIOR BLACK,WEST DEPTFORD SC WILDCATS 2016,CHFC - DeCOU,,
09/29/2024,15:30,16794820,,GotSport,Soccer,U-8,CINNAMINSON SC UNION 2017,HADDON HEIGHTS SC HAVOC 2017,CINNAMINSON SC - MEMORIAL,,
09/29/2024,15:30,16795657,,GotSport,Soccer,U-13,PENNSVILLE EAGLES 2012,HADDON TWP WHITE HAWKS 2012,PENNSVILLE,,
09/29/2024,15:30,16795655,,GotSport,Soccer,U-13,LOGAN FUSION 2012,WINSLOW GREEN DRAGONS 2012,LOGAN - TWP LINE,,
09/29/2024,15:30,16794825,,GotSport,Soccer,U-8,SWEDESBORO WOOLWICH SOCCER ASSOC. SWSA FIREBALLS 2017,DELRAN FC SOCCER GREY 2017B,SW-Locke Avenue Park,,
09/29/2024,15:30,16796814,,GotSport,Soccer,U-15,EDGEWATER PARK ATHLETIC ASSOCIATION EP WIZARDS 2010,MILLVILLE VENOM 2010,,,
09/29/2024,15:30,16796321,,GotSport,Soccer,U-13,VINELAND SA JERSEY BOYZ 2012,LOGAN FORCE 2012,VINELAND SA,,
09/29/2024,15:30,16796828,,GotSport,Soccer,U-13,CHERRY HILL SC CHERRY HILL SC BULL DOGS 2012,WOODSTOWN THUNDER 2012,CHSC - CH WEST HS,,
09/29/2024,15:30,16795078,,GotSport,Soccer,U-10,EGG HARBOR SC EAGLES 2015,HADDON HEIGHTS SC CHEETAHS 2015,EGG HARBOR - BARGAINTOWN,,
09/29/2024,15:30,16796866,,GotSport,Soccer,U-13,HADDONFIELD SC RED 2012,MOUNT LAUREL UNITED (MLU) IMPACT 2012,HADDONFIELD - CROWS WOODS,,
09/29/2024,15:30,16794433,,GotSport,Soccer,U-11,MARLTON SC CHIEFS ORANGE 2015,MAINLAND UNITED SA MUSTANGS RED 2014 B,MARLTON - MEMORIAL,,
09/29/2024,15:30,16794430,,GotSport,Soccer,U-11,HADDONFIELD SC RED 2014 B,WASHINGTON TWP SOCCER CLUB TERROR 2014,HADDONFIELD - CROWS WOODS,,
09/29/2024,15:30,16795959,,GotSport,Soccer,U-13,VOORHEES SA PREDATORS 2013,SWEDESBORO WOOLWICH SOCCER ASSOC. SWSA SHARKS 2012,VOORHEES-EASTERN HS,,
09/29/2024,15:30,16794855,,GotSport,Soccer,U-13,HARRISON SC STRIKERS 2012,TAR-KILL SOCCER CLUB TARKILL LIVERPOOL 2012,HARRISON - William Wilt Soccer Complex,,
09/29/2024,15:30,16796514,,GotSport,Soccer,U-8,NORTHERN BURLINGTON FORCE 2017,BURLINGTON TOWNSHIP SOCCER FIRE 2017,NB Georgetown Park,,
09/29/2024,15:30,16796915,,GotSport,Soccer,U-11,EAST GREENWICH SA EGSA EAGLES 2014,HARRISON STRIKERS 2014,E GREENWICH - THOMPSON FAMILY PARK,,
09/29/2024,15:30,16796076,,GotSport,Soccer,U-14,PEMBERTON SC PUNISHERS 2011,PALMYRA RIVERTON SC WARRIORS 2011,PEMBERTON - HIGH SCHOOL,,
09/29/2024,15:30,16795601,,GotSport,Soccer,U-12,PITTSGROVE SOCCER CLUB PSC PYTHONS '13,VOORHEES SA RAPTORS 2013,PITTSGROVE-GREEN BRANCH,,
09/29/2024,15:30,16796043,,GotSport,Soccer,U-10,EAST GREENWICH SA EGSA TIGERS 2015,MOUNT LAUREL UNITED (MLU) MLU WOLFPACK 2015,E GREENWICH - THOMPSON FAMILY PARK,,
09/29/2024,15:30,16794350,,GotSport,Soccer,U-14,MONROE TOWNSHIP YS UNITED 2012,CHERRY HILL FC 2011 JUNIORS BLACK,MONROE TWP - CORKERY LANE,,
09/29/2024,15:30,16795030,,GotSport,Soccer,U-8,MONROE UNITED 2017,MEDFORD SC 2017B NAVY,MONROE TWP - CORKERY LANE,,
09/29/2024,15:30,16795436,,GotSport,Soccer,U-12,LOGAN FLASH 2013,WOODSTOWN WOLVERINES 2013,LOGAN - TWP LINE,,
09/29/2024,15:30,16794332,,GotSport,Soccer,U-10,AUDUBON BOYS 2015,COHANSEY SC DYNAMO 2015,AUDUBON - GREEN WAVE PARK,,
09/29/2024,15:30,16794324,,GotSport,Soccer,U-10,WEST DEPTFORD SC COBRAS 2016,CLAYTON SA CLIPPERS 2015,W DEPTFORD-WD PARK,,
09/29/2024,15:30,16795025,,GotSport,Soccer,U-8,MOUNT LAUREL UNITED (MLU) MLU PRESTIGE 2017,MARLTON SC CHIEFS ORANGE 2017,MLU-TROTTERS,,
09/29/2024,15:30,16794686,,GotSport,Soccer,U-8,TBAA REVOLUTION 2017,TAR-KILL SOCCER CLUB TARKILL UNION 2017,TBAA-VALLEY BROOK,,
09/29/2024,15:30,16795828,,GotSport,Soccer,U-14,CINNAMINSON SC VIPERS 2011,EGG HARBOR SC EAGLES BLACK 2011,CINNAMINSON SC - MEMORIAL,,
09/29/2024,15:30,16795176,,GotSport,Soccer,U-10,HAMILTON ELITE FC PREMIER 2015B,PENNSVILLE EAGLES BLUE 2015,,,
09/29/2024,15:30,16795179,,GotSport,Soccer,U-10,MAINLAND UNITED SA MUSTANGS WHITE 2015-16 B,WOODSTOWN WILDCATS 2015,MAINLAND - MEMORIAL PARK,,
09/29/2024,15:30,16795180,,GotSport,Soccer,U-10,MANTUA 2015-2016 BOYS,LOGAN ARMADA BLUE 2015,MANTUA TWP,,
09/29/2024,15:30,16794660,,GotSport,Soccer,U-14,TBAA TITANS 2011,WINSLOW WILDCATS 2011,TBAA-VALLEY BROOK,,
09/29/2024,15:40,16795258,,GotSport,Soccer,U-15,WASHINGTON TWP SOCCER CLUB RENEGADES 2010,SJ FUTBOL CLUB WOLVES 2010,WASHINGTON TWP-WASH LAKE PARK,,
09/29/2024,15:40,16796074,,GotSport,Soccer,U-14,HAMMONTON HEAT BOYS 2011,BURLINGTON TOWNSHIP SOCCER REBELS 2011,HAMMONTON - MOSS MILL RD PARK SOCCER COMPLEX,,
09/29/2024,15:40,16795248,,GotSport,Soccer,U-15,HIGHLAND YOUTH SOCCER CLUB RAPTORS 2010,EAST GREENWICH SA EGSA BLAZE 2010,HIGHLAND - GLOUCESTER TWP PARK,,
09/29/2024,15:45,16795994,,GotSport,Soccer,U-11,CHERRY HILL SC CHERRY HILL SC WHITE (2014) - BOYS,PALMYRA RIVERTON SC TORNADOES 2014,CHSC - UPPER CHAPEL TURF,,
09/29/2024,15:45,16795390,,GotSport,Soccer,U-11,MEDFORD SC AVENGERS 2014,CINNAMINSON SC CHARGERS 2014,MEDFORD - BENDE PARK,,
09/29/2024,15:45,16796268,,GotSport,Soccer,U-12,HAMMONTON HEAT BOYS 2013,CHERRY HILL SC CHERRY HILL SC FORCE 2013,HAMMONTON - MOSS MILL RD PARK SOCCER COMPLEX,,
09/29/2024,15:45,16795620,,GotSport,Soccer,U-12,PITMAN SA TOMCATS 2013,BARRINGTON SC REVOLUTION 2013,PITMAN - ALCYON LAKE,,
09/29/2024,15:45,16794286,,GotSport,Soccer,U-12,MEDFORD STRIKERS 2013 BOYS,CAPE EXPRESS CE 2014 UNION,MEDFORD STRIKERS - ARK ROAD COMPLEX,,
09/29/2024,15:45,16794463,,GotSport,Soccer,U-12,MOORESTOWN SC THUNDER 2013,MAINLAND UNITED SA MUSTANGS WHITE 2013-14 B,MOORESTOWN - SALEM RD/PRYOR PARK,,
09/29/2024,15:45,16796372,,GotSport,Soccer,U-13,SENECA UNITED SC 2012 PRIDE,PITMAN SA JAGUARS 2012,SENECA - STONEY CREEK FIELDS,,
09/29/2024,15:45,16796044,,GotSport,Soccer,U-10,PENNSAUKEN YOUTH SOCCER CLUB LIONS 2015,SENECA UNITED SC 2015 RAPTORS,Pennsauken Community Recreation Facility,,
09/29/2024,15:45,16794962,,GotSport,Soccer,U-12,GATEWAY UNITED SOCCER CLUB SHARKS 2013,WASHINGTON TWP SOCCER CLUB DAREDEVILS 2013,GATEWAY UTD. - WESTVILLE,,
09/29/2024,15:45,16794775,,GotSport,Soccer,U-9,MEDFORD SC COLUMBIA 2016,GATEWAY UNITED SOCCER CLUB 2016 GUSC THUNDER,MEDFORD - BENDE PARK,,
09/29/2024,15:45,16795272,,GotSport,Soccer,U-12,WEST DEPTFORD SC WARRIORS 2013,WOODSTOWN PREDATORS 2013,W DEPTFORD-WD PARK,,
09/29/2024,15:45,16794811,,GotSport,Soccer,U-9,WASHINGTON UNITED SOCCER CLUB WUSC 2016 BOYS,PITTSGROVE SOCCER CLUB PSC PRIME BLACK '16,WASHINGTON TWP. - Levy Fields (Virtua),,
09/29/2024,15:45,16795288,,GotSport,Soccer,U-12,MOUNT LAUREL UNITED (MLU) TIGERS 2013,MILLVILLE REBELS 2013,MLU-TROTTERS,,
09/29/2024,15:45,16794670,,GotSport,Soccer,U-8,SJ FUTBOL CLUB HAMMERS 2017,PITTSGROVE SOCCER CLUB PSC BLACK ‘17,SJFC - UPPER DEERFIELD RECREATION COMPLEX,,
09/29/2024,15:45,16794555,,GotSport,Soccer,U-9,HADDON TWP WHITE HAWKS 2016,EAST GREENWICH SA EGSA LIONS 2016,,,
09/29/2024,15:45,16796009,,GotSport,Soccer,U-11,BURLINGTON TOWNSHIP SOCCER DYNAMITE 2014,NORTHERN BURLINGTON BLUE DEVILS 2014,BURLINGTON TWP - PINEWALD AVE,,
09/29/2024,15:45,16794722,,GotSport,Soccer,U-9,HADDON HEIGHTS SC RUCKUS 2016,AUDUBON 2016 BOYS,HADD HGTS - DEVON,,
09/29/2024,15:45,16794553,,GotSport,Soccer,U-9,COLLINGSWOOD OAKLYN SOCCER CLUB SPARTANS 2016,TAR-KILL SOCCER CLUB TARKILL 2016 BOYS,COSC- Oaklyn Public School,,
09/29/2024,15:45,16795710,,GotSport,Soccer,U-11,MEDFORD SC CAROLINA 2014,SWEDESBORO WOOLWICH SOCCER ASSOC. SWSA LIGHTNING 2014,MEDFORD - BENDE PARK,,
09/29/2024,15:50,16796827,,GotSport,Soccer,U-13,MARLTON SC CHIEFS BLACK 2012,TAR-KILL SOCCER CLUB TARKILL BARCELONA 2012,MARLTON - MEMORIAL,,
09/29/2024,15:50,16795831,,GotSport,Soccer,U-14,SWEDESBORO WOOLWICH SOCCER ASSOC. SWSA BLACK MAMBAS 2011,VOORHEES SA ATTACK 2011,SW-Locke Avenue Park,,
09/29/2024,16:00,16795101,,GotSport,Soccer,U-10,UPPER TOWNSHIP SA SUPER SONICS 2015,CAPE EXPRESS CE SILVER STREAK 2015,UPPER TWP-Amanda's Field Complex,,
09/29/2024,16:45,16794818,,GotSport,Soccer,U-8,AUDUBON U8 BOYS 2017 TEAM 2,MOORESTOWN SC HAWKS 2017,AUDUBON - GREEN WAVE PARK,,
10/04/2024,18:30,16794914,,GotSport,Soccer,U-11,CHERRY HILL SC CHERRY HILL SC UNION 2015,CHERRY HILL SC CHERRY HILL SC UNITED 2014,CHSC - UPPER CHAPEL TURF,,
10/04/2024,18:30,16795691,,GotSport,Soccer,U-10,CHERRY HILL SC CHERRY HILL SC COMETS (2015) - BOYS,CINNAMINSON SC PIRATES SEA DOGS 2015,CHSC - UPPER CHAPEL TURF,,
10/06/2024,08:00,16796296,,GotSport,Soccer,U-15,WOODBURY ARMORY 2010,VINELAND REBELS 2010,WOODBURY,,
10/06/2024,11:00,16795320,,GotSport,Soccer,U-14,HARRISON SC THUNDER 2011,MOUNT LAUREL UNITED (MLU) FLASH 2011,HARRISON - William Wilt Soccer Complex,,
10/06/2024,11:00,16796103,,GotSport,Soccer,U-19,MEDFORD SC ,HIGHLAND YOUTH SOCCER CLUB GALAXY 2008,MEDFORD - BENDE PARK,,
10/06/2024,11:00,16796301,,GotSport,Soccer,U-15,CINNAMINSON SC PIRATES 2010,TBAA DYNAMO 2010,CINNAMINSON SC - MEMORIAL,,
10/06/2024,11:00,16794453,,GotSport,Soccer,U-12,MAPLE SHADE FORCE 2013,HADDON TWP WHITE HAWKS 2013,MAPLE SHADE - TURF FIELD,,
10/06/2024,11:00,16795367,,GotSport,Soccer,U-10,BERLIN SOCCER CLUB BERSERKERS 2015,VOORHEES SA COBRAS 2015,BERLIN SC - FRANKLIN FIELDS,,
10/06/2024,11:00,16795925,,GotSport,Soccer,U-16,WINSLOW VIPERS 2009,DEPTFORD REBELS 2009,WINSLOW TWP - PETER VOLPA,,
10/06/2024,11:00,16795171,,GotSport,Soccer,U-15,DEPTFORD BRUTE FORCE 2010,HADDONFIELD SC WHITE 2010,DEPTFORD SC,,
10/06/2024,11:00,16796497,,GotSport,Soccer,U-8,PITTSGROVE SOCCER CLUB PSC RAPTORS ‘17,MAINLAND UNITED SA MUSTANGS RED 2017 B,PITTSGROVE-GREEN BRANCH,,
10/06/2024,11:00,16795595,,GotSport,Soccer,U-12,NORTHERN BURLINGTON SA BLUES 2013,PITTSGROVE SOCCER CLUB PSC PYTHONS '13,NB Georgetown Park,,
10/06/2024,11:00,16794425,,GotSport,Soccer,U-11,MONROE TOWNSHIP YS UNITED BOYS BLUE 2014,MAINLAND UNITED SA MUSTANGS RED 2014 B,MONROE TWP - CORKERY LANE,,
10/06/2024,11:00,16795573,,GotSport,Soccer,U-12,MARLTON SC CHIEFS WHITE 2013,MEDFORD SC MAYHEM 2013,MARLTON - MEMORIAL,,
10/06/2024,12:00,16797015,,GotSport,Soccer,U-8,HADDON TWP. WHITE HAWKS 2017,VOORHEES SA VENOM 2017,,,
10/06/2024,12:00,16795246,,GotSport,Soccer,U-15,MOUNT LAUREL UNITED (MLU) FORCE 2010,HIGHLAND YOUTH SOCCER CLUB RAPTORS 2010,MLU-TROTTERS,,
10/06/2024,12:00,16795911,,GotSport,Soccer,U-16,BURLINGTON TOWNSHIP SOCCER CELTIC 2010,MEDFORD STRIKERS 2009 BOYS,BURLINGTON TWP - PINEWALD AVE,,
10/06/2024,12:00,16795679,,GotSport,Soccer,U-10,HADDONFIELD SC WHITE 2015 B,TAR-KILL SOCCER CLUB TARKILL 2015 WHITE,HADDONFIELD - CROWS WOODS,,
10/06/2024,12:00,16794782,,GotSport,Soccer,U-9,PITTSGROVE SOCCER CLUB PSC PRIME BLACK '16,SWEDESBORO WOOLWICH SOCCER ASSOC. SWSA HAVOC 2016,PITTSGROVE-GREEN BRANCH,,
10/06/2024,12:00,16795217,,GotSport,Soccer,U-16,SJ FUTBOL CLUB RAPIDS 2009,HAMMONTON HEAT BOYS 2009,SJFC - UPPER DEERFIELD RECREATION COMPLEX,,
10/06/2024,12:00,16796801,,GotSport,Soccer,U-15,MILLVILLE VENOM 2010,MARLTON SC CHIEFS WHITE 2010,MILLVILLE SOCCER COMPLEX,,
10/06/2024,12:00,16795216,,GotSport,Soccer,U-16,EAST GREENWICH SA EGSA THUNDER 2009,DEPTFORD AVENGERS 2009,E GREENWICH - THOMPSON FAMILY PARK,,
10/06/2024,12:00,16794464,,GotSport,Soccer,U-12,EAST GREENWICH SA EGSA PANTHERS 2013,MOORESTOWN SC THUNDER 2013,E GREENWICH - THOMPSON FAMILY PARK,,
10/06/2024,12:00,16794486,,GotSport,Soccer,U-10,CHERRY HILL SC CHERRY HILL SC WARRIORS 2015,EAST GREENWICH SA EGSA BLACK KNIGHTS 2015,CHSC - UPPER CHAPEL TURF,,
10/06/2024,12:00,16795366,,GotSport,Soccer,U-10,RANCOCAS VALLEY SC 2015 BOYS STEALTH,MAINLAND UNITED SA MUSTANGS BLACK 2015 B,Rancocas Valley-LUMBERTON MUNICIPAL,,
10/06/2024,12:00,16794984,,GotSport,Soccer,U-12,WASHINGTON TWP SOCCER CLUB DAREDEVILS 2013,HARRISON WOLFPACK 2013,WASHINGTON TWP-WASH LAKE PARK,,
10/06/2024,12:00,16796695,,GotSport,Soccer,U-9,MOORESTOWN SC UNITED 2016,CINNAMINSON SC LIGHTNING 2016,MOORESTOWN - MEMORIAL FIELDS,,
10/06/2024,12:00,16796118,,GotSport,Soccer,U-19,HIGHLAND YOUTH SOCCER CLUB FUSION 2008,SWEDESBORO WOOLWICH SOCCER ASSOC. SWSA SCORPIONS 2008,HIGHLAND - GLOUCESTER TWP PARK,,
10/06/2024,12:00,16796245,,GotSport,Soccer,U-13,CHERRY HILL SC ROYALS 2012,HIGHLAND YOUTH SOCCER CLUB FORCE 2012,CHSC - CH WEST HS,,
10/06/2024,12:00,16794266,,GotSport,Soccer,U-12,DELRAN FC SOCCER DELRAN FC UNITED 2013,MEDFORD STRIKERS 2013 BOYS,,,
10/06/2024,12:00,16795150,,GotSport,Soccer,U-15,WOODSTOWN WOLVERINES 2010,WINSLOW SLAYERS 2010,WOODSTOWN,,
10/06/2024,12:00,16794376,,GotSport,Soccer,U-14,PENNS GROVE SC RAGE 2011,MAINLAND UNITED SA MUSTANGS WHITE 2011-12 B,PG-CP-PED- Carney's Point Rec Center,,
10/06/2024,12:00,16795043,,GotSport,Soccer,U-12,CAPE EXPRESS AVENGERS 2013,SJ FUTBOL CLUB SJFC FLYERS ELITE 2014,CAPE EX SOCCER COMPLEX At Ockie Wisting,,
10/06/2024,12:00,16795604,,GotSport,Soccer,U-12,MOORESTOWN SC DRAGONS 2013,HADDONFIELD SC WHITE 2013,MOORESTOWN - SALEM RD/PRYOR PARK,,
10/06/2024,12:00,16794345,,GotSport,Soccer,U-14,CHERRY HILL FC 2011 JUNIORS BLACK,SWEDESBORO WOOLWICH SOCCER ASSOC. SWSA RED FLAMES 2011,CHFC - DeCOU,,
10/06/2024,12:00,16795275,,GotSport,Soccer,U-12,WOODSTOWN PREDATORS 2013,WASHINGTON TWP SOCCER CLUB RAPTORS 2013,WOODSTOWN,,
10/06/2024,12:00,16795009,,GotSport,Soccer,U-10,DELRAN FC COBRAS 2015,BURLINGTON TOWNSHIP SOCCER THUNDER2015,,,
10/06/2024,12:00,16795914,,GotSport,Soccer,U-16,FRANKLIN TOWNSHIP YOUTH SOCCER ASSOCIATION STRIKERS 2009,TBAA STORM 2009,FRANKLIN TWP YOUTH COMPLEX,,
10/06/2024,12:15,16796596,,GotSport,Soccer,U-10,MAPLE SHADE WILD 2015,VINELAND AVENGERS 2015,MAPLE SHADE - TURF FIELD,,
10/06/2024,12:15,16795875,,GotSport,Soccer,U-10,SENECA UNITED SC 2015 PARK RANGERS,EGG HARBOR SC EAGLES 2015 BLACK,SENECA - STONEY CREEK FIELDS,,
10/06/2024,12:30,16796397,,GotSport,Soccer,U-14,WOODBURY SOCCER CLUB WOODBURY ARMORY 2011,CHERRY HILL FC JUNIOR WHITE 2011/12,WOODBURY,,
10/06/2024,12:30,16794282,,GotSport,Soccer,U-12,VINELAND SA UNITED 2013,HARRISON SC LIGHTNING 2013,VINELAND SA,,
10/06/2024,12:30,16794354,,GotSport,Soccer,U-14,EGG HARBOR SC EAGLES 2011/2012 BLACK,MONROE TOWNSHIP YS UNITED 2012,EGG HARBOR - BARGAINTOWN,,
10/06/2024,12:30,16794384,,GotSport,Soccer,U-14,PITMAN SA PUMAS 2011,WASHINGTON TWP SOCCER CLUB CHAOS 11/12,PITMAN - ALCYON LAKE,,
10/06/2024,12:30,16794396,,GotSport,Soccer,U-11,TBAA OUTLAWS 2014,TBAA REVOLUTION 2015,TBAA-VALLEY BROOK,,
10/06/2024,12:30,16794407,,GotSport,Soccer,U-11,VOORHEES SA KNIGHTS 2014,UPPER TOWNSHIP SA HURRICANES GREEN 2014,VOORHEES-Echelon Complex,,
10/06/2024,12:30,16794495,,GotSport,Soccer,U-10,MOUNT LAUREL UNITED (MLU) MLU KNIGHTS 2015,MEDFORD STRIKERS 2015 BOYS,MLU-TROTTERS,,
10/06/2024,12:30,16794530,,GotSport,Soccer,U-12,TAR-KILL SOCCER CLUB TARKILL KNIGHTS 2013,UPPER TOWNSHIP SA CYCLONES 2013,TARKILL-STERLING HS,,
10/06/2024,12:30,16794531,,GotSport,Soccer,U-12,MAINLAND UNITED SA MUSTANGS RED 2013 B,HIGHLAND YOUTH SOCCER CLUB FURY 2013,MAINLAND - MEMORIAL PARK,,
10/06/2024,12:30,16794616,,GotSport,Soccer,U-14,BORDENTOWN FC RENEGADES 2011,MEDFORD SC RENEGADES 2011,BORDENTOWN - FRIENDSHIP FIELDS,,
10/06/2024,12:30,16794628,,GotSport,Soccer,U-14,CAPE EXPRESS SURGE 2011,DEPTFORD TORNADOES 2011,CAPE EX SOCCER COMPLEX At Ockie Wisting,,
10/06/2024,12:30,16794642,,GotSport,Soccer,U-14,MONROE TOWNSHIP YS UNITED BOYS BLUE 2011,TBAA TITANS 2011,MONROE TWP - CORKERY LANE,,
10/06/2024,12:30,16794698,,GotSport,Soccer,U-12,PENNSAUKEN YOUTH SOCCER CLUB REBELS 2013,MEDFORD SC BLUE DEVILS 2013,Pennsauken Community Recreation Facility,,
10/06/2024,12:30,16794717,,GotSport,Soccer,U-12,PITTSGROVE SOCCER CLUB PSC REVOLUTION '13,HADDON HEIGHTS SC YOUNG BOYS 2013,PITTSGROVE-GREEN BRANCH,,
10/06/2024,12:30,16794857,,GotSport,Soccer,U-13,TAR-KILL SOCCER CLUB TARKILL LIVERPOOL 2012,GATEWAY UNITED SOCCER CLUB STINGRAYS 2012,TARKILL-STERLING HS,,
10/06/2024,12:30,16794912,,GotSport,Soccer,U-11,MANTUA TOWNSHIP SA ELITE 2014,CHERRY HILL SC CHERRY HILL SC UNITED 2014,MANTUA TWP,,
10/06/2024,12:30,16794954,,GotSport,Soccer,U-9,CINNAMINSON SC VIPERS 2016,MOUNT LAUREL UNITED (MLU) GLADIATORS 2016,CINNAMINSON SC - MEMORIAL,,
10/06/2024,12:30,16795046,,GotSport,Soccer,U-12,CINNAMINSON SC THUNDERBIRDS 2013,MOUNT LAUREL UNITED (MLU) LIGHTNING 2014,CINNAMINSON SC - MEMORIAL,,
10/06/2024,12:30,16795057,,GotSport,Soccer,U-12,MARLTON SC CHIEFS ORANGE 2014,EGG HARBOR SC EAGLES WHITE 2013,MARLTON - MEMORIAL,,
10/06/2024,12:30,16795088,,GotSport,Soccer,U-10,HADDON HEIGHTS SC CHEETAHS 2015,UPPER TOWNSHIP SA SUPER SONICS 2015,HADD HGTS - DEVON,,
10/06/2024,12:30,16795161,,GotSport,Soccer,U-15,HARRISON SC STORM 2010,AUDUBON SOCCER YOUTH UNITED 2010,HARRISON - William Wilt Soccer Complex,,
10/06/2024,12:30,16795344,,GotSport,Soccer,U-10,MOORESTOWN SC DEVIL RAYS 2015,UPPER TOWNSHIP SA COMETS GREEN 2015,MOORESTOWN - MEMORIAL FIELDS,,
10/06/2024,12:30,16795358,,GotSport,Soccer,U-10,CINNAMINSON SC RAPTORS 2015,AUDUBON SOCCER YOUTH BOYS 2015 - HAMMERS,CINNAMINSON SC - MEMORIAL,,
10/06/2024,12:30,16795499,,GotSport,Soccer,U-14,MOORESTOWN SC BLACK KNIGHTS 2011,LOGAN BLAZE 2011,MOORESTOWN - MEMORIAL FIELDS,,
10/06/2024,12:30,16795520,,GotSport,Soccer,U-9,WASHINGTON TWP SOCCER CLUB THUNDER 2016,SWEDESBORO WOOLWICH SOCCER ASSOC. SWSA VENOM 2016,WASHINGTON TWP. - Levy Fields (Virtua),,
10/06/2024,12:30,16795706,,GotSport,Soccer,U-11,PITMAN SA BENGALS 2014,VOORHEES SA LIGHTNING 2014,PITMAN - ALCYON LAKE,,
10/06/2024,12:30,16795712,,GotSport,Soccer,U-11,SWEDESBORO WOOLWICH SOCCER ASSOC. SWSA LIGHTNING 2014,TBAA SYNDICATE 2014,SW-Locke Avenue Park,,
10/06/2024,12:30,16795784,,GotSport,Soccer,U-13,HADDONFIELD BLACK 2012,WEST DEPTFORD SC UNION 2012,HADDONFIELD - CROWS WOODS,,
10/06/2024,12:30,16795785,,GotSport,Soccer,U-13,MANTUA TOWNSHIP SA FURY 2012,COLLINGSWOOD OAKLYN SOCCER CLUB ROVERS 2013,MANTUA TWP,,
10/06/2024,12:30,16795858,,GotSport,Soccer,U-12,WEST DEPTFORD WIZARDS 2013,SJ FUTBOL CLUB SOUNDERS 2013,W DEPTFORD-WD PARK,,
10/06/2024,12:30,16795952,,GotSport,Soccer,U-11,DEPTFORD RENEGADES 2014,VOORHEES SA VIPERS 2015,DEPTFORD SC,,
10/06/2024,12:30,16796023,,GotSport,Soccer,U-11,HARRISON WAVE 2014,BURLINGTON TOWNSHIP SOCCER DYNAMITE 2014,HARRISON - William Wilt Soccer Complex,,
10/06/2024,12:30,16796077,,GotSport,Soccer,U-14,PALMYRA RIVERTON SC WARRIORS 2011,MOUNT LAUREL UNITED (MLU) WARRIORS 2011,PAL-RIV - LEGION FIELD,,
10/06/2024,12:30,16796143,,GotSport,Soccer,U-8,GATEWAY UNITED SOCCER CLUB GUSC B2017,CHERRY HILL SC CHERRY HILL SC COBRAS (2017) - BOYS,,,
10/06/2024,12:30,16796145,,GotSport,Soccer,U-8,MEDFORD SC 2017B WHITE,WASHINGTON TWP SOCCER CLUB REBELS 2017,MEDFORD - BENDE PARK,,
10/06/2024,12:30,16796151,,GotSport,Soccer,U-8,AUDUBON U8 BOYS 2017 TEAM 1,HADDONFIELD SC FIRE 2017,AUDUBON - GREEN WAVE PARK,,
10/06/2024,12:30,16796246,,GotSport,Soccer,U-13,VOORHEES SA FORCE 2012,VINELAND SA FURY 2012,VOORHEES-EASTERN HS,,
10/06/2024,12:30,16796269,,GotSport,Soccer,U-12,BURLINGTON TOWNSHIP SOCCER STRIKERS 2013,HAMMONTON HEAT BOYS 2013,BURLINGTON TWP - PINEWALD AVE,,
10/06/2024,12:30,16796327,,GotSport,Soccer,U-13,LOGAN FORCE 2012,RANCOCAS VALLEY SC BOYS 2012 - AVENGERS,LOGAN - TWP LINE,,
10/06/2024,12:30,16796341,,GotSport,Soccer,U-13,VINELAND SA JERSEY BOYZ 2012,UPPER TOWNSHIP SA FORCE GREEN 2012,VINELAND SA,,
10/06/2024,12:30,16796483,,GotSport,Soccer,U-8,EGG HARBOR SC EAGLES 2017,HARRISON HURRICANES 2017,EGG HARBOR - BARGAINTOWN,,
10/06/2024,12:30,16796523,,GotSport,Soccer,U-8,WEST DEPTFORD SC DRAGONS 2017,MOORESTOWN SC PYTHONS 2017,W DEPTFORD-WD PARK,,
10/06/2024,12:30,16796533,,GotSport,Soccer,U-11,FRANKLIN TOWNSHIP YOUTH SOCCER ASSOCIATION KNIGHTS 2014,NORTHERN BURLINGTON JACKALS 2015,FRANKLIN TWP YOUTH COMPLEX,,
10/06/2024,12:30,16796534,,GotSport,Soccer,U-11,HADDONFIELD SC BLACK 2014,EAST GREENWICH SA EGSA STARS 2014,HADDONFIELD - CROWS WOODS,,
10/06/2024,12:30,16796535,,GotSport,Soccer,U-11,MARLTON SC CHIEFS SILVER 2014,HADDON TWP WHITE HAWKS 2014,MARLTON - MEMORIAL,,
10/06/2024,12:30,16796576,,GotSport,Soccer,U-8,LOGAN BOOM BLACK 2017,WASHINGTON TWP SOCCER CLUB WOLVES 2017,LOGAN - TWP LINE,,
10/06/2024,12:30,16796778,,GotSport,Soccer,U-9,HARRISON HORNETS 2016,ATLANTIC UNITED PREMIER BLACK 2016 B,HARRISON - William Wilt Soccer Complex,,
10/06/2024,12:30,16796860,,GotSport,Soccer,U-13,PITTSGROVE SOCCER CLUB PSC SPURS '12,CHERRY HILL FC 2012 JUNIORS BLACK,PITTSGROVE-GREEN BRANCH,,
10/06/2024,12:30,16796972,,GotSport,Soccer,U-12,BERLIN SOCCER CLUB BULLDOGS 2013,MARLTON SC CHIEFS BLACK 2013,BERLIN SC - FRANKLIN FIELDS,,
10/06/2024,12:30,16797013,,GotSport,Soccer,U-8,BORDENTOWN FC REVOLUTION 2017,MOUNT LAUREL UNITED (MLU) BOYS TEAM 2 2017,BORDENTOWN - FRIENDSHIP FIELDS,,
10/06/2024,12:30,16796010,,GotSport,Soccer,U-11,NORTHERN BURLINGTON BLUE DEVILS 2014,LOGAN CHARGE BLACK 2014,NB Georgetown Park,,
10/06/2024,12:40,16796647,,GotSport,Soccer,U-14,CINNAMINSON SC STORM 2011,DELRAN FC BLAST 2011,CINNAMINSON SC - MEMORIAL,,
10/06/2024,12:40,16795987,,GotSport,Soccer,U-13,SWEDESBORO WOOLWICH SOCCER ASSOC. SWSA SHARKS 2012,AUDUBON SOCCER YOUTH BALLERS 2012,SW-Locke Avenue Park,,
10/06/2024,12:45,16796198,,GotSport,Soccer,U-15,MEDFORD SC MAD DOGS WHITE 2010,BORDENTOWN FC PANTHERS 2010,MEDFORD - BENDE PARK,,
10/06/2024,12:45,16794643,,GotSport,Soccer,U-14,WINSLOW WILDCATS 2011,GATEWAY UNITED SOCCER CLUB WILDCATS 2011,WINSLOW TWP - PETER VOLPA,,
10/06/2024,13:00,16795891,,GotSport,Soccer,U-10,DEPTFORD THUNDER 2015,ATLANTIC UNITED PREMIER FIRE 2015 B,DEPTFORD SC,,
10/06/2024,13:00,16796666,,GotSport,Soccer,U-9,MILLVILLE THUNDER 2016,VOORHEES SA TITANS 2016,MILLVILLE SOCCER COMPLEX,,
10/06/2024,13:15,16794565,,GotSport,Soccer,U-9,CHERRY HILL SC CHERRY HILL SC 72S (2016) - BOYS,COLLINGSWOOD OAKLYN SOCCER CLUB SPARTANS 2016,CHSC - UPPER CHAPEL TURF,,
10/06/2024,13:15,16794413,,GotSport,Soccer,U-11,DELRAN FC SOCCER DELRAN FC KNIGHTS 2014,MEDFORD STRIKERS 2014 BOYS,,,
10/06/2024,13:15,16794898,,GotSport,Soccer,U-9,PITTSGROVE SOCCER CLUB PSC PRIME WHITE '16,LOGAN SUPERNOVA 2016,PITTSGROVE-GREEN BRANCH,,
10/06/2024,13:15,16794781,,GotSport,Soccer,U-9,DELRAN FC SOCCER SHARKS 2016,MEDFORD SC COLUMBIA 2016,,,
10/06/2024,13:15,16796725,,GotSport,Soccer,U-8,HADDON TWP. RED HAWKS 2017,HADDONFIELD SC THUNDER 2017,,,
10/06/2024,13:15,16796436,,GotSport,Soccer,U-9,MOORESTOWN SC DRAGONS 2016,CINNAMINSON SC CHAOS 2016,MOORESTOWN - MEMORIAL FIELDS,,
10/06/2024,13:15,16797007,,GotSport,Soccer,U-11,MOORESTOWN SC GUARDIANS 2014,HAMMONTON HEAT BOYS 2014,MOORESTOWN - SALEM RD/PRYOR PARK,,
10/06/2024,13:15,16794556,,GotSport,Soccer,U-9,EAST GREENWICH SA EGSA LIONS 2016,SENECA UNITED SC 2016 EAGLES,E GREENWICH - THOMPSON FAMILY PARK,,
10/06/2024,13:15,16795406,,GotSport,Soccer,U-11,CAPE EXPRESS CE ENGINEERS 2014,MARLTON SC CHIEFS WHITE 2014,CAPE EX SOCCER COMPLEX At Ockie Wisting,,
10/06/2024,13:15,16795417,,GotSport,Soccer,U-12,WOODSTOWN WOLVERINES 2013,HADDONFIELD SC BLACK 2013,WOODSTOWN,,
10/06/2024,13:15,16794485,,GotSport,Soccer,U-10,HADDONFIELD SC RED 2015 B,WASHINGTON UNITED SOCCER CLUB WUSC 2015 BOYS,HADDONFIELD - CROWS WOODS,,
10/06/2024,13:15,16796700,,GotSport,Soccer,U-9,RANCOCAS VALLEY SC 2016 BOYS PREMIER,CHERRY HILL SC CHERRY HILL SC THUNDER (2016) - BOYS,Rancocas Valley-LUMBERTON MUNICIPAL,,
10/06/2024,13:30,16796779,,GotSport,Soccer,U-9,SENECA UNITED SC 2016 RAPTORS,CHERRY HILL FC 2016 JUNIOR BLACK,SENECA - STONEY CREEK FIELDS,,
10/06/2024,13:30,16796295,,GotSport,Soccer,U-15,CHERRY HILL SC CHERRY HILL SC FUSION (2011) - BOYS,EAST GREENWICH SA EGSA CHARGERS 2010,CHSC - CH WEST HS,,
10/06/2024,13:30,16796500,,GotSport,Soccer,U-8,MAPLE SHADE CHAOS 2017,NORTHERN BURLINGTON FORCE 2017,MAPLE SHADE - TURF FIELD,,
10/06/2024,13:30,16794439,,GotSport,Soccer,U-11,WASHINGTON TWP SOCCER CLUB TERROR 2014,MARLTON SC CHIEFS ORANGE 2015,WASHINGTON TWP-WASH LAKE PARK,,
10/06/2024,13:40,16795260,,GotSport,Soccer,U-15,SJ FUTBOL CLUB WOLVES 2010,VOORHEES SA WARRIORS 2010,SJFC - UPPER DEERFIELD RECREATION COMPLEX,,
10/06/2024,13:40,16795247,,GotSport,Soccer,U-15,EAST GREENWICH SA EGSA BLAZE 2010,WASHINGTON TWP SOCCER CLUB RENEGADES 2010,E GREENWICH - THOMPSON FAMILY PARK,,
10/06/2024,13:45,16795149,,GotSport,Soccer,U-15,FRANKLIN TOWNSHIP YOUTH SOCCER ASSOCIATION STORM 2010,PALMYRA RIVERTON SC UNION 2010,FRANKLIN TWP YOUTH COMPLEX,,
10/06/2024,13:45,16796832,,GotSport,Soccer,U-13,WOODSTOWN THUNDER 2012,MARLTON SC CHIEFS BLACK 2012,WOODSTOWN,,
10/06/2024,13:45,16796255,,GotSport,Soccer,U-13,BURLINGTON TOWNSHIP SOCCER DRAGONS 2012,ATLANTIC UNITED PREMIER KICKERS 2013 B EDP,BURLINGTON TWP - PINEWALD AVE,,
10/06/2024,13:45,16796117,,GotSport,Soccer,U-19,HIGHLAND YOUTH SOCCER CLUB HURRICANES 2008,WASHINGTON TWP SOCCER CLUB GLADIATORS 2008,HIGHLAND - GLOUCESTER TWP PARK,,
10/06/2024,13:45,16795010,,GotSport,Soccer,U-10,CHERRY HILL FC 2015 JUNIOR BLACK,HADDONFIELD SC BLACK 2015 B,CHFC - DeCOU,,
10/06/2024,13:45,16796868,,GotSport,Soccer,U-13,MOUNT LAUREL UNITED (MLU) IMPACT 2012,WASHINGTON TWP SOCCER CLUB PREDATORS 2012,MLU-TROTTERS,,
10/06/2024,14:00,16795803,,GotSport,Soccer,U-14,EGG HARBOR SC EAGLES BLACK 2011,CHERRY HILL FC CHFC 2011 AVENGERS,EGG HARBOR - BARGAINTOWN,,
10/06/2024,14:00,16794772,,GotSport,Soccer,U-9,GATEWAY UNITED SOCCER CLUB 2016 GUSC THUNDER,MOORESTOWN SC WARRIORS 2016,,,
10/06/2024,14:00,16796045,,GotSport,Soccer,U-10,MOUNT LAUREL UNITED (MLU) MLU WOLFPACK 2015,MEDFORD SC COLUMBIA 2015,MLU-TROTTERS,,
10/06/2024,14:00,16794760,,GotSport,Soccer,U-9,CINNAMINSON SC TITANS 2016,HIGHLAND YOUTH SOCCER CLUB MAYHEM 2016,CINNAMINSON SC - MEMORIAL,,
10/06/2024,14:00,16795840,,GotSport,Soccer,U-12,HADDONFIELD SC RED 2013,EGG HARBOR SC EAGLES 2013 BLACK,HADDONFIELD - CROWS WOODS,,
10/06/2024,14:00,16796373,,GotSport,Soccer,U-13,CAPE EXPRESS WHITE CAPS 2012,SENECA UNITED SC 2012 PRIDE,CAPE EX SOCCER COMPLEX At Ockie Wisting,,
10/06/2024,14:00,16795398,,GotSport,Soccer,U-11,CINNAMINSON SC CHARGERS 2014,UPPER TOWNSHIP SA HURRICANES WHITE 2014,CINNAMINSON SC - MEMORIAL,,
10/06/2024,14:00,16794751,,GotSport,Soccer,U-9,AUDUBON 2016 BOYS,PENNS GROVE SC DRAGONS 2016,AUDUBON - GREEN WAVE PARK,,
10/06/2024,14:00,16796353,,GotSport,Soccer,U-13,PITMAN SA JAGUARS 2012,DEPTFORD THUNDER 2012,PITMAN - ALCYON LAKE,,
10/06/2024,14:00,16796438,,GotSport,Soccer,U-10,MOORESTOWN SC HORNETS 2015,SWEDESBORO WOOLWICH SOCCER ASSOC. SWSA GUNNERS 2015,MOORESTOWN - MEMORIAL FIELDS,,
10/06/2024,14:00,16794810,,GotSport,Soccer,U-9,EGG HARBOR SC EAGLES 2016,WASHINGTON UNITED SOCCER CLUB WUSC 2016 BOYS,EGG HARBOR - BARGAINTOWN,,
10/06/2024,14:00,16796448,,GotSport,Soccer,U-10,LOGAN ARMADA BLACK 2015,MEDFORD SC GOLD 2015,LOGAN - TWP LINE,,
10/06/2024,14:00,16795181,,GotSport,Soccer,U-10,PENNSVILLE EAGLES BLUE 2015,MANTUA 2015-2016 BOYS,PENNSVILLE,,
10/06/2024,14:00,16794819,,GotSport,Soccer,U-8,HADDON HEIGHTS SC HAVOC 2017,AUDUBON U8 BOYS 2017 TEAM 2,HADD HGTS - DEVON,,
10/06/2024,14:00,16795827,,GotSport,Soccer,U-14,VOORHEES SA ATTACK 2011,CINNAMINSON SC VIPERS 2011,VOORHEES-EASTERN HS,,
10/06/2024,14:00,16795760,,GotSport,Soccer,U-9,BORDENTOWN FC REVOLUTION 2016,CAPE EXPRESS CE NOR'EASTERS 2016,BORDENTOWN - FRIENDSHIP FIELDS,,
10/06/2024,14:00,16795483,,GotSport,Soccer,U-14,BORDENTOWN FC JAGUARS 2011,VOORHEES SA BLUES 2011,BORDENTOWN - FRIENDSHIP FIELDS,,
10/06/2024,14:00,16796394,,GotSport,Soccer,U-14,HADDONFIELD SC WHITE 2011,RANCOCAS VALLEY SC BOYS 2011 UNITED,HADDONFIELD - CROWS WOODS,,
10/06/2024,14:00,16795522,,GotSport,Soccer,U-9,MEDFORD SC GOLD 2016,HIGHLAND YOUTH SOCCER CLUB HAVOK 2016,MEDFORD - BENDE PARK,,
10/06/2024,14:00,16796991,,GotSport,Soccer,U-11,PITTSGROVE SOCCER CLUB PSC MAVERICKS '14,MOUNT LAUREL UNITED (MLU) COBRAS 2014,PITTSGROVE-GREEN BRANCH,,
10/06/2024,14:00,16794340,,GotSport,Soccer,U-10,HARRISON BLUE ARSENAL 2015,AUDUBON BOYS 2015,HARRISON - William Wilt Soccer Complex,,
10/06/2024,14:00,16794723,,GotSport,Soccer,U-9,PALMYRA RIVERTON SC NEW U9B - 2016,NORTHERN BURLINGTON BOOM 2016,,,
10/06/2024,14:00,16795849,,GotSport,Soccer,U-12,CHERRY HILL SC THUNDER 2013,FRANKLIN TOWNSHIP YOUTH SOCCER ASSOCIATION ENFORCERS 2013,CHSC - UPPER CHAPEL TURF,,
10/06/2024,14:00,16795546,,GotSport,Soccer,U-9,WEST DEPTFORD SC TSUNAMI 2016,TBAA RENEGADES 2016,W DEPTFORD-WD PARK,,
10/06/2024,14:00,16795971,,GotSport,Soccer,U-13,NORTHERN BURLINGTON SA RANGERS 2012,EAST GREENWICH SA EGSA VENOM 2012,NB- MANSFIELD TOWNSHIP ELEMENTARY SCHOOL,,
10/06/2024,14:00,16796937,,GotSport,Soccer,U-11,WATERFORD ATHLETIC ASSN WINGS 2014,EAST GREENWICH SA EGSA EAGLES 2014,WATERFORD TWP-LOUDEN FIRE HALL/THERMOCOOL,,
10/06/2024,14:00,16796936,,GotSport,Soccer,U-11,TBAA REVOLUTION 2014,WOODSTOWN WOLVERINES 2014,TBAA-VALLEY BROOK,,
10/06/2024,14:00,16796933,,GotSport,Soccer,U-11,HARRISON STRIKERS 2014,LOGAN CHARGE BLUE 2014,HARRISON - William Wilt Soccer Complex,,
10/06/2024,14:00,16795422,,GotSport,Soccer,U-12,MARLTON SC CHIEFS SILVER 2013,HIGHLAND YOUTH SOCCER CLUB CHAOS 2013,MARLTON - MEMORIAL,,
10/06/2024,14:00,16795447,,GotSport,Soccer,U-11,WEST DEPTFORD SC EAGLES 2014,COLLINGSWOOD OAKLYN SOCCER CLUB OUTLAWS 2014,W DEPTFORD-WD PARK,,
10/06/2024,14:00,16794682,,GotSport,Soccer,U-8,TAR-KILL SOCCER CLUB TARKILL UNION 2017,SWEDESBORO WOOLWICH SOCCER ASSOC. SWSA PANTHERS 2017,TARKILL-STERLING HS,,
10/06/2024,14:00,16794978,,GotSport,Soccer,U-12,VINELAND TERMINATORS 2013,PENNS GROVE WILD 2013,VINELAND SA,,
10/06/2024,14:00,16794957,,GotSport,Soccer,U-9,MARLTON SC CHIEFS ORANGE 2016,MONROE UNITED 2016B,MARLTON - MEMORIAL,,
10/06/2024,14:00,16796566,,GotSport,Soccer,U-8,PITMAN SA PANTHERS 2017,HIGHLAND YOUTH SOCCER CLUB BOYS 2017,PITMAN - Dell,,
10/06/2024,14:00,16794882,,GotSport,Soccer,U-9,FRANKLIN TOWNSHIP YOUTH SOCCER ASSOCIATION UNITED 2016,PITMAN SA BOBCATS 2016,FRANKLIN TWP YOUTH COMPLEX,,
10/06/2024,14:00,16796568,,GotSport,Soccer,U-8,LOGAN BOOM BLUE 2017,HAMMONTON HEAT BOYS 2017,LOGAN - TWP LINE,,
10/06/2024,14:00,16795587,,GotSport,Soccer,U-12,VOORHEES SA RAPTORS 2013,EAST GREENWICH SA EGSA DYNAMO 2013,VOORHEES-Echelon Complex,,
10/06/2024,14:00,16796867,,GotSport,Soccer,U-13,SOUTH HARRISON TOWNSHIP SOCCER CLUB STRIKERS 2012,HADDONFIELD SC RED 2012,SOUTH HARRISON - STEWART,,
10/06/2024,14:00,16794447,,GotSport,Soccer,U-11,DEPTFORD UNITED 2014,HADDONFIELD SC RED 2014 B,DEPTFORD SC,,
10/06/2024,14:00,16796831,,GotSport,Soccer,U-13,BERLIN SOCCER CLUB BALL BREAKERS 2012,CHERRY HILL SC CHERRY HILL SC BULL DOGS 2012,BERLIN SC - FRANKLIN FIELDS,,
10/06/2024,14:00,16796830,,GotSport,Soccer,U-13,TAR-KILL SOCCER CLUB TARKILL BARCELONA 2012,COLLINGSWOOD OAKLYN SOCCER CLUB KNIGHTS 2012,TARKILL-STERLING HS,,
10/06/2024,14:00,16795953,,GotSport,Soccer,U-11,PENNSAUKEN YOUTH SOCCER CLUB AVENGERS 2014,CHERRY HILL FC 2015 JUNIOR RED,Pennsauken Community Recreation Facility,,
10/06/2024,14:00,16794479,,GotSport,Soccer,U-12,MAINLAND UNITED SA MUSTANGS WHITE 2013-14 B,HADDON HEIGHTS SC BEAST BOYS 2013,MAINLAND - MEMORIAL PARK,,
10/06/2024,14:00,16794629,,GotSport,Soccer,U-14,MANTUA TOWNSHIP SA UNION 2011,MAINLAND UNITED SA MUSTANGS RED 2011 B,MANTUA TWP,,
10/06/2024,14:00,16795476,,GotSport,Soccer,U-14,MONROE TOWNSHIP YS UNITED WHITE 2011,HADDON TWP RED HAWKS 2011,MONROE TWP - CORKERY LANE,,
10/06/2024,14:00,16795019,,GotSport,Soccer,U-10,CINNAMINSON SC RED DEVILS 2015,MARLTON SC CHIEFS WHITE 2015,CINNAMINSON SC - MEMORIAL,,
10/06/2024,14:00,16794943,,GotSport,Soccer,U-9,MANTUA TOWNSHIP SA MAMBAS 2016,HARRISON LEGENDS 2016,MANTUA TWP,,
10/06/2024,14:00,16794300,,GotSport,Soccer,U-10,SWEDESBORO WOOLWICH SOCCER ASSOC. SWSA STRIKERS 2015,MONROE TOWNSHIP YS UNITED BOYS 2015,SW-Locke Avenue Park,,
10/06/2024,14:00,16795314,,GotSport,Soccer,U-14,PITTSGROVE SOCCER CLUB PSC WOLVES '11,PENNSAUKEN YOUTH SOCCER CLUB WARRIORS 2011,PITTSGROVE-GREEN BRANCH,,
10/06/2024,14:00,16795623,,GotSport,Soccer,U-12,BARRINGTON SC REVOLUTION 2013,MOUNT LAUREL UNITED (MLU) GALAXY 2013,TBA,,
10/06/2024,14:00,16796630,,GotSport,Soccer,U-14,VINELAND SA STRIKERS 2011,WASHINGTON TWP SOCCER CLUB REGULATORS 2011,VINELAND SA,,
10/06/2024,14:00,16795996,,GotSport,Soccer,U-11,PALMYRA RIVERTON SC TORNADOES 2014,MOORESTOWN SC WOLVERINES 2014,,,
10/06/2024,14:00,16796181,,GotSport,Soccer,U-10,WASHINGTON TWP SOCCER CLUB RAPTORS 2015,WOODSTOWN WILD 2015,WASHINGTON TWP. - Levy Fields (Virtua),,
10/06/2024,14:00,16795274,,GotSport,Soccer,U-12,MILLVILLE REBELS 2013,WEST DEPTFORD SC WARRIORS 2013,MILLVILLE SOCCER COMPLEX,,
10/06/2024,14:00,16795678,,GotSport,Soccer,U-10,BURLINGTON TOWNSHIP SOCCER PHOENIX 2015,CINNAMINSON SC PIRATES SEA DOGS 2015,BURLINGTON TWP - PINEWALD AVE,,
10/06/2024,14:00,16795124,,GotSport,Soccer,U-10,HIGHLAND YOUTH SOCCER CLUB STORM 2015,NORTHERN BURLINGTON STORM 2015,HIGHLAND - GLOUCESTER TWP PARK,,
10/06/2024,14:00,16795665,,GotSport,Soccer,U-13,HADDON TWP WHITE HAWKS 2012,HIGHLAND YOUTH SOCCER CLUB MUSTANGS 2012,HADDON TWP - RECCHINO FIELDS,,
10/06/2024,14:00,16796396,,GotSport,Soccer,U-14,MOORESTOWN SC LIGHTNING 2011,DELRAN FC FLASH 2011,MOORESTOWN - MEMORIAL FIELDS,,
10/06/2024,14:10,16795788,,GotSport,Soccer,U-13,HARRISON WILDCATS 2012,PENNSAUKEN YOUTH SOCCER CLUB OUTLAWS 2012,HARRISON - William Wilt Soccer Complex,,
10/06/2024,14:10,16796345,,GotSport,Soccer,U-13,CINNAMINSON SC CHARGE 2012,MAINLAND UNITED SA MUSTANGS RED 2012 B,CINNAMINSON SC - MEMORIAL,,
10/06/2024,14:10,16795821,,GotSport,Soccer,U-14,SWEDESBORO WOOLWICH SOCCER ASSOC. SWSA BLACK MAMBAS 2011,UPPER TOWNSHIP SA TSUNAMIS 2011,SW-Locke Avenue Park,,
10/06/2024,14:15,16796956,,GotSport,Soccer,U-12,WOODBURY SOCCER CLUB WOODBURY BISON 2013,WINSLOW SHARKS 2013,WOODBURY,,
10/06/2024,14:15,16796059,,GotSport,Soccer,U-10,DEPTFORD LIGHTNING 2015,PENNSAUKEN YOUTH SOCCER CLUB LIONS 2015,DEPTFORD SC,,
10/06/2024,14:15,16795662,,GotSport,Soccer,U-13,WINSLOW GREEN DRAGONS 2012,PENNSVILLE EAGLES 2012,WINSLOW TWP - PETER VOLPA,,
10/06/2024,14:30,16795761,,GotSport,Soccer,U-9,HADDONFIELD SC RED 2016,MOUNT LAUREL UNITED (MLU) REVOLUTION 2016,HADDONFIELD - CROWS WOODS,,
10/06/2024,14:30,16794672,,GotSport,Soccer,U-8,CAPE EXPRESS CE 2017 BARCA,SJ FUTBOL CLUB HAMMERS 2017,CAPE EX SOCCER COMPLEX At Ockie Wisting,,
10/06/2024,14:30,16794805,,GotSport,Soccer,U-9,DELRAN FC UNION 2016,EAST GREENWICH SA EGSA CHAOS 2016,,,
10/06/2024,14:30,16795758,,GotSport,Soccer,U-9,HADDON TWP RED HAWKS 2016,MAINLAND UNITED SA MUSTANGS RED 2016 B,,,
10/06/2024,14:30,16796886,,GotSport,Soccer,U-11,WOODSTOWN WOLFPACK 2014,COLLINGSWOOD OAKLYN SOCCER CLUB VENOM COSC 2014,WOODSTOWN,,
10/06/2024,14:30,16795583,,GotSport,Soccer,U-12,MOORESTOWN SC RAPTORS 2013,AUDUBON SOCCER YOUTH WILD WINGS 2013,MOORESTOWN - SALEM RD/PRYOR PARK,,
10/06/2024,14:30,16796613,,GotSport,Soccer,U-10,MILLVILLE PREDATORS 2015,HARRISON BLUE REBELS 2015,MILLVILLE SOCCER COMPLEX,,
10/06/2024,14:30,16796754,,GotSport,Soccer,U-9,EAST GREENWICH SA EGSA ROYALS 2016,HADDONFIELD SC WHITE 2016,E GREENWICH - THOMPSON FAMILY PARK,,
10/06/2024,14:30,16796726,,GotSport,Soccer,U-8,RANCOCAS VALLEY SC 2017 BOYS PREMIER,CHERRY HILL FC 2017 JUNIORS BLACK,Rancocas Valley-LUMBERTON MUNICIPAL,,
10/06/2024,14:30,16796358,,GotSport,Soccer,U-13,MEDFORD SC DESTROYERS 2012,MILLVILLE LYNX 2012,MEDFORD - BENDE PARK,,
10/06/2024,14:30,16794687,,GotSport,Soccer,U-8,PITTSGROVE SOCCER CLUB PSC BLACK ‘17,TBAA REVOLUTION 2017,PITTSGROVE-GREEN BRANCH,,
10/06/2024,14:30,16794886,,GotSport,Soccer,U-9,MOORESTOWN SC RENEGADES 2016,VOORHEES SA DESTROYERS 2016,MOORESTOWN - MEMORIAL FIELDS,,
10/06/2024,14:30,16796977,,GotSport,Soccer,U-12,DELRAN FC SOCCER GREY 2013B,PALMYRA RIVERTON SC YOUNGBLOODS 2013,,,
10/06/2024,14:30,16795694,,GotSport,Soccer,U-10,CHERRY HILL SC CHERRY HILL SC COMETS (2015) - BOYS,VOORHEES SA PYTHONS 2015,CHSC - UPPER CHAPEL TURF,,
10/06/2024,14:45,16796050,,GotSport,Soccer,U-10,SENECA UNITED SC 2015 RAPTORS,EAST GREENWICH SA EGSA TIGERS 2015,SENECA - STONEY CREEK FIELDS,,
10/06/2024,14:45,16795521,,GotSport,Soccer,U-9,MAPLE SHADE SHARKS 2016,HADDONFIELD SC BLACK 2016 B,MAPLE SHADE - TURF FIELD,,
10/06/2024,15:00,16795123,,GotSport,Soccer,U-10,CHERRY HILL FC 2015 CHFC JUNIOR WHITE,DEPTFORD SA CYCLONES 2015,CHFC - DeCOU,,
10/06/2024,15:00,16796890,,GotSport,Soccer,U-11,WASHINGTON TWP SOCCER CLUB WARRIORS 2014,MEDFORD SC GOLD 2014,WASHINGTON TWP-WASH LAKE PARK,,
10/06/2024,15:15,16795317,,GotSport,Soccer,U-14,CHERRY HILL SC CHAOS 2011,HADDONFIELD SC RED 2011,CHSC - CH WEST HS,,
10/06/2024,15:20,16796205,,GotSport,Soccer,U-15,DEPTFORD DEMONS 2010,NORTHERN BURLINGTON SA BLAST 2010,DEPTFORD SC,,
10/06/2024,15:30,16795383,,GotSport,Soccer,U-11,PITTSGROVE SOCCER CLUB PSC PHANTOMS '14,MEDFORD SC AVENGERS 2014,PITTSGROVE-GREEN BRANCH,,
10/06/2024,15:30,16794316,,GotSport,Soccer,U-10,VINELAND LIVERPOOL 2015,HARRISON STRIKERS 2015,VINELAND SA,,
10/06/2024,15:30,16795446,,GotSport,Soccer,U-11,MARLTON SC CHIEFS BLACK 2014,GATEWAY UNITED SOCCER CLUB GREYHOUNDS 2014,MARLTON - MEMORIAL,,
10/06/2024,15:30,16794835,,GotSport,Soccer,U-8,MOORESTOWN SC HAWKS 2017,SWEDESBORO WOOLWICH SOCCER ASSOC. SWSA FIREBALLS 2017,MOORESTOWN - MEMORIAL FIELDS,,
10/06/2024,15:30,16796092,,GotSport,Soccer,U-14,BURLINGTON TOWNSHIP SOCCER REBELS 2011,PEMBERTON SC PUNISHERS 2011,BURLINGTON TWP - PINEWALD AVE,,
10/06/2024,15:30,16795346,,GotSport,Soccer,U-10,MEDFORD SC WHITE 2015,MAINLAND UNITED SA MUSTANGS RED 2015 B,MEDFORD - BENDE PARK,,
10/06/2024,15:30,16796270,,GotSport,Soccer,U-12,CHERRY HILL SC CHERRY HILL SC FORCE 2013,SENECA UNITED SC 2013 TIGERS,CHSC - UPPER CHAPEL TURF,,
10/06/2024,15:30,16796113,,GotSport,Soccer,U-19,GATEWAY UNITED SOCCER CLUB GUSC WARRIORS B2006,MILLVILLE PHANTOMS 2008,GATEWAY UTD. - WESTVILLE,,
10/06/2024,15:30,16795188,,GotSport,Soccer,U-10,SWEDESBORO WOOLWICH SOCCER ASSOC. SWSA HONEY BADGERS 2015,MAINLAND UNITED SA MUSTANGS WHITE 2015-16 B,SW-Locke Avenue Park,,
10/06/2024,15:30,16796715,,GotSport,Soccer,U-8,CINNAMINSON SC BLACK 2017,DELRAN FC BLACK 2017B,CINNAMINSON SC - MEMORIAL,,
10/06/2024,15:30,16795027,,GotSport,Soccer,U-8,MARLTON SC CHIEFS ORANGE 2017,MONROE UNITED 2017,MARLTON - MEMORIAL,,
10/06/2024,15:30,16795437,,GotSport,Soccer,U-12,CINNAMINSON SC STRIKERS 2013,LOGAN FLASH 2013,CINNAMINSON SC - MEMORIAL,,
10/06/2024,15:30,16794558,,GotSport,Soccer,U-9,TAR-KILL SOCCER CLUB TARKILL 2016 BOYS,HADDON TWP WHITE HAWKS 2016,TARKILL-STERLING HS,,
10/06/2024,15:30,16795713,,GotSport,Soccer,U-11,HIGHLAND YOUTH SOCCER CLUB THUNDER 2014,MEDFORD SC CAROLINA 2014,HIGHLAND - GLOUCESTER TWP PARK,,
10/06/2024,15:30,16794633,,GotSport,Soccer,U-14,NORTHERN BURLINGTON SA HOOLIGANS 2011,MEDFORD SC COLUMBIA 2011,NB- MANSFIELD TOWNSHIP ELEMENTARY SCHOOL,,
10/06/2024,15:30,16795273,,GotSport,Soccer,U-12,EAST GREENWICH SA EGSA MAYHEM 2013,MOUNT LAUREL UNITED (MLU) TIGERS 2013,E GREENWICH - THOMPSON FAMILY PARK,,
10/06/2024,15:30,16795335,,GotSport,Soccer,U-10,WINSLOW TITANS 2015,SJ FUTBOL CLUB RAMS 2015,WINSLOW TWP - PETER VOLPA,,
10/06/2024,15:30,16795122,,GotSport,Soccer,U-10,PENNSVILLE EAGLES GOLD 2015,MOUNT LAUREL UNITED (MLU) SHARKS 2015,PENNSVILLE,,
10/06/2024,15:30,16795624,,GotSport,Soccer,U-12,PALMYRA RIVERTON SC HURRICANES 2013,PENNSVILLE EAGLES 2013,,,
10/06/2024,15:30,16796800,,GotSport,Soccer,U-15,BERLIN SOCCER CLUB BRAWLERS 2010,EDGEWATER PARK ATHLETIC ASSOCIATION EP WIZARDS 2010,BERLIN SC - FRANKLIN FIELDS,,
10/06/2024,15:30,16796691,,GotSport,Soccer,U-9,TBAA KNIGHTS 2016,MEDFORD SC WHITE 2016,TBAA-VALLEY BROOK,,
10/06/2024,15:30,16795036,,GotSport,Soccer,U-8,WASHINGTON UNITED SOCCER CLUB WUSC 2017 BOYS,MOUNT LAUREL UNITED (MLU) MLU PRESTIGE 2017,WASHINGTON TWP. - Levy Fields (Virtua),,
10/06/2024,15:30,16796780,,GotSport,Soccer,U-9,WEST DEPTFORD SC WILDCATS 2016,MARLTON SC CHIEFS WHITE 2016,W DEPTFORD-WD PARK,,
10/06/2024,15:30,16794575,,GotSport,Soccer,U-8,MANTUA CHAOS 2017,HARRISON UNITED 2017,MANTUA TWP,,
10/06/2024,15:30,16795951,,GotSport,Soccer,U-11,RANCOCAS VALLEY SC RVSC '14 - CELTIC,FRANKLIN TOWNSHIP YOUTH SOCCER ASSOCIATION STORM 2014,Rancocas Valley-LUMBERTON MUNICIPAL,,
10/06/2024,15:30,16795191,,GotSport,Soccer,U-10,LOGAN ARMADA BLUE 2015,EAST GREENWICH SA EGSA FLYERS 2015,LOGAN - TWP LINE,,
10/06/2024,15:30,16796662,,GotSport,Soccer,U-9,CLAYTON SA CLIPPERS 2016,WINSLOW VENOM 2016,CLAYTON - BENTZ,,
10/06/2024,15:30,16795800,,GotSport,Soccer,U-13,FRANKLIN TOWNSHIP YOUTH SOCCER ASSOCIATION CRUSADERS 2012,CINNAMINSON SC SKULLS 2012,FRANKLIN TWP YOUTH COMPLEX,,
10/06/2024,15:30,16794333,,GotSport,Soccer,U-10,COHANSEY SC DYNAMO 2015,WEST DEPTFORD SC COBRAS 2016,Cohansey - Cumberland County Tech School,,
10/06/2024,15:30,16794726,,GotSport,Soccer,U-9,GATEWAY UNITED SOCCER CLUB 2016 GUSC BLUES,HADDON HEIGHTS SC RUCKUS 2016,,,
10/06/2024,15:30,16795089,,GotSport,Soccer,U-10,HIGHLAND YOUTH SOCCER CLUB LIGHTNING 2015,EGG HARBOR SC EAGLES 2015,HIGHLAND - GLOUCESTER TWP PARK,,
10/06/2024,15:30,16796650,,GotSport,Soccer,U-9,WATERFORD ATHLETIC ASSN WINGS 2016,WEST DEPTFORD SC WARRIORS 2016,WATERFORD TWP-LOUDEN FIRE HALL/THERMOCOOL,,
10/06/2024,15:30,16796987,,GotSport,Soccer,U-11,AUDUBON ATTACK - BOYS 2014,CHERRY HILL SC CHERRY HILL SC FORCE 2014,AUDUBON - GREEN WAVE PARK,,
10/06/2024,15:30,16794518,,GotSport,Soccer,U-12,PITMAN SA TIGERS 2013,SENECA UNITED SC 2014 THUNDER,PITMAN - ALCYON LAKE,,
10/06/2024,15:30,16795634,,GotSport,Soccer,U-12,VOORHEES COSMOS 2013,PITMAN SA TOMCATS 2013,VOORHEES-Echelon Complex,,
10/06/2024,15:30,16796488,,GotSport,Soccer,U-8,SOUTH HARRISON FORCE,UPPER TOWNSHIP SA FLASH 2017,SOUTH HARRISON - STEWART,,
10/06/2024,15:30,16796499,,GotSport,Soccer,U-8,BURLINGTON TOWNSHIP SOCCER FIRE 2017,PITMAN SA LIONS 2017,BURLINGTON TWP - PINEWALD AVE,,
10/06/2024,15:30,16795544,,GotSport,Soccer,U-9,EGG HARBOR SC EAGLES 2016 BLACK,UPPER TOWNSHIP SA THUNDER 2016,EGG HARBOR - BARGAINTOWN,,
10/06/2024,15:30,16794928,,GotSport,Soccer,U-11,TAR-KILL SOCCER CLUB TARKILL CHELSEA 2014,ATLANTIC UNITED PREMIER KICKERS 2014 B,TARKILL-STERLING HS,,
10/06/2024,15:30,16794592,,GotSport,Soccer,U-8,CINNAMINSON RED 2017,EAST GREENWICH SA EGSA UNITED 2017,CINNAMINSON SC - MEMORIAL,,
10/06/2024,15:30,16796755,,GotSport,Soccer,U-9,FRANKLIN TOWNSHIP YOUTH SOCCER ASSOCIATION JERSEY DEVILS 2016,UPPER TOWNSHIP SA BREAKERS 2016,FRANKLIN TWP YOUTH COMPLEX,,
10/06/2024,15:30,16796935,,GotSport,Soccer,U-11,WEST DEPTFORD SC AVALANCHE 2014,PENNSVILLE EAGLES 2014,W DEPTFORD-WD PARK,,
10/06/2024,15:30,16796753,,GotSport,Soccer,U-9,HARRISON HURRICANES 2016,ATLANTIC UNITED PREMIER RED 2016 B,HARRISON - William Wilt Soccer Complex,,
10/06/2024,15:30,16795972,,GotSport,Soccer,U-13,HADDON TWP RED HAWKS 2012,VOORHEES SA PREDATORS 2013,HADDON TWP - RECCHINO FIELDS,,
10/06/2024,15:30,16794867,,GotSport,Soccer,U-13,PITTSGROVE SOCCER CLUB PSC WARRIORS '12,HARRISON SC STRIKERS 2012,PITTSGROVE-GREEN BRANCH,,
10/06/2024,15:30,16796431,,GotSport,Soccer,U-9,BARRINGTON SC BLACK 2016,HADDONFIELD SC GREY 2016,TBA,,
10/06/2024,15:30,16796078,,GotSport,Soccer,U-14,WOODSTOWN FURY 2011,HAMMONTON HEAT BOYS 2011,WOODSTOWN,,
10/06/2024,15:30,16796179,,GotSport,Soccer,U-10,PALMYRA RIVERTON SC NATIONALS 2015,MONROE TOWNSHIP YS UNITED BLUE 2015,,,
10/06/2024,15:40,16795917,,GotSport,Soccer,U-16,CINNAMINSON SC PIRATES 2009,MARLTON SC CHIEFS ORANGE 2009,CINNAMINSON SC - MEMORIAL,,
10/06/2024,15:40,16796641,,GotSport,Soccer,U-14,HARRISON SC ARSENAL 2011,WEST DEPTFORD SC WOLFPACK 2011,HARRISON - William Wilt Soccer Complex,,
10/06/2024,15:40,16795670,,GotSport,Soccer,U-13,SWEDESBORO WOOLWICH SOCCER ASSOC. SWSA CYCLONES 2012/2013,LOGAN FUSION 2012,SW-Locke Avenue Park,,
10/06/2024,15:45,16794699,,GotSport,Soccer,U-12,MOORESTOWN SC GOLDEN EAGLES 2013,MONROE TOWNSHIP YS UNITED BOYS BLUE 2013,MOORESTOWN - SALEM RD/PRYOR PARK,,
10/06/2024,15:45,16795080,,GotSport,Soccer,U-10,CAPE EXPRESS CE SILVER STREAK 2015,WEST DEPTFORD SC ANIMALS 2015,CAPE EX SOCCER COMPLEX At Ockie Wisting,,
10/06/2024,15:45,16796437,,GotSport,Soccer,U-9,RANCOCAS VALLEY SC 2016 BOYS UNITED,COLLINGSWOOD OAKLYN SOCCER CLUB WARRIORS 2016,Rancocas Valley-LUMBERTON MUNICIPAL,,
10/06/2024,15:45,16796449,,GotSport,Soccer,U-10,WOODBURY BOLTS,PITMAN SA WILDCATS 2015,WOODBURY,,
10/06/2024,15:45,16794858,,GotSport,Soccer,U-13,WINSLOW DYNAMO 2012,MARLTON SC CHIEFS WHITE 2012,WINSLOW TWP - PETER VOLPA,,
10/06/2024,15:45,16794320,,GotSport,Soccer,U-10,MOORESTOWN SC VIPERS 2015,HADDON TWP SOCCER CLUB 2015 HADDON TWP WHITE HAWKS,MOORESTOWN - MEMORIAL FIELDS,,
10/06/2024,15:45,16794290,,GotSport,Soccer,U-12,CAPE EXPRESS CE 2014 UNION,MONROE UNITED 2013,CAPE EX SOCCER COMPLEX At Ockie Wisting,,
10/06/2024,15:45,16796616,,GotSport,Soccer,U-10,PITTSGROVE SOCCER CLUB PSC GALAXY '15,MANTUA TOWNSHIP SA FROGS 2015,PITTSGROVE-GREEN BRANCH,,
10/06/2024,15:45,16796037,,GotSport,Soccer,U-11,BORDENTOWN FC UNION 2014,VOORHEES SA VIKINGS 2014,BORDENTOWN - FRIENDSHIP FIELDS,,
10/06/2024,15:45,16794600,,GotSport,Soccer,U-8,CHERRY HILL SC CHERRY HILL SC DYNAMO (2017) - BOYS,VOORHEES SA BLUE DEVILS 2017,CHSC - UPPER CHAPEL TURF,,
10/06/2024,15:45,16796885,,GotSport,Soccer,U-11,EGG HARBOR SC EAGLES 2014 WHITE,CINNAMINSON SC AVENGERS 2014,EGG HARBOR - BARGAINTOWN,,
10/06/2024,15:45,16794821,,GotSport,Soccer,U-8,DELRAN FC SOCCER GREY 2017B,CINNAMINSON SC UNION 2017,,,
10/06/2024,15:45,16797014,,GotSport,Soccer,U-8,HADDONFIELD SC REBELS 2017,TBAA ROUGHRIDERS 2017,HADDONFIELD - CROWS WOODS,,
10/06/2024,15:45,16795995,,GotSport,Soccer,U-11,DELRAN FC HAWKS 2014,CHERRY HILL SC CHERRY HILL SC WHITE (2014) - BOYS,,,
10/06/2024,15:45,16795545,,GotSport,Soccer,U-9,MONROE UNITED BLUE 2016,LOGAN APOLLO 2016,MONROE TWP - CORKERY LANE,,
10/06/2024,15:45,16796197,,GotSport,Soccer,U-10,HADDON TWP RED HAWKS 2015,TAR-KILL SOCCER CLUB TARKILL 2015 BLUE,,,
10/06/2024,15:45,16795450,,GotSport,Soccer,U-11,MANTUA TOWNSHIP SA OUTLAWS 2014,HADDON HEIGHTS SC MIGHTY TITANS 2014,MANTUA TWP,,
10/06/2024,15:45,16795886,,GotSport,Soccer,U-10,MILLVILLE WARRIORS 2015,UPPER TOWNSHIP SA COMETS WHITE 2015,MILLVILLE SOCCER COMPLEX,,
10/06/2024,15:45,16794909,,GotSport,Soccer,U-11,HADDON TWP RED HAWKS 2014,CHERRY HILL SC CHERRY HILL SC UNION 2015,,,
10/06/2024,15:45,16795189,,GotSport,Soccer,U-10,WOODSTOWN WILDCATS 2015,HAMILTON ELITE FC PREMIER 2015B,WOODSTOWN,,
10/06/2024,15:45,16794985,,GotSport,Soccer,U-12,DEPTFORD TORNADOS 2013,GATEWAY UNITED SOCCER CLUB SHARKS 2013,DEPTFORD SC,,
10/06/2024,16:00,16794344,,GotSport,Soccer,U-14,SENECA UNITED SC 2011 WARRIORS,MEDFORD STRIKERS 2011 BOYS,SENECA - STONEY CREEK FIELDS,,
10/06/2024,16:15,16796271,,GotSport,Soccer,U-12,CHERRY HILL FC 2013 JUNIOR BLACK - RED HAWKS,RANCOCAS VALLEY SC RONALDO 2013,CHFC - DeCOU,,
10/18/2024,18:30,16794504,,GotSport,Soccer,U-10,CHERRY HILL SC CHERRY HILL SC WARRIORS 2015,MEDFORD STRIKERS 2015 BOYS,CHSC - UPPER CHAPEL TURF,,
10/20/2024,08:00,16796310,,GotSport,Soccer,U-15,WOODBURY ARMORY 2010,CINNAMINSON SC PIRATES 2010,WOODBURY,,
10/20/2024,11:00,16795433,,GotSport,Soccer,U-12,HADDONFIELD SC BLACK 2013,CINNAMINSON SC STRIKERS 2013,HADDONFIELD - CROWS WOODS,,
10/20/2024,11:00,16796304,,GotSport,Soccer,U-15,TBAA DYNAMO 2010,EAST GREENWICH SA EGSA CHARGERS 2010,TBAA-VALLEY BROOK,,
10/20/2024,11:00,16796110,,GotSport,Soccer,U-19,WASHINGTON TWP SOCCER CLUB GLADIATORS 2008,MEDFORD SC ,WASHINGTON TWP-WASH LAKE PARK,,
10/20/2024,11:00,16794636,,GotSport,Soccer,U-14,GATEWAY UNITED SOCCER CLUB WILDCATS 2011,MONROE TOWNSHIP YS UNITED BOYS BLUE 2011,GATEWAY UTD. - WESTVILLE,,
10/20/2024,11:00,16796249,,GotSport,Soccer,U-13,VOORHEES SA FORCE 2012,BURLINGTON TOWNSHIP SOCCER DRAGONS 2012,VOORHEES-EASTERN HS,,
10/20/2024,12:00,16795921,,GotSport,Soccer,U-16,MEDFORD STRIKERS 2009 BOYS,WINSLOW VIPERS 2009,MEDFORD STRIKERS - ARK ROAD COMPLEX,,
10/20/2024,12:00,16796811,,GotSport,Soccer,U-15,BERLIN SOCCER CLUB BRAWLERS 2010,MARLTON SC CHIEFS WHITE 2010,BERLIN SC - FRANKLIN FIELDS,,
10/20/2024,12:00,16795276,,GotSport,Soccer,U-12,MILLVILLE REBELS 2013,WASHINGTON TWP SOCCER CLUB RAPTORS 2013,MILLVILLE SOCCER COMPLEX,,
10/20/2024,12:00,16794571,,GotSport,Soccer,U-9,HADDON TWP WHITE HAWKS 2016,SENECA UNITED SC 2016 EAGLES,,,
10/20/2024,12:00,16795190,,GotSport,Soccer,U-10,EAST GREENWICH SA EGSA FLYERS 2015,PENNSVILLE EAGLES BLUE 2015,E GREENWICH - THOMPSON FAMILY PARK,,
10/20/2024,12:00,16796383,,GotSport,Soccer,U-14,RANCOCAS VALLEY SC BOYS 2011 UNITED,DELRAN FC FLASH 2011,Rancocas Valley-LUMBERTON MUNICIPAL,,
10/20/2024,12:00,16794911,,GotSport,Soccer,U-11,MANTUA TOWNSHIP SA ELITE 2014,CHERRY HILL SC CHERRY HILL SC UNION 2015,MANTUA TWP,,
10/20/2024,12:00,16794625,,GotSport,Soccer,U-14,MEDFORD SC RENEGADES 2011,DEPTFORD TORNADOES 2011,MEDFORD - BENDE PARK,,
10/20/2024,12:00,16796303,,GotSport,Soccer,U-15,CHERRY HILL SC CHERRY HILL SC FUSION (2011) - BOYS,VINELAND REBELS 2010,CHSC - CH WEST HS,,
10/20/2024,12:00,16795251,,GotSport,Soccer,U-15,SJ FUTBOL CLUB WOLVES 2010,MOUNT LAUREL UNITED (MLU) FORCE 2010,SJFC - UPPER DEERFIELD RECREATION COMPLEX,,
10/20/2024,12:00,16795218,,GotSport,Soccer,U-16,EAST GREENWICH SA EGSA THUNDER 2009,HAMMONTON HEAT BOYS 2009,E GREENWICH - THOMPSON FAMILY PARK,,
10/20/2024,12:00,16795153,,GotSport,Soccer,U-15,PALMYRA RIVERTON SC UNION 2010,HARRISON SC STORM 2010,PAL-RIV - LEGION FIELD,,
10/20/2024,12:00,16795955,,GotSport,Soccer,U-11,FRANKLIN TOWNSHIP YOUTH SOCCER ASSOCIATION STORM 2014,VOORHEES SA VIPERS 2015,FRANKLIN TWP YOUTH COMPLEX,,
10/20/2024,12:00,16794366,,GotSport,Soccer,U-14,EGG HARBOR SC EAGLES 2011/2012 BLACK,SWEDESBORO WOOLWICH SOCCER ASSOC. SWSA RED FLAMES 2011,EGG HARBOR - BARGAINTOWN,,
10/20/2024,12:00,16796399,,GotSport,Soccer,U-14,WOODBURY SOCCER CLUB WOODBURY ARMORY 2011,HADDONFIELD SC WHITE 2011,WOODBURY,,
10/20/2024,12:00,16796125,,GotSport,Soccer,U-19,HIGHLAND YOUTH SOCCER CLUB GALAXY 2008,HIGHLAND YOUTH SOCCER CLUB FUSION 2008,HIGHLAND - GLOUCESTER TWP PARK,,
10/20/2024,12:00,16797017,,GotSport,Soccer,U-8,HADDONFIELD SC REBELS 2017,VOORHEES SA VENOM 2017,HADDONFIELD - CROWS WOODS,,
10/20/2024,12:00,16794644,,GotSport,Soccer,U-14,WINSLOW WILDCATS 2011,NORTHERN BURLINGTON SA HOOLIGANS 2011,WINSLOW TWP - PETER VOLPA,,
10/20/2024,12:00,16796802,,GotSport,Soccer,U-15,MILLVILLE VENOM 2010,MONROE TOWNSHIP YS UNITED 2010,MILLVILLE SOCCER COMPLEX,,
10/20/2024,12:00,16794704,,GotSport,Soccer,U-12,PITTSGROVE SOCCER CLUB PSC REVOLUTION '13,MONROE TOWNSHIP YS UNITED BOYS BLUE 2013,PITTSGROVE-GREEN BRANCH,,
10/20/2024,12:00,16795152,,GotSport,Soccer,U-15,AUDUBON SOCCER YOUTH UNITED 2010,DEPTFORD BRUTE FORCE 2010,AUDUBON - GREEN WAVE PARK,,
10/20/2024,12:00,16795698,,GotSport,Soccer,U-10,CHERRY HILL SC CHERRY HILL SC COMETS (2015) - BOYS,BURLINGTON TOWNSHIP SOCCER PHOENIX 2015,CHSC - UPPER CHAPEL TURF,,
10/20/2024,12:00,16795902,,GotSport,Soccer,U-16,DEPTFORD REBELS 2009,SWEDESBORO WOOLWICH SOCCER ASSOC. SWSA FORCE 2009,DEPTFORD SC,,
10/20/2024,12:15,16795626,,GotSport,Soccer,U-12,HADDONFIELD SC WHITE 2013,PALMYRA RIVERTON SC HURRICANES 2013,HADDONFIELD - CROWS WOODS,,
10/20/2024,12:30,16795477,,GotSport,Soccer,U-14,MOORESTOWN SC BLACK KNIGHTS 2011,HADDON TWP RED HAWKS 2011,MOORESTOWN - MEMORIAL FIELDS,,
10/20/2024,12:30,16795277,,GotSport,Soccer,U-12,WOODSTOWN PREDATORS 2013,EAST GREENWICH SA EGSA MAYHEM 2013,WOODSTOWN,,
10/20/2024,12:30,16796704,,GotSport,Soccer,U-9,MOORESTOWN SC UNITED 2016,CHERRY HILL SC CHERRY HILL SC THUNDER (2016) - BOYS,MOORESTOWN - MEMORIAL FIELDS,,
10/20/2024,12:30,16795301,,GotSport,Soccer,U-14,MOUNT LAUREL UNITED (MLU) FLASH 2011,PENNSAUKEN YOUTH SOCCER CLUB WARRIORS 2011,MLU-TROTTERS,,
10/20/2024,12:30,16795876,,GotSport,Soccer,U-10,ATLANTIC UNITED PREMIER FIRE 2015 B,EGG HARBOR SC EAGLES 2015 BLACK,ATLANTIC - TARTAGLIO,,
10/20/2024,12:30,16796153,,GotSport,Soccer,U-8,GATEWAY UNITED SOCCER CLUB GUSC B2017,HADDONFIELD SC FIRE 2017,,,
10/20/2024,12:30,16794515,,GotSport,Soccer,U-12,MAINLAND UNITED SA MUSTANGS RED 2013 B,TAR-KILL SOCCER CLUB TARKILL KNIGHTS 2013,MAINLAND - MEMORIAL PARK,,
10/20/2024,12:30,16796633,,GotSport,Soccer,U-14,VINELAND SA STRIKERS 2011,HARRISON SC ARSENAL 2011,VINELAND SA,,
10/20/2024,12:30,16795627,,GotSport,Soccer,U-12,PITMAN SA TOMCATS 2013,MOORESTOWN SC DRAGONS 2013,PITMAN - ALCYON LAKE,,
10/20/2024,12:30,16795690,,GotSport,Soccer,U-10,CINNAMINSON SC PIRATES SEA DOGS 2015,TAR-KILL SOCCER CLUB TARKILL 2015 WHITE,CINNAMINSON SC - MEMORIAL,,
10/20/2024,12:30,16795500,,GotSport,Soccer,U-14,VOORHEES SA BLUES 2011,LOGAN BLAZE 2011,VOORHEES-EASTERN HS,,
10/20/2024,12:30,16796614,,GotSport,Soccer,U-10,VINELAND AVENGERS 2015,HARRISON BLUE REBELS 2015,VINELAND SA,,
10/20/2024,12:30,16794278,,GotSport,Soccer,U-12,CAPE EXPRESS CE 2014 UNION,HARRISON SC LIGHTNING 2013,CAPE EX SOCCER COMPLEX At Ockie Wisting,,
10/20/2024,12:30,16794936,,GotSport,Soccer,U-9,MOUNT LAUREL UNITED (MLU) GLADIATORS 2016,HARRISON LEGENDS 2016,MLU-TROTTERS,,
10/20/2024,12:30,16795015,,GotSport,Soccer,U-10,MARLTON SC CHIEFS WHITE 2015,BURLINGTON TOWNSHIP SOCCER THUNDER2015,MARLTON - MEMORIAL,,
10/20/2024,12:30,16795478,,GotSport,Soccer,U-14,MONROE TOWNSHIP YS UNITED WHITE 2011,BORDENTOWN FC JAGUARS 2011,MONROE TWP - CORKERY LANE,,
10/20/2024,12:30,16795705,,GotSport,Soccer,U-11,VOORHEES SA LIGHTNING 2014,TBAA SYNDICATE 2014,VOORHEES-Echelon Complex,,
10/20/2024,12:30,16794630,,GotSport,Soccer,U-14,MAINLAND UNITED SA MUSTANGS RED 2011 B,BORDENTOWN FC RENEGADES 2011,MAINLAND-Atlantic Christian School,,
10/20/2024,12:30,16796833,,GotSport,Soccer,U-13,COLLINGSWOOD OAKLYN SOCCER CLUB KNIGHTS 2012,CHERRY HILL SC CHERRY HILL SC BULL DOGS 2012,COLLINGSWOOD - CAMDEN ATHLETIC FACILITY,,
10/20/2024,12:30,16795997,,GotSport,Soccer,U-11,DELRAN FC HAWKS 2014,MOORESTOWN SC WOLVERINES 2014,,,
10/20/2024,12:30,16796583,,GotSport,Soccer,U-8,WASHINGTON TWP SOCCER CLUB WOLVES 2017,LOGAN BOOM BLUE 2017,WASHINGTON TWP. - Levy Fields (Virtua),,
10/20/2024,12:30,16795339,,GotSport,Soccer,U-10,MAINLAND UNITED SA MUSTANGS RED 2015 B,SJ FUTBOL CLUB RAMS 2015,MAINLAND - MEMORIAL PARK,,
10/20/2024,12:30,16795584,,GotSport,Soccer,U-12,EAST GREENWICH SA EGSA DYNAMO 2013,NORTHERN BURLINGTON SA BLUES 2013,E GREENWICH - THOMPSON FAMILY PARK,,
10/20/2024,12:30,16795342,,GotSport,Soccer,U-10,WINSLOW TITANS 2015,UPPER TOWNSHIP SA COMETS GREEN 2015,WINSLOW TWP - PETER VOLPA,,
10/20/2024,12:30,16796922,,GotSport,Soccer,U-11,HARRISON STRIKERS 2014,WOODSTOWN WOLVERINES 2014,HARRISON - William Wilt Soccer Complex,,
10/20/2024,12:30,16796509,,GotSport,Soccer,U-8,NORTHERN BURLINGTON FORCE 2017,PITMAN SA LIONS 2017,NB- MANSFIELD TOWNSHIP ELEMENTARY SCHOOL,,
10/20/2024,12:30,16795736,,GotSport,Soccer,U-9,HADDONFIELD SC RED 2016,MAINLAND UNITED SA MUSTANGS RED 2016 B,HADDONFIELD - CROWS WOODS,,
10/20/2024,12:30,16795090,,GotSport,Soccer,U-10,CAPE EXPRESS CE SILVER STREAK 2015,EGG HARBOR SC EAGLES 2015,CAPE EX SOCCER COMPLEX At Ockie Wisting,,
10/20/2024,12:30,16795841,,GotSport,Soccer,U-12,WEST DEPTFORD WIZARDS 2013,EGG HARBOR SC EAGLES 2013 BLACK,W DEPTFORD-WD PARK,,
10/20/2024,12:30,16794385,,GotSport,Soccer,U-14,PITMAN SA PUMAS 2011,PENNS GROVE SC RAGE 2011,PITMAN - ALCYON LAKE,,
10/20/2024,12:30,16796502,,GotSport,Soccer,U-8,WEST DEPTFORD SC DRAGONS 2017,MAPLE SHADE CHAOS 2017,W DEPTFORD-WD PARK,,
10/20/2024,12:30,16795549,,GotSport,Soccer,U-9,UPPER TOWNSHIP SA THUNDER 2016,LOGAN APOLLO 2016,UPPER TWP-Amanda's Field Complex,,
10/20/2024,12:30,16795998,,GotSport,Soccer,U-11,PALMYRA RIVERTON SC TORNADOES 2014,RANCOCAS VALLEY SC RVSC - '14 FOREST,,,
10/20/2024,12:30,16795063,,GotSport,Soccer,U-12,MOUNT LAUREL UNITED (MLU) LIGHTNING 2014,SJ FUTBOL CLUB SJFC FLYERS ELITE 2014,MLU-TROTTERS,,
10/20/2024,12:30,16796485,,GotSport,Soccer,U-8,PITTSGROVE SOCCER CLUB PSC RAPTORS ‘17,SOUTH HARRISON FORCE,PITTSGROVE-GREEN BRANCH,,
10/20/2024,12:30,16794861,,GotSport,Soccer,U-13,GATEWAY UNITED SOCCER CLUB STINGRAYS 2012,MARLTON SC CHIEFS WHITE 2012,GATEWAY UTD. - WESTVILLE,,
10/20/2024,12:30,16794712,,GotSport,Soccer,U-12,MEDFORD SC BLUE DEVILS 2013,HADDON HEIGHTS SC YOUNG BOYS 2013,MEDFORD - BENDE PARK,,
10/20/2024,12:30,16795056,,GotSport,Soccer,U-12,MARLTON SC CHIEFS ORANGE 2014,CINNAMINSON SC THUNDERBIRDS 2013,MARLTON - MEMORIAL,,
10/20/2024,12:30,16796052,,GotSport,Soccer,U-10,SENECA UNITED SC 2015 RAPTORS,MOUNT LAUREL UNITED (MLU) MLU WOLFPACK 2015,SENECA - STONEY CREEK FIELDS,,
10/20/2024,12:30,16795167,,GotSport,Soccer,U-15,HADDONFIELD SC WHITE 2010,WOODSTOWN WOLVERINES 2010,HADDONFIELD - CROWS WOODS,,
10/20/2024,12:30,16794826,,GotSport,Soccer,U-8,HADDON HEIGHTS SC HAVOC 2017,SWEDESBORO WOOLWICH SOCCER ASSOC. SWSA FIREBALLS 2017,HADD HGTS - DEVON,,
10/20/2024,12:30,16794836,,GotSport,Soccer,U-8,MOORESTOWN SC HAWKS 2017,DELRAN FC SOCCER GREY 2017B,MOORESTOWN - MEMORIAL FIELDS,,
10/20/2024,12:30,16796455,,GotSport,Soccer,U-10,MEDFORD SC GOLD 2015,SWEDESBORO WOOLWICH SOCCER ASSOC. SWSA GUNNERS 2015,MEDFORD - BENDE PARK,,
10/20/2024,12:30,16796328,,GotSport,Soccer,U-13,UPPER TOWNSHIP SA FORCE GREEN 2012,LOGAN FORCE 2012,UPPER TWP-Amanda's Field Complex,,
10/20/2024,12:30,16795037,,GotSport,Soccer,U-8,WASHINGTON UNITED SOCCER CLUB WUSC 2017 BOYS,MONROE UNITED 2017,WASHINGTON TWP. - Levy Fields (Virtua),,
10/20/2024,12:30,16794844,,GotSport,Soccer,U-13,PITTSGROVE SOCCER CLUB PSC WARRIORS '12,TAR-KILL SOCCER CLUB TARKILL LIVERPOOL 2012,PITTSGROVE-GREEN BRANCH,,
10/20/2024,12:30,16795012,,GotSport,Soccer,U-10,CHERRY HILL FC 2015 JUNIOR BLACK,CINNAMINSON SC RED DEVILS 2015,CHFC - DeCOU,,
10/20/2024,12:30,16796273,,GotSport,Soccer,U-12,HAMMONTON HEAT BOYS 2013,SENECA UNITED SC 2013 TIGERS,HAMMONTON - MOSS MILL RD PARK SOCCER COMPLEX,,
10/20/2024,12:30,16796272,,GotSport,Soccer,U-12,CHERRY HILL FC 2013 JUNIOR BLACK - RED HAWKS,BURLINGTON TOWNSHIP SOCCER STRIKERS 2013,CHFC - DeCOU,,
10/20/2024,12:30,16794417,,GotSport,Soccer,U-11,UPPER TOWNSHIP SA HURRICANES GREEN 2014,TBAA REVOLUTION 2015,UPPER TWP-Amanda's Field Complex,,
10/20/2024,12:30,16796892,,GotSport,Soccer,U-11,CINNAMINSON SC AVENGERS 2014,MEDFORD SC GOLD 2014,CINNAMINSON SC - MEMORIAL,,
10/20/2024,12:30,16796236,,GotSport,Soccer,U-13,ATLANTIC UNITED PREMIER KICKERS 2013 B EDP,HIGHLAND YOUTH SOCCER CLUB FORCE 2012,ATLANTIC - TARTAGLIO,,
10/20/2024,12:30,16795729,,GotSport,Soccer,U-11,HIGHLAND YOUTH SOCCER CLUB THUNDER 2014,SWEDESBORO WOOLWICH SOCCER ASSOC. SWSA LIGHTNING 2014,HIGHLAND - GLOUCESTER TWP PARK,,
10/20/2024,12:30,16794678,,GotSport,Soccer,U-8,PITTSGROVE SOCCER CLUB PSC BLACK ‘17,TAR-KILL SOCCER CLUB TARKILL UNION 2017,PITTSGROVE-GREEN BRANCH,,
10/20/2024,12:30,16794410,,GotSport,Soccer,U-11,MEDFORD STRIKERS 2014 BOYS,VOORHEES SA KNIGHTS 2014,MEDFORD STRIKERS - ARK ROAD COMPLEX,,
10/20/2024,12:40,16796333,,GotSport,Soccer,U-13,CINNAMINSON SC CHARGE 2012,VINELAND SA JERSEY BOYZ 2012,CINNAMINSON SC - MEMORIAL,,
10/20/2024,12:45,16795903,,GotSport,Soccer,U-16,TBAA STORM 2009,BURLINGTON TOWNSHIP SOCCER CELTIC 2010,TBAA-VALLEY BROOK,,
10/20/2024,13:00,16794989,,GotSport,Soccer,U-12,WASHINGTON TWP SOCCER CLUB DAREDEVILS 2013,PENNS GROVE WILD 2013,WASHINGTON TWP-WASH LAKE PARK,,
10/20/2024,13:15,16794511,,GotSport,Soccer,U-10,CHERRY HILL SC CHERRY HILL SC WARRIORS 2015,MOUNT LAUREL UNITED (MLU) MLU KNIGHTS 2015,CHSC - UPPER CHAPEL TURF,,
10/20/2024,13:15,16796649,,GotSport,Soccer,U-9,MILLVILLE THUNDER 2016,WEST DEPTFORD SC WARRIORS 2016,MILLVILLE SOCCER COMPLEX,,
10/20/2024,13:15,16794803,,GotSport,Soccer,U-9,EAST GREENWICH SA EGSA CHAOS 2016,WASHINGTON UNITED SOCCER CLUB WUSC 2016 BOYS,E GREENWICH - THOMPSON FAMILY PARK,,
10/20/2024,13:15,16795206,,GotSport,Soccer,U-10,MANTUA 2015-2016 BOYS,WOODSTOWN WILDCATS 2015,MANTUA TWP,,
10/20/2024,13:15,16795695,,GotSport,Soccer,U-10,HADDONFIELD SC WHITE 2015 B,VOORHEES SA PYTHONS 2015,HADDONFIELD - CROWS WOODS,,
10/20/2024,13:15,16795737,,GotSport,Soccer,U-9,HADDON TWP RED HAWKS 2016,BORDENTOWN FC REVOLUTION 2016,,,
10/20/2024,13:15,16795402,,GotSport,Soccer,U-11,PITTSGROVE SOCCER CLUB PSC PHANTOMS '14,CINNAMINSON SC CHARGERS 2014,PITTSGROVE-GREEN BRANCH,,
10/20/2024,13:15,16794883,,GotSport,Soccer,U-9,FRANKLIN TOWNSHIP YOUTH SOCCER ASSOCIATION UNITED 2016,LOGAN SUPERNOVA 2016,FRANKLIN TWP YOUTH COMPLEX,,
10/20/2024,13:30,16796433,,GotSport,Soccer,U-9,RANCOCAS VALLEY SC 2016 BOYS UNITED,BARRINGTON SC BLACK 2016,Rancocas Valley-LUMBERTON MUNICIPAL,,
10/20/2024,13:30,16795451,,GotSport,Soccer,U-11,MANTUA TOWNSHIP SA OUTLAWS 2014,COLLINGSWOOD OAKLYN SOCCER CLUB OUTLAWS 2014,MANTUA TWP,,
10/20/2024,13:30,16795804,,GotSport,Soccer,U-14,EGG HARBOR SC EAGLES BLACK 2011,SWEDESBORO WOOLWICH SOCCER ASSOC. SWSA BLACK MAMBAS 2011,EGG HARBOR - BARGAINTOWN,,
10/20/2024,13:30,16795846,,GotSport,Soccer,U-12,HADDONFIELD SC RED 2013,CHERRY HILL SC THUNDER 2013,HADDONFIELD - CROWS WOODS,,
10/20/2024,13:30,16794661,,GotSport,Soccer,U-14,MEDFORD SC COLUMBIA 2011,TBAA TITANS 2011,MEDFORD - BENDE PARK,,
10/20/2024,13:30,16794859,,GotSport,Soccer,U-13,WINSLOW DYNAMO 2012,HARRISON SC STRIKERS 2012,WINSLOW TWP - PETER VOLPA,,
10/20/2024,13:40,16795250,,GotSport,Soccer,U-15,EAST GREENWICH SA EGSA BLAZE 2010,VOORHEES SA WARRIORS 2010,E GREENWICH - THOMPSON FAMILY PARK,,
10/20/2024,13:40,16795226,,GotSport,Soccer,U-16,SJ FUTBOL CLUB RAPIDS 2009,NORTHERN BURLINGTON SA BULLDOGS 2009,SJFC - UPPER DEERFIELD RECREATION COMPLEX,,
10/20/2024,13:40,16795252,,GotSport,Soccer,U-15,HIGHLAND YOUTH SOCCER CLUB RAPTORS 2010,WASHINGTON TWP SOCCER CLUB RENEGADES 2010,HIGHLAND - GLOUCESTER TWP PARK,,
10/20/2024,13:40,16796377,,GotSport,Soccer,U-13,MILLVILLE LYNX 2012,SENECA UNITED SC 2012 PRIDE,MILLVILLE SOCCER COMPLEX,,
10/20/2024,13:40,16796845,,GotSport,Soccer,U-13,BERLIN SOCCER CLUB BALL BREAKERS 2012,MARLTON SC CHIEFS BLACK 2012,BERLIN SC - FRANKLIN FIELDS,,
10/20/2024,13:45,16796233,,GotSport,Soccer,U-13,CHERRY HILL SC ROYALS 2012,VINELAND SA FURY 2012,CHSC - CH WEST HS,,
10/20/2024,13:45,16794353,,GotSport,Soccer,U-14,MEDFORD STRIKERS 2011 BOYS,MONROE TOWNSHIP YS UNITED 2012,MEDFORD STRIKERS - ARK ROAD COMPLEX,,
10/20/2024,13:45,16796090,,GotSport,Soccer,U-14,PALMYRA RIVERTON SC WARRIORS 2011,HAMMONTON HEAT BOYS 2011,PAL-RIV - LEGION FIELD,,
10/20/2024,14:00,16794759,,GotSport,Soccer,U-9,MEDFORD SC COLUMBIA 2016,MOORESTOWN SC WARRIORS 2016,MEDFORD - BENDE PARK,,
10/20/2024,14:00,16795448,,GotSport,Soccer,U-11,WEST DEPTFORD SC EAGLES 2014,MARLTON SC CHIEFS BLACK 2014,W DEPTFORD-WD PARK,,
10/20/2024,14:00,16795418,,GotSport,Soccer,U-12,WOODSTOWN WOLVERINES 2013,MARLTON SC CHIEFS SILVER 2013,WOODSTOWN,,
10/20/2024,14:00,16794312,,GotSport,Soccer,U-10,VINELAND LIVERPOOL 2015,MOORESTOWN SC VIPERS 2015,VINELAND SA,,
10/20/2024,14:00,16795400,,GotSport,Soccer,U-11,UPPER TOWNSHIP SA HURRICANES WHITE 2014,MARLTON SC CHIEFS WHITE 2014,UPPER TWP-Amanda's Field Complex,,
10/20/2024,14:00,16795519,,GotSport,Soccer,U-9,HADDONFIELD SC BLACK 2016 B,HIGHLAND YOUTH SOCCER CLUB HAVOK 2016,HADDONFIELD - CROWS WOODS,,
10/20/2024,14:00,16795532,,GotSport,Soccer,U-9,MONROE UNITED BLUE 2016,TBAA RENEGADES 2016,MONROE TWP - CORKERY LANE,,
10/20/2024,14:00,16796979,,GotSport,Soccer,U-11,HAMMONTON HEAT BOYS 2014,CHERRY HILL SC CHERRY HILL SC FORCE 2014,HAMMONTON - MOSS MILL RD PARK SOCCER COMPLEX,,
10/20/2024,14:00,16794369,,GotSport,Soccer,U-14,CHERRY HILL FC 2011 JUNIORS BLACK,SENECA UNITED SC 2011 WARRIORS,CHFC - DeCOU,,
10/20/2024,14:00,16796957,,GotSport,Soccer,U-12,WOODBURY SOCCER CLUB WOODBURY BISON 2013,DELRAN FC SOCCER GREY 2013B,WOODBURY,,
10/20/2024,14:00,16795548,,GotSport,Soccer,U-9,WEST DEPTFORD SC TSUNAMI 2016,EGG HARBOR SC EAGLES 2016 BLACK,W DEPTFORD-WD PARK,,
10/20/2024,14:00,16794390,,GotSport,Soccer,U-14,MAINLAND UNITED SA MUSTANGS WHITE 2011-12 B,CLAYTON SA CLIPPERS 2011/2012,MAINLAND-Atlantic Christian School,,
10/20/2024,14:00,16796910,,GotSport,Soccer,U-11,WATERFORD ATHLETIC ASSN WINGS 2014,PENNSVILLE EAGLES 2014,WATERFORD TWP-LOUDEN FIRE HALL/THERMOCOOL,,
10/20/2024,14:00,16795372,,GotSport,Soccer,U-10,MAINLAND UNITED SA MUSTANGS BLACK 2015 B,VOORHEES SA COBRAS 2015,MAINLAND - MEMORIAL PARK,,
10/20/2024,14:00,16795359,,GotSport,Soccer,U-10,CINNAMINSON SC RAPTORS 2015,RANCOCAS VALLEY SC 2015 BOYS STEALTH,CINNAMINSON SC - MEMORIAL,,
10/20/2024,14:00,16795588,,GotSport,Soccer,U-12,AUDUBON SOCCER YOUTH WILD WINGS 2013,MARLTON SC CHIEFS WHITE 2013,AUDUBON - GREEN WAVE PARK,,
10/20/2024,14:00,16795589,,GotSport,Soccer,U-12,MEDFORD SC MAYHEM 2013,VOORHEES SA RAPTORS 2013,MEDFORD - BENDE PARK,,
10/20/2024,14:00,16796849,,GotSport,Soccer,U-13,MOUNT LAUREL UNITED (MLU) IMPACT 2012,CHERRY HILL FC 2012 JUNIORS BLACK,MLU-TROTTERS,,
10/20/2024,14:00,16796837,,GotSport,Soccer,U-13,WOODSTOWN THUNDER 2012,TAR-KILL SOCCER CLUB TARKILL BARCELONA 2012,WOODSTOWN,,
10/20/2024,14:00,16794465,,GotSport,Soccer,U-12,HADDON TWP WHITE HAWKS 2013,MOORESTOWN SC THUNDER 2013,,,
10/20/2024,14:00,16794470,,GotSport,Soccer,U-12,EAST GREENWICH SA EGSA PANTHERS 2013,HADDON HEIGHTS SC BEAST BOYS 2013,E GREENWICH - THOMPSON FAMILY PARK,,
10/20/2024,14:00,16794477,,GotSport,Soccer,U-12,MAINLAND UNITED SA MUSTANGS WHITE 2013-14 B,MAPLE SHADE FORCE 2013,MAINLAND - MEMORIAL PARK,,
10/20/2024,14:00,16795323,,GotSport,Soccer,U-10,MOORESTOWN SC DEVIL RAYS 2015,MEDFORD SC WHITE 2015,MOORESTOWN - MEMORIAL FIELDS,,
10/20/2024,14:00,16796781,,GotSport,Soccer,U-9,SENECA UNITED SC 2016 RAPTORS,MARLTON SC CHIEFS WHITE 2016,SENECA - STONEY CREEK FIELDS,,
10/20/2024,14:00,16795315,,GotSport,Soccer,U-14,PITTSGROVE SOCCER CLUB PSC WOLVES '11,HADDONFIELD SC RED 2011,PITTSGROVE-GREEN BRANCH,,
10/20/2024,14:00,16794493,,GotSport,Soccer,U-10,MEDFORD STRIKERS 2015 BOYS,WASHINGTON UNITED SOCCER CLUB WUSC 2015 BOYS,MEDFORD STRIKERS - ARK ROAD COMPLEX,,
10/20/2024,14:00,16795625,,GotSport,Soccer,U-12,PENNSVILLE EAGLES 2013,BARRINGTON SC REVOLUTION 2013,PENNSVILLE,,
10/20/2024,14:00,16795628,,GotSport,Soccer,U-12,MOUNT LAUREL UNITED (MLU) GALAXY 2013,VOORHEES COSMOS 2013,MLU-TROTTERS,,
10/20/2024,14:00,16796765,,GotSport,Soccer,U-9,ATLANTIC UNITED PREMIER RED 2016 B,HADDONFIELD SC WHITE 2016,ATLANTIC - TARTAGLIO,,
10/20/2024,14:00,16796719,,GotSport,Soccer,U-8,DELRAN FC BLACK 2017B,CHERRY HILL FC 2017 JUNIORS BLACK,,,
10/20/2024,14:00,16796703,,GotSport,Soccer,U-9,MEDFORD SC WHITE 2016,CINNAMINSON SC LIGHTNING 2016,MEDFORD - BENDE PARK,,
10/20/2024,14:00,16796667,,GotSport,Soccer,U-9,WINSLOW VENOM 2016,VOORHEES SA TITANS 2016,WINSLOW TWP - PETER VOLPA,,
10/20/2024,14:00,16794608,,GotSport,Soccer,U-14,CAPE EXPRESS SURGE 2011,MANTUA TOWNSHIP SA UNION 2011,CAPE EX SOCCER COMPLEX At Ockie Wisting,,
10/20/2024,14:00,16795707,,GotSport,Soccer,U-11,PITMAN SA BENGALS 2014,MEDFORD SC CAROLINA 2014,PITMAN - ALCYON LAKE,,
10/20/2024,14:00,16796592,,GotSport,Soccer,U-10,PITTSGROVE SOCCER CLUB PSC GALAXY '15,MAPLE SHADE WILD 2015,PITTSGROVE-GREEN BRANCH,,
10/20/2024,14:00,16796538,,GotSport,Soccer,U-11,NORTHERN BURLINGTON JACKALS 2015,EAST GREENWICH SA EGSA STARS 2014,NB Georgetown Park,,
10/20/2024,14:00,16796537,,GotSport,Soccer,U-11,MARLTON SC CHIEFS SILVER 2014,FRANKLIN TOWNSHIP YOUTH SOCCER ASSOCIATION KNIGHTS 2014,MARLTON - MEMORIAL,,
10/20/2024,14:00,16795738,,GotSport,Soccer,U-9,CAPE EXPRESS CE NOR'EASTERS 2016,MOUNT LAUREL UNITED (MLU) REVOLUTION 2016,CAPE EX SOCCER COMPLEX At Ockie Wisting,,
10/20/2024,14:00,16796432,,GotSport,Soccer,U-9,MOORESTOWN SC DRAGONS 2016,COLLINGSWOOD OAKLYN SOCCER CLUB WARRIORS 2016,MOORESTOWN - MEMORIAL FIELDS,,
10/20/2024,14:00,16794753,,GotSport,Soccer,U-9,GATEWAY UNITED SOCCER CLUB 2016 GUSC THUNDER,HIGHLAND YOUTH SOCCER CLUB MAYHEM 2016,,,
10/20/2024,14:00,16795961,,GotSport,Soccer,U-13,HADDON TWP RED HAWKS 2012,AUDUBON SOCCER YOUTH BALLERS 2012,HADDON TWP - RECCHINO FIELDS,,
10/20/2024,14:00,16796398,,GotSport,Soccer,U-14,MOORESTOWN SC LIGHTNING 2011,CHERRY HILL FC JUNIOR WHITE 2011/12,MOORESTOWN - MEMORIAL FIELDS,,
10/20/2024,14:00,16795786,,GotSport,Soccer,U-13,COLLINGSWOOD OAKLYN SOCCER CLUB ROVERS 2013,HADDONFIELD BLACK 2012,COLLINGSWOOD - CAMDEN ATHLETIC FACILITY,,
10/20/2024,14:00,16794791,,GotSport,Soccer,U-9,PITTSGROVE SOCCER CLUB PSC PRIME BLACK '16,DELRAN FC UNION 2016,PITTSGROVE-GREEN BRANCH,,
10/20/2024,14:00,16796362,,GotSport,Soccer,U-13,PITMAN SA JAGUARS 2012,MEDFORD SC DESTROYERS 2012,PITMAN - ALCYON LAKE,,
10/20/2024,14:00,16795798,,GotSport,Soccer,U-13,WEST DEPTFORD SC UNION 2012,HARRISON WILDCATS 2012,W DEPTFORD-WD PARK,,
10/20/2024,14:00,16795805,,GotSport,Soccer,U-14,UPPER TOWNSHIP SA TSUNAMIS 2011,VOORHEES SA ATTACK 2011,UPPER TWP-Amanda's Field Complex,,
10/20/2024,14:00,16794833,,GotSport,Soccer,U-8,CINNAMINSON SC UNION 2017,AUDUBON U8 BOYS 2017 TEAM 2,CINNAMINSON SC - MEMORIAL,,
10/20/2024,14:00,16796220,,GotSport,Soccer,U-15,BORDENTOWN FC PANTHERS 2010,PENNSAUKEN YOUTH SOCCER CLUB CYCLONES 2010,BORDENTOWN - FRIENDSHIP FIELDS,,
10/20/2024,14:00,16796184,,GotSport,Soccer,U-10,WASHINGTON TWP SOCCER CLUB RAPTORS 2015,PALMYRA RIVERTON SC NATIONALS 2015,WASHINGTON TWP. - Levy Fields (Virtua),,
10/20/2024,14:00,16796167,,GotSport,Soccer,U-8,AUDUBON U8 BOYS 2017 TEAM 1,MEDFORD SC 2017B WHITE,AUDUBON - GREEN WAVE PARK,,
10/20/2024,14:00,16796166,,GotSport,Soccer,U-8,WASHINGTON TWP SOCCER CLUB REBELS 2017,CHERRY HILL SC CHERRY HILL SC COBRAS (2017) - BOYS,WASHINGTON TWP. - Levy Fields (Virtua),,
10/20/2024,14:00,16794926,,GotSport,Soccer,U-11,ATLANTIC UNITED PREMIER KICKERS 2014 B,CHERRY HILL SC CHERRY HILL SC UNITED 2014,ATLANTIC - TARTAGLIO,,
10/20/2024,14:00,16794935,,GotSport,Soccer,U-9,MARLTON SC CHIEFS ORANGE 2016,CINNAMINSON SC VIPERS 2016,MARLTON - MEMORIAL,,
10/20/2024,14:00,16795105,,GotSport,Soccer,U-10,MOUNT LAUREL UNITED (MLU) SHARKS 2015,DEPTFORD SA CYCLONES 2015,MLU-TROTTERS,,
10/20/2024,14:00,16795104,,GotSport,Soccer,U-10,CHERRY HILL FC 2015 CHFC JUNIOR WHITE,NORTHERN BURLINGTON STORM 2015,CHFC - DeCOU,,
10/20/2024,14:00,16796130,,GotSport,Soccer,U-19,SWEDESBORO WOOLWICH SOCCER ASSOC. SWSA SCORPIONS 2008,GATEWAY UNITED SOCCER CLUB GUSC WARRIORS B2006,SW-Locke Avenue Park,,
10/20/2024,14:00,16794974,,GotSport,Soccer,U-12,VINELAND TERMINATORS 2013,DEPTFORD TORNADOS 2013,VINELAND SA,,
10/20/2024,14:00,16795092,,GotSport,Soccer,U-10,UPPER TOWNSHIP SA SUPER SONICS 2015,WEST DEPTFORD SC ANIMALS 2015,UPPER TWP-Amanda's Field Complex,,
10/20/2024,14:00,16796952,,GotSport,Soccer,U-12,PALMYRA RIVERTON SC YOUNGBLOODS 2013,MARLTON SC CHIEFS BLACK 2013,,,
10/20/2024,14:00,16795091,,GotSport,Soccer,U-10,HIGHLAND YOUTH SOCCER CLUB LIGHTNING 2015,HADDON HEIGHTS SC CHEETAHS 2015,HIGHLAND - GLOUCESTER TWP PARK,,
10/20/2024,14:00,16795449,,GotSport,Soccer,U-11,GATEWAY UNITED SOCCER CLUB GREYHOUNDS 2014,HADDON HEIGHTS SC MIGHTY TITANS 2014,GATEWAY UTD. - WESTVILLE,,
10/20/2024,14:00,16796025,,GotSport,Soccer,U-11,HARRISON WAVE 2014,NORTHERN BURLINGTON BLUE DEVILS 2014,HARRISON - William Wilt Soccer Complex,,
10/20/2024,14:00,16795069,,GotSport,Soccer,U-12,CAPE EXPRESS AVENGERS 2013,EGG HARBOR SC EAGLES WHITE 2013,CAPE EX SOCCER COMPLEX At Ockie Wisting,,
10/20/2024,14:00,16796020,,GotSport,Soccer,U-11,VOORHEES SA VIKINGS 2014,LOGAN CHARGE BLACK 2014,VOORHEES-Echelon Complex,,
10/20/2024,14:00,16795954,,GotSport,Soccer,U-11,DEPTFORD RENEGADES 2014,CHERRY HILL FC 2015 JUNIOR RED,DEPTFORD SC,,
10/20/2024,14:10,16796631,,GotSport,Soccer,U-14,CINNAMINSON SC STORM 2011,WASHINGTON TWP SOCCER CLUB REGULATORS 2011,CINNAMINSON SC - MEMORIAL,,
10/20/2024,14:15,16794448,,GotSport,Soccer,U-11,WASHINGTON TWP SOCCER CLUB TERROR 2014,MONROE TOWNSHIP YS UNITED BOYS BLUE 2014,WASHINGTON TWP-WASH LAKE PARK,,
10/20/2024,14:15,16796871,,GotSport,Soccer,U-13,HADDONFIELD SC RED 2012,WASHINGTON TWP SOCCER CLUB PREDATORS 2012,HADDONFIELD - CROWS WOODS,,
10/20/2024,14:30,16794673,,GotSport,Soccer,U-8,SWEDESBORO WOOLWICH SOCCER ASSOC. SWSA PANTHERS 2017,SJ FUTBOL CLUB HAMMERS 2017,SW-Locke Avenue Park,,
10/20/2024,14:30,16794944,,GotSport,Soccer,U-9,MANTUA TOWNSHIP SA MAMBAS 2016,MONROE UNITED 2016B,MANTUA TWP,,
10/20/2024,14:30,16794545,,GotSport,Soccer,U-9,CHERRY HILL SC CHERRY HILL SC 72S (2016) - BOYS,TAR-KILL SOCCER CLUB TARKILL 2016 BOYS,CHSC - UPPER CHAPEL TURF,,
10/20/2024,14:30,16796727,,GotSport,Soccer,U-8,HADDONFIELD SC THUNDER 2017,CINNAMINSON SC BLACK 2017,HADDONFIELD - CROWS WOODS,,
10/20/2024,14:30,16796756,,GotSport,Soccer,U-9,FRANKLIN TOWNSHIP YOUTH SOCCER ASSOCIATION JERSEY DEVILS 2016,HARRISON HURRICANES 2016,FRANKLIN TWP YOUTH COMPLEX,,
10/20/2024,14:30,16795585,,GotSport,Soccer,U-12,PITTSGROVE SOCCER CLUB PSC PYTHONS '13,MOORESTOWN SC RAPTORS 2013,PITTSGROVE-GREEN BRANCH,,
10/20/2024,14:30,16794399,,GotSport,Soccer,U-11,TBAA OUTLAWS 2014,DELRAN FC SOCCER DELRAN FC KNIGHTS 2014,TBAA-VALLEY BROOK,,
10/20/2024,14:30,16795887,,GotSport,Soccer,U-10,MILLVILLE WARRIORS 2015,DEPTFORD THUNDER 2015,MILLVILLE SOCCER COMPLEX,,
10/20/2024,14:30,16796760,,GotSport,Soccer,U-9,EAST GREENWICH SA EGSA ROYALS 2016,UPPER TOWNSHIP SA BREAKERS 2016,E GREENWICH - THOMPSON FAMILY PARK,,
10/20/2024,14:30,16797018,,GotSport,Soccer,U-8,HADDON TWP. WHITE HAWKS 2017,BORDENTOWN FC REVOLUTION 2017,,,
10/20/2024,14:45,16796736,,GotSport,Soccer,U-8,RANCOCAS VALLEY SC 2017 BOYS PREMIER,HADDON TWP. RED HAWKS 2017,Rancocas Valley-LUMBERTON MUNICIPAL,,
10/20/2024,14:45,16796536,,GotSport,Soccer,U-11,HADDONFIELD SC BLACK 2014,HADDON TWP WHITE HAWKS 2014,HADDONFIELD - CROWS WOODS,,
10/20/2024,15:00,16795151,,GotSport,Soccer,U-15,WINSLOW SLAYERS 2010,FRANKLIN TOWNSHIP YOUTH SOCCER ASSOCIATION STORM 2010,WINSLOW TWP - PETER VOLPA,,
10/20/2024,15:00,16794790,,GotSport,Soccer,U-9,EGG HARBOR SC EAGLES 2016,SWEDESBORO WOOLWICH SOCCER ASSOC. SWSA HAVOC 2016,EGG HARBOR - BARGAINTOWN,,
10/20/2024,15:00,16796223,,GotSport,Soccer,U-15,MEDFORD SC MAD DOGS WHITE 2010,DEPTFORD DEMONS 2010,MEDFORD - BENDE PARK,,
10/20/2024,15:15,16796137,,GotSport,Soccer,U-19,MILLVILLE PHANTOMS 2008,HIGHLAND YOUTH SOCCER CLUB HURRICANES 2008,MILLVILLE SOCCER COMPLEX,,
10/20/2024,15:15,16796950,,GotSport,Soccer,U-12,BERLIN SOCCER CLUB BULLDOGS 2013,WINSLOW SHARKS 2013,BERLIN SC - FRANKLIN FIELDS,,
10/20/2024,15:20,16795912,,GotSport,Soccer,U-16,MARLTON SC CHIEFS ORANGE 2009,FRANKLIN TOWNSHIP YOUTH SOCCER ASSOCIATION STRIKERS 2009,MARLTON - MEMORIAL,,
10/20/2024,15:30,16795504,,GotSport,Soccer,U-9,WASHINGTON TWP SOCCER CLUB THUNDER 2016,MAPLE SHADE SHARKS 2016,WASHINGTON TWP. - Levy Fields (Virtua),,
10/20/2024,15:30,16795023,,GotSport,Soccer,U-8,MARLTON SC CHIEFS ORANGE 2017,MEDFORD SC 2017B NAVY,MARLTON - MEMORIAL,,
10/20/2024,15:30,16794921,,GotSport,Soccer,U-11,HADDON TWP RED HAWKS 2014,TAR-KILL SOCCER CLUB TARKILL CHELSEA 2014,,,
10/20/2024,15:30,16794519,,GotSport,Soccer,U-12,UPPER TOWNSHIP SA CYCLONES 2013,SENECA UNITED SC 2014 THUNDER,UPPER TWP-Amanda's Field Complex,,
10/20/2024,15:30,16796024,,GotSport,Soccer,U-11,BORDENTOWN FC UNION 2014,BURLINGTON TOWNSHIP SOCCER DYNAMITE 2014,BORDENTOWN - FRIENDSHIP FIELDS,,
10/20/2024,15:30,16794725,,GotSport,Soccer,U-9,GATEWAY UNITED SOCCER CLUB 2016 GUSC BLUES,PENNS GROVE SC DRAGONS 2016,,,
10/20/2024,15:30,16795816,,GotSport,Soccer,U-14,CHERRY HILL FC CHFC 2011 AVENGERS,CINNAMINSON SC VIPERS 2011,CHFC - DeCOU,,
10/20/2024,15:30,16796507,,GotSport,Soccer,U-8,MOORESTOWN SC PYTHONS 2017,BURLINGTON TOWNSHIP SOCCER FIRE 2017,MOORESTOWN - MEMORIAL FIELDS,,
10/20/2024,15:30,16794683,,GotSport,Soccer,U-8,CAPE EXPRESS CE 2017 BARCA,TBAA REVOLUTION 2017,CAPE EX SOCCER COMPLEX At Ockie Wisting,,
10/20/2024,15:30,16796567,,GotSport,Soccer,U-8,HAMMONTON HEAT BOYS 2017,HIGHLAND YOUTH SOCCER CLUB BOYS 2017,HAMMONTON - MOSS MILL RD PARK SOCCER COMPLEX,,
10/20/2024,15:30,16796580,,GotSport,Soccer,U-8,PITMAN SA PANTHERS 2017,LOGAN BOOM BLACK 2017,PITMAN - Dell,,
10/20/2024,15:30,16794597,,GotSport,Soccer,U-8,EAST GREENWICH SA EGSA UNITED 2017,HARRISON UNITED 2017,E GREENWICH - THOMPSON FAMILY PARK,,
10/20/2024,15:30,16794887,,GotSport,Soccer,U-9,VOORHEES SA DESTROYERS 2016,PITMAN SA BOBCATS 2016,VOORHEES-Echelon Complex,,
10/20/2024,15:30,16794322,,GotSport,Soccer,U-10,COHANSEY SC DYNAMO 2015,CLAYTON SA CLIPPERS 2015,Cohansey - Cumberland County Tech School,,
10/20/2024,15:30,16796645,,GotSport,Soccer,U-14,WEST DEPTFORD SC WOLFPACK 2011,DELRAN FC BLAST 2011,W DEPTFORD-WD PARK,,
10/20/2024,15:30,16796669,,GotSport,Soccer,U-9,WATERFORD ATHLETIC ASSN WINGS 2016,CLAYTON SA CLIPPERS 2016,WATERFORD TWP-LOUDEN FIRE HALL/THERMOCOOL,,
10/20/2024,15:30,16795666,,GotSport,Soccer,U-13,HADDON TWP WHITE HAWKS 2012,LOGAN FUSION 2012,HADDON TWP - RECCHINO FIELDS,,
10/20/2024,15:30,16795126,,GotSport,Soccer,U-10,HIGHLAND YOUTH SOCCER CLUB STORM 2015,PENNSVILLE EAGLES GOLD 2015,HIGHLAND - GLOUCESTER TWP PARK,,
10/20/2024,15:30,16795658,,GotSport,Soccer,U-13,PENNSVILLE EAGLES 2012,HIGHLAND YOUTH SOCCER CLUB MUSTANGS 2012,PENNSVILLE,,
10/20/2024,15:30,16795289,,GotSport,Soccer,U-12,MOUNT LAUREL UNITED (MLU) TIGERS 2013,WEST DEPTFORD SC WARRIORS 2013,MLU-TROTTERS,,
10/20/2024,15:30,16795303,,GotSport,Soccer,U-14,CHERRY HILL SC CHAOS 2011,HARRISON SC THUNDER 2011,CHSC - CH WEST HS,,
10/20/2024,15:30,16795877,,GotSport,Soccer,U-10,SENECA UNITED SC 2015 PARK RANGERS,UPPER TOWNSHIP SA COMETS WHITE 2015,SENECA - STONEY CREEK FIELDS,,
10/20/2024,15:30,16796185,,GotSport,Soccer,U-10,MONROE TOWNSHIP YS UNITED BLUE 2015,TAR-KILL SOCCER CLUB TARKILL 2015 BLUE,MONROE TWP - CORKERY LANE,,
10/20/2024,15:30,16794900,,GotSport,Soccer,U-9,PITTSGROVE SOCCER CLUB PSC PRIME WHITE '16,MOORESTOWN SC RENEGADES 2016,PITTSGROVE-GREEN BRANCH,,
10/20/2024,15:30,16796182,,GotSport,Soccer,U-10,WOODSTOWN WILD 2015,HADDON TWP RED HAWKS 2015,WOODSTOWN,,
10/20/2024,15:30,16794536,,GotSport,Soccer,U-12,PITMAN SA TIGERS 2013,HIGHLAND YOUTH SOCCER CLUB FURY 2013,PITMAN - ALCYON LAKE,,
10/20/2024,15:30,16796893,,GotSport,Soccer,U-11,WASHINGTON TWP SOCCER CLUB WARRIORS 2014,COLLINGSWOOD OAKLYN SOCCER CLUB VENOM COSC 2014,WASHINGTON TWP-WASH LAKE PARK,,
10/20/2024,15:30,16796079,,GotSport,Soccer,U-14,PEMBERTON SC PUNISHERS 2011,MOUNT LAUREL UNITED (MLU) WARRIORS 2011,PEMBERTON - HIGH SCHOOL,,
10/20/2024,15:30,16796911,,GotSport,Soccer,U-11,WEST DEPTFORD SC AVALANCHE 2014,EAST GREENWICH SA EGSA EAGLES 2014,W DEPTFORD-WD PARK,,
10/20/2024,15:30,16794291,,GotSport,Soccer,U-12,MEDFORD STRIKERS 2013 BOYS,MONROE UNITED 2013,MEDFORD STRIKERS - ARK ROAD COMPLEX,,
10/20/2024,15:30,16794280,,GotSport,Soccer,U-12,VINELAND SA UNITED 2013,DELRAN FC SOCCER DELRAN FC UNITED 2013,VINELAND SA,,
10/20/2024,15:30,16796996,,GotSport,Soccer,U-11,AUDUBON ATTACK - BOYS 2014,MOUNT LAUREL UNITED (MLU) COBRAS 2014,AUDUBON - GREEN WAVE PARK,,
10/20/2024,15:30,16796066,,GotSport,Soccer,U-10,MEDFORD SC COLUMBIA 2015,PENNSAUKEN YOUTH SOCCER CLUB LIONS 2015,MEDFORD - BENDE PARK,,
10/20/2024,15:30,16795527,,GotSport,Soccer,U-9,MEDFORD SC GOLD 2016,SWEDESBORO WOOLWICH SOCCER ASSOC. SWSA VENOM 2016,MEDFORD - BENDE PARK,,
10/20/2024,15:30,16794334,,GotSport,Soccer,U-10,HARRISON BLUE ARSENAL 2015,WEST DEPTFORD SC COBRAS 2016,HARRISON - William Wilt Soccer Complex,,
10/20/2024,15:30,16796051,,GotSport,Soccer,U-10,DEPTFORD LIGHTNING 2015,EAST GREENWICH SA EGSA TIGERS 2015,DEPTFORD SC,,
10/20/2024,15:30,16797016,,GotSport,Soccer,U-8,MOUNT LAUREL UNITED (MLU) BOYS TEAM 2 2017,TBAA ROUGHRIDERS 2017,MLU-TROTTERS,,
10/20/2024,15:30,16795399,,GotSport,Soccer,U-11,CAPE EXPRESS CE ENGINEERS 2014,MEDFORD SC AVENGERS 2014,CAPE EX SOCCER COMPLEX At Ockie Wisting,,
10/20/2024,15:30,16795426,,GotSport,Soccer,U-12,HIGHLAND YOUTH SOCCER CLUB CHAOS 2013,LOGAN FLASH 2013,HIGHLAND - GLOUCESTER TWP PARK,,
10/20/2024,15:30,16795011,,GotSport,Soccer,U-10,DELRAN FC COBRAS 2015,HADDONFIELD SC BLACK 2015 B,,,
10/20/2024,15:30,16795175,,GotSport,Soccer,U-10,MAINLAND UNITED SA MUSTANGS WHITE 2015-16 B,LOGAN ARMADA BLUE 2015,MAINLAND - MEMORIAL PARK,,
10/20/2024,15:30,16796325,,GotSport,Soccer,U-13,MAINLAND UNITED SA MUSTANGS RED 2012 B,RANCOCAS VALLEY SC BOYS 2012 - AVENGERS,MAINLAND-Atlantic Christian School,,
10/20/2024,15:30,16795184,,GotSport,Soccer,U-10,HAMILTON ELITE FC PREMIER 2015B,SWEDESBORO WOOLWICH SOCCER ASSOC. SWSA HONEY BADGERS 2015,,,
10/20/2024,15:30,16796282,,GotSport,Soccer,U-12,CHERRY HILL SC CHERRY HILL SC FORCE 2013,RANCOCAS VALLEY SC RONALDO 2013,CHSC - UPPER CHAPEL TURF,,
10/20/2024,15:30,16796354,,GotSport,Soccer,U-13,CAPE EXPRESS WHITE CAPS 2012,DEPTFORD THUNDER 2012,CAPE EX SOCCER COMPLEX At Ockie Wisting,,
10/20/2024,15:30,16796462,,GotSport,Soccer,U-10,WOODBURY BOLTS,LOGAN ARMADA BLACK 2015,WOODBURY,,
10/20/2024,15:30,16794765,,GotSport,Soccer,U-9,CINNAMINSON SC TITANS 2016,DELRAN FC SOCCER SHARKS 2016,CINNAMINSON SC - MEMORIAL,,
10/20/2024,15:30,16796434,,GotSport,Soccer,U-9,HADDONFIELD SC GREY 2016,CINNAMINSON SC CHAOS 2016,HADDONFIELD - CROWS WOODS,,
10/20/2024,15:30,16794737,,GotSport,Soccer,U-9,NORTHERN BURLINGTON BOOM 2016,HADDON HEIGHTS SC RUCKUS 2016,NB Georgetown Park,,
10/20/2024,15:30,16796450,,GotSport,Soccer,U-10,MOORESTOWN SC HORNETS 2015,PITMAN SA WILDCATS 2015,MOORESTOWN - MEMORIAL FIELDS,,
10/20/2024,15:30,16794736,,GotSport,Soccer,U-9,AUDUBON 2016 BOYS,PALMYRA RIVERTON SC NEW U9B - 2016,AUDUBON - GREEN WAVE PARK,,
10/20/2024,15:30,16796468,,GotSport,Soccer,U-8,UPPER TOWNSHIP SA FLASH 2017,HARRISON HURRICANES 2017,UPPER TWP-Amanda's Field Complex,,
10/20/2024,15:30,16796782,,GotSport,Soccer,U-9,WEST DEPTFORD SC WILDCATS 2016,HARRISON HORNETS 2016,W DEPTFORD-WD PARK,,
10/20/2024,15:30,16796797,,GotSport,Soccer,U-9,ATLANTIC UNITED PREMIER BLACK 2016 B,CHERRY HILL FC 2016 JUNIOR BLACK,ATLANTIC - TARTAGLIO,,
10/20/2024,15:30,16795985,,GotSport,Soccer,U-13,EAST GREENWICH SA EGSA VENOM 2012,VOORHEES SA PREDATORS 2013,E GREENWICH - THOMPSON FAMILY PARK,,
10/20/2024,15:30,16796870,,GotSport,Soccer,U-13,PITTSGROVE SOCCER CLUB PSC SPURS '12,SOUTH HARRISON TOWNSHIP SOCCER CLUB STRIKERS 2012,PITTSGROVE-GREEN BRANCH,,
10/20/2024,15:30,16794975,,GotSport,Soccer,U-12,GATEWAY UNITED SOCCER CLUB SHARKS 2013,HARRISON WOLFPACK 2013,GATEWAY UTD. - WESTVILLE,,
10/20/2024,15:30,16796093,,GotSport,Soccer,U-14,WOODSTOWN FURY 2011,BURLINGTON TOWNSHIP SOCCER REBELS 2011,WOODSTOWN,,
10/20/2024,15:30,16794422,,GotSport,Soccer,U-11,MAINLAND UNITED SA MUSTANGS RED 2014 B,DEPTFORD UNITED 2014,MAINLAND - MEMORIAL PARK,,
10/20/2024,15:30,16796887,,GotSport,Soccer,U-11,WOODSTOWN WOLFPACK 2014,EGG HARBOR SC EAGLES 2014 WHITE,WOODSTOWN,,
10/20/2024,15:40,16795962,,GotSport,Soccer,U-13,SWEDESBORO WOOLWICH SOCCER ASSOC. SWSA SHARKS 2012,NORTHERN BURLINGTON SA RANGERS 2012,SW-Locke Avenue Park,,
10/20/2024,15:40,16795790,,GotSport,Soccer,U-13,CINNAMINSON SC SKULLS 2012,MANTUA TOWNSHIP SA FURY 2012,CINNAMINSON SC - MEMORIAL,,
10/20/2024,15:45,16794507,,GotSport,Soccer,U-10,HADDONFIELD SC RED 2015 B,EAST GREENWICH SA EGSA BLACK KNIGHTS 2015,HADDONFIELD - CROWS WOODS,,
10/20/2024,15:45,16794301,,GotSport,Soccer,U-10,HADDON TWP SOCCER CLUB 2015 HADDON TWP WHITE HAWKS,MONROE TOWNSHIP YS UNITED BOYS 2015,,,
10/20/2024,15:45,16795842,,GotSport,Soccer,U-12,FRANKLIN TOWNSHIP YOUTH SOCCER ASSOCIATION ENFORCERS 2013,SJ FUTBOL CLUB SOUNDERS 2013,FRANKLIN TWP YOUTH COMPLEX,,
10/20/2024,15:45,16794548,,GotSport,Soccer,U-9,EAST GREENWICH SA EGSA LIONS 2016,COLLINGSWOOD OAKLYN SOCCER CLUB SPARTANS 2016,E GREENWICH - THOMPSON FAMILY PARK,,
10/20/2024,15:45,16794578,,GotSport,Soccer,U-8,MANTUA CHAOS 2017,VOORHEES SA BLUE DEVILS 2017,MANTUA TWP,,
10/20/2024,15:45,16796597,,GotSport,Soccer,U-10,MILLVILLE PREDATORS 2015,MANTUA TOWNSHIP SA FROGS 2015,MILLVILLE SOCCER COMPLEX,,
10/20/2024,15:45,16794581,,GotSport,Soccer,U-8,CHERRY HILL SC CHERRY HILL SC DYNAMO (2017) - BOYS,CINNAMINSON RED 2017,CHSC - UPPER CHAPEL TURF,,
10/20/2024,15:45,16794295,,GotSport,Soccer,U-10,SWEDESBORO WOOLWICH SOCCER ASSOC. SWSA STRIKERS 2015,HARRISON STRIKERS 2015,SW-Locke Avenue Park,,
10/20/2024,15:45,16797003,,GotSport,Soccer,U-11,PITTSGROVE SOCCER CLUB PSC MAVERICKS '14,MOORESTOWN SC GUARDIANS 2014,PITTSGROVE-GREEN BRANCH,,
10/20/2024,15:45,16794705,,GotSport,Soccer,U-12,MOORESTOWN SC GOLDEN EAGLES 2013,PENNSAUKEN YOUTH SOCCER CLUB REBELS 2013,MOORESTOWN - SALEM RD/PRYOR PARK,,
10/20/2024,15:45,16796909,,GotSport,Soccer,U-11,TBAA REVOLUTION 2014,LOGAN CHARGE BLUE 2014,TBAA-VALLEY BROOK,,
10/20/2024,16:00,16794435,,GotSport,Soccer,U-11,HADDONFIELD SC RED 2014 B,MARLTON SC CHIEFS ORANGE 2015,HADDONFIELD - CROWS WOODS,,
10/20/2024,16:00,16796701,,GotSport,Soccer,U-9,RANCOCAS VALLEY SC 2016 BOYS PREMIER,TBAA KNIGHTS 2016,Rancocas Valley-LUMBERTON MUNICIPAL,,
10/20/2024,16:15,16796484,,GotSport,Soccer,U-8,EGG HARBOR SC EAGLES 2017,MAINLAND UNITED SA MUSTANGS RED 2017 B,EGG HARBOR - BARGAINTOWN,,
10/20/2024,16:30,16795370,,GotSport,Soccer,U-10,BERLIN SOCCER CLUB BERSERKERS 2015,AUDUBON SOCCER YOUTH BOYS 2015 - HAMMERS,BERLIN SC - FRANKLIN FIELDS,,
10/25/2024,18:30,16795791,,GotSport,Soccer,U-13,PENNSAUKEN YOUTH SOCCER CLUB OUTLAWS 2012,FRANKLIN TOWNSHIP YOUTH SOCCER ASSOCIATION CRUSADERS 2012,Pennsauken Community Recreation Facility,,
10/25/2024,18:30,16795956,,GotSport,Soccer,U-11,PENNSAUKEN YOUTH SOCCER CLUB AVENGERS 2014,RANCOCAS VALLEY SC RVSC '14 - CELTIC,Pennsauken Community Recreation Facility,,
10/25/2024,18:30,16795642,,GotSport,Soccer,U-13,SWEDESBORO WOOLWICH SOCCER ASSOC. SWSA CYCLONES 2012/2013,WINSLOW GREEN DRAGONS 2012,SW-Locke Avenue Park,,
10/27/2024,08:00,16796306,,GotSport,Soccer,U-15,WOODBURY ARMORY 2010,TBAA DYNAMO 2010,WOODBURY,,
10/27/2024,11:00,16796809,,GotSport,Soccer,U-15,MONROE TOWNSHIP YS UNITED 2010,BERLIN SOCCER CLUB BRAWLERS 2010,MONROE TWP - CORKERY LANE,,
10/27/2024,11:00,16796222,,GotSport,Soccer,U-15,MEDFORD SC MAD DOGS WHITE 2010,NORTHERN BURLINGTON SA BLAST 2010,MEDFORD - BENDE PARK,,
10/27/2024,11:00,16796308,,GotSport,Soccer,U-15,CINNAMINSON SC PIRATES 2010,CHERRY HILL SC CHERRY HILL SC FUSION (2011) - BOYS,CINNAMINSON SC - MEMORIAL,,
10/27/2024,11:00,16794454,,GotSport,Soccer,U-12,MAPLE SHADE FORCE 2013,EAST GREENWICH SA EGSA PANTHERS 2013,MAPLE SHADE - TURF FIELD,,
10/27/2024,11:00,16796254,,GotSport,Soccer,U-13,VINELAND SA FURY 2012,HIGHLAND YOUTH SOCCER CLUB FORCE 2012,VINELAND SA,,
10/27/2024,12:00,16795427,,GotSport,Soccer,U-12,HADDONFIELD SC BLACK 2013,LOGAN FLASH 2013,HADDONFIELD - CROWS WOODS,,
10/27/2024,12:00,16795667,,GotSport,Soccer,U-13,WINSLOW GREEN DRAGONS 2012,HADDON TWP WHITE HAWKS 2012,WINSLOW TWP - PETER VOLPA,,
10/27/2024,12:00,16795255,,GotSport,Soccer,U-15,SJ FUTBOL CLUB WOLVES 2010,HIGHLAND YOUTH SOCCER CLUB RAPTORS 2010,SJFC - UPPER DEERFIELD RECREATION COMPLEX,,
10/27/2024,12:00,16795254,,GotSport,Soccer,U-15,VOORHEES SA WARRIORS 2010,WASHINGTON TWP SOCCER CLUB RENEGADES 2010,VOORHEES-EASTERN HS,,
10/27/2024,12:00,16795253,,GotSport,Soccer,U-15,MOUNT LAUREL UNITED (MLU) FORCE 2010,EAST GREENWICH SA EGSA BLAZE 2010,MLU-TROTTERS,,
10/27/2024,12:00,16795716,,GotSport,Soccer,U-11,MEDFORD SC CAROLINA 2014,VOORHEES SA LIGHTNING 2014,MEDFORD - BENDE PARK,,
10/27/2024,12:00,16795730,,GotSport,Soccer,U-11,HIGHLAND YOUTH SOCCER CLUB THUNDER 2014,TBAA SYNDICATE 2014,HIGHLAND - GLOUCESTER TWP PARK,,
10/27/2024,12:00,16795220,,GotSport,Soccer,U-16,HAMMONTON HEAT BOYS 2009,DEPTFORD AVENGERS 2009,HAMMONTON - MOSS MILL RD PARK SOCCER COMPLEX,,
10/27/2024,12:00,16795168,,GotSport,Soccer,U-15,FRANKLIN TOWNSHIP YOUTH SOCCER ASSOCIATION STORM 2010,HADDONFIELD SC WHITE 2010,FRANKLIN TWP YOUTH COMPLEX,,
10/27/2024,12:00,16795154,,GotSport,Soccer,U-15,WOODSTOWN WOLVERINES 2010,AUDUBON SOCCER YOUTH UNITED 2010,WOODSTOWN,,
10/27/2024,12:00,16795927,,GotSport,Soccer,U-16,SWEDESBORO WOOLWICH SOCCER ASSOC. SWSA FORCE 2009,MEDFORD STRIKERS 2009 BOYS,SW-Locke Avenue Park,,
10/27/2024,12:00,16795052,,GotSport,Soccer,U-12,MARLTON SC CHIEFS ORANGE 2014,MOUNT LAUREL UNITED (MLU) LIGHTNING 2014,MARLTON - MEMORIAL,,
10/27/2024,12:00,16795974,,GotSport,Soccer,U-13,AUDUBON SOCCER YOUTH BALLERS 2012,VOORHEES SA PREDATORS 2013,AUDUBON - GREEN WAVE PARK,,
10/27/2024,12:00,16796027,,GotSport,Soccer,U-11,HARRISON WAVE 2014,LOGAN CHARGE BLACK 2014,HARRISON - William Wilt Soccer Complex,,
10/27/2024,12:00,16796114,,GotSport,Soccer,U-19,GATEWAY UNITED SOCCER CLUB GUSC WARRIORS B2006,HIGHLAND YOUTH SOCCER CLUB GALAXY 2008,GATEWAY UTD. - WESTVILLE,,
10/27/2024,12:00,16796120,,GotSport,Soccer,U-19,HIGHLAND YOUTH SOCCER CLUB FUSION 2008,WASHINGTON TWP SOCCER CLUB GLADIATORS 2008,HIGHLAND - GLOUCESTER TWP PARK,,
10/27/2024,12:00,16796275,,GotSport,Soccer,U-12,CHERRY HILL FC 2013 JUNIOR BLACK - RED HAWKS,HAMMONTON HEAT BOYS 2013,CHFC - DeCOU,,
10/27/2024,12:00,16796363,,GotSport,Soccer,U-13,DEPTFORD THUNDER 2012,SENECA UNITED SC 2012 PRIDE,DEPTFORD SC,,
10/27/2024,12:00,16794267,,GotSport,Soccer,U-12,DELRAN FC SOCCER DELRAN FC UNITED 2013,CAPE EXPRESS CE 2014 UNION,,,
10/27/2024,12:00,16796921,,GotSport,Soccer,U-11,WOODSTOWN WOLVERINES 2014,WEST DEPTFORD SC AVALANCHE 2014,WOODSTOWN,,
10/27/2024,12:00,16794370,,GotSport,Soccer,U-14,CHERRY HILL FC 2011 JUNIORS BLACK,MEDFORD STRIKERS 2011 BOYS,CHFC - DeCOU,,
10/27/2024,12:00,16794335,,GotSport,Soccer,U-10,WEST DEPTFORD SC COBRAS 2016,AUDUBON BOYS 2015,W DEPTFORD-WD PARK,,
10/27/2024,12:00,16797026,,GotSport,Soccer,U-8,HADDON TWP. WHITE HAWKS 2017,MOUNT LAUREL UNITED (MLU) BOYS TEAM 2 2017,,,
10/27/2024,12:00,16795371,,GotSport,Soccer,U-10,RANCOCAS VALLEY SC 2015 BOYS STEALTH,BERLIN SOCCER CLUB BERSERKERS 2015,Rancocas Valley-LUMBERTON MUNICIPAL,,
10/27/2024,12:00,16794646,,GotSport,Soccer,U-14,NORTHERN BURLINGTON SA HOOLIGANS 2011,MONROE TOWNSHIP YS UNITED BOYS BLUE 2011,NB- MANSFIELD TOWNSHIP ELEMENTARY SCHOOL,,
10/27/2024,12:00,16795471,,GotSport,Soccer,U-11,COLLINGSWOOD OAKLYN SOCCER CLUB OUTLAWS 2014,HADDON HEIGHTS SC MIGHTY TITANS 2014,COSC- Oaklyn Public School,,
10/27/2024,12:15,16794792,,GotSport,Soccer,U-9,SWEDESBORO WOOLWICH SOCCER ASSOC. SWSA HAVOC 2016,WASHINGTON UNITED SOCCER CLUB WUSC 2016 BOYS,SW-Locke Avenue Park,,
10/27/2024,12:15,16795523,,GotSport,Soccer,U-9,MAPLE SHADE SHARKS 2016,MEDFORD SC GOLD 2016,MAPLE SHADE - TURF FIELD,,
10/27/2024,12:30,16795739,,GotSport,Soccer,U-9,BORDENTOWN FC REVOLUTION 2016,HADDONFIELD SC RED 2016,BORDENTOWN - FRIENDSHIP FIELDS,,
10/27/2024,12:30,16796992,,GotSport,Soccer,U-11,MOORESTOWN SC GUARDIANS 2014,AUDUBON ATTACK - BOYS 2014,MOORESTOWN - SALEM RD/PRYOR PARK,,
10/27/2024,12:30,16794780,,GotSport,Soccer,U-9,CINNAMINSON SC TITANS 2016,MEDFORD SC COLUMBIA 2016,CINNAMINSON SC - MEMORIAL,,
10/27/2024,12:30,16794346,,GotSport,Soccer,U-14,SENECA UNITED SC 2011 WARRIORS,EGG HARBOR SC EAGLES 2011/2012 BLACK,SENECA - STONEY CREEK FIELDS,,
10/27/2024,12:30,16794738,,GotSport,Soccer,U-9,PALMYRA RIVERTON SC NEW U9B - 2016,GATEWAY UNITED SOCCER CLUB 2016 GUSC BLUES,,,
10/27/2024,12:30,16795854,,GotSport,Soccer,U-12,WEST DEPTFORD WIZARDS 2013,CHERRY HILL SC THUNDER 2013,W DEPTFORD-WD PARK,,
10/27/2024,12:30,16794520,,GotSport,Soccer,U-12,MAINLAND UNITED SA MUSTANGS RED 2013 B,UPPER TOWNSHIP SA CYCLONES 2013,MAINLAND - MEMORIAL PARK,,
10/27/2024,12:30,16795051,,GotSport,Soccer,U-12,EGG HARBOR SC EAGLES WHITE 2013,SJ FUTBOL CLUB SJFC FLYERS ELITE 2014,EGG HARBOR - BARGAINTOWN,,
10/27/2024,12:30,16796766,,GotSport,Soccer,U-9,FRANKLIN TOWNSHIP YOUTH SOCCER ASSOCIATION JERSEY DEVILS 2016,ATLANTIC UNITED PREMIER RED 2016 B,FRANKLIN TWP YOUTH COMPLEX,,
10/27/2024,12:30,16794860,,GotSport,Soccer,U-13,PITTSGROVE SOCCER CLUB PSC WARRIORS '12,GATEWAY UNITED SOCCER CLUB STINGRAYS 2012,PITTSGROVE-GREEN BRANCH,,
10/27/2024,12:30,16795284,,GotSport,Soccer,U-12,WASHINGTON TWP SOCCER CLUB RAPTORS 2013,WEST DEPTFORD SC WARRIORS 2013,WASHINGTON TWP-WASH LAKE PARK,,
10/27/2024,12:30,16795452,,GotSport,Soccer,U-11,MARLTON SC CHIEFS BLACK 2014,MANTUA TOWNSHIP SA OUTLAWS 2014,MARLTON - MEMORIAL,,
10/27/2024,12:30,16796668,,GotSport,Soccer,U-9,CLAYTON SA CLIPPERS 2016,MILLVILLE THUNDER 2016,CLAYTON - BENTZ,,
10/27/2024,12:30,16794588,,GotSport,Soccer,U-8,VOORHEES SA BLUE DEVILS 2017,HARRISON UNITED 2017,VOORHEES-Echelon Complex,,
10/27/2024,12:30,16796187,,GotSport,Soccer,U-10,WOODSTOWN WILD 2015,TAR-KILL SOCCER CLUB TARKILL 2015 BLUE,WOODSTOWN,,
10/27/2024,12:30,16795879,,GotSport,Soccer,U-10,UPPER TOWNSHIP SA COMETS WHITE 2015,EGG HARBOR SC EAGLES 2015 BLACK,UPPER TWP-Amanda's Field Complex,,
10/27/2024,12:30,16795278,,GotSport,Soccer,U-12,EAST GREENWICH SA EGSA MAYHEM 2013,MILLVILLE REBELS 2013,E GREENWICH - THOMPSON FAMILY PARK,,
10/27/2024,12:30,16794487,,GotSport,Soccer,U-10,EAST GREENWICH SA EGSA BLACK KNIGHTS 2015,WASHINGTON UNITED SOCCER CLUB WUSC 2015 BOYS,E GREENWICH - THOMPSON FAMILY PARK,,
10/27/2024,12:30,16795682,,GotSport,Soccer,U-10,BURLINGTON TOWNSHIP SOCCER PHOENIX 2015,HADDONFIELD SC WHITE 2015 B,BURLINGTON TWP - PINEWALD AVE,,
10/27/2024,12:30,16796639,,GotSport,Soccer,U-14,HARRISON SC ARSENAL 2011,CINNAMINSON SC STORM 2011,HARRISON - William Wilt Soccer Complex,,
10/27/2024,12:30,16796463,,GotSport,Soccer,U-10,LOGAN ARMADA BLACK 2015,MOORESTOWN SC HORNETS 2015,LOGAN - TWP LINE,,
10/27/2024,12:30,16795302,,GotSport,Soccer,U-14,HADDONFIELD SC RED 2011,PENNSAUKEN YOUTH SOCCER CLUB WARRIORS 2011,HADDONFIELD - CROWS WOODS,,
10/27/2024,12:30,16796634,,GotSport,Soccer,U-14,VINELAND SA STRIKERS 2011,WEST DEPTFORD SC WOLFPACK 2011,VINELAND SA,,
10/27/2024,12:30,16795603,,GotSport,Soccer,U-12,BARRINGTON SC REVOLUTION 2013,HADDONFIELD SC WHITE 2013,TBA,,
10/27/2024,12:30,16794718,,GotSport,Soccer,U-12,MONROE TOWNSHIP YS UNITED BOYS BLUE 2013,HADDON HEIGHTS SC YOUNG BOYS 2013,MONROE TWP - CORKERY LANE,,
10/27/2024,12:30,16795337,,GotSport,Soccer,U-10,MOORESTOWN SC DEVIL RAYS 2015,MAINLAND UNITED SA MUSTANGS RED 2015 B,MOORESTOWN - MEMORIAL FIELDS,,
10/27/2024,12:30,16795936,,GotSport,Soccer,U-11,RANCOCAS VALLEY SC RVSC '14 - CELTIC,DEPTFORD RENEGADES 2014,Rancocas Valley-LUMBERTON MUNICIPAL,,
10/27/2024,12:30,16796237,,GotSport,Soccer,U-13,BURLINGTON TOWNSHIP SOCCER DRAGONS 2012,CHERRY HILL SC ROYALS 2012,BURLINGTON TWP - PINEWALD AVE,,
10/27/2024,12:30,16796610,,GotSport,Soccer,U-10,PITTSGROVE SOCCER CLUB PSC GALAXY '15,VINELAND AVENGERS 2015,PITTSGROVE-GREEN BRANCH,,
10/27/2024,12:30,16794922,,GotSport,Soccer,U-11,TAR-KILL SOCCER CLUB TARKILL CHELSEA 2014,MANTUA TOWNSHIP SA ELITE 2014,TARKILL-STERLING HS,,
10/27/2024,12:30,16796605,,GotSport,Soccer,U-10,MANTUA TOWNSHIP SA FROGS 2015,HARRISON BLUE REBELS 2015,MANTUA TWP,,
10/27/2024,12:30,16796401,,GotSport,Soccer,U-14,WOODBURY SOCCER CLUB WOODBURY ARMORY 2011,RANCOCAS VALLEY SC BOYS 2011 UNITED,WOODBURY,,
10/27/2024,12:30,16794929,,GotSport,Soccer,U-11,HADDON TWP RED HAWKS 2014,ATLANTIC UNITED PREMIER KICKERS 2014 B,,,
10/27/2024,12:30,16795592,,GotSport,Soccer,U-12,VOORHEES SA RAPTORS 2013,AUDUBON SOCCER YOUTH WILD WINGS 2013,VOORHEES-Echelon Complex,,
10/27/2024,12:30,16794626,,GotSport,Soccer,U-14,MAINLAND UNITED SA MUSTANGS RED 2011 B,MEDFORD SC RENEGADES 2011,MAINLAND-Atlantic Christian School,,
10/27/2024,12:30,16796696,,GotSport,Soccer,U-9,CINNAMINSON SC LIGHTNING 2016,CHERRY HILL SC CHERRY HILL SC THUNDER (2016) - BOYS,CINNAMINSON SC - MEMORIAL,,
10/27/2024,12:30,16796330,,GotSport,Soccer,U-13,UPPER TOWNSHIP SA FORCE GREEN 2012,RANCOCAS VALLEY SC BOYS 2012 - AVENGERS,UPPER TWP-Amanda's Field Complex,,
10/27/2024,12:30,16794308,,GotSport,Soccer,U-10,MOORESTOWN SC VIPERS 2015,SWEDESBORO WOOLWICH SOCCER ASSOC. SWSA STRIKERS 2015,MOORESTOWN - MEMORIAL FIELDS,,
10/27/2024,12:30,16794313,,GotSport,Soccer,U-10,VINELAND LIVERPOOL 2015,HADDON TWP SOCCER CLUB 2015 HADDON TWP WHITE HAWKS,VINELAND SA,,
10/27/2024,12:30,16796581,,GotSport,Soccer,U-8,LOGAN BOOM BLUE 2017,PITMAN SA PANTHERS 2017,LOGAN - TWP LINE,,
10/27/2024,12:30,16794869,,GotSport,Soccer,U-13,HARRISON SC STRIKERS 2012,MARLTON SC CHIEFS WHITE 2012,HARRISON - William Wilt Soccer Complex,,
10/27/2024,12:30,16796570,,GotSport,Soccer,U-8,WASHINGTON TWP SOCCER CLUB WOLVES 2017,HAMMONTON HEAT BOYS 2017,WASHINGTON TWP. - Levy Fields (Virtua),,
10/27/2024,12:30,16795058,,GotSport,Soccer,U-12,CINNAMINSON SC THUNDERBIRDS 2013,CAPE EXPRESS AVENGERS 2013,CINNAMINSON SC - MEMORIAL,,
10/27/2024,12:30,16794707,,GotSport,Soccer,U-12,MOORESTOWN SC GOLDEN EAGLES 2013,MEDFORD SC BLUE DEVILS 2013,MOORESTOWN - SALEM RD/PRYOR PARK,,
10/27/2024,12:30,16796912,,GotSport,Soccer,U-11,LOGAN CHARGE BLUE 2014,WATERFORD ATHLETIC ASSN WINGS 2014,LOGAN - TWP LINE,,
10/27/2024,12:30,16794966,,GotSport,Soccer,U-12,PENNS GROVE WILD 2013,HARRISON WOLFPACK 2013,PG-CP-PED- Carney's Point Rec Center,,
10/27/2024,12:30,16796913,,GotSport,Soccer,U-11,PENNSVILLE EAGLES 2014,HARRISON STRIKERS 2014,PENNSVILLE,,
10/27/2024,12:30,16794677,,GotSport,Soccer,U-8,PITTSGROVE SOCCER CLUB PSC BLACK ‘17,SWEDESBORO WOOLWICH SOCCER ASSOC. SWSA PANTHERS 2017,PITTSGROVE-GREEN BRANCH,,
10/27/2024,12:30,16794392,,GotSport,Soccer,U-11,TBAA OUTLAWS 2014,MEDFORD STRIKERS 2014 BOYS,TBAA-VALLEY BROOK,,
10/27/2024,12:30,16796954,,GotSport,Soccer,U-12,WINSLOW SHARKS 2013,MARLTON SC CHIEFS BLACK 2013,WINSLOW TWP - PETER VOLPA,,
10/27/2024,12:30,16794371,,GotSport,Soccer,U-14,SWEDESBORO WOOLWICH SOCCER ASSOC. SWSA RED FLAMES 2011,MONROE TOWNSHIP YS UNITED 2012,SW-Locke Avenue Park,,
10/27/2024,12:30,16795550,,GotSport,Soccer,U-9,EGG HARBOR SC EAGLES 2016 BLACK,MONROE UNITED BLUE 2016,EGG HARBOR - BARGAINTOWN,,
10/27/2024,12:30,16796364,,GotSport,Soccer,U-13,PITMAN SA JAGUARS 2012,MILLVILLE LYNX 2012,PITMAN - ALCYON LAKE,,
10/27/2024,12:30,16795566,,GotSport,Soccer,U-12,NORTHERN BURLINGTON SA BLUES 2013,MEDFORD SC MAYHEM 2013,NB Georgetown Park,,
10/27/2024,12:30,16794976,,GotSport,Soccer,U-12,DEPTFORD TORNADOS 2013,WASHINGTON TWP SOCCER CLUB DAREDEVILS 2013,DEPTFORD SC,,
10/27/2024,12:30,16795551,,GotSport,Soccer,U-9,TBAA RENEGADES 2016,LOGAN APOLLO 2016,TBAA-VALLEY BROOK,,
10/27/2024,12:30,16794706,,GotSport,Soccer,U-12,PENNSAUKEN YOUTH SOCCER CLUB REBELS 2013,PITTSGROVE SOCCER CLUB PSC REVOLUTION '13,Pennsauken Community Recreation Facility,,
10/27/2024,12:45,16796134,,GotSport,Soccer,U-19,MEDFORD SC ,MILLVILLE PHANTOMS 2008,MEDFORD - BENDE PARK,,
10/27/2024,12:45,16795479,,GotSport,Soccer,U-14,MONROE TOWNSHIP YS UNITED WHITE 2011,VOORHEES SA BLUES 2011,MONROE TWP - CORKERY LANE,,
10/27/2024,13:00,16794546,,GotSport,Soccer,U-9,TAR-KILL SOCCER CLUB TARKILL 2016 BOYS,EAST GREENWICH SA EGSA LIONS 2016,TARKILL-STERLING HS,,
10/27/2024,13:15,16795590,,GotSport,Soccer,U-12,MARLTON SC CHIEFS WHITE 2013,PITTSGROVE SOCCER CLUB PSC PYTHONS '13,MARLTON - MEMORIAL,,
10/27/2024,13:15,16796419,,GotSport,Soccer,U-9,RANCOCAS VALLEY SC 2016 BOYS UNITED,HADDONFIELD SC GREY 2016,Rancocas Valley-LUMBERTON MUNICIPAL,,
10/27/2024,13:15,16794761,,GotSport,Soccer,U-9,HIGHLAND YOUTH SOCCER CLUB MAYHEM 2016,MOORESTOWN SC WARRIORS 2016,HIGHLAND - GLOUCESTER TWP PARK,,
10/27/2024,13:15,16794302,,GotSport,Soccer,U-10,HARRISON STRIKERS 2015,MONROE TOWNSHIP YS UNITED BOYS 2015,HARRISON - William Wilt Soccer Complex,,
10/27/2024,13:15,16795404,,GotSport,Soccer,U-11,MEDFORD SC AVENGERS 2014,MARLTON SC CHIEFS WHITE 2014,MEDFORD - BENDE PARK,,
10/27/2024,13:15,16795014,,GotSport,Soccer,U-10,CHERRY HILL FC 2015 JUNIOR BLACK,MARLTON SC CHIEFS WHITE 2015,CHFC - DeCOU,,
10/27/2024,13:15,16796524,,GotSport,Soccer,U-8,WEST DEPTFORD SC DRAGONS 2017,NORTHERN BURLINGTON FORCE 2017,W DEPTFORD-WD PARK,,
10/27/2024,13:15,16796907,,GotSport,Soccer,U-11,COLLINGSWOOD OAKLYN SOCCER CLUB VENOM COSC 2014,MEDFORD SC GOLD 2014,COSC- Oaklyn Public School,,
10/27/2024,13:15,16794806,,GotSport,Soccer,U-9,DELRAN FC UNION 2016,EGG HARBOR SC EAGLES 2016,,,
10/27/2024,13:15,16796897,,GotSport,Soccer,U-11,WOODSTOWN WOLFPACK 2014,CINNAMINSON SC AVENGERS 2014,WOODSTOWN,,
10/27/2024,13:15,16795844,,GotSport,Soccer,U-12,HADDONFIELD SC RED 2013,FRANKLIN TOWNSHIP YOUTH SOCCER ASSOCIATION ENFORCERS 2013,HADDONFIELD - CROWS WOODS,,
10/27/2024,13:15,16796729,,GotSport,Soccer,U-8,HADDON TWP. RED HAWKS 2017,DELRAN FC BLACK 2017B,,,
10/27/2024,13:30,16795197,,GotSport,Soccer,U-10,SWEDESBORO WOOLWICH SOCCER ASSOC. SWSA HONEY BADGERS 2015,MANTUA 2015-2016 BOYS,SW-Locke Avenue Park,,
10/27/2024,13:30,16794400,,GotSport,Soccer,U-11,DELRAN FC SOCCER DELRAN FC KNIGHTS 2014,UPPER TOWNSHIP SA HURRICANES GREEN 2014,,,
10/27/2024,13:30,16796209,,GotSport,Soccer,U-15,DEPTFORD DEMONS 2010,PENNSAUKEN YOUTH SOCCER CLUB CYCLONES 2010,DEPTFORD SC,,
10/27/2024,13:30,16796384,,GotSport,Soccer,U-14,CHERRY HILL FC JUNIOR WHITE 2011/12,DELRAN FC FLASH 2011,CHFC - DeCOU,,
10/27/2024,13:30,16795219,,GotSport,Soccer,U-16,NORTHERN BURLINGTON SA BULLDOGS 2009,EAST GREENWICH SA EGSA THUNDER 2009,NB- MANSFIELD TOWNSHIP ELEMENTARY SCHOOL,,
10/27/2024,13:30,16795923,,GotSport,Soccer,U-16,WINSLOW VIPERS 2009,TBAA STORM 2009,WINSLOW TWP - PETER VOLPA,,
10/27/2024,13:30,16796518,,GotSport,Soccer,U-8,MAPLE SHADE CHAOS 2017,BURLINGTON TOWNSHIP SOCCER FIRE 2017,MAPLE SHADE - TURF FIELD,,
10/27/2024,13:45,16795484,,GotSport,Soccer,U-14,BORDENTOWN FC JAGUARS 2011,MOORESTOWN SC BLACK KNIGHTS 2011,BORDENTOWN - FRIENDSHIP FIELDS,,
10/27/2024,13:45,16796081,,GotSport,Soccer,U-14,WOODSTOWN FURY 2011,PEMBERTON SC PUNISHERS 2011,WOODSTOWN,,
10/27/2024,13:45,16796011,,GotSport,Soccer,U-11,NORTHERN BURLINGTON BLUE DEVILS 2014,BORDENTOWN FC UNION 2014,NB Georgetown Park,,
10/27/2024,13:45,16796993,,GotSport,Soccer,U-11,MOUNT LAUREL UNITED (MLU) COBRAS 2014,CHERRY HILL SC CHERRY HILL SC FORCE 2014,MLU-TROTTERS,,
10/27/2024,13:45,16796234,,GotSport,Soccer,U-13,VOORHEES SA FORCE 2012,ATLANTIC UNITED PREMIER KICKERS 2013 B EDP,VOORHEES-EASTERN HS,,
10/27/2024,13:45,16795373,,GotSport,Soccer,U-10,AUDUBON SOCCER YOUTH BOYS 2015 - HAMMERS,VOORHEES SA COBRAS 2015,AUDUBON - GREEN WAVE PARK,,
10/27/2024,13:45,16795904,,GotSport,Soccer,U-16,FRANKLIN TOWNSHIP YOUTH SOCCER ASSOCIATION STRIKERS 2009,CINNAMINSON SC PIRATES 2009,FRANKLIN TWP YOUTH COMPLEX,,
10/27/2024,13:45,16794657,,GotSport,Soccer,U-14,GATEWAY UNITED SOCCER CLUB WILDCATS 2011,TBAA TITANS 2011,GATEWAY UTD. - WESTVILLE,,
10/27/2024,13:45,16796080,,GotSport,Soccer,U-14,HAMMONTON HEAT BOYS 2011,MOUNT LAUREL UNITED (MLU) WARRIORS 2011,HAMMONTON - MOSS MILL RD PARK SOCCER COMPLEX,,
10/27/2024,14:00,16794598,,GotSport,Soccer,U-8,EAST GREENWICH SA EGSA UNITED 2017,CHERRY HILL SC CHERRY HILL SC DYNAMO (2017) - BOYS,E GREENWICH - THOMPSON FAMILY PARK,,
10/27/2024,14:00,16795740,,GotSport,Soccer,U-9,MAINLAND UNITED SA MUSTANGS RED 2016 B,MOUNT LAUREL UNITED (MLU) REVOLUTION 2016,MAINLAND - MEMORIAL PARK,,
10/27/2024,14:00,16795094,,GotSport,Soccer,U-10,EGG HARBOR SC EAGLES 2015,WEST DEPTFORD SC ANIMALS 2015,EGG HARBOR - BARGAINTOWN,,
10/27/2024,14:00,16796503,,GotSport,Soccer,U-8,MOORESTOWN SC PYTHONS 2017,PITMAN SA LIONS 2017,MOORESTOWN - MEMORIAL FIELDS,,
10/27/2024,14:00,16797004,,GotSport,Soccer,U-11,PITTSGROVE SOCCER CLUB PSC MAVERICKS '14,HAMMONTON HEAT BOYS 2014,PITTSGROVE-GREEN BRANCH,,
10/27/2024,14:00,16795196,,GotSport,Soccer,U-10,WOODSTOWN WILDCATS 2015,EAST GREENWICH SA EGSA FLYERS 2015,WOODSTOWN,,
10/27/2024,14:00,16794387,,GotSport,Soccer,U-14,PENNS GROVE SC RAGE 2011,WASHINGTON TWP SOCCER CLUB CHAOS 11/12,PG-CP-PED- Carney's Point Rec Center,,
10/27/2024,14:00,16794793,,GotSport,Soccer,U-9,PITTSGROVE SOCCER CLUB PSC PRIME BLACK '16,EAST GREENWICH SA EGSA CHAOS 2016,PITTSGROVE-GREEN BRANCH,,
10/27/2024,14:00,16796094,,GotSport,Soccer,U-14,BURLINGTON TOWNSHIP SOCCER REBELS 2011,PALMYRA RIVERTON SC WARRIORS 2011,BURLINGTON TWP - PINEWALD AVE,,
10/27/2024,14:00,16796539,,GotSport,Soccer,U-11,FRANKLIN TOWNSHIP YOUTH SOCCER ASSOCIATION KNIGHTS 2014,HADDONFIELD SC BLACK 2014,FRANKLIN TWP YOUTH COMPLEX,,
10/27/2024,14:00,16796540,,GotSport,Soccer,U-11,HADDON TWP WHITE HAWKS 2014,EAST GREENWICH SA EGSA STARS 2014,,,
10/27/2024,14:00,16794969,,GotSport,Soccer,U-12,VINELAND TERMINATORS 2013,GATEWAY UNITED SOCCER CLUB SHARKS 2013,VINELAND SA,,
10/27/2024,14:00,16795938,,GotSport,Soccer,U-11,PENNSAUKEN YOUTH SOCCER CLUB AVENGERS 2014,FRANKLIN TOWNSHIP YOUTH SOCCER ASSOCIATION STORM 2014,Pennsauken Community Recreation Facility,,
10/27/2024,14:00,16796914,,GotSport,Soccer,U-11,EAST GREENWICH SA EGSA EAGLES 2014,TBAA REVOLUTION 2014,E GREENWICH - THOMPSON FAMILY PARK,,
10/27/2024,14:00,16794325,,GotSport,Soccer,U-10,CLAYTON SA CLIPPERS 2015,HARRISON BLUE ARSENAL 2015,CLAYTON - BENTZ,,
10/27/2024,14:00,16795403,,GotSport,Soccer,U-11,CINNAMINSON SC CHARGERS 2014,CAPE EXPRESS CE ENGINEERS 2014,CINNAMINSON SC - MEMORIAL,,
10/27/2024,14:00,16797025,,GotSport,Soccer,U-8,BORDENTOWN FC REVOLUTION 2017,HADDONFIELD SC REBELS 2017,BORDENTOWN - FRIENDSHIP FIELDS,,
10/27/2024,14:00,16795807,,GotSport,Soccer,U-14,UPPER TOWNSHIP SA TSUNAMIS 2011,CINNAMINSON SC VIPERS 2011,UPPER TWP-Amanda's Field Complex,,
10/27/2024,14:00,16795781,,GotSport,Soccer,U-13,HADDONFIELD BLACK 2012,CINNAMINSON SC SKULLS 2012,HADDONFIELD - CROWS WOODS,,
10/27/2024,14:00,16794945,,GotSport,Soccer,U-9,CINNAMINSON SC VIPERS 2016,MANTUA TOWNSHIP SA MAMBAS 2016,CINNAMINSON SC - MEMORIAL,,
10/27/2024,14:00,16796579,,GotSport,Soccer,U-8,LOGAN BOOM BLACK 2017,HIGHLAND YOUTH SOCCER CLUB BOYS 2017,LOGAN - TWP LINE,,
10/27/2024,14:00,16794419,,GotSport,Soccer,U-11,TBAA REVOLUTION 2015,VOORHEES SA KNIGHTS 2014,TBAA-VALLEY BROOK,,
10/27/2024,14:00,16795347,,GotSport,Soccer,U-10,WINSLOW TITANS 2015,MEDFORD SC WHITE 2015,WINSLOW TWP - PETER VOLPA,,
10/27/2024,14:00,16794436,,GotSport,Soccer,U-11,DEPTFORD UNITED 2014,WASHINGTON TWP SOCCER CLUB TERROR 2014,DEPTFORD SC,,
10/27/2024,14:00,16796877,,GotSport,Soccer,U-13,WASHINGTON TWP SOCCER CLUB PREDATORS 2012,CHERRY HILL FC 2012 JUNIORS BLACK,WASHINGTON TWP-WASH LAKE PARK,,
10/27/2024,14:00,16797037,,GotSport,Soccer,U-8,VOORHEES SA VENOM 2017,TBAA ROUGHRIDERS 2017,VOORHEES-Echelon Complex,,
10/27/2024,14:00,16796872,,GotSport,Soccer,U-13,SOUTH HARRISON TOWNSHIP SOCCER CLUB STRIKERS 2012,MOUNT LAUREL UNITED (MLU) IMPACT 2012,SOUTH HARRISON - STEWART,,
10/27/2024,14:00,16795106,,GotSport,Soccer,U-10,PENNSVILLE EAGLES GOLD 2015,CHERRY HILL FC 2015 CHFC JUNIOR WHITE,PENNSVILLE,,
10/27/2024,14:00,16794937,,GotSport,Soccer,U-9,MARLTON SC CHIEFS ORANGE 2016,MOUNT LAUREL UNITED (MLU) GLADIATORS 2016,MARLTON - MEMORIAL,,
10/27/2024,14:00,16794541,,GotSport,Soccer,U-12,HIGHLAND YOUTH SOCCER CLUB FURY 2013,SENECA UNITED SC 2014 THUNDER,HIGHLAND - GLOUCESTER TWP PARK,,
10/27/2024,14:00,16796329,,GotSport,Soccer,U-13,LOGAN FORCE 2012,CINNAMINSON SC CHARGE 2012,LOGAN - TWP LINE,,
10/27/2024,14:00,16795815,,GotSport,Soccer,U-14,SWEDESBORO WOOLWICH SOCCER ASSOC. SWSA BLACK MAMBAS 2011,CHERRY HILL FC CHFC 2011 AVENGERS,SW-Locke Avenue Park,,
10/27/2024,14:00,16796324,,GotSport,Soccer,U-13,MAINLAND UNITED SA MUSTANGS RED 2012 B,VINELAND SA JERSEY BOYZ 2012,MAINLAND-Atlantic Christian School,,
10/27/2024,14:00,16796435,,GotSport,Soccer,U-9,BARRINGTON SC BLACK 2016,MOORESTOWN SC DRAGONS 2016,TBA,,
10/27/2024,14:00,16796838,,GotSport,Soccer,U-13,MARLTON SC CHIEFS BLACK 2012,CHERRY HILL SC CHERRY HILL SC BULL DOGS 2012,MARLTON - MEMORIAL,,
10/27/2024,14:00,16796026,,GotSport,Soccer,U-11,BURLINGTON TOWNSHIP SOCCER DYNAMITE 2014,VOORHEES SA VIKINGS 2014,BURLINGTON TWP - PINEWALD AVE,,
10/27/2024,14:00,16796307,,GotSport,Soccer,U-15,VINELAND REBELS 2010,EAST GREENWICH SA EGSA CHARGERS 2010,VINELAND SA,,
10/27/2024,14:00,16796478,,GotSport,Soccer,U-8,PITTSGROVE SOCCER CLUB PSC RAPTORS ‘17,UPPER TOWNSHIP SA FLASH 2017,PITTSGROVE-GREEN BRANCH,,
10/27/2024,14:00,16794611,,GotSport,Soccer,U-14,MANTUA TOWNSHIP SA UNION 2011,DEPTFORD TORNADOES 2011,MANTUA TWP,,
10/27/2024,14:00,16794466,,GotSport,Soccer,U-12,HADDON HEIGHTS SC BEAST BOYS 2013,MOORESTOWN SC THUNDER 2013,HADD HGTS - DEVON,,
10/27/2024,14:00,16795792,,GotSport,Soccer,U-13,HARRISON WILDCATS 2012,COLLINGSWOOD OAKLYN SOCCER CLUB ROVERS 2013,HARRISON - William Wilt Soccer Complex,,
10/27/2024,14:00,16795328,,GotSport,Soccer,U-10,UPPER TOWNSHIP SA COMETS GREEN 2015,SJ FUTBOL CLUB RAMS 2015,UPPER TWP-Amanda's Field Complex,,
10/27/2024,14:00,16795018,,GotSport,Soccer,U-10,CINNAMINSON SC RED DEVILS 2015,DELRAN FC COBRAS 2015,CINNAMINSON SC - MEMORIAL,,
10/27/2024,14:00,16794480,,GotSport,Soccer,U-12,MAINLAND UNITED SA MUSTANGS WHITE 2013-14 B,HADDON TWP WHITE HAWKS 2013,MAINLAND - MEMORIAL PARK,,
10/27/2024,14:00,16795024,,GotSport,Soccer,U-8,MONROE UNITED 2017,MOUNT LAUREL UNITED (MLU) MLU PRESTIGE 2017,MONROE TWP - CORKERY LANE,,
10/27/2024,14:00,16796188,,GotSport,Soccer,U-10,WASHINGTON TWP SOCCER CLUB RAPTORS 2015,MONROE TOWNSHIP YS UNITED BLUE 2015,WASHINGTON TWP. - Levy Fields (Virtua),,
10/27/2024,14:00,16795155,,GotSport,Soccer,U-15,HARRISON SC STORM 2010,WINSLOW SLAYERS 2010,HARRISON - William Wilt Soccer Complex,,
10/27/2024,14:00,16795843,,GotSport,Soccer,U-12,EGG HARBOR SC EAGLES 2013 BLACK,SJ FUTBOL CLUB SOUNDERS 2013,EGG HARBOR - BARGAINTOWN,,
10/27/2024,14:00,16795629,,GotSport,Soccer,U-12,PALMYRA RIVERTON SC HURRICANES 2013,PITMAN SA TOMCATS 2013,,,
10/27/2024,14:00,16794899,,GotSport,Soccer,U-9,MOORESTOWN SC RENEGADES 2016,FRANKLIN TOWNSHIP YOUTH SOCCER ASSOCIATION UNITED 2016,MOORESTOWN - MEMORIAL FIELDS,,
10/27/2024,14:00,16796451,,GotSport,Soccer,U-10,PITMAN SA WILDCATS 2015,SWEDESBORO WOOLWICH SOCCER ASSOC. SWSA GUNNERS 2015,PITMAN - Dell,,
10/27/2024,14:00,16796007,,GotSport,Soccer,U-11,RANCOCAS VALLEY SC RVSC - '14 FOREST,DELRAN FC HAWKS 2014,Rancocas Valley-LUMBERTON MUNICIPAL,,
10/27/2024,14:00,16795454,,GotSport,Soccer,U-11,WEST DEPTFORD SC EAGLES 2014,GATEWAY UNITED SOCCER CLUB GREYHOUNDS 2014,W DEPTFORD-WD PARK,,
10/27/2024,14:00,16795630,,GotSport,Soccer,U-12,MOORESTOWN SC DRAGONS 2013,MOUNT LAUREL UNITED (MLU) GALAXY 2013,MOORESTOWN - SALEM RD/PRYOR PARK,,
10/27/2024,14:00,16795631,,GotSport,Soccer,U-12,VOORHEES COSMOS 2013,PENNSVILLE EAGLES 2013,VOORHEES-Echelon Complex,,
10/27/2024,14:00,16794862,,GotSport,Soccer,U-13,TAR-KILL SOCCER CLUB TARKILL LIVERPOOL 2012,WINSLOW DYNAMO 2012,TARKILL-STERLING HS,,
10/27/2024,14:00,16795999,,GotSport,Soccer,U-11,MOORESTOWN SC WOLVERINES 2014,CHERRY HILL SC CHERRY HILL SC WHITE (2014) - BOYS,MOORESTOWN - SALEM RD/PRYOR PARK,,
10/27/2024,14:00,16795979,,GotSport,Soccer,U-13,SWEDESBORO WOOLWICH SOCCER ASSOC. SWSA SHARKS 2012,EAST GREENWICH SA EGSA VENOM 2012,SW-Locke Avenue Park,,
10/27/2024,14:00,16794873,,GotSport,Soccer,U-9,LOGAN SUPERNOVA 2016,PITMAN SA BOBCATS 2016,LOGAN - TWP LINE,,
10/27/2024,14:00,16796702,,GotSport,Soccer,U-9,TBAA KNIGHTS 2016,MOORESTOWN SC UNITED 2016,TBAA-VALLEY BROOK,,
10/27/2024,14:15,16796958,,GotSport,Soccer,U-12,WOODBURY SOCCER CLUB WOODBURY BISON 2013,PALMYRA RIVERTON SC YOUNGBLOODS 2013,WOODBURY,,
10/27/2024,14:30,16796720,,GotSport,Soccer,U-8,CHERRY HILL FC 2017 JUNIORS BLACK,CINNAMINSON SC BLACK 2017,CHFC - DeCOU,,
10/27/2024,14:30,16795095,,GotSport,Soccer,U-10,HIGHLAND YOUTH SOCCER CLUB LIGHTNING 2015,UPPER TOWNSHIP SA SUPER SONICS 2015,HIGHLAND - GLOUCESTER TWP PARK,,
10/27/2024,14:30,16794827,,GotSport,Soccer,U-8,DELRAN FC SOCCER GREY 2017B,HADDON HEIGHTS SC HAVOC 2017,,,
10/27/2024,14:30,16796785,,GotSport,Soccer,U-9,HARRISON HORNETS 2016,SENECA UNITED SC 2016 RAPTORS,HARRISON - William Wilt Soccer Complex,,
10/27/2024,14:30,16796728,,GotSport,Soccer,U-8,RANCOCAS VALLEY SC 2017 BOYS PREMIER,HADDONFIELD SC THUNDER 2017,Rancocas Valley-LUMBERTON MUNICIPAL,,
10/27/2024,14:30,16796418,,GotSport,Soccer,U-9,COLLINGSWOOD OAKLYN SOCCER CLUB WARRIORS 2016,CINNAMINSON SC CHAOS 2016,COSC- Oaklyn Public School,,
10/27/2024,14:30,16796370,,GotSport,Soccer,U-13,MEDFORD SC DESTROYERS 2012,CAPE EXPRESS WHITE CAPS 2012,MEDFORD - BENDE PARK,,
10/27/2024,14:30,16795013,,GotSport,Soccer,U-10,HADDONFIELD SC BLACK 2015 B,BURLINGTON TOWNSHIP SOCCER THUNDER2015,HADDONFIELD - CROWS WOODS,,
10/27/2024,14:30,16795419,,GotSport,Soccer,U-12,WOODSTOWN WOLVERINES 2013,HIGHLAND YOUTH SOCCER CLUB CHAOS 2013,WOODSTOWN,,
10/27/2024,14:30,16794532,,GotSport,Soccer,U-12,TAR-KILL SOCCER CLUB TARKILL KNIGHTS 2013,PITMAN SA TIGERS 2013,TARKILL-STERLING HS,,
10/27/2024,14:30,16795441,,GotSport,Soccer,U-12,MARLTON SC CHIEFS SILVER 2013,CINNAMINSON SC STRIKERS 2013,MARLTON - MEMORIAL,,
10/27/2024,14:30,16794449,,GotSport,Soccer,U-11,MONROE TOWNSHIP YS UNITED BOYS BLUE 2014,MARLTON SC CHIEFS ORANGE 2015,MONROE TWP - CORKERY LANE,,
10/27/2024,14:30,16795557,,GotSport,Soccer,U-9,WEST DEPTFORD SC TSUNAMI 2016,UPPER TOWNSHIP SA THUNDER 2016,W DEPTFORD-WD PARK,,
10/27/2024,14:30,16795041,,GotSport,Soccer,U-8,MEDFORD SC 2017B NAVY,WASHINGTON UNITED SOCCER CLUB WUSC 2017 BOYS,MEDFORD - BENDE PARK,,
10/27/2024,14:30,16795751,,GotSport,Soccer,U-9,HADDON TWP RED HAWKS 2016,CAPE EXPRESS CE NOR'EASTERS 2016,,,
10/27/2024,14:45,16796598,,GotSport,Soccer,U-10,MAPLE SHADE WILD 2015,MILLVILLE PREDATORS 2015,MAPLE SHADE - TURF FIELD,,
10/27/2024,14:45,16795531,,GotSport,Soccer,U-9,SWEDESBORO WOOLWICH SOCCER ASSOC. SWSA VENOM 2016,HIGHLAND YOUTH SOCCER CLUB HAVOK 2016,SW-Locke Avenue Park,,
10/27/2024,15:00,16796953,,GotSport,Soccer,U-12,DELRAN FC SOCCER GREY 2013B,BERLIN SOCCER CLUB BULLDOGS 2013,,,
10/27/2024,15:00,16794500,,GotSport,Soccer,U-10,MOUNT LAUREL UNITED (MLU) MLU KNIGHTS 2015,HADDONFIELD SC RED 2015 B,MLU-TROTTERS,,
10/27/2024,15:00,16794746,,GotSport,Soccer,U-9,AUDUBON 2016 BOYS,NORTHERN BURLINGTON BOOM 2016,AUDUBON - GREEN WAVE PARK,,
10/27/2024,15:15,16795963,,GotSport,Soccer,U-13,NORTHERN BURLINGTON SA RANGERS 2012,HADDON TWP RED HAWKS 2012,NB- MANSFIELD TOWNSHIP ELEMENTARY SCHOOL,,
10/27/2024,15:15,16794612,,GotSport,Soccer,U-14,BORDENTOWN FC RENEGADES 2011,CAPE EXPRESS SURGE 2011,BORDENTOWN - FRIENDSHIP FIELDS,,
10/27/2024,15:15,16794632,,GotSport,Soccer,U-14,WINSLOW WILDCATS 2011,MEDFORD SC COLUMBIA 2011,WINSLOW TWP - PETER VOLPA,,
10/27/2024,15:15,16795107,,GotSport,Soccer,U-10,NORTHERN BURLINGTON STORM 2015,DEPTFORD SA CYCLONES 2015,NB Georgetown Park,,
10/27/2024,15:20,16796116,,GotSport,Soccer,U-19,HIGHLAND YOUTH SOCCER CLUB HURRICANES 2008,SWEDESBORO WOOLWICH SOCCER ASSOC. SWSA SCORPIONS 2008,HIGHLAND - GLOUCESTER TWP PARK,,
10/27/2024,15:20,16795162,,GotSport,Soccer,U-15,DEPTFORD BRUTE FORCE 2010,PALMYRA RIVERTON SC UNION 2010,DEPTFORD SC,,
10/27/2024,15:30,16794281,,GotSport,Soccer,U-12,VINELAND SA UNITED 2013,MEDFORD STRIKERS 2013 BOYS,VINELAND SA,,
10/27/2024,15:30,16795878,,GotSport,Soccer,U-10,DEPTFORD THUNDER 2015,SENECA UNITED SC 2015 PARK RANGERS,DEPTFORD SC,,
10/27/2024,15:30,16795806,,GotSport,Soccer,U-14,VOORHEES SA ATTACK 2011,EGG HARBOR SC EAGLES BLACK 2011,VOORHEES-EASTERN HS,,
10/27/2024,15:30,16796665,,GotSport,Soccer,U-9,VOORHEES SA TITANS 2016,WEST DEPTFORD SC WARRIORS 2016,VOORHEES-Echelon Complex,,
10/27/2024,15:30,16796489,,GotSport,Soccer,U-8,SOUTH HARRISON FORCE,EGG HARBOR SC EAGLES 2017,SOUTH HARRISON - STEWART,,
10/27/2024,15:30,16796400,,GotSport,Soccer,U-14,HADDONFIELD SC WHITE 2011,MOORESTOWN SC LIGHTNING 2011,HADDONFIELD - CROWS WOODS,,
10/27/2024,15:30,16794744,,GotSport,Soccer,U-9,PENNS GROVE SC DRAGONS 2016,HADDON HEIGHTS SC RUCKUS 2016,PG-CP-PED- Carney's Point Rec Center,,
10/27/2024,15:30,16796850,,GotSport,Soccer,U-13,PITTSGROVE SOCCER CLUB PSC SPURS '12,HADDONFIELD SC RED 2012,PITTSGROVE-GREEN BRANCH,,
10/27/2024,15:30,16795174,,GotSport,Soccer,U-10,LOGAN ARMADA BLUE 2015,HAMILTON ELITE FC PREMIER 2015B,LOGAN - TWP LINE,,
10/27/2024,15:30,16795501,,GotSport,Soccer,U-14,HADDON TWP RED HAWKS 2011,LOGAN BLAZE 2011,HADDON TWP - RECCHINO FIELDS,,
10/27/2024,15:30,16796836,,GotSport,Soccer,U-13,WOODSTOWN THUNDER 2012,COLLINGSWOOD OAKLYN SOCCER CLUB KNIGHTS 2012,WOODSTOWN,,
10/27/2024,15:30,16795692,,GotSport,Soccer,U-10,VOORHEES SA PYTHONS 2015,TAR-KILL SOCCER CLUB TARKILL 2015 WHITE,VOORHEES-Echelon Complex,,
10/27/2024,15:30,16795926,,GotSport,Soccer,U-16,BURLINGTON TOWNSHIP SOCCER CELTIC 2010,MARLTON SC CHIEFS ORANGE 2009,BURLINGTON TWP - PINEWALD AVE,,
10/27/2024,15:30,16795660,,GotSport,Soccer,U-13,SWEDESBORO WOOLWICH SOCCER ASSOC. SWSA CYCLONES 2012/2013,PENNSVILLE EAGLES 2012,SW-Locke Avenue Park,,
10/27/2024,15:30,16794834,,GotSport,Soccer,U-8,MOORESTOWN SC HAWKS 2017,CINNAMINSON SC UNION 2017,MOORESTOWN - MEMORIAL FIELDS,,
10/27/2024,15:30,16796823,,GotSport,Soccer,U-13,TAR-KILL SOCCER CLUB TARKILL BARCELONA 2012,BERLIN SOCCER CLUB BALL BREAKERS 2012,TARKILL-STERLING HS,,
10/27/2024,15:30,16796758,,GotSport,Soccer,U-9,UPPER TOWNSHIP SA BREAKERS 2016,HADDONFIELD SC WHITE 2016,UPPER TWP-Amanda's Field Complex,,
10/27/2024,15:30,16795787,,GotSport,Soccer,U-13,FRANKLIN TOWNSHIP YOUTH SOCCER ASSOCIATION CRUSADERS 2012,WEST DEPTFORD SC UNION 2012,FRANKLIN TWP YOUTH COMPLEX,,
10/27/2024,15:30,16796055,,GotSport,Soccer,U-10,SENECA UNITED SC 2015 RAPTORS,MEDFORD SC COLUMBIA 2015,SENECA - STONEY CREEK FIELDS,,
10/27/2024,15:30,16796808,,GotSport,Soccer,U-15,MARLTON SC CHIEFS WHITE 2010,EDGEWATER PARK ATHLETIC ASSOCIATION EP WIZARDS 2010,MARLTON - MEMORIAL,,
10/27/2024,15:30,16794889,,GotSport,Soccer,U-9,PITTSGROVE SOCCER CLUB PSC PRIME WHITE '16,VOORHEES SA DESTROYERS 2016,PITTSGROVE-GREEN BRANCH,,
10/27/2024,15:30,16795782,,GotSport,Soccer,U-13,MANTUA TOWNSHIP SA FURY 2012,PENNSAUKEN YOUTH SOCCER CLUB OUTLAWS 2012,MANTUA TWP,,
10/27/2024,15:30,16795526,,GotSport,Soccer,U-9,WASHINGTON TWP SOCCER CLUB THUNDER 2016,HADDONFIELD SC BLACK 2016 B,WASHINGTON TWP. - Levy Fields (Virtua),,
10/27/2024,15:30,16796644,,GotSport,Soccer,U-14,WASHINGTON TWP SOCCER CLUB REGULATORS 2011,DELRAN FC BLAST 2011,WASHINGTON TWP-WASH LAKE PARK,,
10/27/2024,15:30,16796283,,GotSport,Soccer,U-12,BURLINGTON TOWNSHIP SOCCER STRIKERS 2013,CHERRY HILL SC CHERRY HILL SC FORCE 2013,BURLINGTON TWP - PINEWALD AVE,,
10/27/2024,15:30,16796186,,GotSport,Soccer,U-10,PALMYRA RIVERTON SC NATIONALS 2015,HADDON TWP RED HAWKS 2015,,,
10/27/2024,15:30,16795401,,GotSport,Soccer,U-11,PITTSGROVE SOCCER CLUB PSC PHANTOMS '14,UPPER TOWNSHIP SA HURRICANES WHITE 2014,PITTSGROVE-GREEN BRANCH,,
10/27/2024,15:30,16795194,,GotSport,Soccer,U-10,PENNSVILLE EAGLES BLUE 2015,MAINLAND UNITED SA MUSTANGS WHITE 2015-16 B,PENNSVILLE,,
10/27/2024,15:30,16794386,,GotSport,Soccer,U-14,CLAYTON SA CLIPPERS 2011/2012,PITMAN SA PUMAS 2011,CLAYTON - BENTZ,,
10/27/2024,15:30,16796274,,GotSport,Soccer,U-12,RANCOCAS VALLEY SC RONALDO 2013,SENECA UNITED SC 2013 TIGERS,Rancocas Valley-LUMBERTON MUNICIPAL,,
10/27/2024,15:30,16796896,,GotSport,Soccer,U-11,EGG HARBOR SC EAGLES 2014 WHITE,WASHINGTON TWP SOCCER CLUB WARRIORS 2014,EGG HARBOR - BARGAINTOWN,,
10/27/2024,15:30,16794950,,GotSport,Soccer,U-9,MONROE UNITED 2016B,HARRISON LEGENDS 2016,MONROE TWP - CORKERY LANE,,
10/27/2024,15:30,16796054,,GotSport,Soccer,U-10,EAST GREENWICH SA EGSA TIGERS 2015,PENNSAUKEN YOUTH SOCCER CLUB LIONS 2015,E GREENWICH - THOMPSON FAMILY PARK,,
10/27/2024,15:30,16795353,,GotSport,Soccer,U-10,CINNAMINSON SC RAPTORS 2015,MAINLAND UNITED SA MUSTANGS BLACK 2015 B,CINNAMINSON SC - MEMORIAL,,
10/27/2024,15:30,16796490,,GotSport,Soccer,U-8,MAINLAND UNITED SA MUSTANGS RED 2017 B,HARRISON HURRICANES 2017,MAINLAND - MEMORIAL PARK,,
10/27/2024,15:30,16795659,,GotSport,Soccer,U-13,LOGAN FUSION 2012,HIGHLAND YOUTH SOCCER CLUB MUSTANGS 2012,LOGAN - TWP LINE,,
10/27/2024,15:30,16795093,,GotSport,Soccer,U-10,HADDON HEIGHTS SC CHEETAHS 2015,CAPE EXPRESS CE SILVER STREAK 2015,HADD HGTS - DEVON,,
10/27/2024,15:30,16794585,,GotSport,Soccer,U-8,CINNAMINSON RED 2017,MANTUA CHAOS 2017,CINNAMINSON SC - MEMORIAL,,
10/27/2024,15:30,16795870,,GotSport,Soccer,U-10,MILLVILLE WARRIORS 2015,ATLANTIC UNITED PREMIER FIRE 2015 B,MILLVILLE SOCCER COMPLEX,,
10/27/2024,15:30,16794437,,GotSport,Soccer,U-11,MAINLAND UNITED SA MUSTANGS RED 2014 B,HADDONFIELD SC RED 2014 B,MAINLAND - MEMORIAL PARK,,
10/27/2024,15:30,16796783,,GotSport,Soccer,U-9,MARLTON SC CHIEFS WHITE 2016,CHERRY HILL FC 2016 JUNIOR BLACK,MARLTON - MEMORIAL,,
10/27/2024,15:30,16795586,,GotSport,Soccer,U-12,MOORESTOWN SC RAPTORS 2013,EAST GREENWICH SA EGSA DYNAMO 2013,MOORESTOWN - SALEM RD/PRYOR PARK,,
10/27/2024,15:30,16796663,,GotSport,Soccer,U-9,WINSLOW VENOM 2016,WATERFORD ATHLETIC ASSN WINGS 2016,WINSLOW TWP - PETER VOLPA,,
10/27/2024,15:30,16794688,,GotSport,Soccer,U-8,TBAA REVOLUTION 2017,SJ FUTBOL CLUB HAMMERS 2017,TBAA-VALLEY BROOK,,
10/27/2024,15:35,16795708,,GotSport,Soccer,U-11,SWEDESBORO WOOLWICH SOCCER ASSOC. SWSA LIGHTNING 2014,PITMAN SA BENGALS 2014,SW-Locke Avenue Park,,
10/27/2024,15:40,16795316,,GotSport,Soccer,U-14,HARRISON SC THUNDER 2011,PITTSGROVE SOCCER CLUB PSC WOLVES '11,HARRISON - William Wilt Soccer Complex,,
10/27/2024,15:45,16796164,,GotSport,Soccer,U-8,HADDONFIELD SC FIRE 2017,CHERRY HILL SC CHERRY HILL SC COBRAS (2017) - BOYS,HADDONFIELD - CROWS WOODS,,
10/27/2024,15:45,16795937,,GotSport,Soccer,U-11,CHERRY HILL FC 2015 JUNIOR RED,VOORHEES SA VIPERS 2015,CHFC - DeCOU,,
10/27/2024,15:45,16794271,,GotSport,Soccer,U-12,HARRISON SC LIGHTNING 2013,MONROE UNITED 2013,HARRISON - William Wilt Soccer Complex,,
10/27/2024,15:45,16794674,,GotSport,Soccer,U-8,TAR-KILL SOCCER CLUB TARKILL UNION 2017,CAPE EXPRESS CE 2017 BARCA,TARKILL-STERLING HS,,
10/27/2024,15:45,16795279,,GotSport,Soccer,U-12,WOODSTOWN PREDATORS 2013,MOUNT LAUREL UNITED (MLU) TIGERS 2013,WOODSTOWN,,
10/27/2024,15:45,16796679,,GotSport,Soccer,U-9,RANCOCAS VALLEY SC 2016 BOYS PREMIER,MEDFORD SC WHITE 2016,Rancocas Valley-LUMBERTON MUNICIPAL,,
10/27/2024,15:45,16795127,,GotSport,Soccer,U-10,HIGHLAND YOUTH SOCCER CLUB STORM 2015,MOUNT LAUREL UNITED (MLU) SHARKS 2015,HIGHLAND - GLOUCESTER TWP PARK,,
10/27/2024,15:45,16796541,,GotSport,Soccer,U-11,MARLTON SC CHIEFS SILVER 2014,NORTHERN BURLINGTON JACKALS 2015,MARLTON - MEMORIAL,,
10/27/2024,15:45,16796452,,GotSport,Soccer,U-10,WOODBURY BOLTS,MEDFORD SC GOLD 2015,WOODBURY,,
10/27/2024,15:45,16796138,,GotSport,Soccer,U-8,MEDFORD SC 2017B WHITE,GATEWAY UNITED SOCCER CLUB GUSC B2017,MEDFORD - BENDE PARK,,
10/27/2024,15:45,16794557,,GotSport,Soccer,U-9,HADDON TWP WHITE HAWKS 2016,CHERRY HILL SC CHERRY HILL SC 72S (2016) - BOYS,,,
10/27/2024,15:45,16796757,,GotSport,Soccer,U-9,HARRISON HURRICANES 2016,EAST GREENWICH SA EGSA ROYALS 2016,HARRISON - William Wilt Soccer Complex,,
10/27/2024,15:45,16796796,,GotSport,Soccer,U-9,WEST DEPTFORD SC WILDCATS 2016,ATLANTIC UNITED PREMIER BLACK 2016 B,W DEPTFORD-WD PARK,,
10/27/2024,15:45,16794754,,GotSport,Soccer,U-9,DELRAN FC SOCCER SHARKS 2016,GATEWAY UNITED SOCCER CLUB 2016 GUSC THUNDER,,,
10/27/2024,15:45,16794570,,GotSport,Soccer,U-9,COLLINGSWOOD OAKLYN SOCCER CLUB SPARTANS 2016,SENECA UNITED SC 2016 EAGLES,COSC- Oaklyn Public School,,
10/27/2024,16:00,16794828,,GotSport,Soccer,U-8,SWEDESBORO WOOLWICH SOCCER ASSOC. SWSA FIREBALLS 2017,AUDUBON U8 BOYS 2017 TEAM 2,SW-Locke Avenue Park,,
10/27/2024,16:15,16796053,,GotSport,Soccer,U-10,MOUNT LAUREL UNITED (MLU) MLU WOLFPACK 2015,DEPTFORD LIGHTNING 2015,MLU-TROTTERS,,
10/27/2024,16:15,16796163,,GotSport,Soccer,U-8,AUDUBON U8 BOYS 2017 TEAM 1,WASHINGTON TWP SOCCER CLUB REBELS 2017,AUDUBON - GREEN WAVE PARK,,
11/01/2024,19:30,16795312,,GotSport,Soccer,U-14,CHERRY HILL SC CHAOS 2011,MOUNT LAUREL UNITED (MLU) FLASH 2011,CHSC - UPPER CHAPEL TURF,,
11/03/2024,11:00,16795986,,GotSport,Soccer,U-13,VOORHEES SA PREDATORS 2013,NORTHERN BURLINGTON SA RANGERS 2012,VOORHEES-EASTERN HS,,
11/03/2024,11:00,16796309,,GotSport,Soccer,U-15,CHERRY HILL SC CHERRY HILL SC FUSION (2011) - BOYS,WOODBURY ARMORY 2010,CHSC - CH WEST HS,,
11/03/2024,11:00,16796127,,GotSport,Soccer,U-19,HIGHLAND YOUTH SOCCER CLUB HURRICANES 2008,HIGHLAND YOUTH SOCCER CLUB FUSION 2008,HIGHLAND - GLOUCESTER TWP PARK,,
11/03/2024,11:00,16795772,,GotSport,Soccer,U-13,CINNAMINSON SC SKULLS 2012,COLLINGSWOOD OAKLYN SOCCER CLUB ROVERS 2013,CINNAMINSON SC - MEMORIAL,,
11/03/2024,11:00,16795392,,GotSport,Soccer,U-11,CAPE EXPRESS CE ENGINEERS 2014,PITTSGROVE SOCCER CLUB PSC PHANTOMS '14,CAPE EX SOCCER COMPLEX At Ockie Wisting,,
11/03/2024,11:00,16794863,,GotSport,Soccer,U-13,WINSLOW DYNAMO 2012,PITTSGROVE SOCCER CLUB PSC WARRIORS '12,WINSLOW TWP - PETER VOLPA,,
11/03/2024,11:00,16795141,,GotSport,Soccer,U-15,HARRISON SC STORM 2010,DEPTFORD BRUTE FORCE 2010,HARRISON - William Wilt Soccer Complex,,
11/03/2024,11:00,16795227,,GotSport,Soccer,U-16,EAST GREENWICH SA EGSA THUNDER 2009,SJ FUTBOL CLUB RAPIDS 2009,E GREENWICH - THOMPSON FAMILY PARK,,
11/03/2024,11:00,16796115,,GotSport,Soccer,U-19,MEDFORD SC ,GATEWAY UNITED SOCCER CLUB GUSC WARRIORS B2006,MEDFORD - BENDE PARK,,
11/03/2024,12:00,16795040,,GotSport,Soccer,U-8,WASHINGTON UNITED SOCCER CLUB WUSC 2017 BOYS,MARLTON SC CHIEFS ORANGE 2017,WASHINGTON TWP. - Levy Fields (Virtua),,
11/03/2024,12:00,16796997,,GotSport,Soccer,U-11,CHERRY HILL SC CHERRY HILL SC FORCE 2014,MOORESTOWN SC GUARDIANS 2014,CHSC - UPPER CHAPEL TURF,,
11/03/2024,12:00,16795741,,GotSport,Soccer,U-9,MOUNT LAUREL UNITED (MLU) REVOLUTION 2016,BORDENTOWN FC REVOLUTION 2016,MLU-TROTTERS,,
11/03/2024,12:00,16795157,,GotSport,Soccer,U-15,PALMYRA RIVERTON SC UNION 2010,AUDUBON SOCCER YOUTH UNITED 2010,PAL-RIV - LEGION FIELD,,
11/03/2024,12:00,16797028,,GotSport,Soccer,U-8,HADDONFIELD SC REBELS 2017,HADDON TWP. WHITE HAWKS 2017,HADDONFIELD - CROWS WOODS,,
11/03/2024,12:00,16795405,,GotSport,Soccer,U-11,MARLTON SC CHIEFS WHITE 2014,CINNAMINSON SC CHARGERS 2014,MARLTON - MEMORIAL,,
11/03/2024,12:00,16795280,,GotSport,Soccer,U-12,WEST DEPTFORD SC WARRIORS 2013,EAST GREENWICH SA EGSA MAYHEM 2013,W DEPTFORD-WD PARK,,
11/03/2024,12:00,16795068,,GotSport,Soccer,U-12,MOUNT LAUREL UNITED (MLU) LIGHTNING 2014,EGG HARBOR SC EAGLES WHITE 2013,MLU-TROTTERS,,
11/03/2024,12:00,16794489,,GotSport,Soccer,U-10,HADDONFIELD SC RED 2015 B,CHERRY HILL SC CHERRY HILL SC WARRIORS 2015,HADDONFIELD - CROWS WOODS,,
11/03/2024,12:00,16794755,,GotSport,Soccer,U-9,MOORESTOWN SC WARRIORS 2016,DELRAN FC SOCCER SHARKS 2016,MOORESTOWN - MEMORIAL FIELDS,,
11/03/2024,12:00,16794283,,GotSport,Soccer,U-12,MEDFORD STRIKERS 2013 BOYS,HARRISON SC LIGHTNING 2013,MEDFORD STRIKERS - ARK ROAD COMPLEX,,
11/03/2024,12:00,16796810,,GotSport,Soccer,U-15,BERLIN SOCCER CLUB BRAWLERS 2010,MILLVILLE VENOM 2010,BERLIN SC - FRANKLIN FIELDS,,
11/03/2024,12:00,16794478,,GotSport,Soccer,U-12,EAST GREENWICH SA EGSA PANTHERS 2013,MAINLAND UNITED SA MUSTANGS WHITE 2013-14 B,E GREENWICH - THOMPSON FAMILY PARK,,
11/03/2024,12:00,16794607,,GotSport,Soccer,U-14,DEPTFORD TORNADOES 2011,BORDENTOWN FC RENEGADES 2011,DEPTFORD SC,,
11/03/2024,12:00,16796250,,GotSport,Soccer,U-13,BURLINGTON TOWNSHIP SOCCER DRAGONS 2012,HIGHLAND YOUTH SOCCER CLUB FORCE 2012,BURLINGTON TWP - PINEWALD AVE,,
11/03/2024,12:00,16796600,,GotSport,Soccer,U-10,MANTUA TOWNSHIP SA FROGS 2015,VINELAND AVENGERS 2015,MANTUA TWP,,
11/03/2024,12:00,16794451,,GotSport,Soccer,U-11,MAINLAND UNITED SA MUSTANGS RED 2014 B,WASHINGTON TWP SOCCER CLUB TERROR 2014,MAINLAND - MEMORIAL PARK,,
11/03/2024,12:00,16796211,,GotSport,Soccer,U-15,NORTHERN BURLINGTON SA BLAST 2010,BORDENTOWN FC PANTHERS 2010,NB- MANSFIELD TOWNSHIP ELEMENTARY SCHOOL,,
11/03/2024,12:00,16795256,,GotSport,Soccer,U-15,WASHINGTON TWP SOCCER CLUB RENEGADES 2010,MOUNT LAUREL UNITED (MLU) FORCE 2010,WASHINGTON TWP-WASH LAKE PARK,,
11/03/2024,12:00,16794927,,GotSport,Soccer,U-11,ATLANTIC UNITED PREMIER KICKERS 2014 B,CHERRY HILL SC CHERRY HILL SC UNION 2015,ATLANTIC - TARTAGLIO,,
11/03/2024,12:00,16795700,,GotSport,Soccer,U-10,CINNAMINSON SC PIRATES SEA DOGS 2015,VOORHEES SA PYTHONS 2015,CINNAMINSON SC - MEMORIAL,,
11/03/2024,12:00,16796210,,GotSport,Soccer,U-15,PENNSAUKEN YOUTH SOCCER CLUB CYCLONES 2010,MEDFORD SC MAD DOGS WHITE 2010,Pennsauken Community Recreation Facility,,
11/03/2024,12:00,16795906,,GotSport,Soccer,U-16,MARLTON SC CHIEFS ORANGE 2009,WINSLOW VIPERS 2009,MARLTON - MEMORIAL,,
11/03/2024,12:00,16794647,,GotSport,Soccer,U-14,TBAA TITANS 2011,NORTHERN BURLINGTON SA HOOLIGANS 2011,TBAA-VALLEY BROOK,,
11/03/2024,12:00,16795140,,GotSport,Soccer,U-15,WOODSTOWN WOLVERINES 2010,FRANKLIN TOWNSHIP YOUTH SOCCER ASSOCIATION STORM 2010,WOODSTOWN,,
11/03/2024,12:00,16795845,,GotSport,Soccer,U-12,SJ FUTBOL CLUB SOUNDERS 2013,CHERRY HILL SC THUNDER 2013,SJFC - UPPER DEERFIELD RECREATION COMPLEX,,
11/03/2024,12:00,16796931,,GotSport,Soccer,U-11,TBAA REVOLUTION 2014,WATERFORD ATHLETIC ASSN WINGS 2014,TBAA-VALLEY BROOK,,
11/03/2024,12:00,16794794,,GotSport,Soccer,U-9,EAST GREENWICH SA EGSA CHAOS 2016,SWEDESBORO WOOLWICH SOCCER ASSOC. SWSA HAVOC 2016,E GREENWICH - THOMPSON FAMILY PARK,,
11/03/2024,12:00,16795139,,GotSport,Soccer,U-15,HADDONFIELD SC WHITE 2010,WINSLOW SLAYERS 2010,HADDONFIELD - CROWS WOODS,,
11/03/2024,12:00,16796089,,GotSport,Soccer,U-14,HAMMONTON HEAT BOYS 2011,PEMBERTON SC PUNISHERS 2011,HAMMONTON - MOSS MILL RD PARK SOCCER COMPLEX,,
11/03/2024,12:00,16796367,,GotSport,Soccer,U-13,MILLVILLE LYNX 2012,DEPTFORD THUNDER 2012,MILLVILLE SOCCER COMPLEX,,
11/03/2024,12:00,16794684,,GotSport,Soccer,U-8,SWEDESBORO WOOLWICH SOCCER ASSOC. SWSA PANTHERS 2017,TBAA REVOLUTION 2017,SW-Locke Avenue Park,,
11/03/2024,12:30,16796571,,GotSport,Soccer,U-8,HIGHLAND YOUTH SOCCER CLUB BOYS 2017,LOGAN BOOM BLUE 2017,HIGHLAND - GLOUCESTER TWP PARK,,
11/03/2024,12:30,16794809,,GotSport,Soccer,U-9,EGG HARBOR SC EAGLES 2016,PITTSGROVE SOCCER CLUB PSC PRIME BLACK '16,EGG HARBOR - BARGAINTOWN,,
11/03/2024,12:30,16795304,,GotSport,Soccer,U-14,PITTSGROVE SOCCER CLUB PSC WOLVES '11,CHERRY HILL SC CHAOS 2011,PITTSGROVE-GREEN BRANCH,,
11/03/2024,12:30,16796366,,GotSport,Soccer,U-13,CAPE EXPRESS WHITE CAPS 2012,PITMAN SA JAGUARS 2012,CAPE EX SOCCER COMPLEX At Ockie Wisting,,
11/03/2024,12:30,16796190,,GotSport,Soccer,U-10,HADDON TWP RED HAWKS 2015,WASHINGTON TWP SOCCER CLUB RAPTORS 2015,,,
11/03/2024,12:30,16795480,,GotSport,Soccer,U-14,VOORHEES SA BLUES 2011,HADDON TWP RED HAWKS 2011,VOORHEES-EASTERN HS,,
11/03/2024,12:30,16796572,,GotSport,Soccer,U-8,PITMAN SA PANTHERS 2017,WASHINGTON TWP SOCCER CLUB WOLVES 2017,PITMAN - Dell,,
11/03/2024,12:30,16795643,,GotSport,Soccer,U-13,PENNSVILLE EAGLES 2012,LOGAN FUSION 2012,PENNSVILLE,,
11/03/2024,12:30,16796636,,GotSport,Soccer,U-14,CINNAMINSON SC STORM 2011,VINELAND SA STRIKERS 2011,CINNAMINSON SC - MEMORIAL,,
11/03/2024,12:30,16795016,,GotSport,Soccer,U-10,DELRAN FC COBRAS 2015,CHERRY HILL FC 2015 JUNIOR BLACK,,,
11/03/2024,12:30,16794408,,GotSport,Soccer,U-11,VOORHEES SA KNIGHTS 2014,DELRAN FC SOCCER DELRAN FC KNIGHTS 2014,VOORHEES-Echelon Complex,,
11/03/2024,12:30,16794533,,GotSport,Soccer,U-12,SENECA UNITED SC 2014 THUNDER,TAR-KILL SOCCER CLUB TARKILL KNIGHTS 2013,SENECA - STONEY CREEK FIELDS,,
11/03/2024,12:30,16796403,,GotSport,Soccer,U-14,RANCOCAS VALLEY SC BOYS 2011 UNITED,CHERRY HILL FC JUNIOR WHITE 2011/12,Rancocas Valley-LUMBERTON MUNICIPAL,,
11/03/2024,12:30,16795726,,GotSport,Soccer,U-11,PITMAN SA BENGALS 2014,HIGHLAND YOUTH SOCCER CLUB THUNDER 2014,PITMAN - ALCYON LAKE,,
11/03/2024,12:30,16796646,,GotSport,Soccer,U-14,DELRAN FC BLAST 2011,HARRISON SC ARSENAL 2011,,,
11/03/2024,12:30,16794468,,GotSport,Soccer,U-12,HADDON TWP WHITE HAWKS 2013,HADDON HEIGHTS SC BEAST BOYS 2013,,,
11/03/2024,12:30,16795947,,GotSport,Soccer,U-11,VOORHEES SA VIPERS 2015,RANCOCAS VALLEY SC RVSC '14 - CELTIC,VOORHEES-Echelon Complex,,
11/03/2024,12:30,16794303,,GotSport,Soccer,U-10,MONROE TOWNSHIP YS UNITED BOYS 2015,MOORESTOWN SC VIPERS 2015,MONROE TWP - CORKERY LANE,,
11/03/2024,12:30,16794467,,GotSport,Soccer,U-12,MOORESTOWN SC THUNDER 2013,MAPLE SHADE FORCE 2013,MOORESTOWN - SALEM RD/PRYOR PARK,,
11/03/2024,12:30,16795688,,GotSport,Soccer,U-10,TAR-KILL SOCCER CLUB TARKILL 2015 WHITE,BURLINGTON TOWNSHIP SOCCER PHOENIX 2015,TARKILL-STERLING HS,,
11/03/2024,12:30,16796428,,GotSport,Soccer,U-9,CINNAMINSON SC CHAOS 2016,BARRINGTON SC BLACK 2016,CINNAMINSON SC - MEMORIAL,,
11/03/2024,12:30,16796165,,GotSport,Soccer,U-8,MEDFORD SC 2017B WHITE,CHERRY HILL SC CHERRY HILL SC COBRAS (2017) - BOYS,MEDFORD - BENDE PARK,,
11/03/2024,12:30,16794990,,GotSport,Soccer,U-12,WASHINGTON TWP SOCCER CLUB DAREDEVILS 2013,VINELAND TERMINATORS 2013,WASHINGTON TWP-WASH LAKE PARK,,
11/03/2024,12:30,16795198,,GotSport,Soccer,U-10,LOGAN ARMADA BLUE 2015,PENNSVILLE EAGLES BLUE 2015,LOGAN - TWP LINE,,
11/03/2024,12:30,16794613,,GotSport,Soccer,U-14,MAINLAND UNITED SA MUSTANGS RED 2011 B,CAPE EXPRESS SURGE 2011,MAINLAND-Atlantic Christian School,,
11/03/2024,12:30,16795338,,GotSport,Soccer,U-10,WINSLOW TITANS 2015,MOORESTOWN SC DEVIL RAYS 2015,WINSLOW TWP - PETER VOLPA,,
11/03/2024,12:30,16794864,,GotSport,Soccer,U-13,GATEWAY UNITED SOCCER CLUB STINGRAYS 2012,HARRISON SC STRIKERS 2012,GATEWAY UTD. - WESTVILLE,,
11/03/2024,12:30,16796457,,GotSport,Soccer,U-10,MEDFORD SC GOLD 2015,PITMAN SA WILDCATS 2015,MEDFORD - BENDE PARK,,
11/03/2024,12:30,16794708,,GotSport,Soccer,U-12,HADDON HEIGHTS SC YOUNG BOYS 2013,PENNSAUKEN YOUTH SOCCER CLUB REBELS 2013,HADD HGTS - DEVON,,
11/03/2024,12:30,16795808,,GotSport,Soccer,U-14,CHERRY HILL FC CHFC 2011 AVENGERS,VOORHEES SA ATTACK 2011,CHFC - DeCOU,,
11/03/2024,12:30,16795393,,GotSport,Soccer,U-11,UPPER TOWNSHIP SA HURRICANES WHITE 2014,MEDFORD SC AVENGERS 2014,UPPER TWP-Amanda's Field Complex,,
11/03/2024,12:30,16796154,,GotSport,Soccer,U-8,GATEWAY UNITED SOCCER CLUB GUSC B2017,AUDUBON U8 BOYS 2017 TEAM 1,,,
11/03/2024,12:30,16795305,,GotSport,Soccer,U-14,MOUNT LAUREL UNITED (MLU) FLASH 2011,HADDONFIELD SC RED 2011,MLU-TROTTERS,,
11/03/2024,12:30,16795940,,GotSport,Soccer,U-11,FRANKLIN TOWNSHIP YOUTH SOCCER ASSOCIATION STORM 2014,CHERRY HILL FC 2015 JUNIOR RED,FRANKLIN TWP YOUTH COMPLEX,,
11/03/2024,12:30,16795096,,GotSport,Soccer,U-10,CAPE EXPRESS CE SILVER STREAK 2015,HIGHLAND YOUTH SOCCER CLUB LIGHTNING 2015,CAPE EX SOCCER COMPLEX At Ockie Wisting,,
11/03/2024,12:30,16796655,,GotSport,Soccer,U-9,VOORHEES SA TITANS 2016,CLAYTON SA CLIPPERS 2016,VOORHEES-Echelon Complex,,
11/03/2024,12:30,16796786,,GotSport,Soccer,U-9,SENECA UNITED SC 2016 RAPTORS,WEST DEPTFORD SC WILDCATS 2016,SENECA - STONEY CREEK FIELDS,,
11/03/2024,12:30,16795472,,GotSport,Soccer,U-14,LOGAN BLAZE 2011,BORDENTOWN FC JAGUARS 2011,LOGAN - TWP LINE,,
11/03/2024,12:30,16794720,,GotSport,Soccer,U-12,MEDFORD SC BLUE DEVILS 2013,MONROE TOWNSHIP YS UNITED BOYS BLUE 2013,MEDFORD - BENDE PARK,,
11/03/2024,12:30,16794336,,GotSport,Soccer,U-10,HARRISON BLUE ARSENAL 2015,COHANSEY SC DYNAMO 2015,HARRISON - William Wilt Soccer Complex,,
11/03/2024,12:30,16796491,,GotSport,Soccer,U-8,UPPER TOWNSHIP SA FLASH 2017,MAINLAND UNITED SA MUSTANGS RED 2017 B,UPPER TWP-Amanda's Field Complex,,
11/03/2024,12:30,16795609,,GotSport,Soccer,U-12,HADDONFIELD SC WHITE 2013,PENNSVILLE EAGLES 2013,HADDONFIELD - CROWS WOODS,,
11/03/2024,12:30,16796642,,GotSport,Soccer,U-14,WEST DEPTFORD SC WOLFPACK 2011,WASHINGTON TWP SOCCER CLUB REGULATORS 2011,W DEPTFORD-WD PARK,,
11/03/2024,12:30,16795475,,GotSport,Soccer,U-14,MOORESTOWN SC BLACK KNIGHTS 2011,MONROE TOWNSHIP YS UNITED WHITE 2011,MOORESTOWN - MEMORIAL FIELDS,,
11/03/2024,12:30,16794913,,GotSport,Soccer,U-11,MANTUA TOWNSHIP SA ELITE 2014,HADDON TWP RED HAWKS 2014,MANTUA TWP,,
11/03/2024,12:30,16794269,,GotSport,Soccer,U-12,MONROE UNITED 2013,DELRAN FC SOCCER DELRAN FC UNITED 2013,MONROE TWP - CORKERY LANE,,
11/03/2024,12:40,16796124,,GotSport,Soccer,U-19,HIGHLAND YOUTH SOCCER CLUB GALAXY 2008,MILLVILLE PHANTOMS 2008,HIGHLAND - GLOUCESTER TWP PARK,,
11/03/2024,12:40,16795257,,GotSport,Soccer,U-15,EAST GREENWICH SA EGSA BLAZE 2010,SJ FUTBOL CLUB WOLVES 2010,E GREENWICH - THOMPSON FAMILY PARK,,
11/03/2024,12:40,16794620,,GotSport,Soccer,U-14,MEDFORD SC RENEGADES 2011,MANTUA TOWNSHIP SA UNION 2011,MEDFORD - BENDE PARK,,
11/03/2024,12:40,16796231,,GotSport,Soccer,U-13,CHERRY HILL SC ROYALS 2012,VOORHEES SA FORCE 2012,CHSC - CH WEST HS,,
11/03/2024,13:00,16794983,,GotSport,Soccer,U-12,HARRISON WOLFPACK 2013,DEPTFORD TORNADOS 2013,HARRISON - William Wilt Soccer Complex,,
11/03/2024,13:00,16797005,,GotSport,Soccer,U-11,AUDUBON ATTACK - BOYS 2014,PITTSGROVE SOCCER CLUB PSC MAVERICKS '14,AUDUBON - GREEN WAVE PARK,,
11/03/2024,13:15,16795209,,GotSport,Soccer,U-10,MANTUA 2015-2016 BOYS,HAMILTON ELITE FC PREMIER 2015B,MANTUA TWP,,
11/03/2024,13:15,16795608,,GotSport,Soccer,U-12,MOUNT LAUREL UNITED (MLU) GALAXY 2013,PITMAN SA TOMCATS 2013,MLU-TROTTERS,,
11/03/2024,13:15,16794358,,GotSport,Soccer,U-14,MEDFORD STRIKERS 2011 BOYS,SWEDESBORO WOOLWICH SOCCER ASSOC. SWSA RED FLAMES 2011,MEDFORD STRIKERS - ARK ROAD COMPLEX,,
11/03/2024,13:15,16794547,,GotSport,Soccer,U-9,EAST GREENWICH SA EGSA LIONS 2016,CHERRY HILL SC CHERRY HILL SC 72S (2016) - BOYS,E GREENWICH - THOMPSON FAMILY PARK,,
11/03/2024,13:15,16794923,,GotSport,Soccer,U-11,CHERRY HILL SC CHERRY HILL SC UNITED 2014,TAR-KILL SOCCER CLUB TARKILL CHELSEA 2014,CHSC - UPPER CHAPEL TURF,,
11/03/2024,13:15,16795701,,GotSport,Soccer,U-10,HADDONFIELD SC WHITE 2015 B,CHERRY HILL SC CHERRY HILL SC COMETS (2015) - BOYS,HADDONFIELD - CROWS WOODS,,
11/03/2024,13:15,16795466,,GotSport,Soccer,U-11,WEST DEPTFORD SC EAGLES 2014,MANTUA TOWNSHIP SA OUTLAWS 2014,W DEPTFORD-WD PARK,,
11/03/2024,13:15,16794438,,GotSport,Soccer,U-11,MARLTON SC CHIEFS ORANGE 2015,DEPTFORD UNITED 2014,MARLTON - MEMORIAL,,
11/03/2024,13:15,16795352,,GotSport,Soccer,U-10,MAINLAND UNITED SA MUSTANGS BLACK 2015 B,AUDUBON SOCCER YOUTH BOYS 2015 - HAMMERS,MAINLAND - MEMORIAL PARK,,
11/03/2024,13:15,16796686,,GotSport,Soccer,U-9,MOORESTOWN SC UNITED 2016,RANCOCAS VALLEY SC 2016 BOYS PREMIER,MOORESTOWN - MEMORIAL FIELDS,,
11/03/2024,13:15,16796238,,GotSport,Soccer,U-13,ATLANTIC UNITED PREMIER KICKERS 2013 B EDP,VINELAND SA FURY 2012,ATLANTIC - TARTAGLIO,,
11/03/2024,13:15,16797035,,GotSport,Soccer,U-8,MOUNT LAUREL UNITED (MLU) BOYS TEAM 2 2017,VOORHEES SA VENOM 2017,MLU-TROTTERS,,
11/03/2024,13:15,16796731,,GotSport,Soccer,U-8,HADDONFIELD SC THUNDER 2017,CHERRY HILL FC 2017 JUNIORS BLACK,HADDONFIELD - CROWS WOODS,,
11/03/2024,13:15,16796684,,GotSport,Soccer,U-9,CINNAMINSON SC LIGHTNING 2016,TBAA KNIGHTS 2016,CINNAMINSON SC - MEMORIAL,,
11/03/2024,13:15,16795880,,GotSport,Soccer,U-10,ATLANTIC UNITED PREMIER FIRE 2015 B,UPPER TOWNSHIP SA COMETS WHITE 2015,ATLANTIC - TARTAGLIO,,
11/03/2024,13:15,16796464,,GotSport,Soccer,U-10,SWEDESBORO WOOLWICH SOCCER ASSOC. SWSA GUNNERS 2015,LOGAN ARMADA BLACK 2015,SW-Locke Avenue Park,,
11/03/2024,13:15,16795066,,GotSport,Soccer,U-12,SJ FUTBOL CLUB SJFC FLYERS ELITE 2014,CINNAMINSON SC THUNDERBIRDS 2013,SJFC - UPPER DEERFIELD RECREATION COMPLEX,,
11/03/2024,13:15,16794398,,GotSport,Soccer,U-11,TBAA OUTLAWS 2014,UPPER TOWNSHIP SA HURRICANES GREEN 2014,TBAA-VALLEY BROOK,,
11/03/2024,13:15,16794488,,GotSport,Soccer,U-10,WASHINGTON UNITED SOCCER CLUB WUSC 2015 BOYS,MOUNT LAUREL UNITED (MLU) MLU KNIGHTS 2015,WASHINGTON TWP. - Levy Fields (Virtua),,
11/03/2024,13:30,16796311,,GotSport,Soccer,U-15,TBAA DYNAMO 2010,VINELAND REBELS 2010,TBAA-VALLEY BROOK,,
11/03/2024,13:30,16795222,,GotSport,Soccer,U-16,DEPTFORD AVENGERS 2009,NORTHERN BURLINGTON SA BULLDOGS 2009,DEPTFORD SC,,
11/03/2024,13:30,16796553,,GotSport,Soccer,U-11,EAST GREENWICH SA EGSA STARS 2014,FRANKLIN TOWNSHIP YOUTH SOCCER ASSOCIATION KNIGHTS 2014,E GREENWICH - THOMPSON FAMILY PARK,,
11/03/2024,13:30,16796582,,GotSport,Soccer,U-8,HAMMONTON HEAT BOYS 2017,LOGAN BOOM BLACK 2017,HAMMONTON - MOSS MILL RD PARK SOCCER COMPLEX,,
11/03/2024,13:30,16795281,,GotSport,Soccer,U-12,MILLVILLE REBELS 2013,WOODSTOWN PREDATORS 2013,MILLVILLE SOCCER COMPLEX,,
11/03/2024,13:30,16794992,,GotSport,Soccer,U-10,BURLINGTON TOWNSHIP SOCCER THUNDER2015,CINNAMINSON SC RED DEVILS 2015,BURLINGTON TWP - PINEWALD AVE,,
11/03/2024,13:40,16796824,,GotSport,Soccer,U-13,BERLIN SOCCER CLUB BALL BREAKERS 2012,WOODSTOWN THUNDER 2012,BERLIN SC - FRANKLIN FIELDS,,
11/03/2024,13:45,16795311,,GotSport,Soccer,U-14,PENNSAUKEN YOUTH SOCCER CLUB WARRIORS 2011,HARRISON SC THUNDER 2011,Pennsauken Community Recreation Facility,,
11/03/2024,13:45,16796651,,GotSport,Soccer,U-9,WINSLOW VENOM 2016,WEST DEPTFORD SC WARRIORS 2016,WINSLOW TWP - PETER VOLPA,,
11/03/2024,13:45,16796557,,GotSport,Soccer,U-11,NORTHERN BURLINGTON JACKALS 2015,HADDON TWP WHITE HAWKS 2014,NB Georgetown Park,,
11/03/2024,13:45,16796856,,GotSport,Soccer,U-13,HADDONFIELD SC RED 2012,CHERRY HILL FC 2012 JUNIORS BLACK,HADDONFIELD - CROWS WOODS,,
11/03/2024,13:45,16796082,,GotSport,Soccer,U-14,PALMYRA RIVERTON SC WARRIORS 2011,WOODSTOWN FURY 2011,PAL-RIV - LEGION FIELD,,
11/03/2024,13:45,16796846,,GotSport,Soccer,U-13,MARLTON SC CHIEFS BLACK 2012,COLLINGSWOOD OAKLYN SOCCER CLUB KNIGHTS 2012,MARLTON - MEMORIAL,,
11/03/2024,13:45,16794373,,GotSport,Soccer,U-14,WASHINGTON TWP SOCCER CLUB CHAOS 11/12,CLAYTON SA CLIPPERS 2011/2012,WASHINGTON TWP-WASH LAKE PARK,,
11/03/2024,14:00,16795776,,GotSport,Soccer,U-13,MANTUA TOWNSHIP SA FURY 2012,HADDONFIELD BLACK 2012,MANTUA TWP,,
11/03/2024,14:00,16796730,,GotSport,Soccer,U-8,CINNAMINSON SC BLACK 2017,HADDON TWP. RED HAWKS 2017,CINNAMINSON SC - MEMORIAL,,
11/03/2024,14:00,16796709,,GotSport,Soccer,U-8,DELRAN FC BLACK 2017B,RANCOCAS VALLEY SC 2017 BOYS PREMIER,,,
11/03/2024,14:00,16794566,,GotSport,Soccer,U-9,HADDON TWP WHITE HAWKS 2016,COLLINGSWOOD OAKLYN SOCCER CLUB SPARTANS 2016,,,
11/03/2024,14:00,16794567,,GotSport,Soccer,U-9,SENECA UNITED SC 2016 EAGLES,TAR-KILL SOCCER CLUB TARKILL 2016 BOYS,SENECA - STONEY CREEK FIELDS,,
11/03/2024,14:00,16794534,,GotSport,Soccer,U-12,UPPER TOWNSHIP SA CYCLONES 2013,HIGHLAND YOUTH SOCCER CLUB FURY 2013,UPPER TWP-Amanda's Field Complex,,
11/03/2024,14:00,16794521,,GotSport,Soccer,U-12,PITMAN SA TIGERS 2013,MAINLAND UNITED SA MUSTANGS RED 2013 B,PITMAN - ALCYON LAKE,,
11/03/2024,14:00,16795640,,GotSport,Soccer,U-12,VOORHEES COSMOS 2013,MOORESTOWN SC DRAGONS 2013,VOORHEES-Echelon Complex,,
11/03/2024,14:00,16795851,,GotSport,Soccer,U-12,FRANKLIN TOWNSHIP YOUTH SOCCER ASSOCIATION ENFORCERS 2013,EGG HARBOR SC EAGLES 2013 BLACK,FRANKLIN TWP YOUTH COMPLEX,,
11/03/2024,14:00,16795128,,GotSport,Soccer,U-10,CHERRY HILL FC 2015 CHFC JUNIOR WHITE,HIGHLAND YOUTH SOCCER CLUB STORM 2015,CHFC - DeCOU,,
11/03/2024,14:00,16796685,,GotSport,Soccer,U-9,MEDFORD SC WHITE 2016,CHERRY HILL SC CHERRY HILL SC THUNDER (2016) - BOYS,MEDFORD - BENDE PARK,,
11/03/2024,14:00,16794891,,GotSport,Soccer,U-9,PITMAN SA BOBCATS 2016,MOORESTOWN SC RENEGADES 2016,PITMAN - Dell,,
11/03/2024,14:00,16795871,,GotSport,Soccer,U-10,EGG HARBOR SC EAGLES 2015 BLACK,DEPTFORD THUNDER 2015,EGG HARBOR - BARGAINTOWN,,
11/03/2024,14:00,16796191,,GotSport,Soccer,U-10,MONROE TOWNSHIP YS UNITED BLUE 2015,WOODSTOWN WILD 2015,MONROE TWP - CORKERY LANE,,
11/03/2024,14:00,16796189,,GotSport,Soccer,U-10,TAR-KILL SOCCER CLUB TARKILL 2015 BLUE,PALMYRA RIVERTON SC NATIONALS 2015,TARKILL-STERLING HS,,
11/03/2024,14:00,16795438,,GotSport,Soccer,U-12,LOGAN FLASH 2013,MARLTON SC CHIEFS SILVER 2013,LOGAN - TWP LINE,,
11/03/2024,14:00,16796276,,GotSport,Soccer,U-12,SENECA UNITED SC 2013 TIGERS,BURLINGTON TOWNSHIP SOCCER STRIKERS 2013,SENECA - STONEY CREEK FIELDS,,
11/03/2024,14:00,16794830,,GotSport,Soccer,U-8,HADDON HEIGHTS SC HAVOC 2017,MOORESTOWN SC HAWKS 2017,HADD HGTS - DEVON,,
11/03/2024,14:00,16795597,,GotSport,Soccer,U-12,MOORESTOWN SC RAPTORS 2013,MARLTON SC CHIEFS WHITE 2013,MOORESTOWN - SALEM RD/PRYOR PARK,,
11/03/2024,14:00,16795596,,GotSport,Soccer,U-12,PITTSGROVE SOCCER CLUB PSC PYTHONS '13,AUDUBON SOCCER YOUTH WILD WINGS 2013,PITTSGROVE-GREEN BRANCH,,
11/03/2024,14:00,16796606,,GotSport,Soccer,U-10,HARRISON BLUE REBELS 2015,MAPLE SHADE WILD 2015,HARRISON - William Wilt Soccer Complex,,
11/03/2024,14:00,16794450,,GotSport,Soccer,U-11,HADDONFIELD SC RED 2014 B,MONROE TOWNSHIP YS UNITED BOYS BLUE 2014,HADDONFIELD - CROWS WOODS,,
11/03/2024,14:00,16796861,,GotSport,Soccer,U-13,MOUNT LAUREL UNITED (MLU) IMPACT 2012,PITTSGROVE SOCCER CLUB PSC SPURS '12,MLU-TROTTERS,,
11/03/2024,14:00,16796334,,GotSport,Soccer,U-13,CINNAMINSON SC CHARGE 2012,UPPER TOWNSHIP SA FORCE GREEN 2012,CINNAMINSON SC - MEMORIAL,,
11/03/2024,14:00,16795568,,GotSport,Soccer,U-12,MEDFORD SC MAYHEM 2013,EAST GREENWICH SA EGSA DYNAMO 2013,MEDFORD - BENDE PARK,,
11/03/2024,14:00,16795567,,GotSport,Soccer,U-12,VOORHEES SA RAPTORS 2013,NORTHERN BURLINGTON SA BLUES 2013,VOORHEES-Echelon Complex,,
11/03/2024,14:00,16794946,,GotSport,Soccer,U-9,HARRISON LEGENDS 2016,CINNAMINSON SC VIPERS 2016,HARRISON - William Wilt Soccer Complex,,
11/03/2024,14:00,16796903,,GotSport,Soccer,U-11,WASHINGTON TWP SOCCER CLUB WARRIORS 2014,WOODSTOWN WOLFPACK 2014,WASHINGTON TWP-WASH LAKE PARK,,
11/03/2024,14:00,16795374,,GotSport,Soccer,U-10,VOORHEES SA COBRAS 2015,RANCOCAS VALLEY SC 2015 BOYS STEALTH,VOORHEES-Echelon Complex,,
11/03/2024,14:00,16794662,,GotSport,Soccer,U-8,CAPE EXPRESS CE 2017 BARCA,PITTSGROVE SOCCER CLUB PSC BLACK ‘17,CAPE EX SOCCER COMPLEX At Ockie Wisting,,
11/03/2024,14:00,16796104,,GotSport,Soccer,U-19,SWEDESBORO WOOLWICH SOCCER ASSOC. SWSA SCORPIONS 2008,WASHINGTON TWP SOCCER CLUB GLADIATORS 2008,SW-Locke Avenue Park,,
11/03/2024,14:00,16794388,,GotSport,Soccer,U-14,MAINLAND UNITED SA MUSTANGS WHITE 2011-12 B,PITMAN SA PUMAS 2011,MAINLAND-Atlantic Christian School,,
11/03/2024,14:00,16795554,,GotSport,Soccer,U-9,UPPER TOWNSHIP SA THUNDER 2016,TBAA RENEGADES 2016,UPPER TWP-Amanda's Field Complex,,
11/03/2024,14:00,16795552,,GotSport,Soccer,U-9,LOGAN APOLLO 2016,EGG HARBOR SC EAGLES 2016 BLACK,LOGAN - TWP LINE,,
11/03/2024,14:00,16796944,,GotSport,Soccer,U-11,PENNSVILLE EAGLES 2014,LOGAN CHARGE BLUE 2014,PENNSVILLE,,
11/03/2024,14:00,16794987,,GotSport,Soccer,U-12,GATEWAY UNITED SOCCER CLUB SHARKS 2013,PENNS GROVE WILD 2013,GATEWAY UTD. - WESTVILLE,,
11/03/2024,14:00,16796959,,GotSport,Soccer,U-12,PALMYRA RIVERTON SC YOUNGBLOODS 2013,WINSLOW SHARKS 2013,,,
11/03/2024,14:00,16794364,,GotSport,Soccer,U-14,EGG HARBOR SC EAGLES 2011/2012 BLACK,CHERRY HILL FC 2011 JUNIORS BLACK,EGG HARBOR - BARGAINTOWN,,
11/03/2024,14:00,16794351,,GotSport,Soccer,U-14,MONROE TOWNSHIP YS UNITED 2012,SENECA UNITED SC 2011 WARRIORS,MONROE TWP - CORKERY LANE,,
11/03/2024,14:00,16796057,,GotSport,Soccer,U-10,DEPTFORD LIGHTNING 2015,SENECA UNITED SC 2015 RAPTORS,DEPTFORD SC,,
11/03/2024,14:00,16796385,,GotSport,Soccer,U-14,DELRAN FC FLASH 2011,HADDONFIELD SC WHITE 2011,,,
11/03/2024,14:00,16794762,,GotSport,Soccer,U-9,MEDFORD SC COLUMBIA 2016,HIGHLAND YOUTH SOCCER CLUB MAYHEM 2016,MEDFORD - BENDE PARK,,
11/03/2024,14:00,16795506,,GotSport,Soccer,U-9,HIGHLAND YOUTH SOCCER CLUB HAVOK 2016,MAPLE SHADE SHARKS 2016,HIGHLAND - GLOUCESTER TWP PARK,,
11/03/2024,14:00,16796331,,GotSport,Soccer,U-13,RANCOCAS VALLEY SC BOYS 2012 - AVENGERS,VINELAND SA JERSEY BOYZ 2012,Rancocas Valley-LUMBERTON MUNICIPAL,,
11/03/2024,14:00,16796402,,GotSport,Soccer,U-14,MOORESTOWN SC LIGHTNING 2011,WOODBURY SOCCER CLUB WOODBURY ARMORY 2011,MOORESTOWN - MEMORIAL FIELDS,,
11/03/2024,14:00,16795777,,GotSport,Soccer,U-13,WEST DEPTFORD SC UNION 2012,PENNSAUKEN YOUTH SOCCER CLUB OUTLAWS 2012,W DEPTFORD-WD PARK,,
11/03/2024,14:00,16794756,,GotSport,Soccer,U-9,GATEWAY UNITED SOCCER CLUB 2016 GUSC THUNDER,CINNAMINSON SC TITANS 2016,,,
11/03/2024,14:00,16795210,,GotSport,Soccer,U-10,WOODSTOWN WILDCATS 2015,SWEDESBORO WOOLWICH SOCCER ASSOC. SWSA HONEY BADGERS 2015,WOODSTOWN,,
11/03/2024,14:00,16795975,,GotSport,Soccer,U-13,HADDON TWP RED HAWKS 2012,SWEDESBORO WOOLWICH SOCCER ASSOC. SWSA SHARKS 2012,HADDON TWP - RECCHINO FIELDS,,
11/03/2024,14:00,16795059,,GotSport,Soccer,U-12,CAPE EXPRESS AVENGERS 2013,MARLTON SC CHIEFS ORANGE 2014,CAPE EX SOCCER COMPLEX At Ockie Wisting,,
11/03/2024,14:10,16794658,,GotSport,Soccer,U-14,MEDFORD SC COLUMBIA 2011,GATEWAY UNITED SOCCER CLUB WILDCATS 2011,MEDFORD - BENDE PARK,,
11/03/2024,14:10,16796844,,GotSport,Soccer,U-13,CHERRY HILL SC CHERRY HILL SC BULL DOGS 2012,TAR-KILL SOCCER CLUB TARKILL BARCELONA 2012,CHSC - CH WEST HS,,
11/03/2024,14:15,16796022,,GotSport,Soccer,U-11,HARRISON WAVE 2014,BORDENTOWN FC UNION 2014,HARRISON - William Wilt Soccer Complex,,
11/03/2024,14:20,16796305,,GotSport,Soccer,U-15,EAST GREENWICH SA EGSA CHARGERS 2010,CINNAMINSON SC PIRATES 2010,E GREENWICH - THOMPSON FAMILY PARK,,
11/03/2024,14:20,16795234,,GotSport,Soccer,U-15,HIGHLAND YOUTH SOCCER CLUB RAPTORS 2010,VOORHEES SA WARRIORS 2010,HIGHLAND - GLOUCESTER TWP PARK,,
11/03/2024,14:30,16796156,,GotSport,Soccer,U-8,WASHINGTON TWP SOCCER CLUB REBELS 2017,HADDONFIELD SC FIRE 2017,WASHINGTON TWP. - Levy Fields (Virtua),,
11/03/2024,14:30,16795199,,GotSport,Soccer,U-10,MAINLAND UNITED SA MUSTANGS WHITE 2015-16 B,EAST GREENWICH SA EGSA FLYERS 2015,MAINLAND - MEMORIAL PARK,,
11/03/2024,14:30,16794829,,GotSport,Soccer,U-8,AUDUBON U8 BOYS 2017 TEAM 2,DELRAN FC SOCCER GREY 2017B,AUDUBON - GREEN WAVE PARK,,
11/03/2024,14:30,16795850,,GotSport,Soccer,U-12,WEST DEPTFORD WIZARDS 2013,HADDONFIELD SC RED 2013,W DEPTFORD-WD PARK,,
11/03/2024,14:30,16796795,,GotSport,Soccer,U-9,ATLANTIC UNITED PREMIER BLACK 2016 B,MARLTON SC CHIEFS WHITE 2016,ATLANTIC - TARTAGLIO,,
11/03/2024,14:30,16796424,,GotSport,Soccer,U-9,HADDONFIELD SC GREY 2016,COLLINGSWOOD OAKLYN SOCCER CLUB WARRIORS 2016,HADDONFIELD - CROWS WOODS,,
11/03/2024,14:30,16796759,,GotSport,Soccer,U-9,EAST GREENWICH SA EGSA ROYALS 2016,FRANKLIN TOWNSHIP YOUTH SOCCER ASSOCIATION JERSEY DEVILS 2016,E GREENWICH - THOMPSON FAMILY PARK,,
11/03/2024,14:30,16795469,,GotSport,Soccer,U-11,MARLTON SC CHIEFS BLACK 2014,HADDON HEIGHTS SC MIGHTY TITANS 2014,MARLTON - MEMORIAL,,
11/03/2024,14:30,16796761,,GotSport,Soccer,U-9,HADDONFIELD SC WHITE 2016,HARRISON HURRICANES 2016,HADDONFIELD - CROWS WOODS,,
11/03/2024,14:30,16794317,,GotSport,Soccer,U-10,SWEDESBORO WOOLWICH SOCCER ASSOC. SWSA STRIKERS 2015,VINELAND LIVERPOOL 2015,SW-Locke Avenue Park,,
11/03/2024,14:30,16795109,,GotSport,Soccer,U-10,MOUNT LAUREL UNITED (MLU) SHARKS 2015,NORTHERN BURLINGTON STORM 2015,MLU-TROTTERS,,
11/03/2024,14:30,16795345,,GotSport,Soccer,U-10,SJ FUTBOL CLUB RAMS 2015,MEDFORD SC WHITE 2015,SJFC - UPPER DEERFIELD RECREATION COMPLEX,,
11/03/2024,14:30,16796284,,GotSport,Soccer,U-12,CHERRY HILL SC CHERRY HILL SC FORCE 2013,CHERRY HILL FC 2013 JUNIOR BLACK - RED HAWKS,CHSC - UPPER CHAPEL TURF,,
11/03/2024,14:30,16795721,,GotSport,Soccer,U-11,TBAA SYNDICATE 2014,MEDFORD SC CAROLINA 2014,TBAA-VALLEY BROOK,,
11/03/2024,14:30,16796901,,GotSport,Soccer,U-11,CINNAMINSON SC AVENGERS 2014,COLLINGSWOOD OAKLYN SOCCER CLUB VENOM COSC 2014,CINNAMINSON SC - MEMORIAL,,
11/03/2024,14:30,16796453,,GotSport,Soccer,U-10,MOORESTOWN SC HORNETS 2015,WOODBURY BOLTS,MOORESTOWN - MEMORIAL FIELDS,,
11/03/2024,14:30,16795264,,GotSport,Soccer,U-12,MOUNT LAUREL UNITED (MLU) TIGERS 2013,WASHINGTON TWP SOCCER CLUB RAPTORS 2013,MLU-TROTTERS,,
11/03/2024,14:30,16794958,,GotSport,Soccer,U-9,MANTUA TOWNSHIP SA MAMBAS 2016,MARLTON SC CHIEFS ORANGE 2016,MANTUA TWP,,
11/03/2024,14:45,16796677,,GotSport,Soccer,U-9,MILLVILLE THUNDER 2016,WATERFORD ATHLETIC ASSN WINGS 2016,MILLVILLE SOCCER COMPLEX,,
11/03/2024,14:45,16796511,,GotSport,Soccer,U-8,BURLINGTON TOWNSHIP SOCCER FIRE 2017,WEST DEPTFORD SC DRAGONS 2017,BURLINGTON TWP - PINEWALD AVE,,
11/03/2024,14:45,16794393,,GotSport,Soccer,U-11,MEDFORD STRIKERS 2014 BOYS,TBAA REVOLUTION 2015,MEDFORD STRIKERS - ARK ROAD COMPLEX,,
11/03/2024,14:45,16796994,,GotSport,Soccer,U-11,HAMMONTON HEAT BOYS 2014,MOUNT LAUREL UNITED (MLU) COBRAS 2014,HAMMONTON - MOSS MILL RD PARK SOCCER COMPLEX,,
11/03/2024,15:00,16794741,,GotSport,Soccer,U-9,NORTHERN BURLINGTON BOOM 2016,PENNS GROVE SC DRAGONS 2016,NB Georgetown Park,,
11/03/2024,15:00,16795671,,GotSport,Soccer,U-13,WINSLOW GREEN DRAGONS 2012,HIGHLAND YOUTH SOCCER CLUB MUSTANGS 2012,WINSLOW TWP - PETER VOLPA,,
11/03/2024,15:00,16796945,,GotSport,Soccer,U-11,EAST GREENWICH SA EGSA EAGLES 2014,WOODSTOWN WOLVERINES 2014,E GREENWICH - THOMPSON FAMILY PARK,,
11/03/2024,15:00,16795915,,GotSport,Soccer,U-16,MEDFORD STRIKERS 2009 BOYS,DEPTFORD REBELS 2009,MEDFORD STRIKERS - ARK ROAD COMPLEX,,
11/03/2024,15:15,16796955,,GotSport,Soccer,U-12,BERLIN SOCCER CLUB BULLDOGS 2013,WOODBURY SOCCER CLUB WOODBURY BISON 2013,BERLIN SC - FRANKLIN FIELDS,,
11/03/2024,15:20,16795905,,GotSport,Soccer,U-16,TBAA STORM 2009,SWEDESBORO WOOLWICH SOCCER ASSOC. SWSA FORCE 2009,TBAA-VALLEY BROOK,,
11/03/2024,15:30,16796095,,GotSport,Soccer,U-14,MOUNT LAUREL UNITED (MLU) WARRIORS 2011,BURLINGTON TOWNSHIP SOCCER REBELS 2011,MLU-TROTTERS,,
11/03/2024,15:30,16795553,,GotSport,Soccer,U-9,MONROE UNITED BLUE 2016,WEST DEPTFORD SC TSUNAMI 2016,MONROE TWP - CORKERY LANE,,
11/03/2024,15:30,16796784,,GotSport,Soccer,U-9,CHERRY HILL FC 2016 JUNIOR BLACK,HARRISON HORNETS 2016,CHFC - DeCOU,,
11/03/2024,15:30,16795097,,GotSport,Soccer,U-10,UPPER TOWNSHIP SA SUPER SONICS 2015,EGG HARBOR SC EAGLES 2015,UPPER TWP-Amanda's Field Complex,,
11/03/2024,15:30,16794582,,GotSport,Soccer,U-8,HARRISON UNITED 2017,CINNAMINSON RED 2017,HARRISON - William Wilt Soccer Complex,,
11/03/2024,15:30,16795668,,GotSport,Soccer,U-13,HADDON TWP WHITE HAWKS 2012,SWEDESBORO WOOLWICH SOCCER ASSOC. SWSA CYCLONES 2012/2013,HADDON TWP - RECCHINO FIELDS,,
11/03/2024,15:30,16794740,,GotSport,Soccer,U-9,GATEWAY UNITED SOCCER CLUB 2016 GUSC BLUES,AUDUBON 2016 BOYS,,,
11/03/2024,15:30,16796067,,GotSport,Soccer,U-10,MEDFORD SC COLUMBIA 2015,EAST GREENWICH SA EGSA TIGERS 2015,MEDFORD - BENDE PARK,,
11/03/2024,15:30,16795420,,GotSport,Soccer,U-12,HIGHLAND YOUTH SOCCER CLUB CHAOS 2013,HADDONFIELD SC BLACK 2013,HIGHLAND - GLOUCESTER TWP PARK,,
11/03/2024,15:30,16794871,,GotSport,Soccer,U-13,MARLTON SC CHIEFS WHITE 2012,TAR-KILL SOCCER CLUB TARKILL LIVERPOOL 2012,MARLTON - MEMORIAL,,
11/03/2024,15:30,16796486,,GotSport,Soccer,U-8,EGG HARBOR SC EAGLES 2017,PITTSGROVE SOCCER CLUB PSC RAPTORS ‘17,EGG HARBOR - BARGAINTOWN,,
11/03/2024,15:30,16795639,,GotSport,Soccer,U-12,PALMYRA RIVERTON SC HURRICANES 2013,BARRINGTON SC REVOLUTION 2013,,,
11/03/2024,15:30,16794709,,GotSport,Soccer,U-12,PITTSGROVE SOCCER CLUB PSC REVOLUTION '13,MOORESTOWN SC GOLDEN EAGLES 2013,PITTSGROVE-GREEN BRANCH,,
11/03/2024,15:30,16796851,,GotSport,Soccer,U-13,WASHINGTON TWP SOCCER CLUB PREDATORS 2012,SOUTH HARRISON TOWNSHIP SOCCER CLUB STRIKERS 2012,WASHINGTON TWP-WASH LAKE PARK,,
11/03/2024,15:30,16796799,,GotSport,Soccer,U-15,EDGEWATER PARK ATHLETIC ASSOCIATION EP WIZARDS 2010,MONROE TOWNSHIP YS UNITED 2010,,,
11/03/2024,15:30,16795017,,GotSport,Soccer,U-10,MARLTON SC CHIEFS WHITE 2015,HADDONFIELD SC BLACK 2015 B,MARLTON - MEMORIAL,,
11/03/2024,15:30,16795881,,GotSport,Soccer,U-10,SENECA UNITED SC 2015 PARK RANGERS,MILLVILLE WARRIORS 2015,SENECA - STONEY CREEK FIELDS,,
11/03/2024,15:30,16796520,,GotSport,Soccer,U-8,PITMAN SA LIONS 2017,MAPLE SHADE CHAOS 2017,PITMAN - Dell,,
11/03/2024,15:30,16796028,,GotSport,Soccer,U-11,LOGAN CHARGE BLACK 2014,BURLINGTON TOWNSHIP SOCCER DYNAMITE 2014,LOGAN - TWP LINE,,
11/03/2024,15:30,16795108,,GotSport,Soccer,U-10,DEPTFORD SA CYCLONES 2015,PENNSVILLE EAGLES GOLD 2015,DEPTFORD SC,,
11/03/2024,15:30,16796365,,GotSport,Soccer,U-13,SENECA UNITED SC 2012 PRIDE,MEDFORD SC DESTROYERS 2012,SENECA - STONEY CREEK FIELDS,,
11/03/2024,15:30,16795907,,GotSport,Soccer,U-16,CINNAMINSON SC PIRATES 2009,BURLINGTON TOWNSHIP SOCCER CELTIC 2010,CINNAMINSON SC - MEMORIAL,,
11/03/2024,15:30,16794304,,GotSport,Soccer,U-10,HADDON TWP SOCCER CLUB 2015 HADDON TWP WHITE HAWKS,HARRISON STRIKERS 2015,,,
11/03/2024,15:30,16794892,,GotSport,Soccer,U-9,VOORHEES SA DESTROYERS 2016,LOGAN SUPERNOVA 2016,VOORHEES-Echelon Complex,,
11/03/2024,15:30,16796544,,GotSport,Soccer,U-11,HADDONFIELD SC BLACK 2014,MARLTON SC CHIEFS SILVER 2014,HADDONFIELD - CROWS WOODS,,
11/03/2024,15:30,16796902,,GotSport,Soccer,U-11,MEDFORD SC GOLD 2014,EGG HARBOR SC EAGLES 2014 WHITE,MEDFORD - BENDE PARK,,
11/03/2024,15:30,16796036,,GotSport,Soccer,U-11,VOORHEES SA VIKINGS 2014,NORTHERN BURLINGTON BLUE DEVILS 2014,VOORHEES-Echelon Complex,,
11/03/2024,15:30,16795809,,GotSport,Soccer,U-14,EGG HARBOR SC EAGLES BLACK 2011,UPPER TOWNSHIP SA TSUNAMIS 2011,EGG HARBOR - BARGAINTOWN,,
11/03/2024,15:30,16795459,,GotSport,Soccer,U-11,GATEWAY UNITED SOCCER CLUB GREYHOUNDS 2014,COLLINGSWOOD OAKLYN SOCCER CLUB OUTLAWS 2014,GATEWAY UTD. - WESTVILLE,,
11/03/2024,15:30,16796339,,GotSport,Soccer,U-13,MAINLAND UNITED SA MUSTANGS RED 2012 B,LOGAN FORCE 2012,MAINLAND-Atlantic Christian School,,
11/03/2024,15:30,16794648,,GotSport,Soccer,U-14,MONROE TOWNSHIP YS UNITED BOYS BLUE 2011,WINSLOW WILDCATS 2011,MONROE TWP - CORKERY LANE,,
11/03/2024,15:30,16795939,,GotSport,Soccer,U-11,DEPTFORD RENEGADES 2014,PENNSAUKEN YOUTH SOCCER CLUB AVENGERS 2014,DEPTFORD SC,,
11/03/2024,15:30,16795718,,GotSport,Soccer,U-11,VOORHEES SA LIGHTNING 2014,SWEDESBORO WOOLWICH SOCCER ASSOC. SWSA LIGHTNING 2014,VOORHEES-Echelon Complex,,
11/03/2024,15:30,16794273,,GotSport,Soccer,U-12,CAPE EXPRESS CE 2014 UNION,VINELAND SA UNITED 2013,CAPE EX SOCCER COMPLEX At Ockie Wisting,,
11/03/2024,15:30,16795524,,GotSport,Soccer,U-9,MEDFORD SC GOLD 2016,WASHINGTON TWP SOCCER CLUB THUNDER 2016,MEDFORD - BENDE PARK,,
11/03/2024,15:30,16795752,,GotSport,Soccer,U-9,CAPE EXPRESS CE NOR'EASTERS 2016,MAINLAND UNITED SA MUSTANGS RED 2016 B,CAPE EX SOCCER COMPLEX At Ockie Wisting,,
11/03/2024,15:30,16794739,,GotSport,Soccer,U-9,HADDON HEIGHTS SC RUCKUS 2016,PALMYRA RIVERTON SC NEW U9B - 2016,HADD HGTS - DEVON,,
11/03/2024,15:30,16794888,,GotSport,Soccer,U-9,FRANKLIN TOWNSHIP YOUTH SOCCER ASSOCIATION UNITED 2016,PITTSGROVE SOCCER CLUB PSC PRIME WHITE '16,FRANKLIN TWP YOUTH COMPLEX,,
11/03/2024,15:30,16795775,,GotSport,Soccer,U-13,HARRISON WILDCATS 2012,FRANKLIN TOWNSHIP YOUTH SOCCER ASSOCIATION CRUSADERS 2012,HARRISON - William Wilt Soccer Complex,,
11/03/2024,15:30,16796056,,GotSport,Soccer,U-10,PENNSAUKEN YOUTH SOCCER CLUB LIONS 2015,MOUNT LAUREL UNITED (MLU) MLU WOLFPACK 2015,Pennsauken Community Recreation Facility,,
11/03/2024,15:30,16794839,,GotSport,Soccer,U-8,CINNAMINSON SC UNION 2017,SWEDESBORO WOOLWICH SOCCER ASSOC. SWSA FIREBALLS 2017,CINNAMINSON SC - MEMORIAL,,
11/03/2024,15:30,16796474,,GotSport,Soccer,U-8,HARRISON HURRICANES 2017,SOUTH HARRISON FORCE,HARRISON - William Wilt Soccer Complex,,
11/03/2024,15:40,16795829,,GotSport,Soccer,U-14,SWEDESBORO WOOLWICH SOCCER ASSOC. SWSA BLACK MAMBAS 2011,CINNAMINSON SC VIPERS 2011,SW-Locke Avenue Park,,
11/03/2024,15:45,16796951,,GotSport,Soccer,U-12,MARLTON SC CHIEFS BLACK 2013,DELRAN FC SOCCER GREY 2013B,MARLTON - MEMORIAL,,
11/03/2024,15:45,16797027,,GotSport,Soccer,U-8,TBAA ROUGHRIDERS 2017,BORDENTOWN FC REVOLUTION 2017,TBAA-VALLEY BROOK,,
11/03/2024,15:45,16795431,,GotSport,Soccer,U-12,CINNAMINSON SC STRIKERS 2013,WOODSTOWN WOLVERINES 2013,CINNAMINSON SC - MEMORIAL,,
11/03/2024,15:45,16796767,,GotSport,Soccer,U-9,ATLANTIC UNITED PREMIER RED 2016 B,UPPER TOWNSHIP SA BREAKERS 2016,ATLANTIC - TARTAGLIO,,
11/03/2024,15:45,16796920,,GotSport,Soccer,U-11,WEST DEPTFORD SC AVALANCHE 2014,HARRISON STRIKERS 2014,W DEPTFORD-WD PARK,,
11/03/2024,15:45,16794589,,GotSport,Soccer,U-8,EAST GREENWICH SA EGSA UNITED 2017,VOORHEES SA BLUE DEVILS 2017,E GREENWICH - THOMPSON FAMILY PARK,,
11/03/2024,15:45,16795529,,GotSport,Soccer,U-9,HADDONFIELD SC BLACK 2016 B,SWEDESBORO WOOLWICH SOCCER ASSOC. SWSA VENOM 2016,HADDONFIELD - CROWS WOODS,,
11/03/2024,15:45,16794584,,GotSport,Soccer,U-8,MANTUA CHAOS 2017,CHERRY HILL SC CHERRY HILL SC DYNAMO (2017) - BOYS,MANTUA TWP,,
11/03/2024,15:45,16794326,,GotSport,Soccer,U-10,AUDUBON BOYS 2015,CLAYTON SA CLIPPERS 2015,AUDUBON - GREEN WAVE PARK,,
11/03/2024,15:45,16795099,,GotSport,Soccer,U-10,WEST DEPTFORD SC ANIMALS 2015,HADDON HEIGHTS SC CHEETAHS 2015,W DEPTFORD-WD PARK,,
11/03/2024,15:45,16796001,,GotSport,Soccer,U-11,DELRAN FC HAWKS 2014,PALMYRA RIVERTON SC TORNADOES 2014,,,
11/03/2024,15:45,16794675,,GotSport,Soccer,U-8,SJ FUTBOL CLUB HAMMERS 2017,TAR-KILL SOCCER CLUB TARKILL UNION 2017,SJFC - UPPER DEERFIELD RECREATION COMPLEX,,
11/03/2024,15:45,16796000,,GotSport,Soccer,U-11,CHERRY HILL SC CHERRY HILL SC WHITE (2014) - BOYS,RANCOCAS VALLEY SC RVSC - '14 FOREST,CHSC - UPPER CHAPEL TURF,,
11/03/2024,15:45,16796420,,GotSport,Soccer,U-9,MOORESTOWN SC DRAGONS 2016,RANCOCAS VALLEY SC 2016 BOYS UNITED,MOORESTOWN - MEMORIAL FIELDS,,
11/03/2024,15:45,16795022,,GotSport,Soccer,U-8,MOUNT LAUREL UNITED (MLU) MLU PRESTIGE 2017,MEDFORD SC 2017B NAVY,MLU-TROTTERS,,
11/03/2024,15:45,16794940,,GotSport,Soccer,U-9,MOUNT LAUREL UNITED (MLU) GLADIATORS 2016,MONROE UNITED 2016B,MLU-TROTTERS,,
11/03/2024,15:45,16794807,,GotSport,Soccer,U-9,WASHINGTON UNITED SOCCER CLUB WUSC 2016 BOYS,DELRAN FC UNION 2016,WASHINGTON TWP. - Levy Fields (Virtua),,
11/03/2024,15:45,16795349,,GotSport,Soccer,U-10,MAINLAND UNITED SA MUSTANGS RED 2015 B,UPPER TOWNSHIP SA COMETS GREEN 2015,MAINLAND - MEMORIAL PARK,,
11/03/2024,15:45,16795742,,GotSport,Soccer,U-9,HADDONFIELD SC RED 2016,HADDON TWP RED HAWKS 2016,HADDONFIELD - CROWS WOODS,,
11/03/2024,16:00,16796617,,GotSport,Soccer,U-10,MILLVILLE PREDATORS 2015,PITTSGROVE SOCCER CLUB PSC GALAXY '15,MILLVILLE SOCCER COMPLEX,,
11/03/2024,16:00,16796277,,GotSport,Soccer,U-12,HAMMONTON HEAT BOYS 2013,RANCOCAS VALLEY SC RONALDO 2013,HAMMONTON - MOSS MILL RD PARK SOCCER COMPLEX,,
11/03/2024,16:00,16795983,,GotSport,Soccer,U-13,EAST GREENWICH SA EGSA VENOM 2012,AUDUBON SOCCER YOUTH BALLERS 2012,E GREENWICH - THOMPSON FAMILY PARK,,
11/03/2024,16:00,16794499,,GotSport,Soccer,U-10,MEDFORD STRIKERS 2015 BOYS,EAST GREENWICH SA EGSA BLACK KNIGHTS 2015,MEDFORD STRIKERS - ARK ROAD COMPLEX,,
11/03/2024,16:15,16796519,,GotSport,Soccer,U-8,NORTHERN BURLINGTON FORCE 2017,MOORESTOWN SC PYTHONS 2017,NB Georgetown Park,,
11/03/2024,16:30,16795380,,GotSport,Soccer,U-10,BERLIN SOCCER CLUB BERSERKERS 2015,CINNAMINSON SC RAPTORS 2015,BERLIN SC - FRANKLIN FIELDS,,
11/10/2024,08:00,16796316,,GotSport,Soccer,U-15,WOODBURY ARMORY 2010,EAST GREENWICH SA EGSA CHARGERS 2010,WOODBURY,,
11/10/2024,11:00,16796332,,GotSport,Soccer,U-13,LOGAN FORCE 2012,VINELAND SA JERSEY BOYZ 2012,LOGAN - TWP LINE,,
11/10/2024,11:00,16795396,,GotSport,Soccer,U-11,PITTSGROVE SOCCER CLUB PSC PHANTOMS '14,MARLTON SC CHIEFS WHITE 2014,PITTSGROVE-GREEN BRANCH,,
11/10/2024,11:00,16794355,,GotSport,Soccer,U-14,CHERRY HILL FC 2011 JUNIORS BLACK,MONROE TOWNSHIP YS UNITED 2012,CHFC - DeCOU,,
11/10/2024,11:00,16794455,,GotSport,Soccer,U-12,MAPLE SHADE FORCE 2013,HADDON HEIGHTS SC BEAST BOYS 2013,MAPLE SHADE - TURF FIELD,,
11/10/2024,11:00,16794650,,GotSport,Soccer,U-14,WINSLOW WILDCATS 2011,TBAA TITANS 2011,WINSLOW TWP - PETER VOLPA,,
11/10/2024,11:00,16796217,,GotSport,Soccer,U-15,PENNSAUKEN YOUTH SOCCER CLUB CYCLONES 2010,NORTHERN BURLINGTON SA BLAST 2010,Pennsauken Community Recreation Facility,,
11/10/2024,11:00,16794306,,GotSport,Soccer,U-10,VINELAND LIVERPOOL 2015,MONROE TOWNSHIP YS UNITED BOYS 2015,VINELAND SA,,
11/10/2024,11:00,16796869,,GotSport,Soccer,U-13,WASHINGTON TWP SOCCER CLUB PREDATORS 2012,PITTSGROVE SOCCER CLUB PSC SPURS '12,WASHINGTON TWP-WASH LAKE PARK,,
11/10/2024,12:00,16795221,,GotSport,Soccer,U-16,NORTHERN BURLINGTON SA BULLDOGS 2009,HAMMONTON HEAT BOYS 2009,NB- MANSFIELD TOWNSHIP ELEMENTARY SCHOOL,,
11/10/2024,12:00,16795160,,GotSport,Soccer,U-15,FRANKLIN TOWNSHIP YOUTH SOCCER ASSOCIATION STORM 2010,DEPTFORD BRUTE FORCE 2010,FRANKLIN TWP YOUTH COMPLEX,,
11/10/2024,12:00,16795908,,GotSport,Soccer,U-16,SWEDESBORO WOOLWICH SOCCER ASSOC. SWSA FORCE 2009,MARLTON SC CHIEFS ORANGE 2009,SW-Locke Avenue Park,,
11/10/2024,12:00,16796122,,GotSport,Soccer,U-19,HIGHLAND YOUTH SOCCER CLUB FUSION 2008,GATEWAY UNITED SOCCER CLUB GUSC WARRIORS B2006,HIGHLAND - GLOUCESTER TWP PARK,,
11/10/2024,12:00,16795159,,GotSport,Soccer,U-15,PALMYRA RIVERTON SC UNION 2010,HADDONFIELD SC WHITE 2010,PAL-RIV - LEGION FIELD,,
11/10/2024,12:00,16795439,,GotSport,Soccer,U-12,WOODSTOWN WOLVERINES 2013,LOGAN FLASH 2013,WOODSTOWN,,
11/10/2024,12:00,16795158,,GotSport,Soccer,U-15,AUDUBON SOCCER YOUTH UNITED 2010,WINSLOW SLAYERS 2010,AUDUBON - GREEN WAVE PARK,,
11/10/2024,12:00,16795228,,GotSport,Soccer,U-16,SJ FUTBOL CLUB RAPIDS 2009,DEPTFORD AVENGERS 2009,SJFC - UPPER DEERFIELD RECREATION COMPLEX,,
11/10/2024,12:00,16795163,,GotSport,Soccer,U-15,WOODSTOWN WOLVERINES 2010,HARRISON SC STORM 2010,WOODSTOWN,,
11/10/2024,12:00,16794347,,GotSport,Soccer,U-14,SENECA UNITED SC 2011 WARRIORS,SWEDESBORO WOOLWICH SOCCER ASSOC. SWSA RED FLAMES 2011,SENECA - STONEY CREEK FIELDS,,
11/10/2024,12:00,16794649,,GotSport,Soccer,U-14,MONROE TOWNSHIP YS UNITED BOYS BLUE 2011,MEDFORD SC COLUMBIA 2011,MONROE TWP - CORKERY LANE,,
11/10/2024,12:00,16794994,,GotSport,Soccer,U-10,DELRAN FC COBRAS 2015,MARLTON SC CHIEFS WHITE 2015,,,
11/10/2024,12:00,16795351,,GotSport,Soccer,U-10,MEDFORD SC WHITE 2015,UPPER TOWNSHIP SA COMETS GREEN 2015,MEDFORD - BENDE PARK,,
11/10/2024,12:00,16794991,,GotSport,Soccer,U-12,DEPTFORD TORNADOS 2013,PENNS GROVE WILD 2013,DEPTFORD SC,,
11/10/2024,12:00,16795375,,GotSport,Soccer,U-10,RANCOCAS VALLEY SC 2015 BOYS STEALTH,AUDUBON SOCCER YOUTH BOYS 2015 - HAMMERS,Rancocas Valley-LUMBERTON MUNICIPAL,,
11/10/2024,12:00,16794272,,GotSport,Soccer,U-12,DELRAN FC SOCCER DELRAN FC UNITED 2013,HARRISON SC LIGHTNING 2013,,,
11/10/2024,12:00,16796724,,GotSport,Soccer,U-8,HADDON TWP. RED HAWKS 2017,CHERRY HILL FC 2017 JUNIORS BLACK,,,
11/10/2024,12:00,16796687,,GotSport,Soccer,U-9,MOORESTOWN SC UNITED 2016,MEDFORD SC WHITE 2016,MOORESTOWN - MEMORIAL FIELDS,,
11/10/2024,12:00,16795235,,GotSport,Soccer,U-15,MOUNT LAUREL UNITED (MLU) FORCE 2010,VOORHEES SA WARRIORS 2010,MLU-TROTTERS,,
11/10/2024,12:00,16795743,,GotSport,Soccer,U-9,BORDENTOWN FC REVOLUTION 2016,MAINLAND UNITED SA MUSTANGS RED 2016 B,BORDENTOWN - FRIENDSHIP FIELDS,,
11/10/2024,12:15,16796607,,GotSport,Soccer,U-10,MAPLE SHADE WILD 2015,MANTUA TOWNSHIP SA FROGS 2015,MAPLE SHADE - TURF FIELD,,
11/10/2024,12:30,16795083,,GotSport,Soccer,U-10,CAPE EXPRESS CE SILVER STREAK 2015,UPPER TOWNSHIP SA SUPER SONICS 2015,CAPE EX SOCCER COMPLEX At Ockie Wisting,,
11/10/2024,12:30,16795852,,GotSport,Soccer,U-12,WEST DEPTFORD WIZARDS 2013,FRANKLIN TOWNSHIP YOUTH SOCCER ASSOCIATION ENFORCERS 2013,W DEPTFORD-WD PARK,,
11/10/2024,12:30,16796060,,GotSport,Soccer,U-10,DEPTFORD LIGHTNING 2015,MEDFORD SC COLUMBIA 2015,DEPTFORD SC,,
11/10/2024,12:30,16795941,,GotSport,Soccer,U-11,RANCOCAS VALLEY SC RVSC '14 - CELTIC,CHERRY HILL FC 2015 JUNIOR RED,Rancocas Valley-LUMBERTON MUNICIPAL,,
11/10/2024,12:30,16796962,,GotSport,Soccer,U-12,WOODBURY SOCCER CLUB WOODBURY BISON 2013,MARLTON SC CHIEFS BLACK 2013,WOODBURY,,
11/10/2024,12:30,16795355,,GotSport,Soccer,U-10,CINNAMINSON SC RAPTORS 2015,VOORHEES SA COBRAS 2015,CINNAMINSON SC - MEMORIAL,,
11/10/2024,12:30,16796395,,GotSport,Soccer,U-14,RANCOCAS VALLEY SC BOYS 2011 UNITED,MOORESTOWN SC LIGHTNING 2011,Rancocas Valley-LUMBERTON MUNICIPAL,,
11/10/2024,12:30,16795460,,GotSport,Soccer,U-11,MANTUA TOWNSHIP SA OUTLAWS 2014,GATEWAY UNITED SOCCER CLUB GREYHOUNDS 2014,MANTUA TWP,,
11/10/2024,12:30,16794490,,GotSport,Soccer,U-10,MOUNT LAUREL UNITED (MLU) MLU KNIGHTS 2015,EAST GREENWICH SA EGSA BLACK KNIGHTS 2015,MLU-TROTTERS,,
11/10/2024,12:30,16796030,,GotSport,Soccer,U-11,HARRISON WAVE 2014,VOORHEES SA VIKINGS 2014,HARRISON - William Wilt Soccer Complex,,
11/10/2024,12:30,16795731,,GotSport,Soccer,U-11,HIGHLAND YOUTH SOCCER CLUB THUNDER 2014,VOORHEES SA LIGHTNING 2014,HIGHLAND - GLOUCESTER TWP PARK,,
11/10/2024,12:30,16795687,,GotSport,Soccer,U-10,BURLINGTON TOWNSHIP SOCCER PHOENIX 2015,VOORHEES SA PYTHONS 2015,BURLINGTON TWP - PINEWALD AVE,,
11/10/2024,12:30,16795686,,GotSport,Soccer,U-10,HADDONFIELD SC WHITE 2015 B,CINNAMINSON SC PIRATES SEA DOGS 2015,HADDONFIELD - CROWS WOODS,,
11/10/2024,12:30,16794676,,GotSport,Soccer,U-8,PITTSGROVE SOCCER CLUB PSC BLACK ‘17,SJ FUTBOL CLUB HAMMERS 2017,PITTSGROVE-GREEN BRANCH,,
11/10/2024,12:30,16794496,,GotSport,Soccer,U-10,HADDONFIELD SC RED 2015 B,MEDFORD STRIKERS 2015 BOYS,HADDONFIELD - CROWS WOODS,,
11/10/2024,12:30,16795236,,GotSport,Soccer,U-15,EAST GREENWICH SA EGSA BLAZE 2010,HIGHLAND YOUTH SOCCER CLUB RAPTORS 2010,E GREENWICH - THOMPSON FAMILY PARK,,
11/10/2024,12:30,16795306,,GotSport,Soccer,U-14,HARRISON SC THUNDER 2011,HADDONFIELD SC RED 2011,HARRISON - William Wilt Soccer Complex,,
11/10/2024,12:30,16795098,,GotSport,Soccer,U-10,HADDON HEIGHTS SC CHEETAHS 2015,EGG HARBOR SC EAGLES 2015,HADD HGTS - DEVON,,
11/10/2024,12:30,16794595,,GotSport,Soccer,U-8,MANTUA CHAOS 2017,EAST GREENWICH SA EGSA UNITED 2017,MANTUA TWP,,
11/10/2024,12:30,16796839,,GotSport,Soccer,U-13,BERLIN SOCCER CLUB BALL BREAKERS 2012,COLLINGSWOOD OAKLYN SOCCER CLUB KNIGHTS 2012,BERLIN SC - FRANKLIN FIELDS,,
11/10/2024,12:30,16794510,,GotSport,Soccer,U-10,CHERRY HILL SC CHERRY HILL SC WARRIORS 2015,WASHINGTON UNITED SOCCER CLUB WUSC 2015 BOYS,CHSC - UPPER CHAPEL TURF,,
11/10/2024,12:30,16796235,,GotSport,Soccer,U-13,CHERRY HILL SC ROYALS 2012,ATLANTIC UNITED PREMIER KICKERS 2013 B EDP,CHSC - CH WEST HS,,
11/10/2024,12:30,16796287,,GotSport,Soccer,U-12,CHERRY HILL FC 2013 JUNIOR BLACK - RED HAWKS,SENECA UNITED SC 2013 TIGERS,CHFC - DeCOU,,
11/10/2024,12:30,16794362,,GotSport,Soccer,U-14,EGG HARBOR SC EAGLES 2011/2012 BLACK,MEDFORD STRIKERS 2011 BOYS,EGG HARBOR - BARGAINTOWN,,
11/10/2024,12:30,16795683,,GotSport,Soccer,U-10,CHERRY HILL SC CHERRY HILL SC COMETS (2015) - BOYS,TAR-KILL SOCCER CLUB TARKILL 2015 WHITE,CHSC - UPPER CHAPEL TURF,,
11/10/2024,12:30,16794977,,GotSport,Soccer,U-12,WASHINGTON TWP SOCCER CLUB DAREDEVILS 2013,GATEWAY UNITED SOCCER CLUB SHARKS 2013,WASHINGTON TWP-WASH LAKE PARK,,
11/10/2024,12:30,16795719,,GotSport,Soccer,U-11,PITMAN SA BENGALS 2014,TBAA SYNDICATE 2014,PITMAN - ALCYON LAKE,,
11/10/2024,12:30,16796472,,GotSport,Soccer,U-8,UPPER TOWNSHIP SA FLASH 2017,EGG HARBOR SC EAGLES 2017,UPPER TWP-Amanda's Field Complex,,
11/10/2024,12:30,16796643,,GotSport,Soccer,U-14,VINELAND SA STRIKERS 2011,DELRAN FC BLAST 2011,VINELAND SA,,
11/10/2024,12:30,16796584,,GotSport,Soccer,U-8,WASHINGTON TWP SOCCER CLUB WOLVES 2017,HIGHLAND YOUTH SOCCER CLUB BOYS 2017,WASHINGTON TWP. - Levy Fields (Virtua),,
11/10/2024,12:30,16795715,,GotSport,Soccer,U-11,SWEDESBORO WOOLWICH SOCCER ASSOC. SWSA LIGHTNING 2014,MEDFORD SC CAROLINA 2014,SW-Locke Avenue Park,,
11/10/2024,12:30,16794939,,GotSport,Soccer,U-9,MARLTON SC CHIEFS ORANGE 2016,HARRISON LEGENDS 2016,MARLTON - MEMORIAL,,
11/10/2024,12:30,16794955,,GotSport,Soccer,U-9,CINNAMINSON SC VIPERS 2016,MONROE UNITED 2016B,CINNAMINSON SC - MEMORIAL,,
11/10/2024,12:30,16794403,,GotSport,Soccer,U-11,TBAA OUTLAWS 2014,VOORHEES SA KNIGHTS 2014,TBAA-VALLEY BROOK,,
11/10/2024,12:30,16794621,,GotSport,Soccer,U-14,MAINLAND UNITED SA MUSTANGS RED 2011 B,DEPTFORD TORNADOES 2011,MAINLAND-Atlantic Christian School,,
11/10/2024,12:30,16795395,,GotSport,Soccer,U-11,CINNAMINSON SC CHARGERS 2014,MEDFORD SC AVENGERS 2014,CINNAMINSON SC - MEMORIAL,,
11/10/2024,12:30,16796155,,GotSport,Soccer,U-8,GATEWAY UNITED SOCCER CLUB GUSC B2017,WASHINGTON TWP SOCCER CLUB REBELS 2017,,,
11/10/2024,12:30,16795481,,GotSport,Soccer,U-14,BORDENTOWN FC JAGUARS 2011,HADDON TWP RED HAWKS 2011,BORDENTOWN - FRIENDSHIP FIELDS,,
11/10/2024,12:30,16794847,,GotSport,Soccer,U-13,PITTSGROVE SOCCER CLUB PSC WARRIORS '12,MARLTON SC CHIEFS WHITE 2012,PITTSGROVE-GREEN BRANCH,,
11/10/2024,12:30,16794890,,GotSport,Soccer,U-9,FRANKLIN TOWNSHIP YOUTH SOCCER ASSOCIATION UNITED 2016,VOORHEES SA DESTROYERS 2016,FRANKLIN TWP YOUTH COMPLEX,,
11/10/2024,12:30,16794846,,GotSport,Soccer,U-13,WINSLOW DYNAMO 2012,GATEWAY UNITED SOCCER CLUB STINGRAYS 2012,WINSLOW TWP - PETER VOLPA,,
11/10/2024,12:30,16796239,,GotSport,Soccer,U-13,BURLINGTON TOWNSHIP SOCCER DRAGONS 2012,VINELAND SA FURY 2012,BURLINGTON TWP - PINEWALD AVE,,
11/10/2024,12:30,16796232,,GotSport,Soccer,U-13,VOORHEES SA FORCE 2012,HIGHLAND YOUTH SOCCER CLUB FORCE 2012,VOORHEES-EASTERN HS,,
11/10/2024,12:30,16794374,,GotSport,Soccer,U-14,CLAYTON SA CLIPPERS 2011/2012,PENNS GROVE SC RAGE 2011,CLAYTON - BENTZ,,
11/10/2024,12:30,16794279,,GotSport,Soccer,U-12,CAPE EXPRESS CE 2014 UNION,MEDFORD STRIKERS 2013 BOYS,CAPE EX SOCCER COMPLEX At Ockie Wisting,,
11/10/2024,12:30,16796404,,GotSport,Soccer,U-14,HADDONFIELD SC WHITE 2011,CHERRY HILL FC JUNIOR WHITE 2011/12,HADDONFIELD - CROWS WOODS,,
11/10/2024,12:30,16795290,,GotSport,Soccer,U-12,MILLVILLE REBELS 2013,MOUNT LAUREL UNITED (MLU) TIGERS 2013,MILLVILLE SOCCER COMPLEX,,
11/10/2024,12:30,16796946,,GotSport,Soccer,U-11,EAST GREENWICH SA EGSA EAGLES 2014,LOGAN CHARGE BLUE 2014,E GREENWICH - THOMPSON FAMILY PARK,,
11/10/2024,12:30,16796003,,GotSport,Soccer,U-11,PALMYRA RIVERTON SC TORNADOES 2014,CHERRY HILL SC CHERRY HILL SC WHITE (2014) - BOYS,,,
11/10/2024,12:30,16794710,,GotSport,Soccer,U-12,MOORESTOWN SC GOLDEN EAGLES 2013,HADDON HEIGHTS SC YOUNG BOYS 2013,MOORESTOWN - SALEM RD/PRYOR PARK,,
11/10/2024,12:30,16794908,,GotSport,Soccer,U-11,HADDON TWP RED HAWKS 2014,CHERRY HILL SC CHERRY HILL SC UNITED 2014,,,
11/10/2024,12:30,16795598,,GotSport,Soccer,U-12,NORTHERN BURLINGTON SA BLUES 2013,MARLTON SC CHIEFS WHITE 2013,NB Georgetown Park,,
11/10/2024,12:30,16795882,,GotSport,Soccer,U-10,MILLVILLE WARRIORS 2015,EGG HARBOR SC EAGLES 2015 BLACK,MILLVILLE SOCCER COMPLEX,,
11/10/2024,12:30,16795423,,GotSport,Soccer,U-12,MARLTON SC CHIEFS SILVER 2013,HADDONFIELD SC BLACK 2013,MARLTON - MEMORIAL,,
11/10/2024,12:30,16795324,,GotSport,Soccer,U-10,MOORESTOWN SC DEVIL RAYS 2015,SJ FUTBOL CLUB RAMS 2015,MOORESTOWN - MEMORIAL FIELDS,,
11/10/2024,12:30,16794522,,GotSport,Soccer,U-12,MAINLAND UNITED SA MUSTANGS RED 2013 B,SENECA UNITED SC 2014 THUNDER,MAINLAND - MEMORIAL PARK,,
11/10/2024,12:30,16796842,,GotSport,Soccer,U-13,TAR-KILL SOCCER CLUB TARKILL BARCELONA 2012,MARLTON SC CHIEFS BLACK 2012,TARKILL-STERLING HS,,
11/10/2024,12:30,16794784,,GotSport,Soccer,U-9,EGG HARBOR SC EAGLES 2016,EAST GREENWICH SA EGSA CHAOS 2016,EGG HARBOR - BARGAINTOWN,,
11/10/2024,12:30,16796999,,GotSport,Soccer,U-11,PITTSGROVE SOCCER CLUB PSC MAVERICKS '14,CHERRY HILL SC CHERRY HILL SC FORCE 2014,PITTSGROVE-GREEN BRANCH,,
11/10/2024,12:30,16796510,,GotSport,Soccer,U-8,WEST DEPTFORD SC DRAGONS 2017,PITMAN SA LIONS 2017,W DEPTFORD-WD PARK,,
11/10/2024,12:40,16796317,,GotSport,Soccer,U-15,CINNAMINSON SC PIRATES 2010,VINELAND REBELS 2010,CINNAMINSON SC - MEMORIAL,,
11/10/2024,12:45,16795770,,GotSport,Soccer,U-13,PENNSAUKEN YOUTH SOCCER CLUB OUTLAWS 2012,COLLINGSWOOD OAKLYN SOCCER CLUB ROVERS 2013,Pennsauken Community Recreation Facility,,
11/10/2024,12:45,16794920,,GotSport,Soccer,U-11,TAR-KILL SOCCER CLUB TARKILL CHELSEA 2014,CHERRY HILL SC CHERRY HILL SC UNION 2015,TARKILL-STERLING HS,,
11/10/2024,12:45,16796573,,GotSport,Soccer,U-8,LOGAN BOOM BLUE 2017,LOGAN BOOM BLACK 2017,LOGAN - TWP LINE,,
11/10/2024,13:15,16797029,,GotSport,Soccer,U-8,HADDON TWP. WHITE HAWKS 2017,TBAA ROUGHRIDERS 2017,,,
11/10/2024,13:15,16796681,,GotSport,Soccer,U-9,RANCOCAS VALLEY SC 2016 BOYS PREMIER,CINNAMINSON SC LIGHTNING 2016,Rancocas Valley-LUMBERTON MUNICIPAL,,
11/10/2024,13:15,16795038,,GotSport,Soccer,U-8,MEDFORD SC 2017B NAVY,MONROE UNITED 2017,MEDFORD - BENDE PARK,,
11/10/2024,13:15,16795283,,GotSport,Soccer,U-12,WOODSTOWN PREDATORS 2013,WEST DEPTFORD SC WARRIORS 2013,WOODSTOWN,,
11/10/2024,13:15,16794893,,GotSport,Soccer,U-9,MOORESTOWN SC RENEGADES 2016,LOGAN SUPERNOVA 2016,MOORESTOWN - MEMORIAL FIELDS,,
11/10/2024,13:15,16794763,,GotSport,Soccer,U-9,DELRAN FC SOCCER SHARKS 2016,HIGHLAND YOUTH SOCCER CLUB MAYHEM 2016,,,
11/10/2024,13:30,16795494,,GotSport,Soccer,U-14,MONROE TOWNSHIP YS UNITED WHITE 2011,LOGAN BLAZE 2011,MONROE TWP - CORKERY LANE,,
11/10/2024,13:30,16797033,,GotSport,Soccer,U-8,BORDENTOWN FC REVOLUTION 2017,VOORHEES SA VENOM 2017,BORDENTOWN - FRIENDSHIP FIELDS,,
11/10/2024,13:30,16795528,,GotSport,Soccer,U-9,MAPLE SHADE SHARKS 2016,SWEDESBORO WOOLWICH SOCCER ASSOC. SWSA VENOM 2016,MAPLE SHADE - TURF FIELD,,
11/10/2024,13:30,16794401,,GotSport,Soccer,U-11,DELRAN FC SOCCER DELRAN FC KNIGHTS 2014,TBAA REVOLUTION 2015,,,
11/10/2024,13:30,16795942,,GotSport,Soccer,U-11,DEPTFORD RENEGADES 2014,FRANKLIN TOWNSHIP YOUTH SOCCER ASSOCIATION STORM 2014,DEPTFORD SC,,
11/10/2024,13:30,16796788,,GotSport,Soccer,U-9,SENECA UNITED SC 2016 RAPTORS,ATLANTIC UNITED PREMIER BLACK 2016 B,SENECA - STONEY CREEK FIELDS,,
11/10/2024,13:40,16796121,,GotSport,Soccer,U-19,HIGHLAND YOUTH SOCCER CLUB HURRICANES 2008,MEDFORD SC ,HIGHLAND - GLOUCESTER TWP PARK,,
11/10/2024,13:40,16796834,,GotSport,Soccer,U-13,WOODSTOWN THUNDER 2012,CHERRY HILL SC CHERRY HILL SC BULL DOGS 2012,WOODSTOWN,,
11/10/2024,13:40,16795237,,GotSport,Soccer,U-15,SJ FUTBOL CLUB WOLVES 2010,WASHINGTON TWP SOCCER CLUB RENEGADES 2010,SJFC - UPPER DEERFIELD RECREATION COMPLEX,,
11/10/2024,13:45,16796083,,GotSport,Soccer,U-14,PALMYRA RIVERTON SC WARRIORS 2011,PEMBERTON SC PUNISHERS 2011,PAL-RIV - LEGION FIELD,,
11/10/2024,13:45,16796105,,GotSport,Soccer,U-19,MILLVILLE PHANTOMS 2008,WASHINGTON TWP SOCCER CLUB GLADIATORS 2008,MILLVILLE SOCCER COMPLEX,,
11/10/2024,13:45,16795984,,GotSport,Soccer,U-13,SWEDESBORO WOOLWICH SOCCER ASSOC. SWSA SHARKS 2012,VOORHEES SA PREDATORS 2013,SW-Locke Avenue Park,,
11/10/2024,13:45,16794655,,GotSport,Soccer,U-14,NORTHERN BURLINGTON SA HOOLIGANS 2011,GATEWAY UNITED SOCCER CLUB WILDCATS 2011,NB- MANSFIELD TOWNSHIP ELEMENTARY SCHOOL,,
11/10/2024,13:45,16795606,,GotSport,Soccer,U-12,MOUNT LAUREL UNITED (MLU) GALAXY 2013,HADDONFIELD SC WHITE 2013,MLU-TROTTERS,,
11/10/2024,14:00,16796740,,GotSport,Soccer,U-9,FRANKLIN TOWNSHIP YOUTH SOCCER ASSOCIATION JERSEY DEVILS 2016,HADDONFIELD SC WHITE 2016,FRANKLIN TWP YOUTH COMPLEX,,
11/10/2024,14:00,16794930,,GotSport,Soccer,U-11,MANTUA TOWNSHIP SA ELITE 2014,ATLANTIC UNITED PREMIER KICKERS 2014 B,MANTUA TWP,,
11/10/2024,14:00,16796857,,GotSport,Soccer,U-13,SOUTH HARRISON TOWNSHIP SOCCER CLUB STRIKERS 2012,CHERRY HILL FC 2012 JUNIORS BLACK,SOUTH HARRISON - STEWART,,
11/10/2024,14:00,16796146,,GotSport,Soccer,U-8,AUDUBON U8 BOYS 2017 TEAM 1,CHERRY HILL SC CHERRY HILL SC COBRAS (2017) - BOYS,AUDUBON - GREEN WAVE PARK,,
11/10/2024,14:00,16795110,,GotSport,Soccer,U-10,PENNSVILLE EAGLES GOLD 2015,NORTHERN BURLINGTON STORM 2015,PENNSVILLE,,
11/10/2024,14:00,16795111,,GotSport,Soccer,U-10,CHERRY HILL FC 2015 CHFC JUNIOR WHITE,MOUNT LAUREL UNITED (MLU) SHARKS 2015,CHFC - DeCOU,,
11/10/2024,14:00,16796458,,GotSport,Soccer,U-10,WOODBURY BOLTS,SWEDESBORO WOOLWICH SOCCER ASSOC. SWSA GUNNERS 2015,WOODBURY,,
11/10/2024,14:00,16795053,,GotSport,Soccer,U-12,CAPE EXPRESS AVENGERS 2013,MOUNT LAUREL UNITED (MLU) LIGHTNING 2014,CAPE EX SOCCER COMPLEX At Ockie Wisting,,
11/10/2024,14:00,16794757,,GotSport,Soccer,U-9,GATEWAY UNITED SOCCER CLUB 2016 GUSC THUNDER,MEDFORD SC COLUMBIA 2016,,,
11/10/2024,14:00,16794714,,GotSport,Soccer,U-12,PITTSGROVE SOCCER CLUB PSC REVOLUTION '13,MEDFORD SC BLUE DEVILS 2013,PITTSGROVE-GREEN BRANCH,,
11/10/2024,14:00,16795029,,GotSport,Soccer,U-8,MARLTON SC CHIEFS ORANGE 2017,MOUNT LAUREL UNITED (MLU) MLU PRESTIGE 2017,MARLTON - MEMORIAL,,
11/10/2024,14:00,16794764,,GotSport,Soccer,U-9,CINNAMINSON SC TITANS 2016,MOORESTOWN SC WARRIORS 2016,CINNAMINSON SC - MEMORIAL,,
11/10/2024,14:00,16795744,,GotSport,Soccer,U-9,HADDONFIELD SC RED 2016,CAPE EXPRESS CE NOR'EASTERS 2016,HADDONFIELD - CROWS WOODS,,
11/10/2024,14:00,16796002,,GotSport,Soccer,U-11,RANCOCAS VALLEY SC RVSC - '14 FOREST,MOORESTOWN SC WOLVERINES 2014,Rancocas Valley-LUMBERTON MUNICIPAL,,
11/10/2024,14:00,16794785,,GotSport,Soccer,U-9,PITTSGROVE SOCCER CLUB PSC PRIME BLACK '16,WASHINGTON UNITED SOCCER CLUB WUSC 2016 BOYS,PITTSGROVE-GREEN BRANCH,,
11/10/2024,14:00,16794690,,GotSport,Soccer,U-8,CAPE EXPRESS CE 2017 BARCA,SWEDESBORO WOOLWICH SOCCER ASSOC. SWSA PANTHERS 2017,CAPE EX SOCCER COMPLEX At Ockie Wisting,,
11/10/2024,14:00,16796516,,GotSport,Soccer,U-8,BURLINGTON TOWNSHIP SOCCER FIRE 2017,NORTHERN BURLINGTON FORCE 2017,BURLINGTON TWP - PINEWALD AVE,,
11/10/2024,14:00,16795793,,GotSport,Soccer,U-13,HARRISON WILDCATS 2012,MANTUA TOWNSHIP SA FURY 2012,HARRISON - William Wilt Soccer Complex,,
11/10/2024,14:00,16796531,,GotSport,Soccer,U-11,MARLTON SC CHIEFS SILVER 2014,EAST GREENWICH SA EGSA STARS 2014,MARLTON - MEMORIAL,,
11/10/2024,14:00,16796368,,GotSport,Soccer,U-13,CAPE EXPRESS WHITE CAPS 2012,MILLVILLE LYNX 2012,CAPE EX SOCCER COMPLEX At Ockie Wisting,,
11/10/2024,14:00,16794305,,GotSport,Soccer,U-10,SWEDESBORO WOOLWICH SOCCER ASSOC. SWSA STRIKERS 2015,HADDON TWP SOCCER CLUB 2015 HADDON TWP WHITE HAWKS,SW-Locke Avenue Park,,
11/10/2024,14:00,16796549,,GotSport,Soccer,U-11,FRANKLIN TOWNSHIP YOUTH SOCCER ASSOCIATION KNIGHTS 2014,HADDON TWP WHITE HAWKS 2014,FRANKLIN TWP YOUTH COMPLEX,,
11/10/2024,14:00,16795508,,GotSport,Soccer,U-9,WASHINGTON TWP SOCCER CLUB THUNDER 2016,HIGHLAND YOUTH SOCCER CLUB HAVOK 2016,WASHINGTON TWP. - Levy Fields (Virtua),,
11/10/2024,14:00,16796029,,GotSport,Soccer,U-11,NORTHERN BURLINGTON BLUE DEVILS 2014,BURLINGTON TOWNSHIP SOCCER DYNAMITE 2014,NB Georgetown Park,,
11/10/2024,14:00,16795810,,GotSport,Soccer,U-14,VOORHEES SA ATTACK 2011,SWEDESBORO WOOLWICH SOCCER ASSOC. SWSA BLACK MAMBAS 2011,VOORHEES-EASTERN HS,,
11/10/2024,14:00,16796336,,GotSport,Soccer,U-13,RANCOCAS VALLEY SC BOYS 2012 - AVENGERS,CINNAMINSON SC CHARGE 2012,Rancocas Valley-LUMBERTON MUNICIPAL,,
11/10/2024,14:00,16795811,,GotSport,Soccer,U-14,EGG HARBOR SC EAGLES BLACK 2011,CINNAMINSON SC VIPERS 2011,EGG HARBOR - BARGAINTOWN,,
11/10/2024,14:00,16796587,,GotSport,Soccer,U-8,PITMAN SA PANTHERS 2017,HAMMONTON HEAT BOYS 2017,PITMAN - Dell,,
11/10/2024,14:00,16795819,,GotSport,Soccer,U-14,UPPER TOWNSHIP SA TSUNAMIS 2011,CHERRY HILL FC CHFC 2011 AVENGERS,UPPER TWP-Amanda's Field Complex,,
11/10/2024,14:00,16794327,,GotSport,Soccer,U-10,CLAYTON SA CLIPPERS 2015,WEST DEPTFORD SC COBRAS 2016,CLAYTON - BENTZ,,
11/10/2024,14:00,16796602,,GotSport,Soccer,U-10,PITTSGROVE SOCCER CLUB PSC GALAXY '15,HARRISON BLUE REBELS 2015,PITTSGROVE-GREEN BRANCH,,
11/10/2024,14:00,16794993,,GotSport,Soccer,U-10,CINNAMINSON SC RED DEVILS 2015,HADDONFIELD SC BLACK 2015 B,CINNAMINSON SC - MEMORIAL,,
11/10/2024,14:00,16794618,,GotSport,Soccer,U-14,BORDENTOWN FC RENEGADES 2011,MANTUA TOWNSHIP SA UNION 2011,BORDENTOWN - FRIENDSHIP FIELDS,,
11/10/2024,14:00,16794831,,GotSport,Soccer,U-8,HADDON HEIGHTS SC HAVOC 2017,CINNAMINSON SC UNION 2017,HADD HGTS - DEVON,,
11/10/2024,14:00,16796998,,GotSport,Soccer,U-11,AUDUBON ATTACK - BOYS 2014,HAMMONTON HEAT BOYS 2014,AUDUBON - GREEN WAVE PARK,,
11/10/2024,14:00,16796995,,GotSport,Soccer,U-11,MOORESTOWN SC GUARDIANS 2014,MOUNT LAUREL UNITED (MLU) COBRAS 2014,MOORESTOWN - SALEM RD/PRYOR PARK,,
11/10/2024,14:00,16796285,,GotSport,Soccer,U-12,CHERRY HILL SC CHERRY HILL SC FORCE 2013,HAMMONTON HEAT BOYS 2013,CHSC - UPPER CHAPEL TURF,,
11/10/2024,14:00,16794840,,GotSport,Soccer,U-8,MOORESTOWN SC HAWKS 2017,AUDUBON U8 BOYS 2017 TEAM 2,MOORESTOWN - MEMORIAL FIELDS,,
11/10/2024,14:00,16796058,,GotSport,Soccer,U-10,MOUNT LAUREL UNITED (MLU) MLU WOLFPACK 2015,EAST GREENWICH SA EGSA TIGERS 2015,MLU-TROTTERS,,
11/10/2024,14:00,16794845,,GotSport,Soccer,U-13,TAR-KILL SOCCER CLUB TARKILL LIVERPOOL 2012,HARRISON SC STRIKERS 2012,TARKILL-STERLING HS,,
11/10/2024,14:00,16795977,,GotSport,Soccer,U-13,HADDON TWP RED HAWKS 2012,EAST GREENWICH SA EGSA VENOM 2012,HADDON TWP - RECCHINO FIELDS,,
11/10/2024,14:00,16796670,,GotSport,Soccer,U-9,MILLVILLE THUNDER 2016,WINSLOW VENOM 2016,MILLVILLE SOCCER COMPLEX,,
11/10/2024,14:00,16795432,,GotSport,Soccer,U-12,CINNAMINSON SC STRIKERS 2013,HIGHLAND YOUTH SOCCER CLUB CHAOS 2013,CINNAMINSON SC - MEMORIAL,,
11/10/2024,14:00,16796961,,GotSport,Soccer,U-12,BERLIN SOCCER CLUB BULLDOGS 2013,PALMYRA RIVERTON SC YOUNGBLOODS 2013,BERLIN SC - FRANKLIN FIELDS,,
11/10/2024,14:00,16794568,,GotSport,Soccer,U-9,TAR-KILL SOCCER CLUB TARKILL 2016 BOYS,COLLINGSWOOD OAKLYN SOCCER CLUB SPARTANS 2016,TARKILL-STERLING HS,,
11/10/2024,14:00,16794564,,GotSport,Soccer,U-9,EAST GREENWICH SA EGSA LIONS 2016,HADDON TWP WHITE HAWKS 2016,E GREENWICH - THOMPSON FAMILY PARK,,
11/10/2024,14:00,16794980,,GotSport,Soccer,U-12,VINELAND TERMINATORS 2013,HARRISON WOLFPACK 2013,VINELAND SA,,
11/10/2024,14:00,16794560,,GotSport,Soccer,U-9,CHERRY HILL SC CHERRY HILL SC 72S (2016) - BOYS,SENECA UNITED SC 2016 EAGLES,CHSC - UPPER CHAPEL TURF,,
11/10/2024,14:00,16794377,,GotSport,Soccer,U-14,MAINLAND UNITED SA MUSTANGS WHITE 2011-12 B,WASHINGTON TWP SOCCER CLUB CHAOS 11/12,MAINLAND-Atlantic Christian School,,
11/10/2024,14:00,16795648,,GotSport,Soccer,U-13,WINSLOW GREEN DRAGONS 2012,LOGAN FUSION 2012,WINSLOW TWP - PETER VOLPA,,
11/10/2024,14:00,16796942,,GotSport,Soccer,U-11,TBAA REVOLUTION 2014,WEST DEPTFORD SC AVALANCHE 2014,TBAA-VALLEY BROOK,,
11/10/2024,14:00,16796941,,GotSport,Soccer,U-11,WATERFORD ATHLETIC ASSN WINGS 2014,HARRISON STRIKERS 2014,WATERFORD TWP-LOUDEN FIRE HALL/THERMOCOOL,,
11/10/2024,14:00,16795859,,GotSport,Soccer,U-12,HADDONFIELD SC RED 2013,SJ FUTBOL CLUB SOUNDERS 2013,HADDONFIELD - CROWS WOODS,,
11/10/2024,14:00,16796096,,GotSport,Soccer,U-14,BURLINGTON TOWNSHIP SOCCER REBELS 2011,HAMMONTON HEAT BOYS 2011,BURLINGTON TWP - PINEWALD AVE,,
11/10/2024,14:00,16796732,,GotSport,Soccer,U-8,HADDONFIELD SC THUNDER 2017,DELRAN FC BLACK 2017B,HADDONFIELD - CROWS WOODS,,
11/10/2024,14:00,16795555,,GotSport,Soccer,U-9,EGG HARBOR SC EAGLES 2016 BLACK,TBAA RENEGADES 2016,EGG HARBOR - BARGAINTOWN,,
11/10/2024,14:00,16796738,,GotSport,Soccer,U-9,HARRISON HURRICANES 2016,UPPER TOWNSHIP SA BREAKERS 2016,HARRISON - William Wilt Soccer Complex,,
11/10/2024,14:00,16795558,,GotSport,Soccer,U-9,WEST DEPTFORD SC TSUNAMI 2016,LOGAN APOLLO 2016,W DEPTFORD-WD PARK,,
11/10/2024,14:00,16795129,,GotSport,Soccer,U-10,HIGHLAND YOUTH SOCCER CLUB STORM 2015,DEPTFORD SA CYCLONES 2015,HIGHLAND - GLOUCESTER TWP PARK,,
11/10/2024,14:00,16794516,,GotSport,Soccer,U-12,PITMAN SA TIGERS 2013,UPPER TOWNSHIP SA CYCLONES 2013,PITMAN - ALCYON LAKE,,
11/10/2024,14:00,16796906,,GotSport,Soccer,U-11,WASHINGTON TWP SOCCER CLUB WARRIORS 2014,CINNAMINSON SC AVENGERS 2014,WASHINGTON TWP-WASH LAKE PARK,,
11/10/2024,14:00,16795310,,GotSport,Soccer,U-14,CHERRY HILL SC CHAOS 2011,PENNSAUKEN YOUTH SOCCER CLUB WARRIORS 2011,CHSC - CH WEST HS,,
11/10/2024,14:00,16796446,,GotSport,Soccer,U-10,LOGAN ARMADA BLACK 2015,PITMAN SA WILDCATS 2015,LOGAN - TWP LINE,,
11/10/2024,14:00,16795321,,GotSport,Soccer,U-14,PITTSGROVE SOCCER CLUB PSC WOLVES '11,MOUNT LAUREL UNITED (MLU) FLASH 2011,PITTSGROVE-GREEN BRANCH,,
11/10/2024,14:00,16795462,,GotSport,Soccer,U-11,WEST DEPTFORD SC EAGLES 2014,HADDON HEIGHTS SC MIGHTY TITANS 2014,W DEPTFORD-WD PARK,,
11/10/2024,14:00,16796193,,GotSport,Soccer,U-10,PALMYRA RIVERTON SC NATIONALS 2015,WOODSTOWN WILD 2015,,,
11/10/2024,14:00,16795607,,GotSport,Soccer,U-12,BARRINGTON SC REVOLUTION 2013,MOORESTOWN SC DRAGONS 2013,TBA,,
11/10/2024,14:00,16794481,,GotSport,Soccer,U-12,MAINLAND UNITED SA MUSTANGS WHITE 2013-14 B,MOORESTOWN SC THUNDER 2013,MAINLAND - MEMORIAL PARK,,
11/10/2024,14:00,16795340,,GotSport,Soccer,U-10,WINSLOW TITANS 2015,MAINLAND UNITED SA MUSTANGS RED 2015 B,WINSLOW TWP - PETER VOLPA,,
11/10/2024,14:00,16794938,,GotSport,Soccer,U-9,MANTUA TOWNSHIP SA MAMBAS 2016,MOUNT LAUREL UNITED (MLU) GLADIATORS 2016,MANTUA TWP,,
11/10/2024,14:00,16795888,,GotSport,Soccer,U-10,DEPTFORD THUNDER 2015,UPPER TOWNSHIP SA COMETS WHITE 2015,DEPTFORD SC,,
11/10/2024,14:20,16796623,,GotSport,Soccer,U-14,CINNAMINSON SC STORM 2011,WEST DEPTFORD SC WOLFPACK 2011,CINNAMINSON SC - MEMORIAL,,
11/10/2024,14:30,16796733,,GotSport,Soccer,U-8,RANCOCAS VALLEY SC 2017 BOYS PREMIER,CINNAMINSON SC BLACK 2017,Rancocas Valley-LUMBERTON MUNICIPAL,,
11/10/2024,14:30,16794795,,GotSport,Soccer,U-9,DELRAN FC UNION 2016,SWEDESBORO WOOLWICH SOCCER ASSOC. SWSA HAVOC 2016,,,
11/10/2024,14:30,16794469,,GotSport,Soccer,U-12,EAST GREENWICH SA EGSA PANTHERS 2013,HADDON TWP WHITE HAWKS 2013,E GREENWICH - THOMPSON FAMILY PARK,,
11/10/2024,14:30,16795745,,GotSport,Soccer,U-9,HADDON TWP RED HAWKS 2016,MOUNT LAUREL UNITED (MLU) REVOLUTION 2016,,,
11/10/2024,14:30,16795943,,GotSport,Soccer,U-11,PENNSAUKEN YOUTH SOCCER CLUB AVENGERS 2014,VOORHEES SA VIPERS 2015,Pennsauken Community Recreation Facility,,
11/10/2024,14:30,16796157,,GotSport,Soccer,U-8,MEDFORD SC 2017B WHITE,HADDONFIELD SC FIRE 2017,MEDFORD - BENDE PARK,,
11/10/2024,14:30,16796454,,GotSport,Soccer,U-10,MOORESTOWN SC HORNETS 2015,MEDFORD SC GOLD 2015,MOORESTOWN - MEMORIAL FIELDS,,
11/10/2024,14:30,16796899,,GotSport,Soccer,U-11,WOODSTOWN WOLFPACK 2014,MEDFORD SC GOLD 2014,WOODSTOWN,,
11/10/2024,14:45,16795883,,GotSport,Soccer,U-10,SENECA UNITED SC 2015 PARK RANGERS,ATLANTIC UNITED PREMIER FIRE 2015 B,SENECA - STONEY CREEK FIELDS,,
11/10/2024,14:45,16796517,,GotSport,Soccer,U-8,MAPLE SHADE CHAOS 2017,MOORESTOWN SC PYTHONS 2017,MAPLE SHADE - TURF FIELD,,
11/10/2024,15:00,16795909,,GotSport,Soccer,U-16,DEPTFORD REBELS 2009,TBAA STORM 2009,DEPTFORD SC,,
11/10/2024,15:00,16796960,,GotSport,Soccer,U-12,DELRAN FC SOCCER GREY 2013B,WINSLOW SHARKS 2013,,,
11/10/2024,15:00,16796817,,GotSport,Soccer,U-15,MONROE TOWNSHIP YS UNITED 2010,MARLTON SC CHIEFS WHITE 2010,MONROE TWP - CORKERY LANE,,
11/10/2024,15:00,16796035,,GotSport,Soccer,U-11,BORDENTOWN FC UNION 2014,LOGAN CHARGE BLACK 2014,BORDENTOWN - FRIENDSHIP FIELDS,,
11/10/2024,15:00,16796858,,GotSport,Soccer,U-13,MOUNT LAUREL UNITED (MLU) IMPACT 2012,HADDONFIELD SC RED 2012,MLU-TROTTERS,,
11/10/2024,15:15,16796084,,GotSport,Soccer,U-14,WOODSTOWN FURY 2011,MOUNT LAUREL UNITED (MLU) WARRIORS 2011,WOODSTOWN,,
11/10/2024,15:15,16795200,,GotSport,Soccer,U-10,LOGAN ARMADA BLUE 2015,WOODSTOWN WILDCATS 2015,LOGAN - TWP LINE,,
11/10/2024,15:20,16796126,,GotSport,Soccer,U-19,HIGHLAND YOUTH SOCCER CLUB GALAXY 2008,SWEDESBORO WOOLWICH SOCCER ASSOC. SWSA SCORPIONS 2008,HIGHLAND - GLOUCESTER TWP PARK,,
11/10/2024,15:30,16795632,,GotSport,Soccer,U-12,PITMAN SA TOMCATS 2013,PENNSVILLE EAGLES 2013,PITMAN - ALCYON LAKE,,
11/10/2024,15:30,16794749,,GotSport,Soccer,U-9,PALMYRA RIVERTON SC NEW U9B - 2016,PENNS GROVE SC DRAGONS 2016,,,
11/10/2024,15:30,16796338,,GotSport,Soccer,U-13,MAINLAND UNITED SA MUSTANGS RED 2012 B,UPPER TOWNSHIP SA FORCE GREEN 2012,MAINLAND-Atlantic Christian School,,
11/10/2024,15:30,16797032,,GotSport,Soccer,U-8,HADDONFIELD SC REBELS 2017,MOUNT LAUREL UNITED (MLU) BOYS TEAM 2 2017,HADDONFIELD - CROWS WOODS,,
11/10/2024,15:30,16794309,,GotSport,Soccer,U-10,MOORESTOWN SC VIPERS 2015,HARRISON STRIKERS 2015,MOORESTOWN - MEMORIAL FIELDS,,
11/10/2024,15:30,16795976,,GotSport,Soccer,U-13,NORTHERN BURLINGTON SA RANGERS 2012,AUDUBON SOCCER YOUTH BALLERS 2012,NB- MANSFIELD TOWNSHIP ELEMENTARY SCHOOL,,
11/10/2024,15:30,16796546,,GotSport,Soccer,U-11,HADDONFIELD SC BLACK 2014,NORTHERN BURLINGTON JACKALS 2015,HADDONFIELD - CROWS WOODS,,
11/10/2024,15:30,16796204,,GotSport,Soccer,U-15,BORDENTOWN FC PANTHERS 2010,DEPTFORD DEMONS 2010,BORDENTOWN - FRIENDSHIP FIELDS,,
11/10/2024,15:30,16794441,,GotSport,Soccer,U-11,MAINLAND UNITED SA MUSTANGS RED 2014 B,MARLTON SC CHIEFS ORANGE 2015,MAINLAND - MEMORIAL PARK,,
11/10/2024,15:30,16796421,,GotSport,Soccer,U-9,BARRINGTON SC BLACK 2016,COLLINGSWOOD OAKLYN SOCCER CLUB WARRIORS 2016,TBA,,
11/10/2024,15:30,16796739,,GotSport,Soccer,U-9,EAST GREENWICH SA EGSA ROYALS 2016,ATLANTIC UNITED PREMIER RED 2016 B,E GREENWICH - THOMPSON FAMILY PARK,,
11/10/2024,15:30,16796652,,GotSport,Soccer,U-9,CLAYTON SA CLIPPERS 2016,WEST DEPTFORD SC WARRIORS 2016,CLAYTON - BENTZ,,
11/10/2024,15:30,16796635,,GotSport,Soccer,U-14,HARRISON SC ARSENAL 2011,WASHINGTON TWP SOCCER CLUB REGULATORS 2011,HARRISON - William Wilt Soccer Complex,,
11/10/2024,15:30,16794535,,GotSport,Soccer,U-12,TAR-KILL SOCCER CLUB TARKILL KNIGHTS 2013,HIGHLAND YOUTH SOCCER CLUB FURY 2013,TARKILL-STERLING HS,,
11/10/2024,15:30,16795591,,GotSport,Soccer,U-12,AUDUBON SOCCER YOUTH WILD WINGS 2013,EAST GREENWICH SA EGSA DYNAMO 2013,AUDUBON - GREEN WAVE PARK,,
11/10/2024,15:30,16796170,,GotSport,Soccer,U-10,WASHINGTON TWP SOCCER CLUB RAPTORS 2015,TAR-KILL SOCCER CLUB TARKILL 2015 BLUE,WASHINGTON TWP. - Levy Fields (Virtua),,
11/10/2024,15:30,16795060,,GotSport,Soccer,U-12,MARLTON SC CHIEFS ORANGE 2014,SJ FUTBOL CLUB SJFC FLYERS ELITE 2014,MARLTON - MEMORIAL,,
11/10/2024,15:30,16795084,,GotSport,Soccer,U-10,HIGHLAND YOUTH SOCCER CLUB LIGHTNING 2015,WEST DEPTFORD SC ANIMALS 2015,HIGHLAND - GLOUCESTER TWP PARK,,
11/10/2024,15:30,16795042,,GotSport,Soccer,U-12,CINNAMINSON SC THUNDERBIRDS 2013,EGG HARBOR SC EAGLES WHITE 2013,CINNAMINSON SC - MEMORIAL,,
11/10/2024,15:30,16794337,,GotSport,Soccer,U-10,COHANSEY SC DYNAMO 2015,AUDUBON BOYS 2015,Cohansey - Cumberland County Tech School,,
11/10/2024,15:30,16794402,,GotSport,Soccer,U-11,UPPER TOWNSHIP SA HURRICANES GREEN 2014,MEDFORD STRIKERS 2014 BOYS,UPPER TWP-Amanda's Field Complex,,
11/10/2024,15:30,16794619,,GotSport,Soccer,U-14,CAPE EXPRESS SURGE 2011,MEDFORD SC RENEGADES 2011,CAPE EX SOCCER COMPLEX At Ockie Wisting,,
11/10/2024,15:30,16796312,,GotSport,Soccer,U-15,CHERRY HILL SC CHERRY HILL SC FUSION (2011) - BOYS,TBAA DYNAMO 2010,CHSC - CH WEST HS,,
11/10/2024,15:30,16795910,,GotSport,Soccer,U-16,WINSLOW VIPERS 2009,CINNAMINSON SC PIRATES 2009,WINSLOW TWP - PETER VOLPA,,
11/10/2024,15:30,16796601,,GotSport,Soccer,U-10,MILLVILLE PREDATORS 2015,VINELAND AVENGERS 2015,MILLVILLE SOCCER COMPLEX,,
11/10/2024,15:30,16794995,,GotSport,Soccer,U-10,CHERRY HILL FC 2015 JUNIOR BLACK,BURLINGTON TOWNSHIP SOCCER THUNDER2015,CHFC - DeCOU,,
11/10/2024,15:30,16795207,,GotSport,Soccer,U-10,MANTUA 2015-2016 BOYS,MAINLAND UNITED SA MUSTANGS WHITE 2015-16 B,MANTUA TWP,,
11/10/2024,15:30,16796789,,GotSport,Soccer,U-9,WEST DEPTFORD SC WILDCATS 2016,CHERRY HILL FC 2016 JUNIOR BLACK,W DEPTFORD-WD PARK,,
11/10/2024,15:30,16796369,,GotSport,Soccer,U-13,MEDFORD SC DESTROYERS 2012,DEPTFORD THUNDER 2012,MEDFORD - BENDE PARK,,
11/10/2024,15:30,16795794,,GotSport,Soccer,U-13,FRANKLIN TOWNSHIP YOUTH SOCCER ASSOCIATION CRUSADERS 2012,HADDONFIELD BLACK 2012,FRANKLIN TWP YOUTH COMPLEX,,
11/10/2024,15:30,16795461,,GotSport,Soccer,U-11,MARLTON SC CHIEFS BLACK 2014,COLLINGSWOOD OAKLYN SOCCER CLUB OUTLAWS 2014,MARLTON - MEMORIAL,,
11/10/2024,15:30,16796374,,GotSport,Soccer,U-13,PITMAN SA JAGUARS 2012,SENECA UNITED SC 2012 PRIDE,PITMAN - ALCYON LAKE,,
11/10/2024,15:30,16794689,,GotSport,Soccer,U-8,TAR-KILL SOCCER CLUB TARKILL UNION 2017,TBAA REVOLUTION 2017,TARKILL-STERLING HS,,
11/10/2024,15:30,16796280,,GotSport,Soccer,U-12,RANCOCAS VALLEY SC RONALDO 2013,BURLINGTON TOWNSHIP SOCCER STRIKERS 2013,Rancocas Valley-LUMBERTON MUNICIPAL,,
11/10/2024,15:30,16796386,,GotSport,Soccer,U-14,WOODBURY SOCCER CLUB WOODBURY ARMORY 2011,DELRAN FC FLASH 2011,WOODBURY,,
11/10/2024,15:30,16795493,,GotSport,Soccer,U-14,MOORESTOWN SC BLACK KNIGHTS 2011,VOORHEES SA BLUES 2011,MOORESTOWN - MEMORIAL FIELDS,,
11/10/2024,15:30,16796803,,GotSport,Soccer,U-15,MILLVILLE VENOM 2010,EDGEWATER PARK ATHLETIC ASSOCIATION EP WIZARDS 2010,MILLVILLE SOCCER COMPLEX,,
11/10/2024,15:30,16794285,,GotSport,Soccer,U-12,VINELAND SA UNITED 2013,MONROE UNITED 2013,VINELAND SA,,
11/10/2024,15:30,16794443,,GotSport,Soccer,U-11,DEPTFORD UNITED 2014,MONROE TOWNSHIP YS UNITED BOYS BLUE 2014,DEPTFORD SC,,
11/10/2024,15:30,16796477,,GotSport,Soccer,U-8,SOUTH HARRISON FORCE,MAINLAND UNITED SA MUSTANGS RED 2017 B,SOUTH HARRISON - STEWART,,
11/10/2024,15:30,16796475,,GotSport,Soccer,U-8,PITTSGROVE SOCCER CLUB PSC RAPTORS ‘17,HARRISON HURRICANES 2017,PITTSGROVE-GREEN BRANCH,,
11/10/2024,15:30,16795855,,GotSport,Soccer,U-12,CHERRY HILL SC THUNDER 2013,EGG HARBOR SC EAGLES 2013 BLACK,CHSC - UPPER CHAPEL TURF,,
11/10/2024,15:30,16796680,,GotSport,Soccer,U-9,TBAA KNIGHTS 2016,CHERRY HILL SC CHERRY HILL SC THUNDER (2016) - BOYS,TBAA-VALLEY BROOK,,
11/10/2024,15:30,16794572,,GotSport,Soccer,U-8,CHERRY HILL SC CHERRY HILL SC DYNAMO (2017) - BOYS,HARRISON UNITED 2017,CHSC - UPPER CHAPEL TURF,,
11/10/2024,15:30,16795379,,GotSport,Soccer,U-10,BERLIN SOCCER CLUB BERSERKERS 2015,MAINLAND UNITED SA MUSTANGS BLACK 2015 B,BERLIN SC - FRANKLIN FIELDS,,
11/10/2024,15:30,16794748,,GotSport,Soccer,U-9,GATEWAY UNITED SOCCER CLUB 2016 GUSC BLUES,NORTHERN BURLINGTON BOOM 2016,,,
11/10/2024,15:30,16795647,,GotSport,Soccer,U-13,HADDON TWP WHITE HAWKS 2012,PENNSVILLE EAGLES 2012,HADDON TWP - RECCHINO FIELDS,,
11/10/2024,15:30,16794747,,GotSport,Soccer,U-9,AUDUBON 2016 BOYS,HADDON HEIGHTS SC RUCKUS 2016,AUDUBON - GREEN WAVE PARK,,
11/10/2024,15:30,16794586,,GotSport,Soccer,U-8,CINNAMINSON RED 2017,VOORHEES SA BLUE DEVILS 2017,CINNAMINSON SC - MEMORIAL,,
11/10/2024,15:30,16795394,,GotSport,Soccer,U-11,CAPE EXPRESS CE ENGINEERS 2014,UPPER TOWNSHIP SA HURRICANES WHITE 2014,CAPE EX SOCCER COMPLEX At Ockie Wisting,,
11/10/2024,15:30,16795644,,GotSport,Soccer,U-13,SWEDESBORO WOOLWICH SOCCER ASSOC. SWSA CYCLONES 2012/2013,HIGHLAND YOUTH SOCCER CLUB MUSTANGS 2012,SW-Locke Avenue Park,,
11/10/2024,15:30,16796654,,GotSport,Soccer,U-9,WATERFORD ATHLETIC ASSN WINGS 2016,VOORHEES SA TITANS 2016,WATERFORD TWP-LOUDEN FIRE HALL/THERMOCOOL,,
11/10/2024,15:30,16795610,,GotSport,Soccer,U-12,PALMYRA RIVERTON SC HURRICANES 2013,VOORHEES COSMOS 2013,,,
11/10/2024,15:30,16795208,,GotSport,Soccer,U-10,PENNSVILLE EAGLES BLUE 2015,SWEDESBORO WOOLWICH SOCCER ASSOC. SWSA HONEY BADGERS 2015,PENNSVILLE,,
11/10/2024,15:30,16794894,,GotSport,Soccer,U-9,PITTSGROVE SOCCER CLUB PSC PRIME WHITE '16,PITMAN SA BOBCATS 2016,PITTSGROVE-GREEN BRANCH,,
11/10/2024,15:30,16794442,,GotSport,Soccer,U-11,WASHINGTON TWP SOCCER CLUB TERROR 2014,HADDONFIELD SC RED 2014 B,WASHINGTON TWP-WASH LAKE PARK,,
11/10/2024,15:30,16795600,,GotSport,Soccer,U-12,PITTSGROVE SOCCER CLUB PSC PYTHONS '13,MEDFORD SC MAYHEM 2013,PITTSGROVE-GREEN BRANCH,,
11/10/2024,15:30,16796787,,GotSport,Soccer,U-9,HARRISON HORNETS 2016,MARLTON SC CHIEFS WHITE 2016,HARRISON - William Wilt Soccer Complex,,
11/10/2024,15:30,16795195,,GotSport,Soccer,U-10,HAMILTON ELITE FC PREMIER 2015B,EAST GREENWICH SA EGSA FLYERS 2015,,,
11/10/2024,15:45,16796425,,GotSport,Soccer,U-9,MOORESTOWN SC DRAGONS 2016,HADDONFIELD SC GREY 2016,MOORESTOWN - MEMORIAL FIELDS,,
11/10/2024,15:45,16796898,,GotSport,Soccer,U-11,EGG HARBOR SC EAGLES 2014 WHITE,COLLINGSWOOD OAKLYN SOCCER CLUB VENOM COSC 2014,EGG HARBOR - BARGAINTOWN,,
11/10/2024,15:45,16794841,,GotSport,Soccer,U-8,DELRAN FC SOCCER GREY 2017B,SWEDESBORO WOOLWICH SOCCER ASSOC. SWSA FIREBALLS 2017,,,
11/10/2024,15:45,16795530,,GotSport,Soccer,U-9,MEDFORD SC GOLD 2016,HADDONFIELD SC BLACK 2016 B,MEDFORD - BENDE PARK,,
11/10/2024,15:45,16795282,,GotSport,Soccer,U-12,EAST GREENWICH SA EGSA MAYHEM 2013,WASHINGTON TWP SOCCER CLUB RAPTORS 2013,E GREENWICH - THOMPSON FAMILY PARK,,
11/10/2024,15:45,16796943,,GotSport,Soccer,U-11,WOODSTOWN WOLVERINES 2014,PENNSVILLE EAGLES 2014,WOODSTOWN,,
11/10/2024,15:45,16795599,,GotSport,Soccer,U-12,VOORHEES SA RAPTORS 2013,MOORESTOWN SC RAPTORS 2013,VOORHEES-Echelon Complex,,
11/10/2024,15:45,16796427,,GotSport,Soccer,U-9,RANCOCAS VALLEY SC 2016 BOYS UNITED,CINNAMINSON SC CHAOS 2016,Rancocas Valley-LUMBERTON MUNICIPAL,,
11/10/2024,15:45,16796192,,GotSport,Soccer,U-10,HADDON TWP RED HAWKS 2015,MONROE TOWNSHIP YS UNITED BLUE 2015,,,
11/10/2024,15:45,16794719,,GotSport,Soccer,U-12,PENNSAUKEN YOUTH SOCCER CLUB REBELS 2013,MONROE TOWNSHIP YS UNITED BOYS BLUE 2013,Pennsauken Community Recreation Facility,,
11/10/2024,15:45,16795556,,GotSport,Soccer,U-9,MONROE UNITED BLUE 2016,UPPER TOWNSHIP SA THUNDER 2016,MONROE TWP - CORKERY LANE,,
11/10/2024,15:50,16795799,,GotSport,Soccer,U-13,CINNAMINSON SC SKULLS 2012,WEST DEPTFORD SC UNION 2012,CINNAMINSON SC - MEMORIAL,,
11/10/2024,16:00,16796061,,GotSport,Soccer,U-10,SENECA UNITED SC 2015 RAPTORS,PENNSAUKEN YOUTH SOCCER CLUB LIONS 2015,SENECA - STONEY CREEK FIELDS,,
11/17/2024,09:30,16795534,,GotSport,Soccer,U-9,UPPER TOWNSHIP SA THUNDER 2016,EGG HARBOR SC EAGLES 2016 BLACK,UPPER TWP-Amanda's Field Complex,,
11/17/2024,11:00,16795727,,GotSport,Soccer,U-11,MEDFORD SC CAROLINA 2014,HIGHLAND YOUTH SOCCER CLUB THUNDER 2014,MEDFORD - BENDE PARK,,
11/17/2024,11:00,16796480,,GotSport,Soccer,U-8,UPPER TOWNSHIP SA FLASH 2017,SOUTH HARRISON FORCE,UPPER TWP-Amanda's Field Complex,,
11/17/2024,11:00,16795223,,GotSport,Soccer,U-16,DEPTFORD AVENGERS 2009,EAST GREENWICH SA EGSA THUNDER 2009,DEPTFORD SC,,
11/17/2024,11:00,16796099,,GotSport,Soccer,U-19,GATEWAY UNITED SOCCER CLUB GUSC WARRIORS B2006,HIGHLAND YOUTH SOCCER CLUB HURRICANES 2008,GATEWAY UTD. - WESTVILLE,,
11/17/2024,11:00,16794287,,GotSport,Soccer,U-12,MEDFORD STRIKERS 2013 BOYS,DELRAN FC SOCCER DELRAN FC UNITED 2013,MEDFORD STRIKERS - ARK ROAD COMPLEX,,
11/17/2024,11:00,16796098,,GotSport,Soccer,U-19,HIGHLAND YOUTH SOCCER CLUB FUSION 2008,MEDFORD SC ,HIGHLAND - GLOUCESTER TWP PARK,,
11/17/2024,11:00,16796964,,GotSport,Soccer,U-12,PALMYRA RIVERTON SC YOUNGBLOODS 2013,DELRAN FC SOCCER GREY 2013B,,,
11/17/2024,11:00,16795637,,GotSport,Soccer,U-12,VOORHEES COSMOS 2013,BARRINGTON SC REVOLUTION 2013,VOORHEES-Echelon Complex,,
11/17/2024,11:00,16794562,,GotSport,Soccer,U-9,SENECA UNITED SC 2016 EAGLES,EAST GREENWICH SA EGSA LIONS 2016,SENECA - STONEY CREEK FIELDS,,
11/17/2024,11:00,16796314,,GotSport,Soccer,U-15,EAST GREENWICH SA EGSA CHARGERS 2010,CHERRY HILL SC CHERRY HILL SC FUSION (2011) - BOYS,E GREENWICH - THOMPSON FAMILY PARK,,
11/17/2024,11:00,16795978,,GotSport,Soccer,U-13,AUDUBON SOCCER YOUTH BALLERS 2012,SWEDESBORO WOOLWICH SOCCER ASSOC. SWSA SHARKS 2012,AUDUBON - GREEN WAVE PARK,,
11/17/2024,12:00,16797030,,GotSport,Soccer,U-8,TBAA ROUGHRIDERS 2017,HADDONFIELD SC REBELS 2017,TBAA-VALLEY BROOK,,
11/17/2024,12:00,16796465,,GotSport,Soccer,U-10,MEDFORD SC GOLD 2015,LOGAN ARMADA BLACK 2015,MEDFORD - BENDE PARK,,
11/17/2024,12:00,16795229,,GotSport,Soccer,U-16,HAMMONTON HEAT BOYS 2009,SJ FUTBOL CLUB RAPIDS 2009,HAMMONTON - MOSS MILL RD PARK SOCCER COMPLEX,,
11/17/2024,12:00,16795240,,GotSport,Soccer,U-15,WASHINGTON TWP SOCCER CLUB RENEGADES 2010,EAST GREENWICH SA EGSA BLAZE 2010,WASHINGTON TWP-WASH LAKE PARK,,
11/17/2024,12:00,16796313,,GotSport,Soccer,U-15,VINELAND REBELS 2010,WOODBURY ARMORY 2010,VINELAND SA,,
11/17/2024,12:00,16796620,,GotSport,Soccer,U-14,WASHINGTON TWP SOCCER CLUB REGULATORS 2011,VINELAND SA STRIKERS 2011,WASHINGTON TWP-WASH LAKE PARK,,
11/17/2024,12:00,16795689,,GotSport,Soccer,U-10,CINNAMINSON SC PIRATES SEA DOGS 2015,BURLINGTON TOWNSHIP SOCCER PHOENIX 2015,CINNAMINSON SC - MEMORIAL,,
11/17/2024,12:00,16795156,,GotSport,Soccer,U-15,WINSLOW SLAYERS 2010,PALMYRA RIVERTON SC UNION 2010,WINSLOW TWP - PETER VOLPA,,
11/17/2024,12:00,16794848,,GotSport,Soccer,U-13,HARRISON SC STRIKERS 2012,PITTSGROVE SOCCER CLUB PSC WARRIORS '12,HARRISON - William Wilt Soccer Complex,,
11/17/2024,12:00,16795285,,GotSport,Soccer,U-12,WEST DEPTFORD SC WARRIORS 2013,MILLVILLE REBELS 2013,W DEPTFORD-WD PARK,,
11/17/2024,12:00,16795307,,GotSport,Soccer,U-14,HADDONFIELD SC RED 2011,CHERRY HILL SC CHAOS 2011,HADDONFIELD - CROWS WOODS,,
11/17/2024,12:00,16796206,,GotSport,Soccer,U-15,BORDENTOWN FC PANTHERS 2010,MEDFORD SC MAD DOGS WHITE 2010,BORDENTOWN - FRIENDSHIP FIELDS,,
11/17/2024,12:00,16794491,,GotSport,Soccer,U-10,WASHINGTON UNITED SOCCER CLUB WUSC 2015 BOYS,HADDONFIELD SC RED 2015 B,WASHINGTON TWP. - Levy Fields (Virtua),,
11/17/2024,12:00,16794918,,GotSport,Soccer,U-11,ATLANTIC UNITED PREMIER KICKERS 2014 B,TAR-KILL SOCCER CLUB TARKILL CHELSEA 2014,ATLANTIC - TARTAGLIO,,
11/17/2024,12:00,16795341,,GotSport,Soccer,U-10,SJ FUTBOL CLUB RAMS 2015,WINSLOW TITANS 2015,SJFC - UPPER DEERFIELD RECREATION COMPLEX,,
11/17/2024,12:00,16794942,,GotSport,Soccer,U-9,MONROE UNITED 2016B,MARLTON SC CHIEFS ORANGE 2016,MONROE TWP - CORKERY LANE,,
11/17/2024,12:00,16795463,,GotSport,Soccer,U-11,COLLINGSWOOD OAKLYN SOCCER CLUB OUTLAWS 2014,WEST DEPTFORD SC EAGLES 2014,COSC- Oaklyn Public School,,
11/17/2024,12:00,16796106,,GotSport,Soccer,U-19,MILLVILLE PHANTOMS 2008,SWEDESBORO WOOLWICH SOCCER ASSOC. SWSA SCORPIONS 2008,MILLVILLE SOCCER COMPLEX,,
11/17/2024,12:00,16795061,,GotSport,Soccer,U-12,EGG HARBOR SC EAGLES WHITE 2013,MARLTON SC CHIEFS ORANGE 2014,EGG HARBOR - BARGAINTOWN,,
11/17/2024,12:00,16795980,,GotSport,Soccer,U-13,VOORHEES SA PREDATORS 2013,HADDON TWP RED HAWKS 2012,VOORHEES-EASTERN HS,,
11/17/2024,12:15,16794404,,GotSport,Soccer,U-11,MEDFORD STRIKERS 2014 BOYS,DELRAN FC SOCCER DELRAN FC KNIGHTS 2014,MEDFORD STRIKERS - ARK ROAD COMPLEX,,
11/17/2024,12:15,16795889,,GotSport,Soccer,U-10,UPPER TOWNSHIP SA COMETS WHITE 2015,MILLVILLE WARRIORS 2015,UPPER TWP-Amanda's Field Complex,,
11/17/2024,12:30,16794538,,GotSport,Soccer,U-12,SENECA UNITED SC 2014 THUNDER,PITMAN SA TIGERS 2013,SENECA - STONEY CREEK FIELDS,,
11/17/2024,12:30,16794537,,GotSport,Soccer,U-12,HIGHLAND YOUTH SOCCER CLUB FURY 2013,MAINLAND UNITED SA MUSTANGS RED 2013 B,HIGHLAND - GLOUCESTER TWP PARK,,
11/17/2024,12:30,16794276,,GotSport,Soccer,U-12,HARRISON SC LIGHTNING 2013,VINELAND SA UNITED 2013,HARRISON - William Wilt Soccer Complex,,
11/17/2024,12:30,16796423,,GotSport,Soccer,U-9,HADDONFIELD SC GREY 2016,BARRINGTON SC BLACK 2016,HADDONFIELD - CROWS WOODS,,
11/17/2024,12:30,16795331,,GotSport,Soccer,U-10,MAINLAND UNITED SA MUSTANGS RED 2015 B,MEDFORD SC WHITE 2015,MAINLAND - MEMORIAL PARK,,
11/17/2024,12:30,16794474,,GotSport,Soccer,U-12,HADDON TWP WHITE HAWKS 2013,MAPLE SHADE FORCE 2013,,,
11/17/2024,12:30,16795981,,GotSport,Soccer,U-13,EAST GREENWICH SA EGSA VENOM 2012,NORTHERN BURLINGTON SA RANGERS 2012,E GREENWICH - THOMPSON FAMILY PARK,,
11/17/2024,12:30,16795442,,GotSport,Soccer,U-11,HADDON HEIGHTS SC MIGHTY TITANS 2014,MANTUA TOWNSHIP SA OUTLAWS 2014,HADD HGTS - DEVON,,
11/17/2024,12:30,16794476,,GotSport,Soccer,U-12,MOORESTOWN SC THUNDER 2013,EAST GREENWICH SA EGSA PANTHERS 2013,MOORESTOWN - SALEM RD/PRYOR PARK,,
11/17/2024,12:30,16794713,,GotSport,Soccer,U-12,MEDFORD SC BLUE DEVILS 2013,PENNSAUKEN YOUTH SOCCER CLUB REBELS 2013,MEDFORD - BENDE PARK,,
11/17/2024,12:30,16795748,,GotSport,Soccer,U-9,MAINLAND UNITED SA MUSTANGS RED 2016 B,HADDON TWP RED HAWKS 2016,MAINLAND - MEMORIAL PARK,,
11/17/2024,12:30,16795067,,GotSport,Soccer,U-12,MOUNT LAUREL UNITED (MLU) LIGHTNING 2014,CINNAMINSON SC THUNDERBIRDS 2013,MLU-TROTTERS,,
11/17/2024,12:30,16795746,,GotSport,Soccer,U-9,MOUNT LAUREL UNITED (MLU) REVOLUTION 2016,HADDONFIELD SC RED 2016,MLU-TROTTERS,,
11/17/2024,12:30,16794941,,GotSport,Soccer,U-9,MOUNT LAUREL UNITED (MLU) GLADIATORS 2016,CINNAMINSON SC VIPERS 2016,MLU-TROTTERS,,
11/17/2024,12:30,16795202,,GotSport,Soccer,U-10,WOODSTOWN WILDCATS 2015,PENNSVILLE EAGLES BLUE 2015,WOODSTOWN,,
11/17/2024,12:30,16794773,,GotSport,Soccer,U-9,MOORESTOWN SC WARRIORS 2016,GATEWAY UNITED SOCCER CLUB 2016 GUSC THUNDER,MOORESTOWN - MEMORIAL FIELDS,,
11/17/2024,12:30,16796876,,GotSport,Soccer,U-13,CHERRY HILL FC 2012 JUNIORS BLACK,PITTSGROVE SOCCER CLUB PSC SPURS '12,CHFC - DeCOU,,
11/17/2024,12:30,16795408,,GotSport,Soccer,U-11,UPPER TOWNSHIP SA HURRICANES WHITE 2014,CINNAMINSON SC CHARGERS 2014,UPPER TWP-Amanda's Field Complex,,
11/17/2024,12:30,16794916,,GotSport,Soccer,U-11,CHERRY HILL SC CHERRY HILL SC UNION 2015,HADDON TWP RED HAWKS 2014,CHSC - UPPER CHAPEL TURF,,
11/17/2024,12:30,16796388,,GotSport,Soccer,U-14,RANCOCAS VALLEY SC BOYS 2011 UNITED,HADDONFIELD SC WHITE 2011,Rancocas Valley-LUMBERTON MUNICIPAL,,
11/17/2024,12:30,16796032,,GotSport,Soccer,U-11,VOORHEES SA VIKINGS 2014,BORDENTOWN FC UNION 2014,VOORHEES-Echelon Complex,,
11/17/2024,12:30,16794796,,GotSport,Soccer,U-9,SWEDESBORO WOOLWICH SOCCER ASSOC. SWSA HAVOC 2016,PITTSGROVE SOCCER CLUB PSC PRIME BLACK '16,SW-Locke Avenue Park,,
11/17/2024,12:30,16795944,,GotSport,Soccer,U-11,CHERRY HILL FC 2015 JUNIOR RED,PENNSAUKEN YOUTH SOCCER CLUB AVENGERS 2014,CHFC - DeCOU,,
11/17/2024,12:30,16796551,,GotSport,Soccer,U-11,NORTHERN BURLINGTON JACKALS 2015,FRANKLIN TOWNSHIP YOUTH SOCCER ASSOCIATION KNIGHTS 2014,NB Georgetown Park,,
11/17/2024,12:30,16795509,,GotSport,Soccer,U-9,HIGHLAND YOUTH SOCCER CLUB HAVOK 2016,MEDFORD SC GOLD 2016,HIGHLAND - GLOUCESTER TWP PARK,,
11/17/2024,12:30,16794874,,GotSport,Soccer,U-9,PITMAN SA BOBCATS 2016,FRANKLIN TOWNSHIP YOUTH SOCCER ASSOCIATION UNITED 2016,PITMAN - Dell,,
11/17/2024,12:30,16794563,,GotSport,Soccer,U-9,HADDON TWP WHITE HAWKS 2016,TAR-KILL SOCCER CLUB TARKILL 2016 BOYS,,,
11/17/2024,12:30,16796671,,GotSport,Soccer,U-9,VOORHEES SA TITANS 2016,MILLVILLE THUNDER 2016,VOORHEES-Echelon Complex,,
11/17/2024,12:30,16794348,,GotSport,Soccer,U-14,SWEDESBORO WOOLWICH SOCCER ASSOC. SWSA RED FLAMES 2011,CHERRY HILL FC 2011 JUNIORS BLACK,SW-Locke Avenue Park,,
11/17/2024,12:30,16795661,,GotSport,Soccer,U-13,PENNSVILLE EAGLES 2012,WINSLOW GREEN DRAGONS 2012,PENNSVILLE,,
11/17/2024,12:30,16794274,,GotSport,Soccer,U-12,MONROE UNITED 2013,CAPE EXPRESS CE 2014 UNION,MONROE TWP - CORKERY LANE,,
11/17/2024,12:30,16795130,,GotSport,Soccer,U-10,NORTHERN BURLINGTON STORM 2015,HIGHLAND YOUTH SOCCER CLUB STORM 2015,NB Georgetown Park,,
11/17/2024,12:30,16794418,,GotSport,Soccer,U-11,TBAA REVOLUTION 2015,TBAA OUTLAWS 2014,TBAA-VALLEY BROOK,,
11/17/2024,12:30,16797036,,GotSport,Soccer,U-8,VOORHEES SA VENOM 2017,HADDON TWP. WHITE HAWKS 2017,VOORHEES-Echelon Complex,,
11/17/2024,12:30,16796575,,GotSport,Soccer,U-8,HAMMONTON HEAT BOYS 2017,LOGAN BOOM BLUE 2017,HAMMONTON - MOSS MILL RD PARK SOCCER COMPLEX,,
11/17/2024,12:30,16796335,,GotSport,Soccer,U-13,UPPER TOWNSHIP SA FORCE GREEN 2012,VINELAND SA JERSEY BOYZ 2012,UPPER TWP-Amanda's Field Complex,,
11/17/2024,12:30,16795511,,GotSport,Soccer,U-9,SWEDESBORO WOOLWICH SOCCER ASSOC. SWSA VENOM 2016,WASHINGTON TWP SOCCER CLUB THUNDER 2016,SW-Locke Avenue Park,,
11/17/2024,12:30,16794998,,GotSport,Soccer,U-10,MARLTON SC CHIEFS WHITE 2015,CINNAMINSON SC RED DEVILS 2015,MARLTON - MEMORIAL,,
11/17/2024,12:30,16794997,,GotSport,Soccer,U-10,BURLINGTON TOWNSHIP SOCCER THUNDER2015,DELRAN FC COBRAS 2015,BURLINGTON TWP - PINEWALD AVE,,
11/17/2024,12:30,16794996,,GotSport,Soccer,U-10,HADDONFIELD SC BLACK 2015 B,CHERRY HILL FC 2015 JUNIOR BLACK,HADDONFIELD - CROWS WOODS,,
11/17/2024,12:30,16795822,,GotSport,Soccer,U-14,CINNAMINSON SC VIPERS 2011,VOORHEES SA ATTACK 2011,CINNAMINSON SC - MEMORIAL,,
11/17/2024,12:30,16796608,,GotSport,Soccer,U-10,MANTUA TOWNSHIP SA FROGS 2015,PITTSGROVE SOCCER CLUB PSC GALAXY '15,MANTUA TWP,,
11/17/2024,12:30,16794615,,GotSport,Soccer,U-14,MAINLAND UNITED SA MUSTANGS RED 2011 B,MANTUA TOWNSHIP SA UNION 2011,MAINLAND-Atlantic Christian School,,
11/17/2024,12:30,16796841,,GotSport,Soccer,U-13,COLLINGSWOOD OAKLYN SOCCER CLUB KNIGHTS 2012,TAR-KILL SOCCER CLUB TARKILL BARCELONA 2012,COLLINGSWOOD - CAMDEN ATHLETIC FACILITY,,
11/17/2024,12:30,16794502,,GotSport,Soccer,U-10,EAST GREENWICH SA EGSA BLACK KNIGHTS 2015,CHERRY HILL SC CHERRY HILL SC WARRIORS 2015,E GREENWICH - THOMPSON FAMILY PARK,,
11/17/2024,12:30,16795309,,GotSport,Soccer,U-14,MOUNT LAUREL UNITED (MLU) FLASH 2011,HARRISON SC THUNDER 2011,MLU-TROTTERS,,
11/17/2024,12:30,16796621,,GotSport,Soccer,U-14,DELRAN FC BLAST 2011,CINNAMINSON SC STORM 2011,,,
11/17/2024,12:30,16796622,,GotSport,Soccer,U-14,WEST DEPTFORD SC WOLFPACK 2011,HARRISON SC ARSENAL 2011,W DEPTFORD-WD PARK,,
11/17/2024,12:30,16797001,,GotSport,Soccer,U-11,CHERRY HILL SC CHERRY HILL SC FORCE 2014,AUDUBON ATTACK - BOYS 2014,CHSC - UPPER CHAPEL TURF,,
11/17/2024,12:30,16794603,,GotSport,Soccer,U-14,MEDFORD SC RENEGADES 2011,BORDENTOWN FC RENEGADES 2011,MEDFORD - BENDE PARK,,
11/17/2024,12:30,16795308,,GotSport,Soccer,U-14,PENNSAUKEN YOUTH SOCCER CLUB WARRIORS 2011,PITTSGROVE SOCCER CLUB PSC WOLVES '11,Pennsauken Community Recreation Facility,,
11/17/2024,12:30,16795635,,GotSport,Soccer,U-12,HADDONFIELD SC WHITE 2013,PITMAN SA TOMCATS 2013,HADDONFIELD - CROWS WOODS,,
11/17/2024,12:30,16795685,,GotSport,Soccer,U-10,TAR-KILL SOCCER CLUB TARKILL 2015 WHITE,HADDONFIELD SC WHITE 2015 B,TARKILL-STERLING HS,,
11/17/2024,12:30,16794444,,GotSport,Soccer,U-11,MARLTON SC CHIEFS ORANGE 2015,WASHINGTON TWP SOCCER CLUB TERROR 2014,MARLTON - MEMORIAL,,
11/17/2024,12:30,16796840,,GotSport,Soccer,U-13,CHERRY HILL SC CHERRY HILL SC BULL DOGS 2012,BERLIN SOCCER CLUB BALL BREAKERS 2012,CHSC - CH WEST HS,,
11/17/2024,12:30,16794583,,GotSport,Soccer,U-8,HARRISON UNITED 2017,MANTUA CHAOS 2017,HARRISON - William Wilt Soccer Complex,,
11/17/2024,12:30,16795638,,GotSport,Soccer,U-12,MOORESTOWN SC DRAGONS 2013,PALMYRA RIVERTON SC HURRICANES 2013,MOORESTOWN - SALEM RD/PRYOR PARK,,
11/17/2024,12:40,16795170,,GotSport,Soccer,U-15,DEPTFORD BRUTE FORCE 2010,WOODSTOWN WOLVERINES 2010,DEPTFORD SC,,
11/17/2024,12:40,16796843,,GotSport,Soccer,U-13,MARLTON SC CHIEFS BLACK 2012,WOODSTOWN THUNDER 2012,MARLTON - MEMORIAL,,
11/17/2024,12:40,16796240,,GotSport,Soccer,U-13,HIGHLAND YOUTH SOCCER CLUB FORCE 2012,CHERRY HILL SC ROYALS 2012,HIGHLAND - GLOUCESTER TWP PARK,,
11/17/2024,12:45,16794654,,GotSport,Soccer,U-14,GATEWAY UNITED SOCCER CLUB WILDCATS 2011,WINSLOW WILDCATS 2011,GATEWAY UTD. - WESTVILLE,,
11/17/2024,13:00,16794339,,GotSport,Soccer,U-10,AUDUBON BOYS 2015,HARRISON BLUE ARSENAL 2015,AUDUBON - GREEN WAVE PARK,,
11/17/2024,13:15,16796653,,GotSport,Soccer,U-9,WEST DEPTFORD SC WARRIORS 2016,WATERFORD ATHLETIC ASSN WINGS 2016,W DEPTFORD-WD PARK,,
11/17/2024,13:15,16795890,,GotSport,Soccer,U-10,ATLANTIC UNITED PREMIER FIRE 2015 B,DEPTFORD THUNDER 2015,ATLANTIC - TARTAGLIO,,
11/17/2024,13:15,16796900,,GotSport,Soccer,U-11,COLLINGSWOOD OAKLYN SOCCER CLUB VENOM COSC 2014,WOODSTOWN WOLFPACK 2014,COSC- Oaklyn Public School,,
11/17/2024,13:15,16795559,,GotSport,Soccer,U-9,TBAA RENEGADES 2016,WEST DEPTFORD SC TSUNAMI 2016,TBAA-VALLEY BROOK,,
11/17/2024,13:15,16796918,,GotSport,Soccer,U-11,LOGAN CHARGE BLUE 2014,WOODSTOWN WOLVERINES 2014,LOGAN - TWP LINE,,
11/17/2024,13:15,16795853,,GotSport,Soccer,U-12,EGG HARBOR SC EAGLES 2013 BLACK,HADDONFIELD SC RED 2013,EGG HARBOR - BARGAINTOWN,,
11/17/2024,13:15,16796257,,GotSport,Soccer,U-13,ATLANTIC UNITED PREMIER KICKERS 2013 B EDP,BURLINGTON TOWNSHIP SOCCER DRAGONS 2012,ATLANTIC - TARTAGLIO,,
11/17/2024,13:15,16796683,,GotSport,Soccer,U-9,CINNAMINSON SC LIGHTNING 2016,MOORESTOWN SC UNITED 2016,CINNAMINSON SC - MEMORIAL,,
11/17/2024,13:15,16794321,,GotSport,Soccer,U-10,MONROE TOWNSHIP YS UNITED BOYS 2015,SWEDESBORO WOOLWICH SOCCER ASSOC. SWSA STRIKERS 2015,MONROE TWP - CORKERY LANE,,
11/17/2024,13:15,16794797,,GotSport,Soccer,U-9,WASHINGTON UNITED SOCCER CLUB WUSC 2016 BOYS,EGG HARBOR SC EAGLES 2016,WASHINGTON TWP. - Levy Fields (Virtua),,
11/17/2024,13:15,16794776,,GotSport,Soccer,U-9,MEDFORD SC COLUMBIA 2016,DELRAN FC SOCCER SHARKS 2016,MEDFORD - BENDE PARK,,
11/17/2024,13:15,16795062,,GotSport,Soccer,U-12,SJ FUTBOL CLUB SJFC FLYERS ELITE 2014,CAPE EXPRESS AVENGERS 2013,SJFC - UPPER DEERFIELD RECREATION COMPLEX,,
11/17/2024,13:30,16796873,,GotSport,Soccer,U-13,WASHINGTON TWP SOCCER CLUB PREDATORS 2012,MOUNT LAUREL UNITED (MLU) IMPACT 2012,WASHINGTON TWP-WASH LAKE PARK,,
11/17/2024,13:30,16795165,,GotSport,Soccer,U-15,HADDONFIELD SC WHITE 2010,AUDUBON SOCCER YOUTH UNITED 2010,HADDONFIELD - CROWS WOODS,,
11/17/2024,13:30,16795086,,GotSport,Soccer,U-10,UPPER TOWNSHIP SA SUPER SONICS 2015,HADDON HEIGHTS SC CHEETAHS 2015,UPPER TWP-Amanda's Field Complex,,
11/17/2024,13:30,16795497,,GotSport,Soccer,U-14,VOORHEES SA BLUES 2011,BORDENTOWN FC JAGUARS 2011,VOORHEES-EASTERN HS,,
11/17/2024,13:30,16795166,,GotSport,Soccer,U-15,HARRISON SC STORM 2010,FRANKLIN TOWNSHIP YOUTH SOCCER ASSOCIATION STORM 2010,HARRISON - William Wilt Soccer Complex,,
11/17/2024,13:40,16796355,,GotSport,Soccer,U-13,MILLVILLE LYNX 2012,MEDFORD SC DESTROYERS 2012,MILLVILLE SOCCER COMPLEX,,
11/17/2024,13:45,16794651,,GotSport,Soccer,U-14,TBAA TITANS 2011,MONROE TOWNSHIP YS UNITED BOYS BLUE 2011,TBAA-VALLEY BROOK,,
11/17/2024,13:45,16796241,,GotSport,Soccer,U-13,VINELAND SA FURY 2012,VOORHEES SA FORCE 2012,VINELAND SA,,
11/17/2024,13:45,16796128,,GotSport,Soccer,U-19,WASHINGTON TWP SOCCER CLUB GLADIATORS 2008,HIGHLAND YOUTH SOCCER CLUB GALAXY 2008,WASHINGTON TWP-WASH LAKE PARK,,
11/17/2024,13:45,16794492,,GotSport,Soccer,U-10,MEDFORD STRIKERS 2015 BOYS,MOUNT LAUREL UNITED (MLU) MLU KNIGHTS 2015,MEDFORD STRIKERS - ARK ROAD COMPLEX,,
11/17/2024,13:45,16796085,,GotSport,Soccer,U-14,HAMMONTON HEAT BOYS 2011,WOODSTOWN FURY 2011,HAMMONTON - MOSS MILL RD PARK SOCCER COMPLEX,,
11/17/2024,14:00,16795594,,GotSport,Soccer,U-12,EAST GREENWICH SA EGSA DYNAMO 2013,PITTSGROVE SOCCER CLUB PSC PYTHONS '13,E GREENWICH - THOMPSON FAMILY PARK,,
11/17/2024,14:00,16796550,,GotSport,Soccer,U-11,HADDON TWP WHITE HAWKS 2014,MARLTON SC CHIEFS SILVER 2014,,,
11/17/2024,14:00,16796031,,GotSport,Soccer,U-11,BURLINGTON TOWNSHIP SOCCER DYNAMITE 2014,HARRISON WAVE 2014,BURLINGTON TWP - PINEWALD AVE,,
11/17/2024,14:00,16796682,,GotSport,Soccer,U-9,CHERRY HILL SC CHERRY HILL SC THUNDER (2016) - BOYS,RANCOCAS VALLEY SC 2016 BOYS PREMIER,CHSC - UPPER CHAPEL TURF,,
11/17/2024,14:00,16796340,,GotSport,Soccer,U-13,RANCOCAS VALLEY SC BOYS 2012 - AVENGERS,LOGAN FORCE 2012,Rancocas Valley-LUMBERTON MUNICIPAL,,
11/17/2024,14:00,16795857,,GotSport,Soccer,U-12,FRANKLIN TOWNSHIP YOUTH SOCCER ASSOCIATION ENFORCERS 2013,CHERRY HILL SC THUNDER 2013,FRANKLIN TWP YOUTH COMPLEX,,
11/17/2024,14:00,16797031,,GotSport,Soccer,U-8,MOUNT LAUREL UNITED (MLU) BOYS TEAM 2 2017,BORDENTOWN FC REVOLUTION 2017,MLU-TROTTERS,,
11/17/2024,14:00,16796741,,GotSport,Soccer,U-9,HADDONFIELD SC WHITE 2016,EAST GREENWICH SA EGSA ROYALS 2016,HADDONFIELD - CROWS WOODS,,
11/17/2024,14:00,16794653,,GotSport,Soccer,U-14,MEDFORD SC COLUMBIA 2011,NORTHERN BURLINGTON SA HOOLIGANS 2011,MEDFORD - BENDE PARK,,
11/17/2024,14:00,16796716,,GotSport,Soccer,U-8,HADDONFIELD SC THUNDER 2017,HADDON TWP. RED HAWKS 2017,HADDONFIELD - CROWS WOODS,,
11/17/2024,14:00,16795572,,GotSport,Soccer,U-12,MARLTON SC CHIEFS WHITE 2013,VOORHEES SA RAPTORS 2013,MARLTON - MEMORIAL,,
11/17/2024,14:00,16794314,,GotSport,Soccer,U-10,HARRISON STRIKERS 2015,VINELAND LIVERPOOL 2015,HARRISON - William Wilt Soccer Complex,,
11/17/2024,14:00,16795028,,GotSport,Soccer,U-8,MOUNT LAUREL UNITED (MLU) MLU PRESTIGE 2017,WASHINGTON UNITED SOCCER CLUB WUSC 2017 BOYS,MLU-TROTTERS,,
11/17/2024,14:00,16795593,,GotSport,Soccer,U-12,MEDFORD SC MAYHEM 2013,AUDUBON SOCCER YOUTH WILD WINGS 2013,MEDFORD - BENDE PARK,,
11/17/2024,14:00,16796171,,GotSport,Soccer,U-10,WOODSTOWN WILD 2015,WASHINGTON TWP SOCCER CLUB RAPTORS 2015,WOODSTOWN,,
11/17/2024,14:00,16795378,,GotSport,Soccer,U-10,MAINLAND UNITED SA MUSTANGS BLACK 2015 B,RANCOCAS VALLEY SC 2015 BOYS STEALTH,MAINLAND - MEMORIAL PARK,,
11/17/2024,14:00,16795428,,GotSport,Soccer,U-12,HADDONFIELD SC BLACK 2013,WOODSTOWN WOLVERINES 2013,HADDONFIELD - CROWS WOODS,,
11/17/2024,14:00,16795455,,GotSport,Soccer,U-11,GATEWAY UNITED SOCCER CLUB GREYHOUNDS 2014,MARLTON SC CHIEFS BLACK 2014,GATEWAY UTD. - WESTVILLE,,
11/17/2024,14:00,16796004,,GotSport,Soccer,U-11,MOORESTOWN SC WOLVERINES 2014,PALMYRA RIVERTON SC TORNADOES 2014,MOORESTOWN - SALEM RD/PRYOR PARK,,
11/17/2024,14:00,16796005,,GotSport,Soccer,U-11,CHERRY HILL SC CHERRY HILL SC WHITE (2014) - BOYS,DELRAN FC HAWKS 2014,CHSC - UPPER CHAPEL TURF,,
11/17/2024,14:00,16795203,,GotSport,Soccer,U-10,SWEDESBORO WOOLWICH SOCCER ASSOC. SWSA HONEY BADGERS 2015,LOGAN ARMADA BLUE 2015,SW-Locke Avenue Park,,
11/17/2024,14:00,16795286,,GotSport,Soccer,U-12,MOUNT LAUREL UNITED (MLU) TIGERS 2013,EAST GREENWICH SA EGSA MAYHEM 2013,MLU-TROTTERS,,
11/17/2024,14:00,16796721,,GotSport,Soccer,U-8,CHERRY HILL FC 2017 JUNIORS BLACK,RANCOCAS VALLEY SC 2017 BOYS PREMIER,CHFC - DeCOU,,
11/17/2024,14:00,16796207,,GotSport,Soccer,U-15,NORTHERN BURLINGTON SA BLAST 2010,DEPTFORD DEMONS 2010,NB- MANSFIELD TOWNSHIP ELEMENTARY SCHOOL,,
11/17/2024,14:00,16794721,,GotSport,Soccer,U-12,MONROE TOWNSHIP YS UNITED BOYS BLUE 2013,MOORESTOWN SC GOLDEN EAGLES 2013,MONROE TWP - CORKERY LANE,,
11/17/2024,14:00,16795377,,GotSport,Soccer,U-10,VOORHEES SA COBRAS 2015,BERLIN SOCCER CLUB BERSERKERS 2015,VOORHEES-Echelon Complex,,
11/17/2024,14:00,16796086,,GotSport,Soccer,U-14,MOUNT LAUREL UNITED (MLU) WARRIORS 2011,PALMYRA RIVERTON SC WARRIORS 2011,MLU-TROTTERS,,
11/17/2024,14:00,16794982,,GotSport,Soccer,U-12,HARRISON WOLFPACK 2013,WASHINGTON TWP SOCCER CLUB DAREDEVILS 2013,HARRISON - William Wilt Soccer Complex,,
11/17/2024,14:00,16796790,,GotSport,Soccer,U-9,MARLTON SC CHIEFS WHITE 2016,WEST DEPTFORD SC WILDCATS 2016,MARLTON - MEMORIAL,,
11/17/2024,14:00,16795421,,GotSport,Soccer,U-12,HIGHLAND YOUTH SOCCER CLUB CHAOS 2013,MARLTON SC CHIEFS SILVER 2013,HIGHLAND - GLOUCESTER TWP PARK,,
11/17/2024,14:00,16794812,,GotSport,Soccer,U-8,SWEDESBORO WOOLWICH SOCCER ASSOC. SWSA FIREBALLS 2017,MOORESTOWN SC HAWKS 2017,SW-Locke Avenue Park,,
11/17/2024,14:00,16796895,,GotSport,Soccer,U-11,CINNAMINSON SC AVENGERS 2014,EGG HARBOR SC EAGLES 2014 WHITE,CINNAMINSON SC - MEMORIAL,,
11/17/2024,14:00,16794745,,GotSport,Soccer,U-9,PENNS GROVE SC DRAGONS 2016,AUDUBON 2016 BOYS,PG-CP-PED- Carney's Point Rec Center,,
11/17/2024,14:00,16794319,,GotSport,Soccer,U-10,HADDON TWP SOCCER CLUB 2015 HADDON TWP WHITE HAWKS,MOORESTOWN SC VIPERS 2015,,,
11/17/2024,14:00,16795812,,GotSport,Soccer,U-14,UPPER TOWNSHIP SA TSUNAMIS 2011,SWEDESBORO WOOLWICH SOCCER ASSOC. SWSA BLACK MAMBAS 2011,UPPER TWP-Amanda's Field Complex,,
11/17/2024,14:00,16796479,,GotSport,Soccer,U-8,HARRISON HURRICANES 2017,EGG HARBOR SC EAGLES 2017,HARRISON - William Wilt Soccer Complex,,
11/17/2024,14:00,16796574,,GotSport,Soccer,U-8,HIGHLAND YOUTH SOCCER CLUB BOYS 2017,PITMAN SA PANTHERS 2017,HIGHLAND - GLOUCESTER TWP PARK,,
11/17/2024,14:00,16796963,,GotSport,Soccer,U-12,WINSLOW SHARKS 2013,WOODBURY SOCCER CLUB WOODBURY BISON 2013,WINSLOW TWP - PETER VOLPA,,
11/17/2024,14:00,16796172,,GotSport,Soccer,U-10,TAR-KILL SOCCER CLUB TARKILL 2015 BLUE,HADDON TWP RED HAWKS 2015,TARKILL-STERLING HS,,
11/17/2024,14:00,16795720,,GotSport,Soccer,U-11,VOORHEES SA LIGHTNING 2014,PITMAN SA BENGALS 2014,VOORHEES-Echelon Complex,,
11/17/2024,14:00,16796521,,GotSport,Soccer,U-8,MOORESTOWN SC PYTHONS 2017,WEST DEPTFORD SC DRAGONS 2017,MOORESTOWN - MEMORIAL FIELDS,,
11/17/2024,14:00,16796504,,GotSport,Soccer,U-8,NORTHERN BURLINGTON FORCE 2017,MAPLE SHADE CHAOS 2017,NB Georgetown Park,,
11/17/2024,14:00,16796375,,GotSport,Soccer,U-13,SENECA UNITED SC 2012 PRIDE,CAPE EXPRESS WHITE CAPS 2012,SENECA - STONEY CREEK FIELDS,,
11/17/2024,14:00,16795773,,GotSport,Soccer,U-13,WEST DEPTFORD SC UNION 2012,COLLINGSWOOD OAKLYN SOCCER CLUB ROVERS 2013,W DEPTFORD-WD PARK,,
11/17/2024,14:00,16796063,,GotSport,Soccer,U-10,EAST GREENWICH SA EGSA TIGERS 2015,SENECA UNITED SC 2015 RAPTORS,E GREENWICH - THOMPSON FAMILY PARK,,
11/17/2024,14:00,16795496,,GotSport,Soccer,U-14,LOGAN BLAZE 2011,MOORESTOWN SC BLACK KNIGHTS 2011,LOGAN - TWP LINE,,
11/17/2024,14:00,16795211,,GotSport,Soccer,U-10,EAST GREENWICH SA EGSA FLYERS 2015,MANTUA 2015-2016 BOYS,E GREENWICH - THOMPSON FAMILY PARK,,
11/17/2024,14:00,16796387,,GotSport,Soccer,U-14,DELRAN FC FLASH 2011,MOORESTOWN SC LIGHTNING 2011,,,
11/17/2024,14:00,16796494,,GotSport,Soccer,U-8,MAINLAND UNITED SA MUSTANGS RED 2017 B,PITTSGROVE SOCCER CLUB PSC RAPTORS ‘17,MAINLAND - MEMORIAL PARK,,
11/17/2024,14:00,16795778,,GotSport,Soccer,U-13,MANTUA TOWNSHIP SA FURY 2012,FRANKLIN TOWNSHIP YOUTH SOCCER ASSOCIATION CRUSADERS 2012,MANTUA TWP,,
11/17/2024,14:00,16794397,,GotSport,Soccer,U-11,UPPER TOWNSHIP SA HURRICANES GREEN 2014,VOORHEES SA KNIGHTS 2014,UPPER TWP-Amanda's Field Complex,,
11/17/2024,14:00,16794711,,GotSport,Soccer,U-12,HADDON HEIGHTS SC YOUNG BOYS 2013,PITTSGROVE SOCCER CLUB PSC REVOLUTION '13,HADD HGTS - DEVON,,
11/17/2024,14:00,16795747,,GotSport,Soccer,U-9,CAPE EXPRESS CE NOR'EASTERS 2016,BORDENTOWN FC REVOLUTION 2016,CAPE EX SOCCER COMPLEX At Ockie Wisting,,
11/17/2024,14:00,16795636,,GotSport,Soccer,U-12,PENNSVILLE EAGLES 2013,MOUNT LAUREL UNITED (MLU) GALAXY 2013,PENNSVILLE,,
11/17/2024,14:00,16795533,,GotSport,Soccer,U-9,LOGAN APOLLO 2016,MONROE UNITED BLUE 2016,LOGAN - TWP LINE,,
11/17/2024,14:00,16796459,,GotSport,Soccer,U-10,PITMAN SA WILDCATS 2015,WOODBURY BOLTS,PITMAN - Dell,,
11/17/2024,14:00,16796279,,GotSport,Soccer,U-12,HAMMONTON HEAT BOYS 2013,BURLINGTON TOWNSHIP SOCCER STRIKERS 2013,HAMMONTON - MOSS MILL RD PARK SOCCER COMPLEX,,
11/17/2024,14:00,16795774,,GotSport,Soccer,U-13,PENNSAUKEN YOUTH SOCCER CLUB OUTLAWS 2012,CINNAMINSON SC SKULLS 2012,Pennsauken Community Recreation Facility,,
11/17/2024,14:00,16794391,,GotSport,Soccer,U-14,MAINLAND UNITED SA MUSTANGS WHITE 2011-12 B,PENNS GROVE SC RAGE 2011,MAINLAND-Atlantic Christian School,,
11/17/2024,14:00,16796405,,GotSport,Soccer,U-14,CHERRY HILL FC JUNIOR WHITE 2011/12,WOODBURY SOCCER CLUB WOODBURY ARMORY 2011,CHFC - DeCOU,,
11/17/2024,14:00,16795684,,GotSport,Soccer,U-10,VOORHEES SA PYTHONS 2015,CHERRY HILL SC CHERRY HILL SC COMETS (2015) - BOYS,VOORHEES-Echelon Complex,,
11/17/2024,14:10,16795239,,GotSport,Soccer,U-15,HIGHLAND YOUTH SOCCER CLUB RAPTORS 2010,MOUNT LAUREL UNITED (MLU) FORCE 2010,HIGHLAND - GLOUCESTER TWP PARK,,
11/17/2024,14:10,16794850,,GotSport,Soccer,U-13,MARLTON SC CHIEFS WHITE 2012,WINSLOW DYNAMO 2012,MARLTON - MEMORIAL,,
11/17/2024,14:15,16794832,,GotSport,Soccer,U-8,AUDUBON U8 BOYS 2017 TEAM 2,HADDON HEIGHTS SC HAVOC 2017,AUDUBON - GREEN WAVE PARK,,
11/17/2024,14:20,16796359,,GotSport,Soccer,U-13,DEPTFORD THUNDER 2012,PITMAN SA JAGUARS 2012,DEPTFORD SC,,
11/17/2024,14:30,16794691,,GotSport,Soccer,U-8,TBAA REVOLUTION 2017,PITTSGROVE SOCCER CLUB PSC BLACK ‘17,TBAA-VALLEY BROOK,,
11/17/2024,14:30,16796688,,GotSport,Soccer,U-9,MEDFORD SC WHITE 2016,TBAA KNIGHTS 2016,MEDFORD - BENDE PARK,,
11/17/2024,14:30,16796033,,GotSport,Soccer,U-11,LOGAN CHARGE BLACK 2014,NORTHERN BURLINGTON BLUE DEVILS 2014,LOGAN - TWP LINE,,
11/17/2024,14:30,16795884,,GotSport,Soccer,U-10,EGG HARBOR SC EAGLES 2015 BLACK,SENECA UNITED SC 2015 PARK RANGERS,EGG HARBOR - BARGAINTOWN,,
11/17/2024,14:30,16796794,,GotSport,Soccer,U-9,ATLANTIC UNITED PREMIER BLACK 2016 B,HARRISON HORNETS 2016,ATLANTIC - TARTAGLIO,,
11/17/2024,14:30,16795856,,GotSport,Soccer,U-12,SJ FUTBOL CLUB SOUNDERS 2013,WEST DEPTFORD WIZARDS 2013,SJFC - UPPER DEERFIELD RECREATION COMPLEX,,
11/17/2024,14:30,16794849,,GotSport,Soccer,U-13,GATEWAY UNITED SOCCER CLUB STINGRAYS 2012,TAR-KILL SOCCER CLUB TARKILL LIVERPOOL 2012,GATEWAY UTD. - WESTVILLE,,
11/17/2024,14:30,16796426,,GotSport,Soccer,U-9,CINNAMINSON SC CHAOS 2016,MOORESTOWN SC DRAGONS 2016,CINNAMINSON SC - MEMORIAL,,
11/17/2024,14:30,16794338,,GotSport,Soccer,U-10,WEST DEPTFORD SC COBRAS 2016,COHANSEY SC DYNAMO 2015,W DEPTFORD-WD PARK,,
11/17/2024,14:30,16796161,,GotSport,Soccer,U-8,WASHINGTON TWP SOCCER CLUB REBELS 2017,MEDFORD SC 2017B WHITE,WASHINGTON TWP. - Levy Fields (Virtua),,
11/17/2024,14:30,16795031,,GotSport,Soccer,U-8,MONROE UNITED 2017,MARLTON SC CHIEFS ORANGE 2017,MONROE TWP - CORKERY LANE,,
11/17/2024,14:30,16794561,,GotSport,Soccer,U-9,COLLINGSWOOD OAKLYN SOCCER CLUB SPARTANS 2016,CHERRY HILL SC CHERRY HILL SC 72S (2016) - BOYS,COSC- Oaklyn Public School,,
11/17/2024,14:45,16795322,,GotSport,Soccer,U-10,UPPER TOWNSHIP SA COMETS GREEN 2015,MOORESTOWN SC DEVIL RAYS 2015,UPPER TWP-Amanda's Field Complex,,
11/17/2024,15:00,16795238,,GotSport,Soccer,U-15,VOORHEES SA WARRIORS 2010,SJ FUTBOL CLUB WOLVES 2010,VOORHEES-EASTERN HS,,
11/17/2024,15:00,16794367,,GotSport,Soccer,U-14,MEDFORD STRIKERS 2011 BOYS,SENECA UNITED SC 2011 WARRIORS,MEDFORD STRIKERS - ARK ROAD COMPLEX,,
11/17/2024,15:15,16795287,,GotSport,Soccer,U-12,WASHINGTON TWP SOCCER CLUB RAPTORS 2013,WOODSTOWN PREDATORS 2013,WASHINGTON TWP-WASH LAKE PARK,,
11/17/2024,15:15,16795771,,GotSport,Soccer,U-13,HARRISON WILDCATS 2012,HADDONFIELD BLACK 2012,HARRISON - William Wilt Soccer Complex,,
11/17/2024,15:20,16796315,,GotSport,Soccer,U-15,TBAA DYNAMO 2010,CINNAMINSON SC PIRATES 2010,TBAA-VALLEY BROOK,,
11/17/2024,15:20,16795913,,GotSport,Soccer,U-16,BURLINGTON TOWNSHIP SOCCER CELTIC 2010,FRANKLIN TOWNSHIP YOUTH SOCCER ASSOCIATION STRIKERS 2009,BURLINGTON TWP - PINEWALD AVE,,
11/17/2024,15:30,16796734,,GotSport,Soccer,U-8,DELRAN FC BLACK 2017B,CINNAMINSON SC BLACK 2017,,,
11/17/2024,15:30,16795645,,GotSport,Soccer,U-13,LOGAN FUSION 2012,SWEDESBORO WOOLWICH SOCCER ASSOC. SWSA CYCLONES 2012/2013,LOGAN - TWP LINE,,
11/17/2024,15:30,16794539,,GotSport,Soccer,U-12,UPPER TOWNSHIP SA CYCLONES 2013,TAR-KILL SOCCER CLUB TARKILL KNIGHTS 2013,UPPER TWP-Amanda's Field Complex,,
11/17/2024,15:30,16794378,,GotSport,Soccer,U-14,WASHINGTON TWP SOCCER CLUB CHAOS 11/12,PITMAN SA PUMAS 2011,WASHINGTON TWP-WASH LAKE PARK,,
11/17/2024,15:30,16794875,,GotSport,Soccer,U-9,VOORHEES SA DESTROYERS 2016,MOORESTOWN SC RENEGADES 2016,VOORHEES-Echelon Complex,,
11/17/2024,15:30,16795376,,GotSport,Soccer,U-10,AUDUBON SOCCER YOUTH BOYS 2015 - HAMMERS,CINNAMINSON SC RAPTORS 2015,AUDUBON - GREEN WAVE PARK,,
11/17/2024,15:30,16794967,,GotSport,Soccer,U-12,PENNS GROVE WILD 2013,VINELAND TERMINATORS 2013,PG-CP-PED- Carney's Point Rec Center,,
11/17/2024,15:30,16796965,,GotSport,Soccer,U-12,MARLTON SC CHIEFS BLACK 2013,BERLIN SOCCER CLUB BULLDOGS 2013,MARLTON - MEMORIAL,,
11/17/2024,15:30,16794988,,GotSport,Soccer,U-12,GATEWAY UNITED SOCCER CLUB SHARKS 2013,DEPTFORD TORNADOS 2013,GATEWAY UTD. - WESTVILLE,,
11/17/2024,15:30,16794573,,GotSport,Soccer,U-8,VOORHEES SA BLUE DEVILS 2017,CHERRY HILL SC CHERRY HILL SC DYNAMO (2017) - BOYS,VOORHEES-Echelon Complex,,
11/17/2024,15:30,16796675,,GotSport,Soccer,U-9,WINSLOW VENOM 2016,CLAYTON SA CLIPPERS 2016,WINSLOW TWP - PETER VOLPA,,
11/17/2024,15:30,16796919,,GotSport,Soccer,U-11,PENNSVILLE EAGLES 2014,EAST GREENWICH SA EGSA EAGLES 2014,PENNSVILLE,,
11/17/2024,15:30,16794349,,GotSport,Soccer,U-14,MONROE TOWNSHIP YS UNITED 2012,EGG HARBOR SC EAGLES 2011/2012 BLACK,MONROE TWP - CORKERY LANE,,
11/17/2024,15:30,16796917,,GotSport,Soccer,U-11,WEST DEPTFORD SC AVALANCHE 2014,WATERFORD ATHLETIC ASSN WINGS 2014,W DEPTFORD-WD PARK,,
11/17/2024,15:30,16796916,,GotSport,Soccer,U-11,HARRISON STRIKERS 2014,TBAA REVOLUTION 2014,HARRISON - William Wilt Soccer Complex,,
11/17/2024,15:30,16794587,,GotSport,Soccer,U-8,EAST GREENWICH SA EGSA UNITED 2017,CINNAMINSON RED 2017,E GREENWICH - THOMPSON FAMILY PARK,,
11/17/2024,15:30,16795201,,GotSport,Soccer,U-10,MAINLAND UNITED SA MUSTANGS WHITE 2015-16 B,HAMILTON ELITE FC PREMIER 2015B,MAINLAND - MEMORIAL PARK,,
11/17/2024,15:30,16796278,,GotSport,Soccer,U-12,RANCOCAS VALLEY SC RONALDO 2013,CHERRY HILL FC 2013 JUNIOR BLACK - RED HAWKS,Rancocas Valley-LUMBERTON MUNICIPAL,,
11/17/2024,15:30,16797000,,GotSport,Soccer,U-11,MOUNT LAUREL UNITED (MLU) COBRAS 2014,PITTSGROVE SOCCER CLUB PSC MAVERICKS '14,MLU-TROTTERS,,
11/17/2024,15:30,16797002,,GotSport,Soccer,U-11,HAMMONTON HEAT BOYS 2014,MOORESTOWN SC GUARDIANS 2014,HAMMONTON - MOSS MILL RD PARK SOCCER COMPLEX,,
11/17/2024,15:30,16794952,,GotSport,Soccer,U-9,HARRISON LEGENDS 2016,MANTUA TOWNSHIP SA MAMBAS 2016,HARRISON - William Wilt Soccer Complex,,
11/17/2024,15:30,16796604,,GotSport,Soccer,U-10,VINELAND AVENGERS 2015,MAPLE SHADE WILD 2015,VINELAND SA,,
11/17/2024,15:30,16796603,,GotSport,Soccer,U-10,HARRISON BLUE REBELS 2015,MILLVILLE PREDATORS 2015,HARRISON - William Wilt Soccer Complex,,
11/17/2024,15:30,16794895,,GotSport,Soccer,U-9,LOGAN SUPERNOVA 2016,PITTSGROVE SOCCER CLUB PSC PRIME WHITE '16,LOGAN - TWP LINE,,
11/17/2024,15:30,16794743,,GotSport,Soccer,U-9,NORTHERN BURLINGTON BOOM 2016,PALMYRA RIVERTON SC NEW U9B - 2016,NB Georgetown Park,,
11/17/2024,15:30,16796791,,GotSport,Soccer,U-9,CHERRY HILL FC 2016 JUNIOR BLACK,SENECA UNITED SC 2016 RAPTORS,CHFC - DeCOU,,
11/17/2024,15:30,16795112,,GotSport,Soccer,U-10,DEPTFORD SA CYCLONES 2015,CHERRY HILL FC 2015 CHFC JUNIOR WHITE,DEPTFORD SC,,
11/17/2024,15:30,16796342,,GotSport,Soccer,U-13,MAINLAND UNITED SA MUSTANGS RED 2012 B,CINNAMINSON SC CHARGE 2012,MAINLAND-Atlantic Christian School,,
11/17/2024,15:30,16795510,,GotSport,Soccer,U-9,HADDONFIELD SC BLACK 2016 B,MAPLE SHADE SHARKS 2016,HADDONFIELD - CROWS WOODS,,
11/17/2024,15:30,16795571,,GotSport,Soccer,U-12,MOORESTOWN SC RAPTORS 2013,NORTHERN BURLINGTON SA BLUES 2013,MOORESTOWN - SALEM RD/PRYOR PARK,,
11/17/2024,15:30,16796805,,GotSport,Soccer,U-15,EDGEWATER PARK ATHLETIC ASSOCIATION EP WIZARDS 2010,BERLIN SOCCER CLUB BRAWLERS 2010,,,
11/17/2024,15:30,16796555,,GotSport,Soccer,U-11,EAST GREENWICH SA EGSA STARS 2014,HADDONFIELD SC BLACK 2014,E GREENWICH - THOMPSON FAMILY PARK,,
11/17/2024,15:30,16794798,,GotSport,Soccer,U-9,EAST GREENWICH SA EGSA CHAOS 2016,DELRAN FC UNION 2016,E GREENWICH - THOMPSON FAMILY PARK,,
11/17/2024,15:30,16795113,,GotSport,Soccer,U-10,MOUNT LAUREL UNITED (MLU) SHARKS 2015,PENNSVILLE EAGLES GOLD 2015,MLU-TROTTERS,,
11/17/2024,15:30,16794423,,GotSport,Soccer,U-11,MAINLAND UNITED SA MUSTANGS RED 2014 B,MONROE TOWNSHIP YS UNITED BOYS BLUE 2014,MAINLAND - MEMORIAL PARK,,
11/17/2024,15:30,16795407,,GotSport,Soccer,U-11,MEDFORD SC AVENGERS 2014,PITTSGROVE SOCCER CLUB PSC PHANTOMS '14,MEDFORD - BENDE PARK,,
11/17/2024,15:30,16794681,,GotSport,Soccer,U-8,SWEDESBORO WOOLWICH SOCCER ASSOC. SWSA PANTHERS 2017,TAR-KILL SOCCER CLUB TARKILL UNION 2017,SW-Locke Avenue Park,,
11/17/2024,15:30,16796522,,GotSport,Soccer,U-8,PITMAN SA LIONS 2017,BURLINGTON TOWNSHIP SOCCER FIRE 2017,PITMAN - Dell,,
11/17/2024,15:30,16795945,,GotSport,Soccer,U-11,VOORHEES SA VIPERS 2015,DEPTFORD RENEGADES 2014,VOORHEES-Echelon Complex,,
11/17/2024,15:30,16794427,,GotSport,Soccer,U-11,HADDONFIELD SC RED 2014 B,DEPTFORD UNITED 2014,HADDONFIELD - CROWS WOODS,,
11/17/2024,15:30,16795946,,GotSport,Soccer,U-11,FRANKLIN TOWNSHIP YOUTH SOCCER ASSOCIATION STORM 2014,RANCOCAS VALLEY SC RVSC '14 - CELTIC,FRANKLIN TWP YOUTH COMPLEX,,
11/17/2024,15:30,16796879,,GotSport,Soccer,U-11,MEDFORD SC GOLD 2014,WASHINGTON TWP SOCCER CLUB WARRIORS 2014,MEDFORD - BENDE PARK,,
11/17/2024,15:30,16796160,,GotSport,Soccer,U-8,CHERRY HILL SC CHERRY HILL SC COBRAS (2017) - BOYS,GATEWAY UNITED SOCCER CLUB GUSC B2017,CHSC - UPPER CHAPEL TURF,,
11/17/2024,15:30,16794917,,GotSport,Soccer,U-11,CHERRY HILL SC CHERRY HILL SC UNITED 2014,MANTUA TOWNSHIP SA ELITE 2014,CHSC - UPPER CHAPEL TURF,,
11/17/2024,15:30,16795495,,GotSport,Soccer,U-14,HADDON TWP RED HAWKS 2011,MONROE TOWNSHIP YS UNITED WHITE 2011,HADDON TWP - RECCHINO FIELDS,,
11/17/2024,15:30,16796874,,GotSport,Soccer,U-13,HADDONFIELD SC RED 2012,SOUTH HARRISON TOWNSHIP SOCCER CLUB STRIKERS 2012,HADDONFIELD - CROWS WOODS,,
11/17/2024,15:30,16795820,,GotSport,Soccer,U-14,CHERRY HILL FC CHFC 2011 AVENGERS,EGG HARBOR SC EAGLES BLACK 2011,CHFC - DeCOU,,
11/17/2024,15:30,16795409,,GotSport,Soccer,U-11,MARLTON SC CHIEFS WHITE 2014,CAPE EXPRESS CE ENGINEERS 2014,MARLTON - MEMORIAL,,
11/17/2024,15:30,16794758,,GotSport,Soccer,U-9,HIGHLAND YOUTH SOCCER CLUB MAYHEM 2016,CINNAMINSON SC TITANS 2016,HIGHLAND - GLOUCESTER TWP PARK,,
11/17/2024,15:30,16796467,,GotSport,Soccer,U-10,SWEDESBORO WOOLWICH SOCCER ASSOC. SWSA GUNNERS 2015,MOORESTOWN SC HORNETS 2015,SW-Locke Avenue Park,,
11/17/2024,15:30,16794475,,GotSport,Soccer,U-12,HADDON HEIGHTS SC BEAST BOYS 2013,MAINLAND UNITED SA MUSTANGS WHITE 2013-14 B,HADD HGTS - DEVON,,
11/17/2024,15:30,16796159,,GotSport,Soccer,U-8,HADDONFIELD SC FIRE 2017,AUDUBON U8 BOYS 2017 TEAM 1,HADDONFIELD - CROWS WOODS,,
11/17/2024,15:30,16794742,,GotSport,Soccer,U-9,HADDON HEIGHTS SC RUCKUS 2016,GATEWAY UNITED SOCCER CLUB 2016 GUSC BLUES,HADD HGTS - DEVON,,
11/17/2024,15:30,16796097,,GotSport,Soccer,U-14,PEMBERTON SC PUNISHERS 2011,BURLINGTON TOWNSHIP SOCCER REBELS 2011,PEMBERTON - HIGH SCHOOL,,
11/17/2024,15:40,16796804,,GotSport,Soccer,U-15,MARLTON SC CHIEFS WHITE 2010,MILLVILLE VENOM 2010,MARLTON - MEMORIAL,,
11/17/2024,15:45,16794817,,GotSport,Soccer,U-8,CINNAMINSON SC UNION 2017,DELRAN FC SOCCER GREY 2017B,CINNAMINSON SC - MEMORIAL,,
11/17/2024,15:45,16796742,,GotSport,Soccer,U-9,ATLANTIC UNITED PREMIER RED 2016 B,HARRISON HURRICANES 2016,ATLANTIC - TARTAGLIO,,
11/17/2024,15:45,16796286,,GotSport,Soccer,U-12,SENECA UNITED SC 2013 TIGERS,CHERRY HILL SC CHERRY HILL SC FORCE 2013,SENECA - STONEY CREEK FIELDS,,
11/17/2024,15:45,16795440,,GotSport,Soccer,U-12,LOGAN FLASH 2013,CINNAMINSON SC STRIKERS 2013,LOGAN - TWP LINE,,
11/17/2024,15:45,16795085,,GotSport,Soccer,U-10,EGG HARBOR SC EAGLES 2015,HIGHLAND YOUTH SOCCER CLUB LIGHTNING 2015,EGG HARBOR - BARGAINTOWN,,
11/17/2024,15:45,16796062,,GotSport,Soccer,U-10,PENNSAUKEN YOUTH SOCCER CLUB LIONS 2015,DEPTFORD LIGHTNING 2015,Pennsauken Community Recreation Facility,,
11/17/2024,15:45,16796422,,GotSport,Soccer,U-9,COLLINGSWOOD OAKLYN SOCCER CLUB WARRIORS 2016,RANCOCAS VALLEY SC 2016 BOYS UNITED,COSC- Oaklyn Public School,,
11/17/2024,15:45,16796064,,GotSport,Soccer,U-10,MEDFORD SC COLUMBIA 2015,MOUNT LAUREL UNITED (MLU) MLU WOLFPACK 2015,MEDFORD - BENDE PARK,,
11/17/2024,15:45,16795087,,GotSport,Soccer,U-10,WEST DEPTFORD SC ANIMALS 2015,CAPE EXPRESS CE SILVER STREAK 2015,W DEPTFORD-WD PARK,,
11/17/2024,15:45,16794680,,GotSport,Soccer,U-8,SJ FUTBOL CLUB HAMMERS 2017,CAPE EXPRESS CE 2017 BARCA,SJFC - UPPER DEERFIELD RECREATION COMPLEX,,
11/17/2024,15:45,16795723,,GotSport,Soccer,U-11,TBAA SYNDICATE 2014,SWEDESBORO WOOLWICH SOCCER ASSOC. SWSA LIGHTNING 2014,TBAA-VALLEY BROOK,,
11/17/2024,15:45,16796173,,GotSport,Soccer,U-10,MONROE TOWNSHIP YS UNITED BLUE 2015,PALMYRA RIVERTON SC NATIONALS 2015,MONROE TWP - CORKERY LANE,,
11/17/2024,15:45,16796569,,GotSport,Soccer,U-8,WASHINGTON TWP SOCCER CLUB WOLVES 2017,LOGAN BOOM BLACK 2017,WASHINGTON TWP. - Levy Fields (Virtua),,
11/17/2024,15:50,16794604,,GotSport,Soccer,U-14,DEPTFORD TORNADOES 2011,CAPE EXPRESS SURGE 2011,DEPTFORD SC,,
11/17/2024,15:50,16795646,,GotSport,Soccer,U-13,HIGHLAND YOUTH SOCCER CLUB MUSTANGS 2012,HADDON TWP WHITE HAWKS 2012,HIGHLAND - GLOUCESTER TWP PARK,,
11/17/2024,16:00,16796743,,GotSport,Soccer,U-9,UPPER TOWNSHIP SA BREAKERS 2016,FRANKLIN TOWNSHIP YOUTH SOCCER ASSOCIATION JERSEY DEVILS 2016,UPPER TWP-Amanda's Field Complex,,
12/30/2024,11:00,16796224,,GotSport,Soccer,U-15,DEPTFORD DEMONS 2010,MAINLAND UNITED SA SHARKS 2010,DEPTFORD SC,,
12/30/2024,12:00,16796208,,GotSport,Soccer,U-15,MAINLAND UNITED SA SHARKS 2010,PENNSAUKEN YOUTH SOCCER CLUB CYCLONES 2010,MAINLAND-Atlantic Christian School,,
12/30/2024,12:00,16796214,,GotSport,Soccer,U-15,BORDENTOWN FC PANTHERS 2010,MAINLAND UNITED SA SHARKS 2010,BORDENTOWN - FRIENDSHIP FIELDS,,
12/30/2024,12:00,16796212,,GotSport,Soccer,U-15,NORTHERN BURLINGTON SA BLAST 2010,MAINLAND UNITED SA SHARKS 2010,NB- MANSFIELD TOWNSHIP ELEMENTARY SCHOOL,,
12/30/2024,12:00,16796213,,GotSport,Soccer,U-15,PENNSAUKEN YOUTH SOCCER CLUB CYCLONES 2010,MAINLAND UNITED SA SHARKS 2010,Pennsauken Community Recreation Facility,,
12/30/2024,12:00,16796203,,GotSport,Soccer,U-15,MAINLAND UNITED SA SHARKS 2010,NORTHERN BURLINGTON SA BLAST 2010,MAINLAND-Atlantic Christian School,,
12/30/2024,12:00,16796226,,GotSport,Soccer,U-15,MAINLAND UNITED SA SHARKS 2010,MEDFORD SC MAD DOGS WHITE 2010,MAINLAND-Atlantic Christian School,,
12/30/2024,12:00,16796219,,GotSport,Soccer,U-15,MEDFORD SC MAD DOGS WHITE 2010,MAINLAND UNITED SA SHARKS 2010,MEDFORD - BENDE PARK,,
12/30/2024,12:30,16796225,,GotSport,Soccer,U-15,MAINLAND UNITED SA SHARKS 2010,BORDENTOWN FC PANTHERS 2010,MAINLAND-Atlantic Christian School,,
12/30/2024,13:45,16796227,,GotSport,Soccer,U-15,MAINLAND UNITED SA SHARKS 2010,DEPTFORD DEMONS 2010,MAINLAND-Atlantic Christian School,,
