Date,Time,Game ID,Custom Game ID,Partner,Sport,Level,Home Team,Away Team,Site,Subsite,BillTo
10/02/2024,18:30,16794382,,GotSport,Soccer,U-14,CLAYTON SA CLIPPERS 2011/2012,WASHINGTON TWP SOCCER CLUB CHAOS 11/12,CLAYTON - BENTZ,,
10/04/2024,18:30,16794914,,GotSport,Soccer,U-11,CHERRY HILL SC CHERRY HILL SC UNION 2015,CHERRY HILL SC CHERRY HILL SC UNITED 2014,CHSC - UPPER CHAPEL TURF,,
10/04/2024,18:30,16795691,,GotSport,Soccer,U-10,CHERRY HILL SC CHERRY HILL SC COMETS (2015) - BOYS,CINNAMINSON SC PIRATES SEA DOGS 2015,CHSC - UPPER CHAPEL TURF,,
10/05/2024,12:30,17714880,,GotSport,Soccer,U-11,HARRISON STRIKERS 2014,WATERFORD ATHLETIC ASSN WINGS 2014,HARRISON - William Wilt Soccer Complex,,
10/06/2024,10:00,16795247,,GotSport,Soccer,U-15,EAST GREENWICH SA EGSA BLAZE 2010,WASHINGTON TWP SOCCER CLUB RENEGADES 2010,E GREENWICH - THOMPSON FAMILY PARK,,
10/06/2024,10:30,16796726,,GotSport,Soccer,U-8,RANCOCAS VALLEY SC 2017 BOYS PREMIER,CHERRY HILL FC 2017 JUNIORS BLACK,Rancocas Valley-LUMBERTON MUNICIPAL,,
10/06/2024,11:00,16796103,,GotSport,Soccer,U-19,MEDFORD SC ,HIGHLAND YOUTH SOCCER CLUB GALAXY 2008,MEDFORD - BENDE PARK,,
10/06/2024,11:00,16796301,,GotSport,Soccer,U-15,CINNAMINSON SC PIRATES 2010,TBAA DYNAMO 2010,CINNAMINSON SC - MEMORIAL,,
10/06/2024,11:00,16794453,,GotSport,Soccer,U-12,MAPLE SHADE FORCE 2013,HADDON TWP WHITE HAWKS 2013,MAPLE SHADE - TURF FIELD,,
10/06/2024,11:00,16795171,,GotSport,Soccer,U-15,DEPTFORD BRUTE FORCE 2010,HADDONFIELD SC WHITE 2010,DEPTFORD SC,,
10/06/2024,11:00,16796497,,GotSport,Soccer,U-8,PITTSGROVE SOCCER CLUB PSC RAPTORS ‘17,MAINLAND UNITED SA MUSTANGS RED 2017 B,PITTSGROVE-GREEN BRANCH,,
10/06/2024,11:00,16795367,,GotSport,Soccer,U-10,BERLIN SOCCER CLUB BERSERKERS 2015,VOORHEES SA COBRAS 2015,BERLIN SC - FRANKLIN FIELDS,,
10/06/2024,11:00,16795320,,GotSport,Soccer,U-14,HARRISON SC THUNDER 2011,MOUNT LAUREL UNITED (MLU) FLASH 2011,HARRISON - William Wilt Soccer Complex,,
10/06/2024,11:00,16795595,,GotSport,Soccer,U-12,NORTHERN BURLINGTON SA BLUES 2013,PITTSGROVE SOCCER CLUB PSC PYTHONS '13,NB Georgetown Park,,
10/06/2024,11:00,16795573,,GotSport,Soccer,U-12,MARLTON SC CHIEFS WHITE 2013,MEDFORD SC MAYHEM 2013,MARLTON - MEMORIAL,,
10/06/2024,11:00,17563195,,GotSport,Soccer,U-11,VOORHEES SA LIGHTNING 2014,TBAA SYNDICATE 2014,VOORHEES-Echelon Complex,,
10/06/2024,11:00,16795925,,GotSport,Soccer,U-16,WINSLOW VIPERS 2009,DEPTFORD REBELS 2009,WINSLOW TWP - PETER VOLPA,,
10/06/2024,11:00,16794425,,GotSport,Soccer,U-11,MONROE TOWNSHIP YS UNITED BOYS BLUE 2014,MAINLAND UNITED SA MUSTANGS RED 2014 B,MONROE TWP - CORKERY LANE,,
10/06/2024,12:00,16794984,,GotSport,Soccer,U-12,WASHINGTON TWP SOCCER CLUB DAREDEVILS 2013,HARRISON WOLFPACK 2013,WASHINGTON TWP-WASH LAKE PARK,,
10/06/2024,12:00,16796245,,GotSport,Soccer,U-13,CHERRY HILL SC ROYALS 2012,HIGHLAND YOUTH SOCCER CLUB FORCE 2012,CHSC - CH WEST HS,,
10/06/2024,12:00,16794266,,GotSport,Soccer,U-12,DELRAN FC SOCCER DELRAN FC UNITED 2013,MEDFORD STRIKERS 2013 BOYS,,,
10/06/2024,12:00,16794782,,GotSport,Soccer,U-9,PITTSGROVE SOCCER CLUB PSC PRIME BLACK '16,SWEDESBORO WOOLWICH SOCCER ASSOC. SWSA HAVOC 2016,PITTSGROVE-GREEN BRANCH,,
10/06/2024,12:00,16794486,,GotSport,Soccer,U-10,CHERRY HILL SC CHERRY HILL SC WARRIORS 2015,EAST GREENWICH SA EGSA BLACK KNIGHTS 2015,CHSC - UPPER CHAPEL TURF,,
10/06/2024,12:00,16794464,,GotSport,Soccer,U-12,EAST GREENWICH SA EGSA MAYHEM 2013,MOORESTOWN SC THUNDER 2013,E GREENWICH - THOMPSON FAMILY PARK,,
10/06/2024,12:00,17415903,,GotSport,Soccer,U-16,NORTHERN BURLINGTON SA BULLDOGS 2009,TAR-KILL SOCCER CLUB TARKILL BLUE DEVILS 2009,NB- MANSFIELD TOWNSHIP ELEMENTARY SCHOOL,,
10/06/2024,12:00,16794376,,GotSport,Soccer,U-14,PENNS GROVE SC RAGE 2011,MAINLAND UNITED SA MUSTANGS WHITE 2011-12 B,PG-CP-PED- Carney's Point Rec Center,,
10/06/2024,12:00,16796801,,GotSport,Soccer,U-15,MILLVILLE VENOM 2010,MARLTON SC CHIEFS WHITE 2010,MILLVILLE SOCCER COMPLEX,,
10/06/2024,12:00,16795604,,GotSport,Soccer,U-12,MOORESTOWN SC DRAGONS 2013,HADDONFIELD SC WHITE 2013,MOORESTOWN - SALEM RD/PRYOR PARK,,
10/06/2024,12:00,16795911,,GotSport,Soccer,U-16,BURLINGTON TOWNSHIP SOCCER CELTIC 2010,MEDFORD STRIKERS 2009 BOYS,BURLINGTON TWP - PINEWALD AVE,,
10/06/2024,12:00,16795914,,GotSport,Soccer,U-16,FRANKLIN TOWNSHIP YOUTH SOCCER ASSOCIATION STRIKERS 2009,TBAA STORM 2009,FRANKLIN TWP YOUTH COMPLEX,,
10/06/2024,12:00,16795275,,GotSport,Soccer,U-12,WOODSTOWN PREDATORS 2013,WASHINGTON TWP SOCCER CLUB RAPTORS 2013,WOODSTOWN,,
10/06/2024,12:00,16795246,,GotSport,Soccer,U-15,MOUNT LAUREL UNITED (MLU) FORCE 2010,HIGHLAND YOUTH SOCCER CLUB RAPTORS 2010,MLU-TROTTERS,,
10/06/2024,12:00,16795217,,GotSport,Soccer,U-16,SJ FUTBOL CLUB RAPIDS 2009,HAMMONTON HEAT BOYS 2009,SJFC - UPPER DEERFIELD RECREATION COMPLEX,,
10/06/2024,12:00,16795366,,GotSport,Soccer,U-10,RANCOCAS VALLEY SC 2015 BOYS STEALTH,MAINLAND UNITED SA MUSTANGS BLACK 2015 B,Rancocas Valley-LUMBERTON MUNICIPAL,,
10/06/2024,12:00,16795216,,GotSport,Soccer,U-16,EAST GREENWICH SA EGSA THUNDER 2009,DEPTFORD AVENGERS 2009,E GREENWICH - THOMPSON FAMILY PARK,,
10/06/2024,12:00,16796118,,GotSport,Soccer,U-19,HIGHLAND YOUTH SOCCER CLUB FUSION 2008,SWEDESBORO WOOLWICH SOCCER ASSOC. SWSA SCORPIONS 2008,HIGHLAND - GLOUCESTER TWP PARK,,
10/06/2024,12:00,16795150,,GotSport,Soccer,U-15,WOODSTOWN WOLVERINES 2010,WINSLOW SLAYERS 2010,WOODSTOWN,,
10/06/2024,12:00,16796695,,GotSport,Soccer,U-9,MOORESTOWN SC UNITED 2016,CINNAMINSON SC LIGHTNING 2016,MOORESTOWN - MEMORIAL FIELDS,,
10/06/2024,12:00,16795679,,GotSport,Soccer,U-10,HADDONFIELD SC WHITE 2015 B,TAR-KILL SOCCER CLUB TARKILL WHITE 2015,HADDONFIELD - CROWS WOODS,,
10/06/2024,12:00,16797015,,GotSport,Soccer,U-8,HADDON TWP. WHITE HAWKS 2017,VOORHEES SA VENOM 2017,,,
10/06/2024,12:00,16795043,,GotSport,Soccer,U-12,CAPE EXPRESS AVENGERS 2013,SJ FUTBOL CLUB SJFC FLYERS ELITE 2014,CAPE EX SOCCER COMPLEX At Ockie Wisting,,
10/06/2024,12:00,16795009,,GotSport,Soccer,U-10,DELRAN FC COBRAS 2015,BURLINGTON TOWNSHIP SOCCER THUNDER2015,,,
10/06/2024,12:15,16795875,,GotSport,Soccer,U-10,SENECA UNITED SC 2015 PARK RANGERS,EGG HARBOR SC EAGLES 2015 BLACK,SENECA - STONEY CREEK FIELDS,,
10/06/2024,12:15,16796596,,GotSport,Soccer,U-10,MAPLE SHADE WILD 2015,VINELAND AVENGERS 2015,MAPLE SHADE - TURF FIELD,,
10/06/2024,12:30,16796576,,GotSport,Soccer,U-8,LOGAN BOOM BLACK 2017,WASHINGTON TWP SOCCER CLUB WOLVES 2017,LOGAN - TWP LINE,,
10/06/2024,12:30,16795785,,GotSport,Soccer,U-13,MANTUA TOWNSHIP SA FURY 2012,COLLINGSWOOD OAKLYN SOCCER CLUB ROVERS 2013,MANTUA TWP,,
10/06/2024,12:30,16795784,,GotSport,Soccer,U-13,HADDONFIELD BLACK 2012,WEST DEPTFORD SC UNION 2012,HADDONFIELD - CROWS WOODS,,
10/06/2024,12:30,16794384,,GotSport,Soccer,U-14,PITMAN SA PUMAS 2011,WASHINGTON TWP SOCCER CLUB CHAOS 11/12,PITMAN - ALCYON LAKE,,
10/06/2024,12:30,16796534,,GotSport,Soccer,U-11,HADDONFIELD SC BLACK 2014,EAST GREENWICH SA EGSA STARS 2014,HADDONFIELD - CROWS WOODS,,
10/06/2024,12:30,16794407,,GotSport,Soccer,U-11,VOORHEES SA KNIGHTS 2014,UPPER TOWNSHIP SA HURRICANES GREEN 2014,VOORHEES-Echelon Complex,,
10/06/2024,12:30,16796533,,GotSport,Soccer,U-11,FRANKLIN TOWNSHIP YOUTH SOCCER ASSOCIATION KNIGHTS 2014,NORTHERN BURLINGTON JACKALS 2015,FRANKLIN TWP YOUTH COMPLEX,,
10/06/2024,12:30,16796523,,GotSport,Soccer,U-8,WEST DEPTFORD SC DRAGONS 2017,MOORESTOWN SC PYTHONS 2017,W DEPTFORD-WD PARK,,
10/06/2024,12:30,16794495,,GotSport,Soccer,U-10,MOUNT LAUREL UNITED (MLU) MLU KNIGHTS 2015,MEDFORD STRIKERS 2015 BOYS,,,
10/06/2024,12:30,16794530,,GotSport,Soccer,U-12,TAR-KILL SOCCER CLUB TARKILL KNIGHTS 2013,UPPER TOWNSHIP SA CYCLONES 2013,TARKILL-STERLING HS,,
10/06/2024,12:30,16794531,,GotSport,Soccer,U-12,MAINLAND UNITED SA MUSTANGS RED 2013 B,HIGHLAND YOUTH SOCCER CLUB FURY 2013,MAINLAND - MEMORIAL PARK,,
10/06/2024,12:30,16796483,,GotSport,Soccer,U-8,EGG HARBOR SC EAGLES 2017,HARRISON HURRICANES 2017,,,
10/06/2024,12:30,16794354,,GotSport,Soccer,U-14,EGG HARBOR SC EAGLES 2011/2012 BLACK,MONROE TOWNSHIP YS UNITED 2012,,,
10/06/2024,12:30,16794616,,GotSport,Soccer,U-14,BORDENTOWN FC RENEGADES 2011,MEDFORD SC RENEGADES 2011,BORDENTOWN - FRIENDSHIP FIELDS,,
10/06/2024,12:30,16794628,,GotSport,Soccer,U-14,CAPE EXPRESS SURGE 2011,DEPTFORD TORNADOES 2011,CAPE EX SOCCER COMPLEX At Ockie Wisting,,
10/06/2024,12:30,16794642,,GotSport,Soccer,U-14,MONROE TOWNSHIP YS UNITED BOYS BLUE 2011,TBAA TITANS 2011,MONROE TWP - CORKERY LANE,,
10/06/2024,12:30,16794698,,GotSport,Soccer,U-12,PENNSAUKEN YOUTH SOCCER CLUB REBELS 2013,MEDFORD SC BLUE DEVILS 2013,Pennsauken Community Recreation Facility,,
10/06/2024,12:30,16796397,,GotSport,Soccer,U-14,WOODBURY SOCCER CLUB WOODBURY ARMORY 2011,CHERRY HILL FC JUNIOR WHITE 2011/12,WOODBURY,,
10/06/2024,12:30,16794717,,GotSport,Soccer,U-12,PITTSGROVE SOCCER CLUB PSC REVOLUTION '13,HADDON HEIGHTS SC YOUNG BOYS 2013,PITTSGROVE-GREEN BRANCH,,
10/06/2024,12:30,16796341,,GotSport,Soccer,U-13,VINELAND SA JERSEY BOYZ 2012,UPPER TOWNSHIP SA FORCE GREEN 2012,VINELAND SA,,
10/06/2024,12:30,16794345,,GotSport,Soccer,U-14,CHERRY HILL FC 2011 JUNIORS BLACK,SWEDESBORO WOOLWICH SOCCER ASSOC. SWSA RED FLAMES 2011,CHFC - DeCOU,,
10/06/2024,12:30,16796327,,GotSport,Soccer,U-13,LOGAN FORCE 2012,RANCOCAS VALLEY SC BOYS 2012 - AVENGERS,LOGAN - TWP LINE,,
10/06/2024,12:30,16794857,,GotSport,Soccer,U-13,TAR-KILL SOCCER CLUB TARKILL LIVERPOOL 2012,GATEWAY UNITED SOCCER CLUB STINGRAYS 2012,TARKILL-STERLING HS,,
10/06/2024,12:30,16794912,,GotSport,Soccer,U-11,MANTUA TOWNSHIP SA ELITE 2014,CHERRY HILL SC CHERRY HILL SC UNITED 2014,MANTUA TWP,,
10/06/2024,12:30,16796269,,GotSport,Soccer,U-12,BURLINGTON TOWNSHIP SOCCER STRIKERS 2013,HAMMONTON HEAT BOYS 2013,BURLINGTON TWP - PINEWALD AVE,,
10/06/2024,12:30,16794954,,GotSport,Soccer,U-9,CINNAMINSON SC VIPERS 2016,MOUNT LAUREL UNITED (MLU) GLADIATORS 2016,CINNAMINSON SC - MEMORIAL,,
10/06/2024,12:30,16796246,,GotSport,Soccer,U-13,VOORHEES SA FORCE 2012,VINELAND SA FURY 2012,VOORHEES-EASTERN HS,,
10/06/2024,12:30,16796778,,GotSport,Soccer,U-9,HARRISON HORNETS 2016,ATLANTIC UNITED PREMIER BLACK 2016 B,HARRISON - William Wilt Soccer Complex,,
10/06/2024,12:30,16796010,,GotSport,Soccer,U-11,NORTHERN BURLINGTON BLUE DEVILS 2014,LOGAN CHARGE BLACK 2014,NB Georgetown Park,,
10/06/2024,12:30,16795046,,GotSport,Soccer,U-12,CINNAMINSON SC THUNDERBIRDS 2013,MOUNT LAUREL UNITED (MLU) LIGHTNING 2014,CINNAMINSON SC - MEMORIAL,,
10/06/2024,12:30,16796972,,GotSport,Soccer,U-12,BERLIN SOCCER CLUB BULLDOGS 2013,MARLTON SC CHIEFS BLACK 2013,BERLIN SC - FRANKLIN FIELDS,,
10/06/2024,12:30,16795057,,GotSport,Soccer,U-12,MARLTON SC CHIEFS ORANGE 2014,EGG HARBOR SC EAGLES WHITE 2013,MARLTON - MEMORIAL,,
10/06/2024,12:30,16795088,,GotSport,Soccer,U-10,HADDON HEIGHTS SC CHEETAHS 2015,UPPER TOWNSHIP SA SUPER SONICS 2015,HADD HGTS - DEVON,,
10/06/2024,12:30,16796143,,GotSport,Soccer,U-8,GATEWAY UNITED SOCCER CLUB GUSC B2017,CHERRY HILL SC CHERRY HILL SC COBRAS (2017) - BOYS,GATEWAY UTD. - LANGSTON FIELD,,
10/06/2024,12:30,16796151,,GotSport,Soccer,U-8,AUDUBON U8 BOYS 2017 TEAM 1,HADDONFIELD SC FIRE 2017,AUDUBON - GREEN WAVE PARK,,
10/06/2024,12:30,16796145,,GotSport,Soccer,U-8,MEDFORD SC 2017B WHITE,WASHINGTON TWP SOCCER CLUB REBELS 2017,MEDFORD - BENDE PARK,,
10/06/2024,12:30,16794282,,GotSport,Soccer,U-12,VINELAND SA UNITED 2013,HARRISON SC LIGHTNING 2013,VINELAND SA,,
10/06/2024,12:30,16795161,,GotSport,Soccer,U-15,HARRISON SC STORM 2010,AUDUBON SOCCER YOUTH UNITED 2010,HARRISON - William Wilt Soccer Complex,,
10/06/2024,12:30,16795624,,GotSport,Soccer,U-12,PALMYRA RIVERTON SC HURRICANES 2013,PENNSVILLE EAGLES 2013,,,
10/06/2024,12:30,16796023,,GotSport,Soccer,U-11,HARRISON WAVE 2014,BURLINGTON TOWNSHIP SOCCER DYNAMITE 2014,HARRISON - William Wilt Soccer Complex,,
10/06/2024,12:30,16795344,,GotSport,Soccer,U-10,MOORESTOWN SC DEVIL RAYS 2015,UPPER TOWNSHIP SA COMETS GREEN 2015,MOORESTOWN - MEMORIAL FIELDS,,
10/06/2024,12:30,16795358,,GotSport,Soccer,U-10,CINNAMINSON SC RAPTORS 2015,AUDUBON SOCCER YOUTH BOYS 2015 - HAMMERS,CINNAMINSON SC - MEMORIAL,,
10/06/2024,12:30,16795952,,GotSport,Soccer,U-11,DEPTFORD RENEGADES 2014,VOORHEES SA VIPERS 2015,DEPTFORD SC,,
10/06/2024,12:30,16795499,,GotSport,Soccer,U-14,MOORESTOWN SC BLACK KNIGHTS 2011,LOGAN BLAZE 2011,MOORESTOWN - MEMORIAL FIELDS,,
10/06/2024,12:30,16795520,,GotSport,Soccer,U-9,WASHINGTON TWP SOCCER CLUB THUNDER 2016,SWEDESBORO WOOLWICH SOCCER ASSOC. SWSA VENOM 2016,WASHINGTON TWP. - Levy Fields (Virtua),,
10/06/2024,12:30,16797013,,GotSport,Soccer,U-8,BORDENTOWN FC REVOLUTION 2017,MOUNT LAUREL UNITED (MLU) BOYS TEAM 2 2017,BORDENTOWN - FRIENDSHIP FIELDS,,
10/06/2024,12:30,16795858,,GotSport,Soccer,U-12,WEST DEPTFORD WIZARDS 2013,SJ FUTBOL CLUB SOUNDERS 2013,W DEPTFORD-WD PARK,,
10/06/2024,12:40,16796647,,GotSport,Soccer,U-14,CINNAMINSON SC STORM 2011,DELRAN FC BLAST 2011,CINNAMINSON SC - MEMORIAL,,
10/06/2024,12:40,16795987,,GotSport,Soccer,U-13,SWEDESBORO WOOLWICH SOCCER ASSOC. SWSA SHARKS 2012,AUDUBON SOCCER YOUTH BALLERS 2012,SW-Locke Avenue Park,,
10/06/2024,12:45,16796198,,GotSport,Soccer,U-15,MEDFORD SC MAD DOGS WHITE 2010,BORDENTOWN FC PANTHERS 2010,MEDFORD - BENDE PARK,,
10/06/2024,12:45,16794643,,GotSport,Soccer,U-14,WINSLOW WILDCATS 2011,GATEWAY UNITED SOCCER CLUB WILDCATS 2011,WINSLOW TWP - PETER VOLPA,,
10/06/2024,13:00,16795891,,GotSport,Soccer,U-10,DEPTFORD THUNDER 2015,ATLANTIC UNITED PREMIER FIRE 2015 B,DEPTFORD SC,,
10/06/2024,13:00,16796666,,GotSport,Soccer,U-9,MILLVILLE THUNDER 2016,VOORHEES SA TITANS 2016,MILLVILLE SOCCER COMPLEX,,
10/06/2024,13:15,16794781,,GotSport,Soccer,U-9,DELRAN FC SOCCER SHARKS 2016,MEDFORD SC COLUMBIA 2016,,,
10/06/2024,13:15,16797007,,GotSport,Soccer,U-11,MOORESTOWN SC GUARDIANS 2014,HAMMONTON HEAT BOYS 2014,MOORESTOWN - SALEM RD/PRYOR PARK,,
10/06/2024,13:15,16794556,,GotSport,Soccer,U-9,EAST GREENWICH SA EGSA LIONS 2016,SENECA UNITED SC 2016 EAGLES,E GREENWICH - THOMPSON FAMILY PARK,,
10/06/2024,13:15,16795406,,GotSport,Soccer,U-11,CAPE EXPRESS CE ENGINEERS 2014,MARLTON SC CHIEFS WHITE 2014,CAPE EX SOCCER COMPLEX At Ockie Wisting,,
10/06/2024,13:15,16795417,,GotSport,Soccer,U-12,WOODSTOWN WOLVERINES 2013,HADDONFIELD SC BLACK 2013,WOODSTOWN,,
10/06/2024,13:15,16794565,,GotSport,Soccer,U-9,CHERRY HILL SC CHERRY HILL SC 72S (2016) - BOYS,COLLINGSWOOD OAKLYN SOCCER CLUB SPARTANS 2016,CHSC - UPPER CHAPEL TURF,,
10/06/2024,13:15,16796436,,GotSport,Soccer,U-9,MOORESTOWN SC DRAGONS 2016,CINNAMINSON SC CHAOS 2016,MOORESTOWN - MEMORIAL FIELDS,,
10/06/2024,13:15,16794413,,GotSport,Soccer,U-11,DELRAN FC SOCCER DELRAN FC KNIGHTS 2014,MEDFORD STRIKERS 2014 BOYS,,,
10/06/2024,13:15,16794898,,GotSport,Soccer,U-9,PITTSGROVE SOCCER CLUB PSC PRIME WHITE '16,LOGAN SUPERNOVA 2016,PITTSGROVE-GREEN BRANCH,,
10/06/2024,13:15,16796725,,GotSport,Soccer,U-8,HADDON TWP. RED HAWKS 2017,HADDONFIELD SC THUNDER 2017,,,
10/06/2024,13:15,16796700,,GotSport,Soccer,U-9,RANCOCAS VALLEY SC 2016 BOYS PREMIER,CHERRY HILL SC CHERRY HILL SC THUNDER (2016) - BOYS,Rancocas Valley-LUMBERTON MUNICIPAL,,
10/06/2024,13:15,16794485,,GotSport,Soccer,U-10,HADDONFIELD SC RED 2015 B,WASHINGTON UNITED SOCCER CLUB WUSC 2015 BOYS,HADDONFIELD - CROWS WOODS,,
10/06/2024,13:30,16794333,,GotSport,Soccer,U-10,COHANSEY SC DYNAMO 2015,WEST DEPTFORD SC COBRAS 2016,Cohansey - Cumberland County Tech School,,
10/06/2024,13:30,16796500,,GotSport,Soccer,U-8,MAPLE SHADE CHAOS 2017,NORTHERN BURLINGTON FORCE 2017,MAPLE SHADE - TURF FIELD,,
10/06/2024,13:30,16796779,,GotSport,Soccer,U-9,SENECA UNITED SC 2016 RAPTORS,CHERRY HILL FC 2016 JUNIOR BLACK,SENECA - STONEY CREEK FIELDS,,
10/06/2024,13:30,16794439,,GotSport,Soccer,U-11,WASHINGTON TWP SOCCER CLUB TERROR 2014,MARLTON SC CHIEFS ORANGE 2015,WASHINGTON TWP-WASH LAKE PARK,,
10/06/2024,13:30,16796295,,GotSport,Soccer,U-15,CHERRY HILL SC CHERRY HILL SC THUNDERBOLTS (2010-2011),EAST GREENWICH SA EGSA CHARGERS 2010,CHSC - CH WEST HS,,
10/06/2024,13:40,16795260,,GotSport,Soccer,U-15,SJ FUTBOL CLUB WOLVES 2010,VOORHEES SA WARRIORS 2010,SJFC - UPPER DEERFIELD RECREATION COMPLEX,,
10/06/2024,13:45,16796868,,GotSport,Soccer,U-13,MOUNT LAUREL UNITED (MLU) IMPACT 2012,WASHINGTON TWP SOCCER CLUB PREDATORS 2012,MLU-TROTTERS,,
10/06/2024,13:45,16795149,,GotSport,Soccer,U-15,FRANKLIN TOWNSHIP YOUTH SOCCER ASSOCIATION STORM 2010,PALMYRA RIVERTON SC UNION 2010,FRANKLIN TWP YOUTH COMPLEX,,
10/06/2024,13:45,16796117,,GotSport,Soccer,U-19,HIGHLAND YOUTH SOCCER CLUB HURRICANES 2008,WASHINGTON TWP SOCCER CLUB GLADIATORS 2008,HIGHLAND - GLOUCESTER TWP PARK,,
10/06/2024,13:45,16795010,,GotSport,Soccer,U-10,CHERRY HILL FC 2015 JUNIOR BLACK,HADDONFIELD SC BLACK 2015 B,CHFC - DeCOU,,
10/06/2024,13:45,16796255,,GotSport,Soccer,U-13,BURLINGTON TOWNSHIP SOCCER DRAGONS 2012,ATLANTIC UNITED PREMIER KICKERS 2013 B EDP,BURLINGTON TWP - PINEWALD AVE,,
10/06/2024,13:45,16796832,,GotSport,Soccer,U-13,WOODSTOWN THUNDER 2012,MARLTON SC CHIEFS BLACK 2012,WOODSTOWN,,
10/06/2024,14:00,16796181,,GotSport,Soccer,U-10,WASHINGTON TWP SOCCER CLUB RAPTORS 2015,WOODSTOWN WILD 2015,WASHINGTON TWP. - Levy Fields (Virtua),,
10/06/2024,14:00,16795019,,GotSport,Soccer,U-10,CINNAMINSON SC RED DEVILS 2015,MARLTON SC CHIEFS WHITE 2015,CINNAMINSON SC - MEMORIAL,,
10/06/2024,14:00,16796394,,GotSport,Soccer,U-14,HADDONFIELD SC WHITE 2011,RANCOCAS VALLEY SC BOYS 2011 UNITED,HADDONFIELD - CROWS WOODS,,
10/06/2024,14:00,16794723,,GotSport,Soccer,U-9,PALMYRA RIVERTON SC NEW U9B - 2016,NORTHERN BURLINGTON BOOM 2016,,,
10/06/2024,14:00,16795760,,GotSport,Soccer,U-9,BORDENTOWN FC REVOLUTION 2016,CAPE EXPRESS CE NOR'EASTERS 2016,BORDENTOWN - FRIENDSHIP FIELDS,,
10/06/2024,14:00,16795522,,GotSport,Soccer,U-9,MEDFORD SC GOLD 2016,HIGHLAND YOUTH SOCCER CLUB HAVOK 2016,MEDFORD - BENDE PARK,,
10/06/2024,14:00,16796373,,GotSport,Soccer,U-13,CAPE EXPRESS WHITE CAPS 2012,SENECA UNITED SC 2012 PRIDE,CAPE EX SOCCER COMPLEX At Ockie Wisting,,
10/06/2024,14:00,16796936,,GotSport,Soccer,U-11,TBAA REVOLUTION 2014,WOODSTOWN WOLVERINES 2014,TBAA-VALLEY BROOK,,
10/06/2024,14:00,16796991,,GotSport,Soccer,U-11,PITTSGROVE SOCCER CLUB PSC MAVERICKS '14,MOUNT LAUREL UNITED (MLU) COBRAS 2014,PITTSGROVE-GREEN BRANCH,,
10/06/2024,14:00,16796353,,GotSport,Soccer,U-13,PITMAN SA JAGUARS 2012,DEPTFORD THUNDER 2012,PITMAN - ALCYON LAKE,,
10/06/2024,14:00,16795447,,GotSport,Soccer,U-11,WEST DEPTFORD SC EAGLES 2014,COLLINGSWOOD OAKLYN SOCCER CLUB OUTLAWS 2014,W DEPTFORD-WD PARK,,
10/06/2024,14:00,16794751,,GotSport,Soccer,U-9,AUDUBON 2016 BOYS,PENNS GROVE SC DRAGONS 2016,AUDUBON - GREEN WAVE PARK,,
10/06/2024,14:00,16796630,,GotSport,Soccer,U-14,VINELAND SA STRIKERS 2011,WASHINGTON TWP SOCCER CLUB REGULATORS 2011,VINELAND SA,,
10/06/2024,14:00,16794760,,GotSport,Soccer,U-9,CINNAMINSON SC TITANS 2016,HIGHLAND YOUTH SOCCER CLUB MAYHEM 2016,CINNAMINSON SC - MEMORIAL,,
10/06/2024,14:00,16795623,,GotSport,Soccer,U-12,BARRINGTON SC REVOLUTION 2013,MOUNT LAUREL UNITED (MLU) GALAXY 2013,TBA,,
10/06/2024,14:00,16794772,,GotSport,Soccer,U-9,GATEWAY UNITED SOCCER CLUB 2016 GUSC THUNDER,MOORESTOWN SC WARRIORS 2016,GATEWAY UTD. - LANGSTON FIELD,,
10/06/2024,14:00,16795840,,GotSport,Soccer,U-12,HADDONFIELD SC RED 2013,EGG HARBOR SC EAGLES 2013 BLACK,HADDONFIELD - CROWS WOODS,,
10/06/2024,14:00,16796045,,GotSport,Soccer,U-10,MOUNT LAUREL UNITED (MLU) MLU WOLFPACK 2015,MEDFORD SC COLUMBIA 2015,,,
10/06/2024,14:00,16794340,,GotSport,Soccer,U-10,HARRISON BLUE ARSENAL 2015,AUDUBON BOYS 2015,HARRISON - William Wilt Soccer Complex,,
10/06/2024,14:00,16796831,,GotSport,Soccer,U-13,BERLIN SOCCER CLUB BALL BREAKERS 2012,CHERRY HILL SC CHERRY HILL SC BULL DOGS 2012,BERLIN SC - FRANKLIN FIELDS,,
10/06/2024,14:00,16794882,,GotSport,Soccer,U-9,FRANKLIN TOWNSHIP YOUTH SOCCER ASSOCIATION UNITED 2016,PITMAN SA BOBCATS 2016,FRANKLIN TWP YOUTH COMPLEX,,
10/06/2024,14:00,16795827,,GotSport,Soccer,U-14,VOORHEES SA ATTACK 2011,CINNAMINSON SC VIPERS 2011,VOORHEES-EASTERN HS,,
10/06/2024,14:00,16796937,,GotSport,Soccer,U-11,WATERFORD ATHLETIC ASSN WINGS 2014,EAST GREENWICH SA EGSA EAGLES 2014,WATERFORD SC-RITTER FIELD,,
10/06/2024,14:00,16794447,,GotSport,Soccer,U-11,DEPTFORD UNITED 2014,HADDONFIELD SC RED 2014 B,DEPTFORD SC,,
10/06/2024,14:00,16795181,,GotSport,Soccer,U-10,PENNSVILLE EAGLES BLUE 2015,MANTUA 2015-2016 BOYS,PENNSVILLE,,
10/06/2024,14:00,16796885,,GotSport,Soccer,U-11,EGG HARBOR SC EAGLES 2014 WHITE,CINNAMINSON SC AVENGERS 2014,,,
10/06/2024,14:00,16796830,,GotSport,Soccer,U-13,TAR-KILL SOCCER CLUB TARKILL BARCELONA 2012,COLLINGSWOOD OAKLYN SOCCER CLUB KNIGHTS 2012,TARKILL-STERLING HS,,
10/06/2024,14:00,16795665,,GotSport,Soccer,U-13,HADDON TWP WHITE HAWKS 2012,HIGHLAND YOUTH SOCCER CLUB MUSTANGS 2012,HADDON TWP - RECCHINO FIELDS,,
10/06/2024,14:00,16796438,,GotSport,Soccer,U-10,MOORESTOWN SC HORNETS 2015,SWEDESBORO WOOLWICH SOCCER ASSOC. SWSA GUNNERS 2015,MOORESTOWN - MEMORIAL FIELDS,,
10/06/2024,14:00,16795971,,GotSport,Soccer,U-13,NORTHERN BURLINGTON SA RANGERS 2012,EAST GREENWICH SA EGSA VENOM 2012,NB- MANSFIELD TOWNSHIP ELEMENTARY SCHOOL,,
10/06/2024,14:00,16795398,,GotSport,Soccer,U-11,CINNAMINSON SC CHARGERS 2014,UPPER TOWNSHIP SA HURRICANES WHITE 2014,CINNAMINSON SC - MEMORIAL,,
10/06/2024,14:00,16795849,,GotSport,Soccer,U-12,CHERRY HILL SC THUNDER 2013,FRANKLIN TOWNSHIP YOUTH SOCCER ASSOCIATION ENFORCERS 2013,CHSC - UPPER CHAPEL TURF,,
10/06/2024,14:00,16795953,,GotSport,Soccer,U-11,PENNSAUKEN YOUTH SOCCER CLUB AVENGERS 2014,CHERRY HILL FC 2015 JUNIOR RED,Pennsauken Community Recreation Facility,,
10/06/2024,14:00,16794300,,GotSport,Soccer,U-10,SWEDESBORO WOOLWICH SOCCER ASSOC. SWSA STRIKERS 2015,MONROE TOWNSHIP YS UNITED BOYS 2015,SW-Locke Avenue Park,,
10/06/2024,14:00,16795274,,GotSport,Soccer,U-12,MILLVILLE REBELS 2013,WEST DEPTFORD SC WARRIORS 2013,MILLVILLE SOCCER COMPLEX,,
10/06/2024,14:00,16796867,,GotSport,Soccer,U-13,SOUTH HARRISON TOWNSHIP SOCCER CLUB STRIKERS 2012,HADDONFIELD SC RED 2012,SOUTH HARRISON - STEWART,,
10/06/2024,14:00,16796568,,GotSport,Soccer,U-8,LOGAN BOOM BLUE 2017,HAMMONTON HEAT BOYS 2017,LOGAN - TWP LINE,,
10/06/2024,14:00,16794682,,GotSport,Soccer,U-8,TAR-KILL SOCCER CLUB TARKILL UNION 2017,SWEDESBORO WOOLWICH SOCCER ASSOC. SWSA PANTHERS 2017,TARKILL-STERLING HS,,
10/06/2024,14:00,16796566,,GotSport,Soccer,U-8,PITMAN SA PANTHERS 2017,HIGHLAND YOUTH SOCCER CLUB BOYS 2017,PITMAN - Dell,,
10/06/2024,14:00,16795996,,GotSport,Soccer,U-11,PALMYRA RIVERTON SC TORNADOES 2014,MOORESTOWN SC WOLVERINES 2014,,,
10/06/2024,14:00,16795124,,GotSport,Soccer,U-10,HIGHLAND YOUTH SOCCER CLUB STORM 2015,NORTHERN BURLINGTON STORM 2015,HIGHLAND - GLOUCESTER TWP PARK,,
10/06/2024,14:00,16795678,,GotSport,Soccer,U-10,BURLINGTON TOWNSHIP SOCCER PHOENIX 2015,CINNAMINSON SC PIRATES SEA DOGS 2015,BURLINGTON TWP - PINEWALD AVE,,
10/06/2024,14:00,16796535,,GotSport,Soccer,U-11,MARLTON SC CHIEFS SILVER 2014,HADDON TWP WHITE HAWKS 2014,MARLTON - MEMORIAL,,
10/06/2024,14:00,16795546,,GotSport,Soccer,U-9,WEST DEPTFORD SC TSUNAMI 2016,TBAA RENEGADES 2016,W DEPTFORD-WD PARK,,
10/06/2024,14:00,16795476,,GotSport,Soccer,U-14,MONROE TOWNSHIP YS UNITED WHITE 2011,HADDON TWP RED HAWKS 2011,MONROE TWP - CORKERY LANE,,
10/06/2024,14:00,16794629,,GotSport,Soccer,U-14,MANTUA TOWNSHIP SA UNION 2011,MAINLAND UNITED SA MUSTANGS RED 2011 B,MANTUA TWP,,
10/06/2024,14:00,16794819,,GotSport,Soccer,U-8,HADDON HEIGHTS SC HAVOC 2017,AUDUBON U8 BOYS 2017 TEAM 2,HADD HGTS - DEVON,,
10/06/2024,14:00,16795587,,GotSport,Soccer,U-12,VOORHEES SA RAPTORS 2013,EAST GREENWICH SA EGSA DYNAMO 2013,VOORHEES-Echelon Complex,,
10/06/2024,14:00,16794957,,GotSport,Soccer,U-9,MARLTON SC CHIEFS ORANGE 2016,MONROE UNITED 2016B,MARLTON - MEMORIAL,,
10/06/2024,14:00,16794943,,GotSport,Soccer,U-9,MANTUA TOWNSHIP SA MAMBAS 2016,HARRISON LEGENDS 2016,MANTUA TWP,,
10/06/2024,14:00,16795273,,GotSport,Soccer,U-12,EAST GREENWICH SA EGSA PANTHERS 2013,MOUNT LAUREL UNITED (MLU) TIGERS 2013,E GREENWICH - THOMPSON FAMILY PARK,,
10/06/2024,14:00,16796448,,GotSport,Soccer,U-10,LOGAN ARMADA BLACK 2015,MEDFORD SC GOLD 2015,LOGAN - TWP LINE,,
10/06/2024,14:00,16794978,,GotSport,Soccer,U-12,VINELAND TERMINATORS 2013,PENNS GROVE WILD 2013,VINELAND SA,,
10/06/2024,14:00,16795483,,GotSport,Soccer,U-14,BORDENTOWN FC JAGUARS 2011,VOORHEES SA BLUES 2011,BORDENTOWN - FRIENDSHIP FIELDS,,
10/06/2024,14:00,16796860,,GotSport,Soccer,U-13,PITTSGROVE SOCCER CLUB PSC SPURS '12,CHERRY HILL FC 2012 JUNIORS BLACK,PITTSGROVE-GREEN BRANCH,,
10/06/2024,14:00,16796933,,GotSport,Soccer,U-11,HARRISON STRIKERS 2014,LOGAN CHARGE BLUE 2014,HARRISON - William Wilt Soccer Complex,,
10/06/2024,14:00,16794479,,GotSport,Soccer,U-12,MAINLAND UNITED SA MUSTANGS WHITE 2013-14 B,HADDON HEIGHTS SC BEAST BOYS 2013,MAINLAND - MEMORIAL PARK,,
10/06/2024,14:00,16794810,,GotSport,Soccer,U-9,EGG HARBOR SC EAGLES 2016,WASHINGTON UNITED SOCCER CLUB WUSC 2016 BOYS,,,
10/06/2024,14:10,16796345,,GotSport,Soccer,U-13,CINNAMINSON SC CHARGE 2012,MAINLAND UNITED SA MUSTANGS RED 2012 B,CINNAMINSON SC - MEMORIAL,,
10/06/2024,14:10,16795788,,GotSport,Soccer,U-13,HARRISON WILDCATS 2012,PENNSAUKEN YOUTH SOCCER CLUB OUTLAWS 2012,HARRISON - William Wilt Soccer Complex,,
10/06/2024,14:10,16795821,,GotSport,Soccer,U-14,SWEDESBORO WOOLWICH SOCCER ASSOC. SWSA BLACK MAMBAS 2011,UPPER TOWNSHIP SA TSUNAMIS 2011,SW-Locke Avenue Park,,
10/06/2024,14:15,16795662,,GotSport,Soccer,U-13,WINSLOW GREEN DRAGONS 2012,PENNSVILLE EAGLES 2012,WINSLOW TWP - PETER VOLPA,,
10/06/2024,14:15,16796956,,GotSport,Soccer,U-12,WOODBURY SOCCER CLUB WOODBURY BISON 2013,WINSLOW SHARKS 2013,WOODBURY,,
10/06/2024,14:15,16796059,,GotSport,Soccer,U-10,DEPTFORD LIGHTNING 2015,PENNSAUKEN YOUTH SOCCER CLUB LIONS 2015,DEPTFORD SC,,
10/06/2024,14:30,16796396,,GotSport,Soccer,U-14,MOORESTOWN SC LIGHTNING 2011,DELRAN FC FLASH 2011,MOORESTOWN - MEMORIAL FIELDS,,
10/06/2024,14:30,16794672,,GotSport,Soccer,U-8,CAPE EXPRESS CE 2017 BARCA,SJ FUTBOL CLUB HAMMERS 2017,CAPE EX SOCCER COMPLEX At Ockie Wisting,,
10/06/2024,14:30,16796886,,GotSport,Soccer,U-11,WOODSTOWN WOLFPACK 2014,COLLINGSWOOD OAKLYN SOCCER CLUB VENOM COSC 2014,WOODSTOWN,,
10/06/2024,14:30,16795583,,GotSport,Soccer,U-12,MOORESTOWN SC RAPTORS 2013,AUDUBON SOCCER YOUTH WILD WINGS 2013,MOORESTOWN - SALEM RD/PRYOR PARK,,
10/06/2024,14:30,16795758,,GotSport,Soccer,U-9,HADDON TWP RED HAWKS 2016,MAINLAND UNITED SA MUSTANGS RED 2016 B,,,
10/06/2024,14:30,16794687,,GotSport,Soccer,U-8,PITTSGROVE SOCCER CLUB PSC BLACK ‘17,TBAA REVOLUTION 2017,PITTSGROVE-GREEN BRANCH,,
10/06/2024,14:30,16796358,,GotSport,Soccer,U-13,MEDFORD SC DESTROYERS 2012,MILLVILLE LYNX 2012,MEDFORD - BENDE PARK,,
10/06/2024,14:30,16794805,,GotSport,Soccer,U-9,DELRAN FC UNION 2016,EAST GREENWICH SA EGSA CHAOS 2016,,,
10/06/2024,14:30,16794886,,GotSport,Soccer,U-9,MOORESTOWN SC RENEGADES 2016,VOORHEES SA DESTROYERS 2016,MOORESTOWN - MEMORIAL FIELDS,,
10/06/2024,14:30,16796754,,GotSport,Soccer,U-9,EAST GREENWICH SA EGSA ROYALS 2016,HADDONFIELD SC WHITE 2016,E GREENWICH - THOMPSON FAMILY PARK,,
10/06/2024,14:30,16795761,,GotSport,Soccer,U-9,HADDONFIELD SC RED 2016,MOUNT LAUREL UNITED (MLU) REVOLUTION 2016,HADDONFIELD - CROWS WOODS,,
10/06/2024,14:30,16795694,,GotSport,Soccer,U-10,CHERRY HILL SC CHERRY HILL SC COMETS (2015) - BOYS,VOORHEES SA PYTHONS 2015,CHSC - UPPER CHAPEL TURF,,
10/06/2024,14:30,16796437,,GotSport,Soccer,U-9,RANCOCAS VALLEY SC 2016 BOYS UNITED,COLLINGSWOOD OAKLYN SOCCER CLUB WARRIORS 2016,Rancocas Valley-LUMBERTON MUNICIPAL,,
10/06/2024,14:30,16796977,,GotSport,Soccer,U-12,DELRAN FC SOCCER GREY 2013B,PALMYRA RIVERTON SC YOUNGBLOODS 2013,,,
10/06/2024,14:30,16796613,,GotSport,Soccer,U-10,MILLVILLE PREDATORS 2015,HARRISON BLUE REBELS 2015,MILLVILLE SOCCER COMPLEX,,
10/06/2024,14:45,16795521,,GotSport,Soccer,U-9,MAPLE SHADE SHARKS 2016,HADDONFIELD SC BLACK 2016 B,MAPLE SHADE - TURF FIELD,,
10/06/2024,14:45,16796050,,GotSport,Soccer,U-10,SENECA UNITED SC 2015 RAPTORS,EAST GREENWICH SA EGSA TIGERS 2015,SENECA - STONEY CREEK FIELDS,,
10/06/2024,15:00,16795123,,GotSport,Soccer,U-10,CHERRY HILL FC 2015 CHFC JUNIOR WHITE,DEPTFORD SA CYCLONES 2015,CHFC - DeCOU,,
10/06/2024,15:00,16796890,,GotSport,Soccer,U-11,WASHINGTON TWP SOCCER CLUB WARRIORS 2014,MEDFORD SC GOLD 2014,WASHINGTON TWP-WASH LAKE PARK,,
10/06/2024,15:15,16795317,,GotSport,Soccer,U-14,CHERRY HILL SC CHAOS 2011,HADDONFIELD SC RED 2011,CHSC - CH WEST HS,,
10/06/2024,15:15,16796077,,GotSport,Soccer,U-14,PALMYRA RIVERTON SC WARRIORS 2011,MEDFORD SC COLUMBIA 2011,PAL-RIV - LEGION FIELD,,
10/06/2024,15:20,16796205,,GotSport,Soccer,U-15,DEPTFORD DEMONS 2010,NORTHERN BURLINGTON SA BLAST 2010,DEPTFORD SC,,
10/06/2024,15:30,16794928,,GotSport,Soccer,U-11,TAR-KILL SOCCER CLUB TARKILL CHELSEA 2014,ATLANTIC UNITED PREMIER KICKERS 2014 B,TARKILL-STERLING HS,,
10/06/2024,15:30,16794835,,GotSport,Soccer,U-8,MOORESTOWN SC HAWKS 2017,SWEDESBORO WOOLWICH SOCCER ASSOC. SWSA FIREBALLS 2017,MOORESTOWN - MEMORIAL FIELDS,,
10/06/2024,15:30,16795446,,GotSport,Soccer,U-11,MARLTON SC CHIEFS BLACK 2014,GATEWAY UNITED SOCCER CLUB GREYHOUNDS 2014,MARLTON - MEMORIAL,,
10/06/2024,15:30,16795634,,GotSport,Soccer,U-12,VOORHEES COSMOS 2013,PITMAN SA TOMCATS 2013,VOORHEES-Echelon Complex,,
10/06/2024,15:30,16796270,,GotSport,Soccer,U-12,CHERRY HILL SC CHERRY HILL SC FORCE 2013,SENECA UNITED SC 2013 TIGERS,CHSC - UPPER CHAPEL TURF,,
10/06/2024,15:30,16795335,,GotSport,Soccer,U-10,WINSLOW TITANS 2015,SJ FUTBOL CLUB RAMS 2015,WINSLOW TWP - PETER VOLPA,,
10/06/2024,15:30,16796078,,GotSport,Soccer,U-14,WOODSTOWN FURY 2011,HAMMONTON HEAT BOYS 2011,WOODSTOWN,,
10/06/2024,15:30,16796431,,GotSport,Soccer,U-9,BARRINGTON SC BLACK 2016,HADDONFIELD SC GREY 2016,TBA,,
10/06/2024,15:30,16796935,,GotSport,Soccer,U-11,WEST DEPTFORD SC AVALANCHE 2014,PENNSVILLE EAGLES 2014,W DEPTFORD-WD PARK,,
10/06/2024,15:30,16794575,,GotSport,Soccer,U-8,MANTUA CHAOS 2017,HARRISON UNITED 2017,MANTUA TWP,,
10/06/2024,15:30,16795346,,GotSport,Soccer,U-10,MEDFORD SC WHITE 2015,MAINLAND UNITED SA MUSTANGS RED 2015 B,MEDFORD - BENDE PARK,,
10/06/2024,15:30,16795191,,GotSport,Soccer,U-10,LOGAN ARMADA BLUE 2015,EAST GREENWICH SA EGSA FLYERS 2015,LOGAN - TWP LINE,,
10/06/2024,15:30,16795188,,GotSport,Soccer,U-10,SWEDESBORO WOOLWICH SOCCER ASSOC. SWSA HONEY BADGERS 2015,MAINLAND UNITED SA MUSTANGS WHITE 2015-16 B,SW-Locke Avenue Park,,
10/06/2024,15:30,16796499,,GotSport,Soccer,U-8,BURLINGTON TOWNSHIP SOCCER FIRE 2017,PITMAN SA LIONS 2017,BURLINGTON TWP - PINEWALD AVE,,
10/06/2024,15:30,16796662,,GotSport,Soccer,U-9,CLAYTON SA CLIPPERS 2016,WINSLOW KINGS 2016,CLAYTON - BENTZ,,
10/06/2024,15:30,16794558,,GotSport,Soccer,U-9,TAR-KILL SOCCER CLUB TARKILL 2016B,HADDON TWP WHITE HAWKS 2016,TARKILL-STERLING HS,,
10/06/2024,15:30,16796092,,GotSport,Soccer,U-14,BURLINGTON TOWNSHIP SOCCER REBELS 2011,PEMBERTON SC PUNISHERS 2011,BURLINGTON TWP - PINEWALD AVE,,
10/06/2024,15:30,16795972,,GotSport,Soccer,U-13,HADDON TWP RED HAWKS 2012,VOORHEES SA PREDATORS 2013,HADDON TWP - RECCHINO FIELDS,,
10/06/2024,15:30,16796753,,GotSport,Soccer,U-9,HARRISON HURRICANES 2016,ATLANTIC UNITED PREMIER RED 2016 B,HARRISON - William Wilt Soccer Complex,,
10/06/2024,15:30,16795800,,GotSport,Soccer,U-13,FRANKLIN TOWNSHIP YOUTH SOCCER ASSOCIATION CRUSADERS 2012,CINNAMINSON SC SKULLS 2012,FRANKLIN TWP YOUTH COMPLEX,,
10/06/2024,15:30,16796755,,GotSport,Soccer,U-9,FRANKLIN TOWNSHIP YOUTH SOCCER ASSOCIATION JERSEY DEVILS 2016,UPPER TOWNSHIP SA BREAKERS 2016,FRANKLIN TWP YOUTH COMPLEX,,
10/06/2024,15:30,16796113,,GotSport,Soccer,U-19,GATEWAY UNITED SOCCER CLUB GUSC WARRIORS B2006,MILLVILLE PHANTOMS 2008,GATEWAY UTD. - WESTVILLE,,
10/06/2024,15:30,16794726,,GotSport,Soccer,U-9,GATEWAY UNITED SOCCER CLUB 2016 GUSC BLUES,HADDON HEIGHTS SC RUCKUS 2016,GATEWAY UTD. - LANGSTON FIELD,,
10/06/2024,15:30,16795383,,GotSport,Soccer,U-11,PITTSGROVE SOCCER CLUB PSC PHANTOMS '14,MEDFORD SC AVENGERS 2014,PITTSGROVE-GREEN BRANCH,,
10/06/2024,15:30,16796987,,GotSport,Soccer,U-11,AUDUBON ATTACK - BOYS 2014,CHERRY HILL SC CHERRY HILL SC FORCE 2014,AUDUBON - GREEN WAVE PARK,,
10/06/2024,15:30,16795544,,GotSport,Soccer,U-9,EGG HARBOR SC EAGLES 2016 BLACK,UPPER TOWNSHIP SA THUNDER 2016,,,
10/06/2024,15:30,16796715,,GotSport,Soccer,U-8,CINNAMINSON SC BLACK 2017,DELRAN FC BLACK 2017B,CINNAMINSON SC - MEMORIAL,,
10/06/2024,15:30,16795027,,GotSport,Soccer,U-8,MARLTON SC CHIEFS ORANGE 2017,MONROE UNITED 2017,MARLTON - MEMORIAL,,
10/06/2024,15:30,16795036,,GotSport,Soccer,U-8,WASHINGTON UNITED SOCCER CLUB WUSC 2017 BOYS,MOUNT LAUREL UNITED (MLU) MLU PRESTIGE 2017,WASHINGTON TWP. - Levy Fields (Virtua),,
10/06/2024,15:30,16796488,,GotSport,Soccer,U-8,SOUTH HARRISON FORCE,UPPER TOWNSHIP SA FLASH 2017,SOUTH HARRISON - STEWART,,
10/06/2024,15:30,16795122,,GotSport,Soccer,U-10,PENNSVILLE EAGLES GOLD 2015,MOUNT LAUREL UNITED (MLU) SHARKS 2015,PENNSVILLE,,
10/06/2024,15:30,17563194,,GotSport,Soccer,U-11,PITMAN SA BENGALS 2014,SENECA UNITED SC 2014 THUNDER,TBA,,
10/06/2024,15:30,16796179,,GotSport,Soccer,U-10,PALMYRA RIVERTON SC NATIONALS 2015,MONROE TOWNSHIP YS UNITED BLUE 2015,,,
10/06/2024,15:30,16794316,,GotSport,Soccer,U-10,VINELAND LIVERPOOL 2015,HARRISON STRIKERS 2015,VINELAND SA,,
10/06/2024,15:30,16796780,,GotSport,Soccer,U-9,WEST DEPTFORD SC WILDCATS 2016,MARLTON SC CHIEFS WHITE 2016,W DEPTFORD-WD PARK,,
10/06/2024,15:30,17563196,,GotSport,Soccer,U-11,HIGHLAND YOUTH SOCCER CLUB THUNDER 2014,MEDFORD SC CAROLINA 2014,HIGHLAND - GLOUCESTER TWP PARK,,
10/06/2024,15:30,16794633,,GotSport,Soccer,U-14,NORTHERN BURLINGTON SA HOOLIGANS 2011,MOUNT LAUREL UNITED (MLU) WARRIORS 2011,NB- MANSFIELD TOWNSHIP ELEMENTARY SCHOOL,,
10/06/2024,15:30,16795089,,GotSport,Soccer,U-10,HIGHLAND YOUTH SOCCER CLUB LIGHTNING 2015,EGG HARBOR SC EAGLES 2015,HIGHLAND - GLOUCESTER TWP PARK,,
10/06/2024,15:30,16796650,,GotSport,Soccer,U-9,WATERFORD ATHLETIC ASSN WINGS 2016,WEST DEPTFORD SC WARRIORS 2016,WATERFORD SC-RITTER FIELD,,
10/06/2024,15:30,16795437,,GotSport,Soccer,U-12,CINNAMINSON SC STRIKERS 2013,LOGAN FLASH 2013,CINNAMINSON SC - MEMORIAL,,
10/06/2024,15:30,16796800,,GotSport,Soccer,U-15,BERLIN SOCCER CLUB BRAWLERS 2010,EDGEWATER PARK ATHLETIC ASSOCIATION EP WIZARDS 2010,BERLIN SC - FRANKLIN FIELDS,,
10/06/2024,15:30,16794592,,GotSport,Soccer,U-8,CINNAMINSON RED 2017,EAST GREENWICH SA EGSA UNITED 2017,CINNAMINSON SC - MEMORIAL,,
10/06/2024,15:30,16796691,,GotSport,Soccer,U-9,TBAA KNIGHTS 2016,MEDFORD SC WHITE 2016,TBAA-VALLEY BROOK,,
10/06/2024,15:40,16796641,,GotSport,Soccer,U-14,HARRISON SC ARSENAL 2011,WEST DEPTFORD SC WOLFPACK 2011,HARRISON - William Wilt Soccer Complex,,
10/06/2024,15:40,16795917,,GotSport,Soccer,U-16,CINNAMINSON SC PIRATES 2009,MARLTON SC CHIEFS ORANGE 2009,CINNAMINSON SC - MEMORIAL,,
10/06/2024,15:40,16795670,,GotSport,Soccer,U-13,SWEDESBORO WOOLWICH SOCCER ASSOC. SWSA CYCLONES 2012/2013,LOGAN FUSION 2012,SW-Locke Avenue Park,,
10/06/2024,15:45,16794600,,GotSport,Soccer,U-8,CHERRY HILL SC CHERRY HILL SC DYNAMO (2017) - BOYS,VOORHEES SA BLUE DEVILS 2017,CHSC - UPPER CHAPEL TURF,,
10/06/2024,15:45,16794699,,GotSport,Soccer,U-12,MOORESTOWN SC GOLDEN EAGLES 2013,MONROE TOWNSHIP YS UNITED BOYS BLUE 2013,MOORESTOWN - SALEM RD/PRYOR PARK,,
10/06/2024,15:45,16795886,,GotSport,Soccer,U-10,MILLVILLE WARRIORS 2015,UPPER TOWNSHIP SA COMETS WHITE 2015,MILLVILLE SOCCER COMPLEX,,
10/06/2024,15:45,16796037,,GotSport,Soccer,U-11,BORDENTOWN FC UNION 2014,VOORHEES SA VIKINGS 2014,BORDENTOWN - FRIENDSHIP FIELDS,,
10/06/2024,15:45,16796197,,GotSport,Soccer,U-10,HADDON TWP RED HAWKS 2015,TAR-KILL SOCCER CLUB TARKILL BLUE 2015,,,
10/06/2024,15:45,16794858,,GotSport,Soccer,U-13,WINSLOW DYNAMO 2012,MARLTON SC CHIEFS WHITE 2012,WINSLOW TWP - PETER VOLPA,,
10/06/2024,15:45,16794320,,GotSport,Soccer,U-10,MOORESTOWN SC VIPERS 2015,HADDON TWP SOCCER CLUB 2015 HADDON TWP WHITE HAWKS,MOORESTOWN - MEMORIAL FIELDS,,
10/06/2024,15:45,16795951,,GotSport,Soccer,U-11,RANCOCAS VALLEY SC RVSC '14 - CELTIC,FRANKLIN TOWNSHIP YOUTH SOCCER ASSOCIATION STORM 2014,Rancocas Valley-LUMBERTON MUNICIPAL,,
10/06/2024,15:45,16794909,,GotSport,Soccer,U-11,HADDON TWP RED HAWKS 2014,CHERRY HILL SC CHERRY HILL SC UNION 2015,HADDON TWP - RECCHINO FIELDS,,
10/06/2024,15:45,16794985,,GotSport,Soccer,U-12,DEPTFORD TORNADOS 2013,GATEWAY UNITED SOCCER CLUB SHARKS 2013,DEPTFORD SC,,
10/06/2024,15:45,16794821,,GotSport,Soccer,U-8,DELRAN FC SOCCER GREY 2017B,CINNAMINSON SC UNION 2017,,,
10/06/2024,15:45,16795189,,GotSport,Soccer,U-10,WOODSTOWN WILDCATS 2015,HAMILTON ELITE FC PREMIER 2015B,WOODSTOWN,,
10/06/2024,15:45,16795545,,GotSport,Soccer,U-9,MONROE UNITED BLUE 2016,LOGAN APOLLO 2016,MONROE TWP - CORKERY LANE,,
10/06/2024,15:45,16794290,,GotSport,Soccer,U-12,CAPE EXPRESS CE 2014 UNION,MONROE UNITED 2013,CAPE EX SOCCER COMPLEX At Ockie Wisting,,
10/06/2024,15:45,16797014,,GotSport,Soccer,U-8,HADDONFIELD SC REBELS 2017,TBAA ROUGHRIDERS 2017,HADDONFIELD - CROWS WOODS,,
10/06/2024,15:45,16795450,,GotSport,Soccer,U-11,MANTUA TOWNSHIP SA OUTLAWS 2014,HADDON HEIGHTS SC MIGHTY TITANS 2014,MANTUA TWP,,
10/06/2024,15:45,16795995,,GotSport,Soccer,U-11,DELRAN FC HAWKS 2014,CHERRY HILL SC CHERRY HILL SC WHITE (2014) - BOYS,,,
10/06/2024,15:45,16796449,,GotSport,Soccer,U-10,WOODBURY BOLTS,PITMAN SA WILDCATS 2015,WOODBURY,,
10/06/2024,15:45,16796616,,GotSport,Soccer,U-10,PITTSGROVE SOCCER CLUB PSC GALAXY '15,MANTUA TOWNSHIP SA FROGS 2015,PITTSGROVE-GREEN BRANCH,,
10/06/2024,15:45,16795080,,GotSport,Soccer,U-10,CAPE EXPRESS CE SILVER STREAK 2015,WEST DEPTFORD SC ANIMALS 2015,CAPE EX SOCCER COMPLEX At Ockie Wisting,,
10/06/2024,16:00,16794344,,GotSport,Soccer,U-14,SENECA UNITED SC 2011 WARRIORS,MEDFORD STRIKERS 2011 BOYS,SENECA - STONEY CREEK FIELDS,,
10/06/2024,16:15,16796271,,GotSport,Soccer,U-12,CHERRY HILL FC 2013 JUNIOR BLACK - RED HAWKS,RANCOCAS VALLEY SC RONALDO 2013,CHFC - DeCOU,,
10/06/2024,16:45,16794396,,GotSport,Soccer,U-11,TBAA OUTLAWS 2014,TBAA REVOLUTION 2015,TBAA-VALLEY BROOK,,
10/08/2024,19:30,16795314,,GotSport,Soccer,U-14,PITTSGROVE SOCCER CLUB PSC WOLVES '11,PENNSAUKEN YOUTH SOCCER CLUB WARRIORS 2011,PITTSGROVE-GREEN BRANCH,,
10/16/2024,17:30,16794861,,GotSport,Soccer,U-13,GATEWAY UNITED SOCCER CLUB STINGRAYS 2012,MARLTON SC CHIEFS WHITE 2012,GATEWAY UTD. - WESTVILLE,,
10/16/2024,18:30,16794275,,GotSport,Soccer,U-12,MEDFORD STRIKERS 2013 BOYS,VINELAND SA UNITED 2013,VINELAND SA,,
10/18/2024,19:00,16795803,,GotSport,Soccer,U-14,EGG HARBOR SC EAGLES BLACK 2011,CHERRY HILL FC CHFC 2011 AVENGERS,,,
10/18/2024,19:00,16794306,,GotSport,Soccer,U-10,VINELAND LIVERPOOL 2015,MONROE TOWNSHIP YS UNITED BOYS 2015,VINELAND SA,,
10/18/2024,19:00,16794867,,GotSport,Soccer,U-13,PITTSGROVE SOCCER CLUB PSC WARRIORS '12,HARRISON SC STRIKERS 2012,PITTSGROVE-GREEN BRANCH,,
10/19/2024,09:00,16794504,,GotSport,Soccer,U-10,CHERRY HILL SC CHERRY HILL SC WARRIORS 2015,MEDFORD STRIKERS 2015 BOYS,CHSC - UPPER CHAPEL TURF,,
10/20/2024,11:00,16796110,,GotSport,Soccer,U-19,WASHINGTON TWP SOCCER CLUB GLADIATORS 2008,MEDFORD SC ,WASHINGTON TWP-WASH LAKE PARK,,
10/20/2024,11:00,16795433,,GotSport,Soccer,U-12,HADDONFIELD SC BLACK 2013,CINNAMINSON SC STRIKERS 2013,HADDONFIELD - CROWS WOODS,,
10/20/2024,11:00,16796304,,GotSport,Soccer,U-15,TBAA DYNAMO 2010,EAST GREENWICH SA EGSA CHARGERS 2010,TBAA-VALLEY BROOK,,
10/20/2024,12:00,16796802,,GotSport,Soccer,U-15,MILLVILLE VENOM 2010,MONROE TOWNSHIP YS UNITED 2010,MILLVILLE SOCCER COMPLEX,,
10/20/2024,12:00,16794366,,GotSport,Soccer,U-14,EGG HARBOR SC EAGLES 2011/2012 BLACK,SWEDESBORO WOOLWICH SOCCER ASSOC. SWSA RED FLAMES 2011,,,
10/20/2024,12:00,16794704,,GotSport,Soccer,U-12,PITTSGROVE SOCCER CLUB PSC REVOLUTION '13,MONROE TOWNSHIP YS UNITED BOYS BLUE 2013,PITTSGROVE-GREEN BRANCH,,
10/20/2024,12:00,16795921,,GotSport,Soccer,U-16,MEDFORD STRIKERS 2009 BOYS,WINSLOW VIPERS 2009,MEDFORD STRIKERS - ARK ROAD COMPLEX,,
10/20/2024,12:00,16794644,,GotSport,Soccer,U-14,WINSLOW WILDCATS 2011,NORTHERN BURLINGTON SA HOOLIGANS 2011,WINSLOW TWP - PETER VOLPA,,
10/20/2024,12:00,16796383,,GotSport,Soccer,U-14,RANCOCAS VALLEY SC BOYS 2011 UNITED,DELRAN FC FLASH 2011,Rancocas Valley-LUMBERTON MUNICIPAL,,
10/20/2024,12:00,16795218,,GotSport,Soccer,U-16,EAST GREENWICH SA EGSA THUNDER 2009,HAMMONTON HEAT BOYS 2009,E GREENWICH - THOMPSON FAMILY PARK,,
10/20/2024,12:00,16796125,,GotSport,Soccer,U-19,HIGHLAND YOUTH SOCCER CLUB GALAXY 2008,HIGHLAND YOUTH SOCCER CLUB FUSION 2008,HIGHLAND - GLOUCESTER TWP PARK,,
10/20/2024,12:00,16796399,,GotSport,Soccer,U-14,WOODBURY SOCCER CLUB WOODBURY ARMORY 2011,HADDONFIELD SC WHITE 2011,WOODBURY,,
10/20/2024,12:00,16796303,,GotSport,Soccer,U-15,CHERRY HILL SC CHERRY HILL SC THUNDERBOLTS (2010-2011),VINELAND REBELS 2010,CHSC - CH WEST HS,,
10/20/2024,12:00,16795152,,GotSport,Soccer,U-15,AUDUBON SOCCER YOUTH UNITED 2010,DEPTFORD BRUTE FORCE 2010,AUDUBON - GREEN WAVE PARK,,
10/20/2024,12:00,16794417,,GotSport,Soccer,U-11,UPPER TOWNSHIP SA HURRICANES GREEN 2014,TBAA REVOLUTION 2015,UPPER TWP-Amanda's Field Complex,,
10/20/2024,12:00,16795902,,GotSport,Soccer,U-16,DEPTFORD REBELS 2009,SWEDESBORO WOOLWICH SOCCER ASSOC. SWSA FORCE 2009,DEPTFORD SC,,
10/20/2024,12:00,16795955,,GotSport,Soccer,U-11,FRANKLIN TOWNSHIP YOUTH SOCCER ASSOCIATION STORM 2014,VOORHEES SA VIPERS 2015,FRANKLIN TWP YOUTH COMPLEX,,
10/20/2024,12:00,16794625,,GotSport,Soccer,U-14,MEDFORD SC RENEGADES 2011,DEPTFORD TORNADOES 2011,MEDFORD - BENDE PARK,,
10/20/2024,12:00,16796811,,GotSport,Soccer,U-15,BERLIN SOCCER CLUB BRAWLERS 2010,MARLTON SC CHIEFS WHITE 2010,BERLIN SC - FRANKLIN FIELDS,,
10/20/2024,12:00,16795251,,GotSport,Soccer,U-15,SJ FUTBOL CLUB WOLVES 2010,MOUNT LAUREL UNITED (MLU) FORCE 2010,SJFC - UPPER DEERFIELD RECREATION COMPLEX,,
10/20/2024,12:00,16795190,,GotSport,Soccer,U-10,EAST GREENWICH SA EGSA FLYERS 2015,PENNSVILLE EAGLES BLUE 2015,E GREENWICH - THOMPSON FAMILY PARK,,
10/20/2024,12:00,16795698,,GotSport,Soccer,U-10,CHERRY HILL SC CHERRY HILL SC COMETS (2015) - BOYS,BURLINGTON TOWNSHIP SOCCER PHOENIX 2015,CHSC - UPPER CHAPEL TURF,,
10/20/2024,12:00,16794911,,GotSport,Soccer,U-11,MANTUA TOWNSHIP SA ELITE 2014,CHERRY HILL SC CHERRY HILL SC UNION 2015,MANTUA TWP,,
10/20/2024,12:00,16794571,,GotSport,Soccer,U-9,HADDON TWP WHITE HAWKS 2016,SENECA UNITED SC 2016 EAGLES,,,
10/20/2024,12:00,16797017,,GotSport,Soccer,U-8,HADDONFIELD SC REBELS 2017,VOORHEES SA VENOM 2017,HADDONFIELD - CROWS WOODS,,
10/20/2024,12:00,16795276,,GotSport,Soccer,U-12,MILLVILLE REBELS 2013,WASHINGTON TWP SOCCER CLUB RAPTORS 2013,MILLVILLE SOCCER COMPLEX,,
10/20/2024,12:00,16795153,,GotSport,Soccer,U-15,PALMYRA RIVERTON SC UNION 2010,HARRISON SC STORM 2010,PAL-RIV - LEGION FIELD,,
10/20/2024,12:15,16795626,,GotSport,Soccer,U-12,HADDONFIELD SC WHITE 2013,PALMYRA RIVERTON SC HURRICANES 2013,HADDONFIELD - CROWS WOODS,,
10/20/2024,12:30,16794515,,GotSport,Soccer,U-12,MAINLAND UNITED SA MUSTANGS RED 2013 B,TAR-KILL SOCCER CLUB TARKILL KNIGHTS 2013,MAINLAND - MEMORIAL PARK,,
10/20/2024,12:30,16796922,,GotSport,Soccer,U-11,HARRISON STRIKERS 2014,WOODSTOWN WOLVERINES 2014,HARRISON - William Wilt Soccer Complex,,
10/20/2024,12:30,16796485,,GotSport,Soccer,U-8,PITTSGROVE SOCCER CLUB PSC RAPTORS ‘17,SOUTH HARRISON FORCE,PITTSGROVE-GREEN BRANCH,,
10/20/2024,12:30,16796455,,GotSport,Soccer,U-10,MEDFORD SC GOLD 2015,SWEDESBORO WOOLWICH SOCCER ASSOC. SWSA GUNNERS 2015,MEDFORD - BENDE PARK,,
10/20/2024,12:30,16794630,,GotSport,Soccer,U-14,MAINLAND UNITED SA MUSTANGS RED 2011 B,BORDENTOWN FC RENEGADES 2011,MAINLAND-Atlantic Christian School,,
10/20/2024,12:30,16794636,,GotSport,Soccer,U-14,GATEWAY UNITED SOCCER CLUB WILDCATS 2011,MONROE TOWNSHIP YS UNITED BOYS BLUE 2011,GATEWAY UTD. - WESTVILLE,,
10/20/2024,12:30,16794678,,GotSport,Soccer,U-8,PITTSGROVE SOCCER CLUB PSC BLACK ‘17,TAR-KILL SOCCER CLUB TARKILL UNION 2017,PITTSGROVE-GREEN BRANCH,,
10/20/2024,12:30,16795477,,GotSport,Soccer,U-14,MOORESTOWN SC BLACK KNIGHTS 2011,HADDON TWP RED HAWKS 2011,MOORESTOWN - MEMORIAL FIELDS,,
10/20/2024,12:30,16794712,,GotSport,Soccer,U-12,MEDFORD SC BLUE DEVILS 2013,HADDON HEIGHTS SC YOUNG BOYS 2013,MEDFORD - BENDE PARK,,
10/20/2024,12:30,16795478,,GotSport,Soccer,U-14,MONROE TOWNSHIP YS UNITED WHITE 2011,BORDENTOWN FC JAGUARS 2011,MONROE TWP - CORKERY LANE,,
10/20/2024,12:30,16796153,,GotSport,Soccer,U-8,GATEWAY UNITED SOCCER CLUB GUSC B2017,HADDONFIELD SC FIRE 2017,GATEWAY UTD. - LANGSTON FIELD,,
10/20/2024,12:30,16796892,,GotSport,Soccer,U-11,CINNAMINSON SC AVENGERS 2014,MEDFORD SC GOLD 2014,CINNAMINSON SC - MEMORIAL,,
10/20/2024,12:30,16796328,,GotSport,Soccer,U-13,UPPER TOWNSHIP SA FORCE GREEN 2012,LOGAN FORCE 2012,UPPER TWP-Amanda's Field Complex,,
10/20/2024,12:30,16796833,,GotSport,Soccer,U-13,COLLINGSWOOD OAKLYN SOCCER CLUB KNIGHTS 2012,CHERRY HILL SC CHERRY HILL SC BULL DOGS 2012,,,
10/20/2024,12:30,16794826,,GotSport,Soccer,U-8,HADDON HEIGHTS SC HAVOC 2017,SWEDESBORO WOOLWICH SOCCER ASSOC. SWSA FIREBALLS 2017,HADD HGTS - DEVON,,
10/20/2024,12:30,16795277,,GotSport,Soccer,U-12,WOODSTOWN PREDATORS 2013,EAST GREENWICH SA EGSA PANTHERS 2013,WOODSTOWN,,
10/20/2024,12:30,16794836,,GotSport,Soccer,U-8,MOORESTOWN SC HAWKS 2017,DELRAN FC SOCCER GREY 2017B,MOORESTOWN - MEMORIAL FIELDS,,
10/20/2024,12:30,16794844,,GotSport,Soccer,U-13,PITTSGROVE SOCCER CLUB PSC WARRIORS '12,TAR-KILL SOCCER CLUB TARKILL LIVERPOOL 2012,PITTSGROVE-GREEN BRANCH,,
10/20/2024,12:30,16795584,,GotSport,Soccer,U-12,EAST GREENWICH SA EGSA DYNAMO 2013,NORTHERN BURLINGTON SA BLUES 2013,E GREENWICH - THOMPSON FAMILY PARK,,
10/20/2024,12:30,16795500,,GotSport,Soccer,U-14,VOORHEES SA BLUES 2011,LOGAN BLAZE 2011,VOORHEES-EASTERN HS,,
10/20/2024,12:30,16796273,,GotSport,Soccer,U-12,HAMMONTON HEAT BOYS 2013,SENECA UNITED SC 2013 TIGERS,HAMMONTON - MOSS MILL RD PARK SOCCER COMPLEX,,
10/20/2024,12:30,16796272,,GotSport,Soccer,U-12,CHERRY HILL FC 2013 JUNIOR BLACK - RED HAWKS,BURLINGTON TOWNSHIP SOCCER STRIKERS 2013,CHFC - DeCOU,,
10/20/2024,12:30,16796614,,GotSport,Soccer,U-10,VINELAND AVENGERS 2015,HARRISON BLUE REBELS 2015,VINELAND SA,,
10/20/2024,12:30,16795736,,GotSport,Soccer,U-9,HADDONFIELD SC RED 2016,MAINLAND UNITED SA MUSTANGS RED 2016 B,HADDONFIELD - CROWS WOODS,,
10/20/2024,12:30,16794936,,GotSport,Soccer,U-9,MOUNT LAUREL UNITED (MLU) GLADIATORS 2016,HARRISON LEGENDS 2016,,,
10/20/2024,12:30,16796236,,GotSport,Soccer,U-13,ATLANTIC UNITED PREMIER KICKERS 2013 B EDP,HIGHLAND YOUTH SOCCER CLUB FORCE 2012,ATLANTIC - TARTAGLIO,,
10/20/2024,12:30,16795012,,GotSport,Soccer,U-10,CHERRY HILL FC 2015 JUNIOR BLACK,CINNAMINSON SC RED DEVILS 2015,CHFC - DeCOU,,
10/20/2024,12:30,16795015,,GotSport,Soccer,U-10,MARLTON SC CHIEFS WHITE 2015,BURLINGTON TOWNSHIP SOCCER THUNDER2015,MARLTON - MEMORIAL,,
10/20/2024,12:30,17563203,,GotSport,Soccer,U-11,HIGHLAND YOUTH SOCCER CLUB THUNDER 2014,VOORHEES SA LIGHTNING 2014,HIGHLAND - GLOUCESTER TWP PARK,,
10/20/2024,12:30,16794278,,GotSport,Soccer,U-12,CAPE EXPRESS CE 2014 UNION,HARRISON SC LIGHTNING 2013,CAPE EX SOCCER COMPLEX At Ockie Wisting,,
10/20/2024,12:30,16795037,,GotSport,Soccer,U-8,WASHINGTON UNITED SOCCER CLUB WUSC 2017 BOYS,MONROE UNITED 2017,WASHINGTON TWP. - Levy Fields (Virtua),,
10/20/2024,12:30,16795690,,GotSport,Soccer,U-10,CINNAMINSON SC PIRATES SEA DOGS 2015,TAR-KILL SOCCER CLUB TARKILL WHITE 2015,CINNAMINSON SC - MEMORIAL,,
10/20/2024,12:30,16795056,,GotSport,Soccer,U-12,MARLTON SC CHIEFS ORANGE 2014,CINNAMINSON SC THUNDERBIRDS 2013,MARLTON - MEMORIAL,,
10/20/2024,12:30,16795063,,GotSport,Soccer,U-12,MOUNT LAUREL UNITED (MLU) LIGHTNING 2014,SJ FUTBOL CLUB SJFC FLYERS ELITE 2014,MLU-TROTTERS,,
10/20/2024,12:30,16795876,,GotSport,Soccer,U-10,ATLANTIC UNITED PREMIER FIRE 2015 B,EGG HARBOR SC EAGLES 2015 BLACK,ATLANTIC - TARTAGLIO,,
10/20/2024,12:30,16795090,,GotSport,Soccer,U-10,CAPE EXPRESS CE SILVER STREAK 2015,EGG HARBOR SC EAGLES 2015,CAPE EX SOCCER COMPLEX At Ockie Wisting,,
10/20/2024,12:30,16796583,,GotSport,Soccer,U-8,WASHINGTON TWP SOCCER CLUB WOLVES 2017,LOGAN BOOM BLUE 2017,WASHINGTON TWP. - Levy Fields (Virtua),,
10/20/2024,12:30,16795167,,GotSport,Soccer,U-15,HADDONFIELD SC WHITE 2010,WOODSTOWN WOLVERINES 2010,HADDONFIELD - CROWS WOODS,,
10/20/2024,12:30,16796052,,GotSport,Soccer,U-10,SENECA UNITED SC 2015 RAPTORS,MOUNT LAUREL UNITED (MLU) MLU WOLFPACK 2015,SENECA - STONEY CREEK FIELDS,,
10/20/2024,12:30,16795301,,GotSport,Soccer,U-14,MOUNT LAUREL UNITED (MLU) FLASH 2011,PENNSAUKEN YOUTH SOCCER CLUB WARRIORS 2011,MLU-TROTTERS,,
10/20/2024,12:30,16795841,,GotSport,Soccer,U-12,WEST DEPTFORD WIZARDS 2013,EGG HARBOR SC EAGLES 2013 BLACK,W DEPTFORD-WD PARK,,
10/20/2024,12:30,16795998,,GotSport,Soccer,U-11,PALMYRA RIVERTON SC TORNADOES 2014,RANCOCAS VALLEY SC RVSC - '14 FOREST,,,
10/20/2024,12:30,16795997,,GotSport,Soccer,U-11,DELRAN FC HAWKS 2014,MOORESTOWN SC WOLVERINES 2014,,,
10/20/2024,12:30,16795339,,GotSport,Soccer,U-10,MAINLAND UNITED SA MUSTANGS RED 2015 B,SJ FUTBOL CLUB RAMS 2015,MAINLAND - MEMORIAL PARK,,
10/20/2024,12:30,16795342,,GotSport,Soccer,U-10,WINSLOW TITANS 2015,UPPER TOWNSHIP SA COMETS GREEN 2015,WINSLOW TWP - PETER VOLPA,,
10/20/2024,12:30,16796704,,GotSport,Soccer,U-9,MOORESTOWN SC UNITED 2016,CHERRY HILL SC CHERRY HILL SC THUNDER (2016) - BOYS,MOORESTOWN - MEMORIAL FIELDS,,
10/20/2024,12:30,16795627,,GotSport,Soccer,U-12,PITMAN SA TOMCATS 2013,MOORESTOWN SC DRAGONS 2013,TBA,,
10/20/2024,12:30,16794385,,GotSport,Soccer,U-14,PITMAN SA PUMAS 2011,PENNS GROVE SC RAGE 2011,PITMAN - ALCYON LAKE,,
10/20/2024,12:30,16794410,,GotSport,Soccer,U-11,MEDFORD STRIKERS 2014 BOYS,VOORHEES SA KNIGHTS 2014,MEDFORD STRIKERS - ARK ROAD COMPLEX,,
10/20/2024,12:30,16796509,,GotSport,Soccer,U-8,NORTHERN BURLINGTON FORCE 2017,PITMAN SA LIONS 2017,NB- MANSFIELD TOWNSHIP ELEMENTARY SCHOOL,,
10/20/2024,12:30,16796502,,GotSport,Soccer,U-8,WEST DEPTFORD SC DRAGONS 2017,MAPLE SHADE CHAOS 2017,W DEPTFORD-WD PARK,,
10/20/2024,12:30,16796633,,GotSport,Soccer,U-14,VINELAND SA STRIKERS 2011,HARRISON SC ARSENAL 2011,VINELAND SA,,
10/20/2024,12:30,17563204,,GotSport,Soccer,U-11,SWEDESBORO WOOLWICH SOCCER ASSOC. SWSA LIGHTNING 2014,PITMAN SA BENGALS 2014,SW-Locke Avenue Park,,
10/20/2024,12:40,16796333,,GotSport,Soccer,U-13,CINNAMINSON SC CHARGE 2012,VINELAND SA JERSEY BOYZ 2012,CINNAMINSON SC - MEMORIAL,,
10/20/2024,12:45,16795903,,GotSport,Soccer,U-16,TBAA STORM 2009,BURLINGTON TOWNSHIP SOCCER CELTIC 2010,TBAA-VALLEY BROOK,,
10/20/2024,13:00,16794989,,GotSport,Soccer,U-12,WASHINGTON TWP SOCCER CLUB DAREDEVILS 2013,PENNS GROVE WILD 2013,WASHINGTON TWP-WASH LAKE PARK,,
10/20/2024,13:15,16795206,,GotSport,Soccer,U-10,MANTUA 2015-2016 BOYS,WOODSTOWN WILDCATS 2015,MANTUA TWP,,
10/20/2024,13:15,16795549,,GotSport,Soccer,U-9,UPPER TOWNSHIP SA THUNDER 2016,LOGAN APOLLO 2016,UPPER TWP-Amanda's Field Complex,,
10/20/2024,13:15,16795695,,GotSport,Soccer,U-10,HADDONFIELD SC WHITE 2015 B,VOORHEES SA PYTHONS 2015,HADDONFIELD - CROWS WOODS,,
10/20/2024,13:15,16794803,,GotSport,Soccer,U-9,EAST GREENWICH SA EGSA CHAOS 2016,WASHINGTON UNITED SOCCER CLUB WUSC 2016 BOYS,E GREENWICH - THOMPSON FAMILY PARK,,
10/20/2024,13:15,16795402,,GotSport,Soccer,U-11,PITTSGROVE SOCCER CLUB PSC PHANTOMS '14,CINNAMINSON SC CHARGERS 2014,PITTSGROVE-GREEN BRANCH,,
10/20/2024,13:15,16795737,,GotSport,Soccer,U-9,HADDON TWP RED HAWKS 2016,BORDENTOWN FC REVOLUTION 2016,,,
10/20/2024,13:15,16794511,,GotSport,Soccer,U-10,CHERRY HILL SC CHERRY HILL SC WARRIORS 2015,MOUNT LAUREL UNITED (MLU) MLU KNIGHTS 2015,CHSC - UPPER CHAPEL TURF,,
10/20/2024,13:15,16794883,,GotSport,Soccer,U-9,FRANKLIN TOWNSHIP YOUTH SOCCER ASSOCIATION UNITED 2016,LOGAN SUPERNOVA 2016,FRANKLIN TWP YOUTH COMPLEX,,
10/20/2024,13:15,16796649,,GotSport,Soccer,U-9,MILLVILLE THUNDER 2016,WEST DEPTFORD SC WARRIORS 2016,MILLVILLE SOCCER COMPLEX,,
10/20/2024,13:30,16796433,,GotSport,Soccer,U-9,RANCOCAS VALLEY SC 2016 BOYS UNITED,BARRINGTON SC BLACK 2016,Rancocas Valley-LUMBERTON MUNICIPAL,,
10/20/2024,13:30,16795846,,GotSport,Soccer,U-12,HADDONFIELD SC RED 2013,CHERRY HILL SC THUNDER 2013,HADDONFIELD - CROWS WOODS,,
10/20/2024,13:30,16795451,,GotSport,Soccer,U-11,MANTUA TOWNSHIP SA OUTLAWS 2014,COLLINGSWOOD OAKLYN SOCCER CLUB OUTLAWS 2014,MANTUA TWP,,
10/20/2024,13:30,16794859,,GotSport,Soccer,U-13,WINSLOW DYNAMO 2012,HARRISON SC STRIKERS 2012,WINSLOW TWP - PETER VOLPA,,
10/20/2024,13:30,16795804,,GotSport,Soccer,U-14,EGG HARBOR SC EAGLES BLACK 2011,SWEDESBORO WOOLWICH SOCCER ASSOC. SWSA BLACK MAMBAS 2011,,,
10/20/2024,13:30,16796069,,GotSport,Soccer,U-14,MEDFORD SC COLUMBIA 2011,PEMBERTON SC PUNISHERS 2011,MEDFORD - BENDE PARK,,
10/20/2024,13:40,16796377,,GotSport,Soccer,U-13,MILLVILLE LYNX 2012,SENECA UNITED SC 2012 PRIDE,MILLVILLE SOCCER COMPLEX,,
10/20/2024,13:40,16795250,,GotSport,Soccer,U-15,EAST GREENWICH SA EGSA BLAZE 2010,VOORHEES SA WARRIORS 2010,E GREENWICH - THOMPSON FAMILY PARK,,
10/20/2024,13:40,16795252,,GotSport,Soccer,U-15,HIGHLAND YOUTH SOCCER CLUB RAPTORS 2010,WASHINGTON TWP SOCCER CLUB RENEGADES 2010,HIGHLAND - GLOUCESTER TWP PARK,,
10/20/2024,13:40,16796845,,GotSport,Soccer,U-13,BERLIN SOCCER CLUB BALL BREAKERS 2012,MARLTON SC CHIEFS BLACK 2012,BERLIN SC - FRANKLIN FIELDS,,
10/20/2024,13:40,16795226,,GotSport,Soccer,U-16,SJ FUTBOL CLUB RAPIDS 2009,NORTHERN BURLINGTON SA BULLDOGS 2009,SJFC - UPPER DEERFIELD RECREATION COMPLEX,,
10/20/2024,13:45,16794353,,GotSport,Soccer,U-14,MEDFORD STRIKERS 2011 BOYS,MONROE TOWNSHIP YS UNITED 2012,MEDFORD STRIKERS - ARK ROAD COMPLEX,,
10/20/2024,13:45,16796233,,GotSport,Soccer,U-13,CHERRY HILL SC ROYALS 2012,VINELAND SA FURY 2012,CHSC - CH WEST HS,,
10/20/2024,13:45,16796090,,GotSport,Soccer,U-14,PALMYRA RIVERTON SC WARRIORS 2011,HAMMONTON HEAT BOYS 2011,PAL-RIV - LEGION FIELD,,
10/20/2024,14:00,16796667,,GotSport,Soccer,U-9,WINSLOW KINGS 2016,VOORHEES SA TITANS 2016,WINSLOW TWP - PETER VOLPA,,
10/20/2024,14:00,16796703,,GotSport,Soccer,U-9,MEDFORD SC WHITE 2016,CINNAMINSON SC LIGHTNING 2016,MEDFORD - BENDE PARK,,
10/20/2024,14:00,16796719,,GotSport,Soccer,U-8,DELRAN FC BLACK 2017B,CHERRY HILL FC 2017 JUNIORS BLACK,,,
10/20/2024,14:00,16796765,,GotSport,Soccer,U-9,ATLANTIC UNITED PREMIER RED 2016 B,HADDONFIELD SC WHITE 2016,ATLANTIC - TARTAGLIO,,
10/20/2024,14:00,16796781,,GotSport,Soccer,U-9,SENECA UNITED SC 2016 RAPTORS,MARLTON SC CHIEFS WHITE 2016,SENECA - STONEY CREEK FIELDS,,
10/20/2024,14:00,16796887,,GotSport,Soccer,U-11,WOODSTOWN WOLFPACK 2014,EGG HARBOR SC EAGLES 2014 WHITE,WOODSTOWN,,
10/20/2024,14:00,16796870,,GotSport,Soccer,U-13,PITTSGROVE SOCCER CLUB PSC SPURS '12,SOUTH HARRISON TOWNSHIP SOCCER CLUB STRIKERS 2012,PITTSGROVE-GREEN BRANCH,,
10/20/2024,14:00,16796837,,GotSport,Soccer,U-13,WOODSTOWN THUNDER 2012,TAR-KILL SOCCER CLUB TARKILL BARCELONA 2012,WOODSTOWN,,
10/20/2024,14:00,16796849,,GotSport,Soccer,U-13,MOUNT LAUREL UNITED (MLU) IMPACT 2012,CHERRY HILL FC 2012 JUNIORS BLACK,MLU-TROTTERS,,
10/20/2024,14:00,16794390,,GotSport,Soccer,U-14,MAINLAND UNITED SA MUSTANGS WHITE 2011-12 B,CLAYTON SA CLIPPERS 2011/2012,MAINLAND-Atlantic Christian School,,
10/20/2024,14:00,16796910,,GotSport,Soccer,U-11,WATERFORD ATHLETIC ASSN WINGS 2014,PENNSVILLE EAGLES 2014,WATERFORD SC-RITTER FIELD,,
10/20/2024,14:00,16794465,,GotSport,Soccer,U-12,HADDON TWP WHITE HAWKS 2013,MOORESTOWN SC THUNDER 2013,HADDON TWP - RECCHINO FIELDS,,
10/20/2024,14:00,16794470,,GotSport,Soccer,U-12,EAST GREENWICH SA EGSA MAYHEM 2013,HADDON HEIGHTS SC BEAST BOYS 2013,E GREENWICH - THOMPSON FAMILY PARK,,
10/20/2024,14:00,16794477,,GotSport,Soccer,U-12,MAINLAND UNITED SA MUSTANGS WHITE 2013-14 B,MAPLE SHADE FORCE 2013,MAINLAND - MEMORIAL PARK,,
10/20/2024,14:00,16794493,,GotSport,Soccer,U-10,MEDFORD STRIKERS 2015 BOYS,WASHINGTON UNITED SOCCER CLUB WUSC 2015 BOYS,MEDFORD STRIKERS - ARK ROAD COMPLEX,,
10/20/2024,14:00,16795091,,GotSport,Soccer,U-10,HIGHLAND YOUTH SOCCER CLUB LIGHTNING 2015,HADDON HEIGHTS SC CHEETAHS 2015,HIGHLAND - GLOUCESTER TWP PARK,,
10/20/2024,14:00,16794608,,GotSport,Soccer,U-14,CAPE EXPRESS SURGE 2011,MANTUA TOWNSHIP SA UNION 2011,CAPE EX SOCCER COMPLEX At Ockie Wisting,,
10/20/2024,14:00,16794753,,GotSport,Soccer,U-9,GATEWAY UNITED SOCCER CLUB 2016 GUSC THUNDER,HIGHLAND YOUTH SOCCER CLUB MAYHEM 2016,GATEWAY UTD. - LANGSTON FIELD,,
10/20/2024,14:00,16794759,,GotSport,Soccer,U-9,MEDFORD SC COLUMBIA 2016,MOORESTOWN SC WARRIORS 2016,MEDFORD - BENDE PARK,,
10/20/2024,14:00,16794791,,GotSport,Soccer,U-9,PITTSGROVE SOCCER CLUB PSC PRIME BLACK '16,DELRAN FC UNION 2016,PITTSGROVE-GREEN BRANCH,,
10/20/2024,14:00,16794833,,GotSport,Soccer,U-8,CINNAMINSON SC UNION 2017,AUDUBON U8 BOYS 2017 TEAM 2,CINNAMINSON SC - MEMORIAL,,
10/20/2024,14:00,16796538,,GotSport,Soccer,U-11,NORTHERN BURLINGTON JACKALS 2015,EAST GREENWICH SA EGSA STARS 2014,NB Georgetown Park,,
10/20/2024,14:00,16794926,,GotSport,Soccer,U-11,ATLANTIC UNITED PREMIER KICKERS 2014 B,CHERRY HILL SC CHERRY HILL SC UNITED 2014,ATLANTIC - TARTAGLIO,,
10/20/2024,14:00,16794935,,GotSport,Soccer,U-9,MARLTON SC CHIEFS ORANGE 2016,CINNAMINSON SC VIPERS 2016,MARLTON - MEMORIAL,,
10/20/2024,14:00,16794974,,GotSport,Soccer,U-12,VINELAND TERMINATORS 2013,DEPTFORD TORNADOS 2013,VINELAND SA,,
10/20/2024,14:00,16795069,,GotSport,Soccer,U-12,CAPE EXPRESS AVENGERS 2013,EGG HARBOR SC EAGLES WHITE 2013,CAPE EX SOCCER COMPLEX At Ockie Wisting,,
10/20/2024,14:00,16795104,,GotSport,Soccer,U-10,CHERRY HILL FC 2015 CHFC JUNIOR WHITE,NORTHERN BURLINGTON STORM 2015,CHFC - DeCOU,,
10/20/2024,14:00,16796952,,GotSport,Soccer,U-12,PALMYRA RIVERTON SC YOUNGBLOODS 2013,MARLTON SC CHIEFS BLACK 2013,,,
10/20/2024,14:00,16795105,,GotSport,Soccer,U-10,MOUNT LAUREL UNITED (MLU) SHARKS 2015,DEPTFORD SA CYCLONES 2015,,,
10/20/2024,14:00,16795323,,GotSport,Soccer,U-10,MOORESTOWN SC DEVIL RAYS 2015,MEDFORD SC WHITE 2015,MOORESTOWN - MEMORIAL FIELDS,,
10/20/2024,14:00,16795359,,GotSport,Soccer,U-10,CINNAMINSON SC RAPTORS 2015,RANCOCAS VALLEY SC 2015 BOYS STEALTH,CINNAMINSON SC - MEMORIAL,,
10/20/2024,14:00,16795372,,GotSport,Soccer,U-10,MAINLAND UNITED SA MUSTANGS BLACK 2015 B,VOORHEES SA COBRAS 2015,MAINLAND - MEMORIAL PARK,,
10/20/2024,14:00,16795448,,GotSport,Soccer,U-11,WEST DEPTFORD SC EAGLES 2014,MARLTON SC CHIEFS BLACK 2014,W DEPTFORD-WD PARK,,
10/20/2024,14:00,16795449,,GotSport,Soccer,U-11,GATEWAY UNITED SOCCER CLUB GREYHOUNDS 2014,HADDON HEIGHTS SC MIGHTY TITANS 2014,GATEWAY UTD. - WESTVILLE,,
10/20/2024,14:00,16795519,,GotSport,Soccer,U-9,HADDONFIELD SC BLACK 2016 B,HIGHLAND YOUTH SOCCER CLUB HAVOK 2016,HADDONFIELD - CROWS WOODS,,
10/20/2024,14:00,16795532,,GotSport,Soccer,U-9,MONROE UNITED BLUE 2016,TBAA RENEGADES 2016,MONROE TWP - CORKERY LANE,,
10/20/2024,14:00,16795548,,GotSport,Soccer,U-9,WEST DEPTFORD SC TSUNAMI 2016,EGG HARBOR SC EAGLES 2016 BLACK,W DEPTFORD-WD PARK,,
10/20/2024,14:00,16795588,,GotSport,Soccer,U-12,AUDUBON SOCCER YOUTH WILD WINGS 2013,MARLTON SC CHIEFS WHITE 2013,AUDUBON - GREEN WAVE PARK,,
10/20/2024,14:00,16795589,,GotSport,Soccer,U-12,MEDFORD SC MAYHEM 2013,VOORHEES SA RAPTORS 2013,MEDFORD - BENDE PARK,,
10/20/2024,14:00,16795625,,GotSport,Soccer,U-12,PENNSVILLE EAGLES 2013,BARRINGTON SC REVOLUTION 2013,PENNSVILLE,,
10/20/2024,14:00,16795628,,GotSport,Soccer,U-12,MOUNT LAUREL UNITED (MLU) GALAXY 2013,VOORHEES COSMOS 2013,MLU-TROTTERS,,
10/20/2024,14:00,16795738,,GotSport,Soccer,U-9,CAPE EXPRESS CE NOR'EASTERS 2016,MOUNT LAUREL UNITED (MLU) REVOLUTION 2016,CAPE EX SOCCER COMPLEX At Ockie Wisting,,
10/20/2024,14:00,16795786,,GotSport,Soccer,U-13,COLLINGSWOOD OAKLYN SOCCER CLUB ROVERS 2013,HADDONFIELD BLACK 2012,,,
10/20/2024,14:00,16794312,,GotSport,Soccer,U-10,VINELAND LIVERPOOL 2015,MOORESTOWN SC VIPERS 2015,VINELAND SA,,
10/20/2024,14:00,16795798,,GotSport,Soccer,U-13,WEST DEPTFORD SC UNION 2012,HARRISON WILDCATS 2012,W DEPTFORD-WD PARK,,
10/20/2024,14:00,16795805,,GotSport,Soccer,U-14,UPPER TOWNSHIP SA TSUNAMIS 2011,VOORHEES SA ATTACK 2011,UPPER TWP-Amanda's Field Complex,,
10/20/2024,14:00,16795954,,GotSport,Soccer,U-11,DEPTFORD RENEGADES 2014,CHERRY HILL FC 2015 JUNIOR RED,DEPTFORD SC,,
10/20/2024,14:00,16795961,,GotSport,Soccer,U-13,HADDON TWP RED HAWKS 2012,AUDUBON SOCCER YOUTH BALLERS 2012,HADDON TWP - RECCHINO FIELDS,,
10/20/2024,14:00,16796020,,GotSport,Soccer,U-11,VOORHEES SA VIKINGS 2014,LOGAN CHARGE BLACK 2014,VOORHEES-Echelon Complex,,
10/20/2024,14:00,16796025,,GotSport,Soccer,U-11,HARRISON WAVE 2014,NORTHERN BURLINGTON BLUE DEVILS 2014,HARRISON - William Wilt Soccer Complex,,
10/20/2024,14:00,16796130,,GotSport,Soccer,U-19,SWEDESBORO WOOLWICH SOCCER ASSOC. SWSA SCORPIONS 2008,GATEWAY UNITED SOCCER CLUB GUSC WARRIORS B2006,SW-Locke Avenue Park,,
10/20/2024,14:00,16796979,,GotSport,Soccer,U-11,HAMMONTON HEAT BOYS 2014,CHERRY HILL SC CHERRY HILL SC FORCE 2014,HAMMONTON - MOSS MILL RD PARK SOCCER COMPLEX,,
10/20/2024,14:00,16796166,,GotSport,Soccer,U-8,WASHINGTON TWP SOCCER CLUB REBELS 2017,CHERRY HILL SC CHERRY HILL SC COBRAS (2017) - BOYS,WASHINGTON TWP. - Levy Fields (Virtua),,
10/20/2024,14:00,16796167,,GotSport,Soccer,U-8,AUDUBON U8 BOYS 2017 TEAM 1,MEDFORD SC 2017B WHITE,AUDUBON - GREEN WAVE PARK,,
10/20/2024,14:00,16796957,,GotSport,Soccer,U-12,WOODBURY SOCCER CLUB WOODBURY BISON 2013,DELRAN FC SOCCER GREY 2013B,WOODBURY,,
10/20/2024,14:00,16796184,,GotSport,Soccer,U-10,WASHINGTON TWP SOCCER CLUB RAPTORS 2015,PALMYRA RIVERTON SC NATIONALS 2015,WASHINGTON TWP. - Levy Fields (Virtua),,
10/20/2024,14:00,16796220,,GotSport,Soccer,U-15,BORDENTOWN FC PANTHERS 2010,PENNSAUKEN YOUTH SOCCER CLUB CYCLONES 2010,BORDENTOWN - FRIENDSHIP FIELDS,,
10/20/2024,14:00,16796362,,GotSport,Soccer,U-13,PITMAN SA JAGUARS 2012,MEDFORD SC DESTROYERS 2012,PITMAN - ALCYON LAKE,,
10/20/2024,14:00,16796398,,GotSport,Soccer,U-14,MOORESTOWN SC LIGHTNING 2011,CHERRY HILL FC JUNIOR WHITE 2011/12,MOORESTOWN - MEMORIAL FIELDS,,
10/20/2024,14:00,16796432,,GotSport,Soccer,U-9,MOORESTOWN SC DRAGONS 2016,COLLINGSWOOD OAKLYN SOCCER CLUB WARRIORS 2016,MOORESTOWN - MEMORIAL FIELDS,,
10/20/2024,14:00,16796537,,GotSport,Soccer,U-11,MARLTON SC CHIEFS SILVER 2014,FRANKLIN TOWNSHIP YOUTH SOCCER ASSOCIATION KNIGHTS 2014,MARLTON - MEMORIAL,,
10/20/2024,14:00,16794369,,GotSport,Soccer,U-14,CHERRY HILL FC 2011 JUNIORS BLACK,SENECA UNITED SC 2011 WARRIORS,CHFC - DeCOU,,
10/20/2024,14:00,16796592,,GotSport,Soccer,U-10,PITTSGROVE SOCCER CLUB PSC GALAXY '15,MAPLE SHADE WILD 2015,PITTSGROVE-GREEN BRANCH,,
10/20/2024,14:10,16796631,,GotSport,Soccer,U-14,CINNAMINSON SC STORM 2011,WASHINGTON TWP SOCCER CLUB REGULATORS 2011,CINNAMINSON SC - MEMORIAL,,
10/20/2024,14:15,16796871,,GotSport,Soccer,U-13,HADDONFIELD SC RED 2012,WASHINGTON TWP SOCCER CLUB PREDATORS 2012,HADDONFIELD - CROWS WOODS,,
10/20/2024,14:15,16794448,,GotSport,Soccer,U-11,WASHINGTON TWP SOCCER CLUB TERROR 2014,MONROE TOWNSHIP YS UNITED BOYS BLUE 2014,WASHINGTON TWP-WASH LAKE PARK,,
10/20/2024,14:30,16796727,,GotSport,Soccer,U-8,HADDONFIELD SC THUNDER 2017,CINNAMINSON SC BLACK 2017,HADDONFIELD - CROWS WOODS,,
10/20/2024,14:30,16794399,,GotSport,Soccer,U-11,TBAA OUTLAWS 2014,DELRAN FC SOCCER DELRAN FC KNIGHTS 2014,TBAA-VALLEY BROOK,,
10/20/2024,14:30,16794944,,GotSport,Soccer,U-9,MANTUA TOWNSHIP SA MAMBAS 2016,MONROE UNITED 2016B,MANTUA TWP,,
10/20/2024,14:30,16796760,,GotSport,Soccer,U-9,EAST GREENWICH SA EGSA ROYALS 2016,UPPER TOWNSHIP SA BREAKERS 2016,E GREENWICH - THOMPSON FAMILY PARK,,
10/20/2024,14:30,16794673,,GotSport,Soccer,U-8,SWEDESBORO WOOLWICH SOCCER ASSOC. SWSA PANTHERS 2017,SJ FUTBOL CLUB HAMMERS 2017,SW-Locke Avenue Park,,
10/20/2024,14:30,16794545,,GotSport,Soccer,U-9,CHERRY HILL SC CHERRY HILL SC 72S (2016) - BOYS,TAR-KILL SOCCER CLUB TARKILL 2016B,CHSC - UPPER CHAPEL TURF,,
10/20/2024,14:30,16796249,,GotSport,Soccer,U-13,VOORHEES SA FORCE 2012,BURLINGTON TOWNSHIP SOCCER DRAGONS 2012,VOORHEES-EASTERN HS,,
10/20/2024,14:30,16797018,,GotSport,Soccer,U-8,HADDON TWP. WHITE HAWKS 2017,BORDENTOWN FC REVOLUTION 2017,,,
10/20/2024,14:30,16795585,,GotSport,Soccer,U-12,PITTSGROVE SOCCER CLUB PSC PYTHONS '13,MOORESTOWN SC RAPTORS 2013,PITTSGROVE-GREEN BRANCH,,
10/20/2024,14:30,16796756,,GotSport,Soccer,U-9,FRANKLIN TOWNSHIP YOUTH SOCCER ASSOCIATION JERSEY DEVILS 2016,HARRISON HURRICANES 2016,FRANKLIN TWP YOUTH COMPLEX,,
10/20/2024,14:30,16795887,,GotSport,Soccer,U-10,MILLVILLE WARRIORS 2015,DEPTFORD THUNDER 2015,MILLVILLE SOCCER COMPLEX,,
10/20/2024,14:30,16795092,,GotSport,Soccer,U-10,UPPER TOWNSHIP SA SUPER SONICS 2015,WEST DEPTFORD SC ANIMALS 2015,UPPER TWP-Amanda's Field Complex,,
10/20/2024,14:45,16796736,,GotSport,Soccer,U-8,RANCOCAS VALLEY SC 2017 BOYS PREMIER,HADDON TWP. RED HAWKS 2017,Rancocas Valley-LUMBERTON MUNICIPAL,,
10/20/2024,14:45,16796536,,GotSport,Soccer,U-11,HADDONFIELD SC BLACK 2014,HADDON TWP WHITE HAWKS 2014,HADDONFIELD - CROWS WOODS,,
10/20/2024,15:00,16794790,,GotSport,Soccer,U-9,EGG HARBOR SC EAGLES 2016,SWEDESBORO WOOLWICH SOCCER ASSOC. SWSA HAVOC 2016,,,
10/20/2024,15:00,16795151,,GotSport,Soccer,U-15,WINSLOW SLAYERS 2010,FRANKLIN TOWNSHIP YOUTH SOCCER ASSOCIATION STORM 2010,WINSLOW TWP - PETER VOLPA,,
10/20/2024,15:00,16796223,,GotSport,Soccer,U-15,MEDFORD SC MAD DOGS WHITE 2010,DEPTFORD DEMONS 2010,MEDFORD - BENDE PARK,,
10/20/2024,15:15,16796137,,GotSport,Soccer,U-19,MILLVILLE PHANTOMS 2008,HIGHLAND YOUTH SOCCER CLUB HURRICANES 2008,MILLVILLE SOCCER COMPLEX,,
10/20/2024,15:15,16796950,,GotSport,Soccer,U-12,BERLIN SOCCER CLUB BULLDOGS 2013,WINSLOW SHARKS 2013,BERLIN SC - FRANKLIN FIELDS,,
10/20/2024,15:20,16795912,,GotSport,Soccer,U-16,MARLTON SC CHIEFS ORANGE 2009,FRANKLIN TOWNSHIP YOUTH SOCCER ASSOCIATION STRIKERS 2009,MARLTON - MEMORIAL,,
10/20/2024,15:20,17415908,,GotSport,Soccer,U-16,TAR-KILL SOCCER CLUB TARKILL BLUE DEVILS 2009,DEPTFORD AVENGERS 2009,TARKILL-STERLING HS,,
10/20/2024,15:30,16794900,,GotSport,Soccer,U-9,PITTSGROVE SOCCER CLUB PSC PRIME WHITE '16,MOORESTOWN SC RENEGADES 2016,PITTSGROVE-GREEN BRANCH,,
10/20/2024,15:30,16794736,,GotSport,Soccer,U-9,AUDUBON 2016 BOYS,PALMYRA RIVERTON SC NEW U9B - 2016,AUDUBON - GREEN WAVE PARK,,
10/20/2024,15:30,16794725,,GotSport,Soccer,U-9,GATEWAY UNITED SOCCER CLUB 2016 GUSC BLUES,PENNS GROVE SC DRAGONS 2016,GATEWAY UTD. - LANGSTON FIELD,,
10/20/2024,15:30,16795399,,GotSport,Soccer,U-11,CAPE EXPRESS CE ENGINEERS 2014,MEDFORD SC AVENGERS 2014,CAPE EX SOCCER COMPLEX At Ockie Wisting,,
10/20/2024,15:30,16794683,,GotSport,Soccer,U-8,CAPE EXPRESS CE 2017 BARCA,TBAA REVOLUTION 2017,CAPE EX SOCCER COMPLEX At Ockie Wisting,,
10/20/2024,15:30,16795666,,GotSport,Soccer,U-13,HADDON TWP WHITE HAWKS 2012,LOGAN FUSION 2012,HADDON TWP - RECCHINO FIELDS,,
10/20/2024,15:30,16796669,,GotSport,Soccer,U-9,WATERFORD ATHLETIC ASSN WINGS 2016,CLAYTON SA CLIPPERS 2016,WATERFORD SC-RITTER FIELD,,
10/20/2024,15:30,16796434,,GotSport,Soccer,U-9,HADDONFIELD SC GREY 2016,CINNAMINSON SC CHAOS 2016,HADDONFIELD - CROWS WOODS,,
10/20/2024,15:30,16794422,,GotSport,Soccer,U-11,MAINLAND UNITED SA MUSTANGS RED 2014 B,DEPTFORD UNITED 2014,MAINLAND - MEMORIAL PARK,,
10/20/2024,15:30,16794661,,GotSport,Soccer,U-14,MOUNT LAUREL UNITED (MLU) WARRIORS 2011,TBAA TITANS 2011,MLU-TROTTERS,,
10/20/2024,15:30,16794597,,GotSport,Soccer,U-8,EAST GREENWICH SA EGSA UNITED 2017,HARRISON UNITED 2017,E GREENWICH - THOMPSON FAMILY PARK,,
10/20/2024,15:30,16796450,,GotSport,Soccer,U-10,MOORESTOWN SC HORNETS 2015,PITMAN SA WILDCATS 2015,MOORESTOWN - MEMORIAL FIELDS,,
10/20/2024,15:30,16794322,,GotSport,Soccer,U-10,COHANSEY SC DYNAMO 2015,CLAYTON SA CLIPPERS 2015,Cohansey - Cumberland County Tech School,,
10/20/2024,15:30,16795985,,GotSport,Soccer,U-13,EAST GREENWICH SA EGSA VENOM 2012,VOORHEES SA PREDATORS 2013,E GREENWICH - THOMPSON FAMILY PARK,,
10/20/2024,15:30,16796507,,GotSport,Soccer,U-8,MOORESTOWN SC PYTHONS 2017,BURLINGTON TOWNSHIP SOCCER FIRE 2017,MOORESTOWN - MEMORIAL FIELDS,,
10/20/2024,15:30,16794536,,GotSport,Soccer,U-12,PITMAN SA TIGERS 2013,HIGHLAND YOUTH SOCCER CLUB FURY 2013,TBA,,
10/20/2024,15:30,16795877,,GotSport,Soccer,U-10,SENECA UNITED SC 2015 PARK RANGERS,UPPER TOWNSHIP SA COMETS WHITE 2015,SENECA - STONEY CREEK FIELDS,,
10/20/2024,15:30,16794291,,GotSport,Soccer,U-12,MEDFORD STRIKERS 2013 BOYS,MONROE UNITED 2013,MEDFORD STRIKERS - ARK ROAD COMPLEX,,
10/20/2024,15:30,16795527,,GotSport,Soccer,U-9,MEDFORD SC GOLD 2016,SWEDESBORO WOOLWICH SOCCER ASSOC. SWSA VENOM 2016,MEDFORD - BENDE PARK,,
10/20/2024,15:30,16796024,,GotSport,Soccer,U-11,BORDENTOWN FC UNION 2014,BURLINGTON TOWNSHIP SOCCER DYNAMITE 2014,BORDENTOWN - FRIENDSHIP FIELDS,,
10/20/2024,15:30,16795303,,GotSport,Soccer,U-14,CHERRY HILL SC CHAOS 2011,HARRISON SC THUNDER 2011,CHSC - CH WEST HS,,
10/20/2024,15:30,16795289,,GotSport,Soccer,U-12,MOUNT LAUREL UNITED (MLU) TIGERS 2013,WEST DEPTFORD SC WARRIORS 2013,MLU-TROTTERS,,
10/20/2024,15:30,16796051,,GotSport,Soccer,U-10,DEPTFORD LIGHTNING 2015,EAST GREENWICH SA EGSA TIGERS 2015,DEPTFORD SC,,
10/20/2024,15:30,16796066,,GotSport,Soccer,U-10,MEDFORD SC COLUMBIA 2015,PENNSAUKEN YOUTH SOCCER CLUB LIONS 2015,MEDFORD - BENDE PARK,,
10/20/2024,15:30,16797016,,GotSport,Soccer,U-8,MOUNT LAUREL UNITED (MLU) BOYS TEAM 2 2017,TBAA ROUGHRIDERS 2017,,,
10/20/2024,15:30,16795184,,GotSport,Soccer,U-10,HAMILTON ELITE FC PREMIER 2015B,SWEDESBORO WOOLWICH SOCCER ASSOC. SWSA HONEY BADGERS 2015,,,
10/20/2024,15:30,16796093,,GotSport,Soccer,U-14,WOODSTOWN FURY 2011,BURLINGTON TOWNSHIP SOCCER REBELS 2011,WOODSTOWN,,
10/20/2024,15:30,16794334,,GotSport,Soccer,U-10,HARRISON BLUE ARSENAL 2015,WEST DEPTFORD SC COBRAS 2016,HARRISON - William Wilt Soccer Complex,,
10/20/2024,15:30,16795175,,GotSport,Soccer,U-10,MAINLAND UNITED SA MUSTANGS WHITE 2015-16 B,LOGAN ARMADA BLUE 2015,MAINLAND - MEMORIAL PARK,,
10/20/2024,15:30,16796462,,GotSport,Soccer,U-10,WOODBURY BOLTS,LOGAN ARMADA BLACK 2015,WOODBURY,,
10/20/2024,15:30,16795126,,GotSport,Soccer,U-10,HIGHLAND YOUTH SOCCER CLUB STORM 2015,PENNSVILLE EAGLES GOLD 2015,HIGHLAND - GLOUCESTER TWP PARK,,
10/20/2024,15:30,16796797,,GotSport,Soccer,U-9,ATLANTIC UNITED PREMIER BLACK 2016 B,CHERRY HILL FC 2016 JUNIOR BLACK,ATLANTIC - TARTAGLIO,,
10/20/2024,15:30,16794280,,GotSport,Soccer,U-12,VINELAND SA UNITED 2013,DELRAN FC SOCCER DELRAN FC UNITED 2013,VINELAND SA,,
10/20/2024,15:30,16795816,,GotSport,Soccer,U-14,CHERRY HILL FC CHFC 2011 AVENGERS,CINNAMINSON SC VIPERS 2011,CHFC - DeCOU,,
10/20/2024,15:30,16795504,,GotSport,Soccer,U-9,WASHINGTON TWP SOCCER CLUB THUNDER 2016,MAPLE SHADE SHARKS 2016,WASHINGTON TWP. - Levy Fields (Virtua),,
10/20/2024,15:30,16796182,,GotSport,Soccer,U-10,WOODSTOWN WILD 2015,HADDON TWP RED HAWKS 2015,WOODSTOWN,,
10/20/2024,15:30,16796645,,GotSport,Soccer,U-14,WEST DEPTFORD SC WOLFPACK 2011,DELRAN FC BLAST 2011,W DEPTFORD-WD PARK,,
10/20/2024,15:30,16796185,,GotSport,Soccer,U-10,MONROE TOWNSHIP YS UNITED BLUE 2015,TAR-KILL SOCCER CLUB TARKILL BLUE 2015,MONROE TWP - CORKERY LANE,,
10/20/2024,15:30,16795023,,GotSport,Soccer,U-8,MARLTON SC CHIEFS ORANGE 2017,MEDFORD SC 2017B NAVY,MARLTON - MEMORIAL,,
10/20/2024,15:30,16796580,,GotSport,Soccer,U-8,PITMAN SA PANTHERS 2017,LOGAN BOOM BLACK 2017,PITMAN - Dell,,
10/20/2024,15:30,16795011,,GotSport,Soccer,U-10,DELRAN FC COBRAS 2015,HADDONFIELD SC BLACK 2015 B,,,
10/20/2024,15:30,16796893,,GotSport,Soccer,U-11,WASHINGTON TWP SOCCER CLUB WARRIORS 2014,COLLINGSWOOD OAKLYN SOCCER CLUB VENOM COSC 2014,WASHINGTON TWP-WASH LAKE PARK,,
10/20/2024,15:30,16795658,,GotSport,Soccer,U-13,PENNSVILLE EAGLES 2012,HIGHLAND YOUTH SOCCER CLUB MUSTANGS 2012,PENNSVILLE,,
10/20/2024,15:30,16794975,,GotSport,Soccer,U-12,GATEWAY UNITED SOCCER CLUB SHARKS 2013,HARRISON WOLFPACK 2013,GATEWAY UTD. - WESTVILLE,,
10/20/2024,15:30,16796567,,GotSport,Soccer,U-8,HAMMONTON HEAT BOYS 2017,HIGHLAND YOUTH SOCCER CLUB BOYS 2017,HAMMONTON - MOSS MILL RD PARK SOCCER COMPLEX,,
10/20/2024,15:30,17563205,,GotSport,Soccer,U-11,MEDFORD SC CAROLINA 2014,SENECA UNITED SC 2014 THUNDER,MEDFORD - BENDE PARK,,
10/20/2024,15:30,16794921,,GotSport,Soccer,U-11,HADDON TWP RED HAWKS 2014,TAR-KILL SOCCER CLUB TARKILL CHELSEA 2014,HADDON TWP - RECCHINO FIELDS,,
10/20/2024,15:30,16796782,,GotSport,Soccer,U-9,WEST DEPTFORD SC WILDCATS 2016,HARRISON HORNETS 2016,W DEPTFORD-WD PARK,,
10/20/2024,15:30,16796282,,GotSport,Soccer,U-12,CHERRY HILL SC CHERRY HILL SC FORCE 2013,RANCOCAS VALLEY SC RONALDO 2013,CHSC - UPPER CHAPEL TURF,,
10/20/2024,15:30,16794887,,GotSport,Soccer,U-9,VOORHEES SA DESTROYERS 2016,PITMAN SA BOBCATS 2016,VOORHEES-Echelon Complex,,
10/20/2024,15:30,16795426,,GotSport,Soccer,U-12,HIGHLAND YOUTH SOCCER CLUB CHAOS 2013,LOGAN FLASH 2013,HIGHLAND - GLOUCESTER TWP PARK,,
10/20/2024,15:30,16796911,,GotSport,Soccer,U-11,WEST DEPTFORD SC AVALANCHE 2014,EAST GREENWICH SA EGSA EAGLES 2014,W DEPTFORD-WD PARK,,
10/20/2024,15:30,16796325,,GotSport,Soccer,U-13,MAINLAND UNITED SA MUSTANGS RED 2012 B,RANCOCAS VALLEY SC BOYS 2012 - AVENGERS,MAINLAND-Atlantic Christian School,,
10/20/2024,15:30,16796996,,GotSport,Soccer,U-11,AUDUBON ATTACK - BOYS 2014,MOUNT LAUREL UNITED (MLU) COBRAS 2014,AUDUBON - GREEN WAVE PARK,,
10/20/2024,15:30,16794765,,GotSport,Soccer,U-9,CINNAMINSON SC TITANS 2016,DELRAN FC SOCCER SHARKS 2016,CINNAMINSON SC - MEMORIAL,,
10/20/2024,15:30,16794737,,GotSport,Soccer,U-9,NORTHERN BURLINGTON BOOM 2016,HADDON HEIGHTS SC RUCKUS 2016,NB Georgetown Park,,
10/20/2024,15:30,16796354,,GotSport,Soccer,U-13,CAPE EXPRESS WHITE CAPS 2012,DEPTFORD THUNDER 2012,CAPE EX SOCCER COMPLEX At Ockie Wisting,,
10/20/2024,15:40,16795790,,GotSport,Soccer,U-13,CINNAMINSON SC SKULLS 2012,MANTUA TOWNSHIP SA FURY 2012,CINNAMINSON SC - MEMORIAL,,
10/20/2024,15:40,16795962,,GotSport,Soccer,U-13,SWEDESBORO WOOLWICH SOCCER ASSOC. SWSA SHARKS 2012,NORTHERN BURLINGTON SA RANGERS 2012,SW-Locke Avenue Park,,
10/20/2024,15:45,16794705,,GotSport,Soccer,U-12,MOORESTOWN SC GOLDEN EAGLES 2013,PENNSAUKEN YOUTH SOCCER CLUB REBELS 2013,MOORESTOWN - SALEM RD/PRYOR PARK,,
10/20/2024,15:45,16796909,,GotSport,Soccer,U-11,TBAA REVOLUTION 2014,LOGAN CHARGE BLUE 2014,TBAA-VALLEY BROOK,,
10/20/2024,15:45,16794581,,GotSport,Soccer,U-8,CHERRY HILL SC CHERRY HILL SC DYNAMO (2017) - BOYS,CINNAMINSON RED 2017,CHSC - UPPER CHAPEL TURF,,
10/20/2024,15:45,16797003,,GotSport,Soccer,U-11,PITTSGROVE SOCCER CLUB PSC MAVERICKS '14,MOORESTOWN SC GUARDIANS 2014,PITTSGROVE-GREEN BRANCH,,
10/20/2024,15:45,16794507,,GotSport,Soccer,U-10,HADDONFIELD SC RED 2015 B,EAST GREENWICH SA EGSA BLACK KNIGHTS 2015,HADDONFIELD - CROWS WOODS,,
10/20/2024,15:45,16795400,,GotSport,Soccer,U-11,UPPER TOWNSHIP SA HURRICANES WHITE 2014,MARLTON SC CHIEFS WHITE 2014,UPPER TWP-Amanda's Field Complex,,
10/20/2024,15:45,16794548,,GotSport,Soccer,U-9,EAST GREENWICH SA EGSA LIONS 2016,COLLINGSWOOD OAKLYN SOCCER CLUB SPARTANS 2016,E GREENWICH - THOMPSON FAMILY PARK,,
10/20/2024,15:45,16796597,,GotSport,Soccer,U-10,MILLVILLE PREDATORS 2015,MANTUA TOWNSHIP SA FROGS 2015,MILLVILLE SOCCER COMPLEX,,
10/20/2024,15:45,16794295,,GotSport,Soccer,U-10,SWEDESBORO WOOLWICH SOCCER ASSOC. SWSA STRIKERS 2015,HARRISON STRIKERS 2015,SW-Locke Avenue Park,,
10/20/2024,15:45,16796468,,GotSport,Soccer,U-8,UPPER TOWNSHIP SA FLASH 2017,HARRISON HURRICANES 2017,UPPER TWP-Amanda's Field Complex,,
10/20/2024,15:45,16794578,,GotSport,Soccer,U-8,MANTUA CHAOS 2017,VOORHEES SA BLUE DEVILS 2017,MANTUA TWP,,
10/20/2024,15:45,16794301,,GotSport,Soccer,U-10,HADDON TWP SOCCER CLUB 2015 HADDON TWP WHITE HAWKS,MONROE TOWNSHIP YS UNITED BOYS 2015,,,
10/20/2024,15:45,16795842,,GotSport,Soccer,U-12,FRANKLIN TOWNSHIP YOUTH SOCCER ASSOCIATION ENFORCERS 2013,SJ FUTBOL CLUB SOUNDERS 2013,FRANKLIN TWP YOUTH COMPLEX,,
10/20/2024,16:00,16794435,,GotSport,Soccer,U-11,HADDONFIELD SC RED 2014 B,MARLTON SC CHIEFS ORANGE 2015,HADDONFIELD - CROWS WOODS,,
10/20/2024,16:00,16796701,,GotSport,Soccer,U-9,RANCOCAS VALLEY SC 2016 BOYS PREMIER,TBAA KNIGHTS 2016,Rancocas Valley-LUMBERTON MUNICIPAL,,
10/20/2024,16:15,16796484,,GotSport,Soccer,U-8,EGG HARBOR SC EAGLES 2017,MAINLAND UNITED SA MUSTANGS RED 2017 B,,,
10/20/2024,16:30,16795370,,GotSport,Soccer,U-10,BERLIN SOCCER CLUB BERSERKERS 2015,AUDUBON SOCCER YOUTH BOYS 2015 - HAMMERS,BERLIN SC - FRANKLIN FIELDS,,
10/22/2024,19:00,16795315,,GotSport,Soccer,U-14,PITTSGROVE SOCCER CLUB PSC WOLVES '11,HADDONFIELD SC RED 2011,PITTSGROVE-GREEN BRANCH,,
10/25/2024,18:30,16795791,,GotSport,Soccer,U-13,PENNSAUKEN YOUTH SOCCER CLUB OUTLAWS 2012,FRANKLIN TOWNSHIP YOUTH SOCCER ASSOCIATION CRUSADERS 2012,Pennsauken Community Recreation Facility,,
10/25/2024,18:30,16795642,,GotSport,Soccer,U-13,SWEDESBORO WOOLWICH SOCCER ASSOC. SWSA CYCLONES 2012/2013,WINSLOW GREEN DRAGONS 2012,SW-Locke Avenue Park,,
10/27/2024,11:00,16796222,,GotSport,Soccer,U-15,MEDFORD SC MAD DOGS WHITE 2010,NORTHERN BURLINGTON SA BLAST 2010,MEDFORD - BENDE PARK,,
10/27/2024,11:00,17563209,,GotSport,Soccer,U-11,VOORHEES SA LIGHTNING 2014,SENECA UNITED SC 2014 THUNDER,VOORHEES-Echelon Complex,,
10/27/2024,11:00,16796080,,GotSport,Soccer,U-14,HAMMONTON HEAT BOYS 2011,MEDFORD SC COLUMBIA 2011,HAMMONTON - MOSS MILL RD PARK SOCCER COMPLEX,,
10/27/2024,11:00,16794454,,GotSport,Soccer,U-12,MAPLE SHADE FORCE 2013,EAST GREENWICH SA EGSA MAYHEM 2013,MAPLE SHADE - TURF FIELD,,
10/27/2024,11:00,16796254,,GotSport,Soccer,U-13,VINELAND SA FURY 2012,HIGHLAND YOUTH SOCCER CLUB FORCE 2012,VINELAND SA,,
10/27/2024,11:00,16796308,,GotSport,Soccer,U-15,CINNAMINSON SC PIRATES 2010,CHERRY HILL SC CHERRY HILL SC THUNDERBOLTS (2010-2011),CINNAMINSON SC - MEMORIAL,,
10/27/2024,11:00,16796809,,GotSport,Soccer,U-15,MONROE TOWNSHIP YS UNITED 2010,BERLIN SOCCER CLUB BRAWLERS 2010,MONROE TWP - CORKERY LANE,,
10/27/2024,12:00,16796363,,GotSport,Soccer,U-13,DEPTFORD THUNDER 2012,SENECA UNITED SC 2012 PRIDE,DEPTFORD SC,,
10/27/2024,12:00,16795427,,GotSport,Soccer,U-12,HADDONFIELD SC BLACK 2013,LOGAN FLASH 2013,HADDONFIELD - CROWS WOODS,,
10/27/2024,12:00,16795974,,GotSport,Soccer,U-13,AUDUBON SOCCER YOUTH BALLERS 2012,VOORHEES SA PREDATORS 2013,AUDUBON - GREEN WAVE PARK,,
10/27/2024,12:00,16795052,,GotSport,Soccer,U-12,MARLTON SC CHIEFS ORANGE 2014,MOUNT LAUREL UNITED (MLU) LIGHTNING 2014,MARLTON - MEMORIAL,,
10/27/2024,12:00,16795371,,GotSport,Soccer,U-10,RANCOCAS VALLEY SC 2015 BOYS STEALTH,BERLIN SOCCER CLUB BERSERKERS 2015,Rancocas Valley-LUMBERTON MUNICIPAL,,
10/27/2024,12:00,16796275,,GotSport,Soccer,U-12,CHERRY HILL FC 2013 JUNIOR BLACK - RED HAWKS,HAMMONTON HEAT BOYS 2013,CHFC - DeCOU,,
10/27/2024,12:00,17563210,,GotSport,Soccer,U-11,HIGHLAND YOUTH SOCCER CLUB THUNDER 2014,TBAA SYNDICATE 2014,HIGHLAND - GLOUCESTER TWP PARK,,
10/27/2024,12:00,16794335,,GotSport,Soccer,U-10,WEST DEPTFORD SC COBRAS 2016,AUDUBON BOYS 2015,W DEPTFORD-WD PARK,,
10/27/2024,12:00,16797026,,GotSport,Soccer,U-8,HADDON TWP. WHITE HAWKS 2017,MOUNT LAUREL UNITED (MLU) BOYS TEAM 2 2017,,,
10/27/2024,12:00,16796027,,GotSport,Soccer,U-11,HARRISON WAVE 2014,LOGAN CHARGE BLACK 2014,HARRISON - William Wilt Soccer Complex,,
10/27/2024,12:00,16794646,,GotSport,Soccer,U-14,NORTHERN BURLINGTON SA HOOLIGANS 2011,MONROE TOWNSHIP YS UNITED BOYS BLUE 2011,NB- MANSFIELD TOWNSHIP ELEMENTARY SCHOOL,,
10/27/2024,12:00,16795255,,GotSport,Soccer,U-15,SJ FUTBOL CLUB WOLVES 2010,HIGHLAND YOUTH SOCCER CLUB RAPTORS 2010,SJFC - UPPER DEERFIELD RECREATION COMPLEX,,
10/27/2024,12:00,16795254,,GotSport,Soccer,U-15,VOORHEES SA WARRIORS 2010,WASHINGTON TWP SOCCER CLUB RENEGADES 2010,VOORHEES-EASTERN HS,,
10/27/2024,12:00,16795253,,GotSport,Soccer,U-15,MOUNT LAUREL UNITED (MLU) FORCE 2010,EAST GREENWICH SA EGSA BLAZE 2010,MLU-TROTTERS,,
10/27/2024,12:00,16794370,,GotSport,Soccer,U-14,CHERRY HILL FC 2011 JUNIORS BLACK,MEDFORD STRIKERS 2011 BOYS,CHFC - DeCOU,,
10/27/2024,12:00,16795667,,GotSport,Soccer,U-13,WINSLOW GREEN DRAGONS 2012,HADDON TWP WHITE HAWKS 2012,WINSLOW TWP - PETER VOLPA,,
10/27/2024,12:00,16796921,,GotSport,Soccer,U-11,WOODSTOWN WOLVERINES 2014,WEST DEPTFORD SC AVALANCHE 2014,WOODSTOWN,,
10/27/2024,12:00,16794267,,GotSport,Soccer,U-12,DELRAN FC SOCCER DELRAN FC UNITED 2013,CAPE EXPRESS CE 2014 UNION,,,
10/27/2024,12:00,16795471,,GotSport,Soccer,U-11,COLLINGSWOOD OAKLYN SOCCER CLUB OUTLAWS 2014,HADDON HEIGHTS SC MIGHTY TITANS 2014,COSC- Oaklyn Public School,,
10/27/2024,12:00,16795168,,GotSport,Soccer,U-15,FRANKLIN TOWNSHIP YOUTH SOCCER ASSOCIATION STORM 2010,HADDONFIELD SC WHITE 2010,FRANKLIN TWP YOUTH COMPLEX,,
10/27/2024,12:00,16796114,,GotSport,Soccer,U-19,GATEWAY UNITED SOCCER CLUB GUSC WARRIORS B2006,HIGHLAND YOUTH SOCCER CLUB GALAXY 2008,GATEWAY UTD. - WESTVILLE,,
10/27/2024,12:00,16796992,,GotSport,Soccer,U-11,MOORESTOWN SC GUARDIANS 2014,AUDUBON ATTACK - BOYS 2014,MOORESTOWN - SALEM RD/PRYOR PARK,,
10/27/2024,12:00,16795154,,GotSport,Soccer,U-15,WOODSTOWN WOLVERINES 2010,AUDUBON SOCCER YOUTH UNITED 2010,WOODSTOWN,,
10/27/2024,12:00,16795927,,GotSport,Soccer,U-16,SWEDESBORO WOOLWICH SOCCER ASSOC. SWSA FORCE 2009,MEDFORD STRIKERS 2009 BOYS,SW-Locke Avenue Park,,
10/27/2024,12:15,16795523,,GotSport,Soccer,U-9,MAPLE SHADE SHARKS 2016,MEDFORD SC GOLD 2016,MAPLE SHADE - TURF FIELD,,
10/27/2024,12:15,16794792,,GotSport,Soccer,U-9,SWEDESBORO WOOLWICH SOCCER ASSOC. SWSA HAVOC 2016,WASHINGTON UNITED SOCCER CLUB WUSC 2016 BOYS,SW-Locke Avenue Park,,
10/27/2024,12:30,16795936,,GotSport,Soccer,U-11,RANCOCAS VALLEY SC RVSC '14 - CELTIC,DEPTFORD RENEGADES 2014,Rancocas Valley-LUMBERTON MUNICIPAL,,
10/27/2024,12:30,16795592,,GotSport,Soccer,U-12,VOORHEES SA RAPTORS 2013,AUDUBON SOCCER YOUTH WILD WINGS 2013,VOORHEES-Echelon Complex,,
10/27/2024,12:30,16795854,,GotSport,Soccer,U-12,WEST DEPTFORD WIZARDS 2013,CHERRY HILL SC THUNDER 2013,W DEPTFORD-WD PARK,,
10/27/2024,12:30,16795550,,GotSport,Soccer,U-9,EGG HARBOR SC EAGLES 2016 BLACK,MONROE UNITED BLUE 2016,,,
10/27/2024,12:30,16795551,,GotSport,Soccer,U-9,TBAA RENEGADES 2016,LOGAN APOLLO 2016,TBAA-VALLEY BROOK,,
10/27/2024,12:30,16795879,,GotSport,Soccer,U-10,UPPER TOWNSHIP SA COMETS WHITE 2015,EGG HARBOR SC EAGLES 2015 BLACK,UPPER TWP-Amanda's Field Complex,,
10/27/2024,12:30,16795603,,GotSport,Soccer,U-12,BARRINGTON SC REVOLUTION 2013,HADDONFIELD SC WHITE 2013,TBA,,
10/27/2024,12:30,16796766,,GotSport,Soccer,U-9,FRANKLIN TOWNSHIP YOUTH SOCCER ASSOCIATION JERSEY DEVILS 2016,ATLANTIC UNITED PREMIER RED 2016 B,FRANKLIN TWP YOUTH COMPLEX,,
10/27/2024,12:30,16795337,,GotSport,Soccer,U-10,MOORESTOWN SC DEVIL RAYS 2015,MAINLAND UNITED SA MUSTANGS RED 2015 B,MOORESTOWN - MEMORIAL FIELDS,,
10/27/2024,12:30,16795302,,GotSport,Soccer,U-14,HADDONFIELD SC RED 2011,PENNSAUKEN YOUTH SOCCER CLUB WARRIORS 2011,HADDONFIELD - CROWS WOODS,,
10/27/2024,12:30,16795284,,GotSport,Soccer,U-12,WASHINGTON TWP SOCCER CLUB RAPTORS 2013,WEST DEPTFORD SC WARRIORS 2013,WASHINGTON TWP-WASH LAKE PARK,,
10/27/2024,12:30,16796634,,GotSport,Soccer,U-14,VINELAND SA STRIKERS 2011,WEST DEPTFORD SC WOLFPACK 2011,VINELAND SA,,
10/27/2024,12:30,16795058,,GotSport,Soccer,U-12,CINNAMINSON SC THUNDERBIRDS 2013,CAPE EXPRESS AVENGERS 2013,CINNAMINSON SC - MEMORIAL,,
10/27/2024,12:30,16795051,,GotSport,Soccer,U-12,EGG HARBOR SC EAGLES WHITE 2013,SJ FUTBOL CLUB SJFC FLYERS ELITE 2014,,,
10/27/2024,12:30,16796639,,GotSport,Soccer,U-14,HARRISON SC ARSENAL 2011,CINNAMINSON SC STORM 2011,HARRISON - William Wilt Soccer Complex,,
10/27/2024,12:30,16795566,,GotSport,Soccer,U-12,NORTHERN BURLINGTON SA BLUES 2013,MEDFORD SC MAYHEM 2013,NB Georgetown Park,,
10/27/2024,12:30,16796187,,GotSport,Soccer,U-10,WOODSTOWN WILD 2015,TAR-KILL SOCCER CLUB TARKILL BLUE 2015,WOODSTOWN,,
10/27/2024,12:30,16794976,,GotSport,Soccer,U-12,DEPTFORD TORNADOS 2013,WASHINGTON TWP SOCCER CLUB DAREDEVILS 2013,DEPTFORD SC,,
10/27/2024,12:30,16796237,,GotSport,Soccer,U-13,BURLINGTON TOWNSHIP SOCCER DRAGONS 2012,CHERRY HILL SC ROYALS 2012,BURLINGTON TWP - PINEWALD AVE,,
10/27/2024,12:30,16794966,,GotSport,Soccer,U-12,PENNS GROVE WILD 2013,HARRISON WOLFPACK 2013,PG-CP-PED- Carney's Point Rec Center,,
10/27/2024,12:30,16794929,,GotSport,Soccer,U-11,HADDON TWP RED HAWKS 2014,ATLANTIC UNITED PREMIER KICKERS 2014 B,HADDON TWP - RECCHINO FIELDS,,
10/27/2024,12:30,16794922,,GotSport,Soccer,U-11,TAR-KILL SOCCER CLUB TARKILL CHELSEA 2014,MANTUA TOWNSHIP SA ELITE 2014,TARKILL-STERLING HS,,
10/27/2024,12:30,16796954,,GotSport,Soccer,U-12,WINSLOW SHARKS 2013,MARLTON SC CHIEFS BLACK 2013,WINSLOW TWP - PETER VOLPA,,
10/27/2024,12:30,16794869,,GotSport,Soccer,U-13,HARRISON SC STRIKERS 2012,MARLTON SC CHIEFS WHITE 2012,HARRISON - William Wilt Soccer Complex,,
10/27/2024,12:30,16794860,,GotSport,Soccer,U-13,PITTSGROVE SOCCER CLUB PSC WARRIORS '12,GATEWAY UNITED SOCCER CLUB STINGRAYS 2012,PITTSGROVE-GREEN BRANCH,,
10/27/2024,12:30,16795278,,GotSport,Soccer,U-12,EAST GREENWICH SA EGSA PANTHERS 2013,MILLVILLE REBELS 2013,E GREENWICH - THOMPSON FAMILY PARK,,
10/27/2024,12:30,16796330,,GotSport,Soccer,U-13,UPPER TOWNSHIP SA FORCE GREEN 2012,RANCOCAS VALLEY SC BOYS 2012 - AVENGERS,UPPER TWP-Amanda's Field Complex,,
10/27/2024,12:30,16794780,,GotSport,Soccer,U-9,CINNAMINSON SC TITANS 2016,MEDFORD SC COLUMBIA 2016,CINNAMINSON SC - MEMORIAL,,
10/27/2024,12:30,16794371,,GotSport,Soccer,U-14,SWEDESBORO WOOLWICH SOCCER ASSOC. SWSA RED FLAMES 2011,MONROE TOWNSHIP YS UNITED 2012,SW-Locke Avenue Park,,
10/27/2024,12:30,16796364,,GotSport,Soccer,U-13,PITMAN SA JAGUARS 2012,MILLVILLE LYNX 2012,PITMAN - ALCYON LAKE,,
10/27/2024,12:30,16794738,,GotSport,Soccer,U-9,PALMYRA RIVERTON SC NEW U9B - 2016,GATEWAY UNITED SOCCER CLUB 2016 GUSC BLUES,,,
10/27/2024,12:30,16794718,,GotSport,Soccer,U-12,MONROE TOWNSHIP YS UNITED BOYS BLUE 2013,HADDON HEIGHTS SC YOUNG BOYS 2013,MONROE TWP - CORKERY LANE,,
10/27/2024,12:30,16794706,,GotSport,Soccer,U-12,PENNSAUKEN YOUTH SOCCER CLUB REBELS 2013,PITTSGROVE SOCCER CLUB PSC REVOLUTION '13,Pennsauken Community Recreation Facility,,
10/27/2024,12:30,16796696,,GotSport,Soccer,U-9,CINNAMINSON SC LIGHTNING 2016,CHERRY HILL SC CHERRY HILL SC THUNDER (2016) - BOYS,CINNAMINSON SC - MEMORIAL,,
10/27/2024,12:30,16794677,,GotSport,Soccer,U-8,PITTSGROVE SOCCER CLUB PSC BLACK ‘17,SWEDESBORO WOOLWICH SOCCER ASSOC. SWSA PANTHERS 2017,PITTSGROVE-GREEN BRANCH,,
10/27/2024,12:30,16796401,,GotSport,Soccer,U-14,WOODBURY SOCCER CLUB WOODBURY ARMORY 2011,RANCOCAS VALLEY SC BOYS 2011 UNITED,WOODBURY,,
10/27/2024,12:30,16794346,,GotSport,Soccer,U-14,SENECA UNITED SC 2011 WARRIORS,EGG HARBOR SC EAGLES 2011/2012 BLACK,SENECA - STONEY CREEK FIELDS,,
10/27/2024,12:30,16794588,,GotSport,Soccer,U-8,VOORHEES SA BLUE DEVILS 2017,HARRISON UNITED 2017,VOORHEES-Echelon Complex,,
10/27/2024,12:30,16796463,,GotSport,Soccer,U-10,LOGAN ARMADA BLACK 2015,MOORESTOWN SC HORNETS 2015,LOGAN - TWP LINE,,
10/27/2024,12:30,16795220,,GotSport,Soccer,U-16,HAMMONTON HEAT BOYS 2009,DEPTFORD AVENGERS 2009,HAMMONTON - MOSS MILL RD PARK SOCCER COMPLEX,,
10/27/2024,12:30,16794520,,GotSport,Soccer,U-12,MAINLAND UNITED SA MUSTANGS RED 2013 B,UPPER TOWNSHIP SA CYCLONES 2013,MAINLAND - MEMORIAL PARK,,
10/27/2024,12:30,16794487,,GotSport,Soccer,U-10,EAST GREENWICH SA EGSA BLACK KNIGHTS 2015,WASHINGTON UNITED SOCCER CLUB WUSC 2015 BOYS,E GREENWICH - THOMPSON FAMILY PARK,,
10/27/2024,12:30,16794392,,GotSport,Soccer,U-11,TBAA OUTLAWS 2014,MEDFORD STRIKERS 2014 BOYS,TBAA-VALLEY BROOK,,
10/27/2024,12:30,16796913,,GotSport,Soccer,U-11,PENNSVILLE EAGLES 2014,HARRISON STRIKERS 2014,PENNSVILLE,,
10/27/2024,12:30,16796570,,GotSport,Soccer,U-8,WASHINGTON TWP SOCCER CLUB WOLVES 2017,HAMMONTON HEAT BOYS 2017,WASHINGTON TWP. - Levy Fields (Virtua),,
10/27/2024,12:30,16796581,,GotSport,Soccer,U-8,LOGAN BOOM BLUE 2017,PITMAN SA PANTHERS 2017,LOGAN - TWP LINE,,
10/27/2024,12:30,16796668,,GotSport,Soccer,U-9,CLAYTON SA CLIPPERS 2016,MILLVILLE THUNDER 2016,CLAYTON - BENTZ,,
10/27/2024,12:30,16796912,,GotSport,Soccer,U-11,LOGAN CHARGE BLUE 2014,WATERFORD ATHLETIC ASSN WINGS 2014,LOGAN - TWP LINE,,
10/27/2024,12:30,16794308,,GotSport,Soccer,U-10,MOORESTOWN SC VIPERS 2015,SWEDESBORO WOOLWICH SOCCER ASSOC. SWSA STRIKERS 2015,MOORESTOWN - MEMORIAL FIELDS,,
10/27/2024,12:30,16795739,,GotSport,Soccer,U-9,BORDENTOWN FC REVOLUTION 2016,HADDONFIELD SC RED 2016,BORDENTOWN - FRIENDSHIP FIELDS,,
10/27/2024,12:30,16795682,,GotSport,Soccer,U-10,BURLINGTON TOWNSHIP SOCCER PHOENIX 2015,HADDONFIELD SC WHITE 2015 B,BURLINGTON TWP - PINEWALD AVE,,
10/27/2024,12:30,16796605,,GotSport,Soccer,U-10,MANTUA TOWNSHIP SA FROGS 2015,HARRISON BLUE REBELS 2015,MANTUA TWP,,
10/27/2024,12:30,16796610,,GotSport,Soccer,U-10,PITTSGROVE SOCCER CLUB PSC GALAXY '15,VINELAND AVENGERS 2015,PITTSGROVE-GREEN BRANCH,,
10/27/2024,12:30,16794313,,GotSport,Soccer,U-10,VINELAND LIVERPOOL 2015,HADDON TWP SOCCER CLUB 2015 HADDON TWP WHITE HAWKS,VINELAND SA,,
10/27/2024,12:45,16796134,,GotSport,Soccer,U-19,MEDFORD SC ,MILLVILLE PHANTOMS 2008,MEDFORD - BENDE PARK,,
10/27/2024,12:45,16795479,,GotSport,Soccer,U-14,MONROE TOWNSHIP YS UNITED WHITE 2011,VOORHEES SA BLUES 2011,MONROE TWP - CORKERY LANE,,
10/27/2024,13:00,16794761,,GotSport,Soccer,U-9,HIGHLAND YOUTH SOCCER CLUB MAYHEM 2016,MOORESTOWN SC WARRIORS 2016,HIGHLAND - GLOUCESTER TWP PARK,,
10/27/2024,13:00,16794546,,GotSport,Soccer,U-9,TAR-KILL SOCCER CLUB TARKILL 2016B,EAST GREENWICH SA EGSA LIONS 2016,TARKILL-STERLING HS,,
10/27/2024,13:15,16794806,,GotSport,Soccer,U-9,DELRAN FC UNION 2016,EGG HARBOR SC EAGLES 2016,,,
10/27/2024,13:15,16796897,,GotSport,Soccer,U-11,WOODSTOWN WOLFPACK 2014,CINNAMINSON SC AVENGERS 2014,WOODSTOWN,,
10/27/2024,13:15,16795014,,GotSport,Soccer,U-10,CHERRY HILL FC 2015 JUNIOR BLACK,MARLTON SC CHIEFS WHITE 2015,CHFC - DeCOU,,
10/27/2024,13:15,16795404,,GotSport,Soccer,U-11,MEDFORD SC AVENGERS 2014,MARLTON SC CHIEFS WHITE 2014,MEDFORD - BENDE PARK,,
10/27/2024,13:15,16796729,,GotSport,Soccer,U-8,HADDON TWP. RED HAWKS 2017,DELRAN FC BLACK 2017B,,,
10/27/2024,13:15,16795844,,GotSport,Soccer,U-12,HADDONFIELD SC RED 2013,FRANKLIN TOWNSHIP YOUTH SOCCER ASSOCIATION ENFORCERS 2013,HADDONFIELD - CROWS WOODS,,
10/27/2024,13:15,16794302,,GotSport,Soccer,U-10,HARRISON STRIKERS 2015,MONROE TOWNSHIP YS UNITED BOYS 2015,HARRISON - William Wilt Soccer Complex,,
10/27/2024,13:15,16795999,,GotSport,Soccer,U-11,MOORESTOWN SC WOLVERINES 2014,CHERRY HILL SC CHERRY HILL SC WHITE (2014) - BOYS,MOORESTOWN - SALEM RD/PRYOR PARK,,
10/27/2024,13:15,16796524,,GotSport,Soccer,U-8,WEST DEPTFORD SC DRAGONS 2017,NORTHERN BURLINGTON FORCE 2017,W DEPTFORD-WD PARK,,
10/27/2024,13:15,16796419,,GotSport,Soccer,U-9,RANCOCAS VALLEY SC 2016 BOYS UNITED,HADDONFIELD SC GREY 2016,Rancocas Valley-LUMBERTON MUNICIPAL,,
10/27/2024,13:15,16796907,,GotSport,Soccer,U-11,COLLINGSWOOD OAKLYN SOCCER CLUB VENOM COSC 2014,MEDFORD SC GOLD 2014,COSC- Oaklyn Public School,,
10/27/2024,13:15,16795590,,GotSport,Soccer,U-12,MARLTON SC CHIEFS WHITE 2013,PITTSGROVE SOCCER CLUB PSC PYTHONS '13,MARLTON - MEMORIAL,,
10/27/2024,13:30,16796209,,GotSport,Soccer,U-15,DEPTFORD DEMONS 2010,PENNSAUKEN YOUTH SOCCER CLUB CYCLONES 2010,DEPTFORD SC,,
10/27/2024,13:30,16795923,,GotSport,Soccer,U-16,WINSLOW VIPERS 2009,TBAA STORM 2009,WINSLOW TWP - PETER VOLPA,,
10/27/2024,13:30,16794400,,GotSport,Soccer,U-11,DELRAN FC SOCCER DELRAN FC KNIGHTS 2014,UPPER TOWNSHIP SA HURRICANES GREEN 2014,,,
10/27/2024,13:30,16796120,,GotSport,Soccer,U-19,HIGHLAND YOUTH SOCCER CLUB FUSION 2008,WASHINGTON TWP SOCCER CLUB GLADIATORS 2008,HIGHLAND - GLOUCESTER TWP PARK,,
10/27/2024,13:30,16795219,,GotSport,Soccer,U-16,NORTHERN BURLINGTON SA BULLDOGS 2009,EAST GREENWICH SA EGSA THUNDER 2009,NB- MANSFIELD TOWNSHIP ELEMENTARY SCHOOL,,
10/27/2024,13:30,16796518,,GotSport,Soccer,U-8,MAPLE SHADE CHAOS 2017,BURLINGTON TOWNSHIP SOCCER FIRE 2017,MAPLE SHADE - TURF FIELD,,
10/27/2024,13:30,16795197,,GotSport,Soccer,U-10,SWEDESBORO WOOLWICH SOCCER ASSOC. SWSA HONEY BADGERS 2015,MANTUA 2015-2016 BOYS,SW-Locke Avenue Park,,
10/27/2024,13:30,16796384,,GotSport,Soccer,U-14,CHERRY HILL FC JUNIOR WHITE 2011/12,DELRAN FC FLASH 2011,CHFC - DeCOU,,
10/27/2024,13:45,16796081,,GotSport,Soccer,U-14,WOODSTOWN FURY 2011,PEMBERTON SC PUNISHERS 2011,WOODSTOWN,,
10/27/2024,13:45,16795904,,GotSport,Soccer,U-16,FRANKLIN TOWNSHIP YOUTH SOCCER ASSOCIATION STRIKERS 2009,CINNAMINSON SC PIRATES 2009,FRANKLIN TWP YOUTH COMPLEX,,
10/27/2024,13:45,16795484,,GotSport,Soccer,U-14,BORDENTOWN FC JAGUARS 2011,MOORESTOWN SC BLACK KNIGHTS 2011,BORDENTOWN - FRIENDSHIP FIELDS,,
10/27/2024,13:45,16795373,,GotSport,Soccer,U-10,AUDUBON SOCCER YOUTH BOYS 2015 - HAMMERS,VOORHEES SA COBRAS 2015,AUDUBON - GREEN WAVE PARK,,
10/27/2024,13:45,16796234,,GotSport,Soccer,U-13,VOORHEES SA FORCE 2012,ATLANTIC UNITED PREMIER KICKERS 2013 B EDP,VOORHEES-EASTERN HS,,
10/27/2024,13:45,17415911,,GotSport,Soccer,U-16,SJ FUTBOL CLUB RAPIDS 2009,TAR-KILL SOCCER CLUB TARKILL BLUE DEVILS 2009,SJFC - UPPER DEERFIELD RECREATION COMPLEX,,
10/27/2024,13:45,16794657,,GotSport,Soccer,U-14,GATEWAY UNITED SOCCER CLUB WILDCATS 2011,TBAA TITANS 2011,GATEWAY UTD. - WESTVILLE,,
10/27/2024,13:45,16796993,,GotSport,Soccer,U-11,MOUNT LAUREL UNITED (MLU) COBRAS 2014,CHERRY HILL SC CHERRY HILL SC FORCE 2014,MLU-TROTTERS,,
10/27/2024,13:45,16796011,,GotSport,Soccer,U-11,NORTHERN BURLINGTON BLUE DEVILS 2014,BORDENTOWN FC UNION 2014,NB Georgetown Park,,
10/27/2024,14:00,16796503,,GotSport,Soccer,U-8,MOORESTOWN SC PYTHONS 2017,PITMAN SA LIONS 2017,MOORESTOWN - MEMORIAL FIELDS,,
10/27/2024,14:00,16795815,,GotSport,Soccer,U-14,SWEDESBORO WOOLWICH SOCCER ASSOC. SWSA BLACK MAMBAS 2011,CHERRY HILL FC CHFC 2011 AVENGERS,SW-Locke Avenue Park,,
10/27/2024,14:00,16794325,,GotSport,Soccer,U-10,CLAYTON SA CLIPPERS 2015,HARRISON BLUE ARSENAL 2015,CLAYTON - BENTZ,,
10/27/2024,14:00,16794387,,GotSport,Soccer,U-14,PENNS GROVE SC RAGE 2011,WASHINGTON TWP SOCCER CLUB CHAOS 11/12,PG-CP-PED- Carney's Point Rec Center,,
10/27/2024,14:00,16794419,,GotSport,Soccer,U-11,TBAA REVOLUTION 2015,VOORHEES SA KNIGHTS 2014,TBAA-VALLEY BROOK,,
10/27/2024,14:00,16794436,,GotSport,Soccer,U-11,DEPTFORD UNITED 2014,WASHINGTON TWP SOCCER CLUB TERROR 2014,DEPTFORD SC,,
10/27/2024,14:00,16794466,,GotSport,Soccer,U-12,HADDON HEIGHTS SC BEAST BOYS 2013,MOORESTOWN SC THUNDER 2013,HADD HGTS - DEVON,,
10/27/2024,14:00,16794480,,GotSport,Soccer,U-12,MAINLAND UNITED SA MUSTANGS WHITE 2013-14 B,HADDON TWP WHITE HAWKS 2013,MAINLAND - MEMORIAL PARK,,
10/27/2024,14:00,16794598,,GotSport,Soccer,U-8,EAST GREENWICH SA EGSA UNITED 2017,CHERRY HILL SC CHERRY HILL SC DYNAMO (2017) - BOYS,E GREENWICH - THOMPSON FAMILY PARK,,
10/27/2024,14:00,16794611,,GotSport,Soccer,U-14,MANTUA TOWNSHIP SA UNION 2011,DEPTFORD TORNADOES 2011,MANTUA TWP,,
10/27/2024,14:00,16794793,,GotSport,Soccer,U-9,PITTSGROVE SOCCER CLUB PSC PRIME BLACK '16,EAST GREENWICH SA EGSA CHAOS 2016,PITTSGROVE-GREEN BRANCH,,
10/27/2024,14:00,16794862,,GotSport,Soccer,U-13,TAR-KILL SOCCER CLUB TARKILL LIVERPOOL 2012,WINSLOW DYNAMO 2012,TARKILL-STERLING HS,,
10/27/2024,14:00,16794873,,GotSport,Soccer,U-9,LOGAN SUPERNOVA 2016,PITMAN SA BOBCATS 2016,LOGAN - TWP LINE,,
10/27/2024,14:00,16794899,,GotSport,Soccer,U-9,MOORESTOWN SC RENEGADES 2016,FRANKLIN TOWNSHIP YOUTH SOCCER ASSOCIATION UNITED 2016,MOORESTOWN - MEMORIAL FIELDS,,
10/27/2024,14:00,16794937,,GotSport,Soccer,U-9,MARLTON SC CHIEFS ORANGE 2016,MOUNT LAUREL UNITED (MLU) GLADIATORS 2016,MARLTON - MEMORIAL,,
10/27/2024,14:00,16794945,,GotSport,Soccer,U-9,CINNAMINSON SC VIPERS 2016,MANTUA TOWNSHIP SA MAMBAS 2016,CINNAMINSON SC - MEMORIAL,,
10/27/2024,14:00,16794969,,GotSport,Soccer,U-12,VINELAND TERMINATORS 2013,GATEWAY UNITED SOCCER CLUB SHARKS 2013,VINELAND SA,,
10/27/2024,14:00,16795018,,GotSport,Soccer,U-10,CINNAMINSON SC RED DEVILS 2015,DELRAN FC COBRAS 2015,CINNAMINSON SC - MEMORIAL,,
10/27/2024,14:00,16795024,,GotSport,Soccer,U-8,MONROE UNITED 2017,MOUNT LAUREL UNITED (MLU) MLU PRESTIGE 2017,MONROE TWP - CORKERY LANE,,
10/27/2024,14:00,16795094,,GotSport,Soccer,U-10,EGG HARBOR SC EAGLES 2015,WEST DEPTFORD SC ANIMALS 2015,,,
10/27/2024,14:00,16795106,,GotSport,Soccer,U-10,PENNSVILLE EAGLES GOLD 2015,CHERRY HILL FC 2015 CHFC JUNIOR WHITE,PENNSVILLE,,
10/27/2024,14:00,16795155,,GotSport,Soccer,U-15,HARRISON SC STORM 2010,WINSLOW SLAYERS 2010,HARRISON - William Wilt Soccer Complex,,
10/27/2024,14:00,16795196,,GotSport,Soccer,U-10,WOODSTOWN WILDCATS 2015,EAST GREENWICH SA EGSA FLYERS 2015,WOODSTOWN,,
10/27/2024,14:00,16795328,,GotSport,Soccer,U-10,UPPER TOWNSHIP SA COMETS GREEN 2015,SJ FUTBOL CLUB RAMS 2015,UPPER TWP-Amanda's Field Complex,,
10/27/2024,14:00,16795347,,GotSport,Soccer,U-10,WINSLOW TITANS 2015,MEDFORD SC WHITE 2015,WINSLOW TWP - PETER VOLPA,,
10/27/2024,14:00,16795403,,GotSport,Soccer,U-11,CINNAMINSON SC CHARGERS 2014,CAPE EXPRESS CE ENGINEERS 2014,CINNAMINSON SC - MEMORIAL,,
10/27/2024,14:00,16795454,,GotSport,Soccer,U-11,WEST DEPTFORD SC EAGLES 2014,GATEWAY UNITED SOCCER CLUB GREYHOUNDS 2014,W DEPTFORD-WD PARK,,
10/27/2024,14:00,16795631,,GotSport,Soccer,U-12,VOORHEES COSMOS 2013,PENNSVILLE EAGLES 2013,VOORHEES-Echelon Complex,,
10/27/2024,14:00,16795740,,GotSport,Soccer,U-9,MAINLAND UNITED SA MUSTANGS RED 2016 B,MOUNT LAUREL UNITED (MLU) REVOLUTION 2016,MAINLAND - MEMORIAL PARK,,
10/27/2024,14:00,16795781,,GotSport,Soccer,U-13,HADDONFIELD BLACK 2012,CINNAMINSON SC SKULLS 2012,HADDONFIELD - CROWS WOODS,,
10/27/2024,14:00,16795792,,GotSport,Soccer,U-13,HARRISON WILDCATS 2012,COLLINGSWOOD OAKLYN SOCCER CLUB ROVERS 2013,HARRISON - William Wilt Soccer Complex,,
10/27/2024,14:00,16795807,,GotSport,Soccer,U-14,UPPER TOWNSHIP SA TSUNAMIS 2011,CINNAMINSON SC VIPERS 2011,UPPER TWP-Amanda's Field Complex,,
10/27/2024,14:00,16795843,,GotSport,Soccer,U-12,EGG HARBOR SC EAGLES 2013 BLACK,SJ FUTBOL CLUB SOUNDERS 2013,,,
10/27/2024,14:00,16795938,,GotSport,Soccer,U-11,PENNSAUKEN YOUTH SOCCER CLUB AVENGERS 2014,FRANKLIN TOWNSHIP YOUTH SOCCER ASSOCIATION STORM 2014,Pennsauken Community Recreation Facility,,
10/27/2024,14:00,16795979,,GotSport,Soccer,U-13,SWEDESBORO WOOLWICH SOCCER ASSOC. SWSA SHARKS 2012,EAST GREENWICH SA EGSA VENOM 2012,SW-Locke Avenue Park,,
10/27/2024,14:00,16796007,,GotSport,Soccer,U-11,RANCOCAS VALLEY SC RVSC - '14 FOREST,DELRAN FC HAWKS 2014,Rancocas Valley-LUMBERTON MUNICIPAL,,
10/27/2024,14:00,16796026,,GotSport,Soccer,U-11,BURLINGTON TOWNSHIP SOCCER DYNAMITE 2014,VOORHEES SA VIKINGS 2014,BURLINGTON TWP - PINEWALD AVE,,
10/27/2024,14:00,16796094,,GotSport,Soccer,U-14,BURLINGTON TOWNSHIP SOCCER REBELS 2011,PALMYRA RIVERTON SC WARRIORS 2011,BURLINGTON TWP - PINEWALD AVE,,
10/27/2024,14:00,16796188,,GotSport,Soccer,U-10,WASHINGTON TWP SOCCER CLUB RAPTORS 2015,MONROE TOWNSHIP YS UNITED BLUE 2015,WASHINGTON TWP. - Levy Fields (Virtua),,
10/27/2024,14:00,16796307,,GotSport,Soccer,U-15,VINELAND REBELS 2010,EAST GREENWICH SA EGSA CHARGERS 2010,VINELAND SA,,
10/27/2024,14:00,16796324,,GotSport,Soccer,U-13,MAINLAND UNITED SA MUSTANGS RED 2012 B,VINELAND SA JERSEY BOYZ 2012,MAINLAND-Atlantic Christian School,,
10/27/2024,14:00,16796329,,GotSport,Soccer,U-13,LOGAN FORCE 2012,CINNAMINSON SC CHARGE 2012,LOGAN - TWP LINE,,
10/27/2024,14:00,16796435,,GotSport,Soccer,U-9,BARRINGTON SC BLACK 2016,MOORESTOWN SC DRAGONS 2016,TBA,,
10/27/2024,14:00,16796451,,GotSport,Soccer,U-10,PITMAN SA WILDCATS 2015,SWEDESBORO WOOLWICH SOCCER ASSOC. SWSA GUNNERS 2015,PITMAN - Dell,,
10/27/2024,14:00,16796478,,GotSport,Soccer,U-8,PITTSGROVE SOCCER CLUB PSC RAPTORS ‘17,UPPER TOWNSHIP SA FLASH 2017,PITTSGROVE-GREEN BRANCH,,
10/27/2024,14:00,16796539,,GotSport,Soccer,U-11,FRANKLIN TOWNSHIP YOUTH SOCCER ASSOCIATION KNIGHTS 2014,HADDONFIELD SC BLACK 2014,FRANKLIN TWP YOUTH COMPLEX,,
10/27/2024,14:00,16796579,,GotSport,Soccer,U-8,LOGAN BOOM BLACK 2017,HIGHLAND YOUTH SOCCER CLUB BOYS 2017,LOGAN - TWP LINE,,
10/27/2024,14:00,16796702,,GotSport,Soccer,U-9,TBAA KNIGHTS 2016,MOORESTOWN SC UNITED 2016,TBAA-VALLEY BROOK,,
10/27/2024,14:00,16796838,,GotSport,Soccer,U-13,MARLTON SC CHIEFS BLACK 2012,CHERRY HILL SC CHERRY HILL SC BULL DOGS 2012,MARLTON - MEMORIAL,,
10/27/2024,14:00,16796872,,GotSport,Soccer,U-13,SOUTH HARRISON TOWNSHIP SOCCER CLUB STRIKERS 2012,MOUNT LAUREL UNITED (MLU) IMPACT 2012,SOUTH HARRISON - STEWART,,
10/27/2024,14:00,16796877,,GotSport,Soccer,U-13,WASHINGTON TWP SOCCER CLUB PREDATORS 2012,CHERRY HILL FC 2012 JUNIORS BLACK,WASHINGTON TWP-WASH LAKE PARK,,
10/27/2024,14:00,16796914,,GotSport,Soccer,U-11,EAST GREENWICH SA EGSA EAGLES 2014,TBAA REVOLUTION 2014,E GREENWICH - THOMPSON FAMILY PARK,,
10/27/2024,14:00,16797004,,GotSport,Soccer,U-11,PITTSGROVE SOCCER CLUB PSC MAVERICKS '14,HAMMONTON HEAT BOYS 2014,PITTSGROVE-GREEN BRANCH,,
10/27/2024,14:00,16797025,,GotSport,Soccer,U-8,BORDENTOWN FC REVOLUTION 2017,HADDONFIELD SC REBELS 2017,BORDENTOWN - FRIENDSHIP FIELDS,,
10/27/2024,14:00,16797037,,GotSport,Soccer,U-8,VOORHEES SA VENOM 2017,TBAA ROUGHRIDERS 2017,VOORHEES-Echelon Complex,,
10/27/2024,14:00,16795629,,GotSport,Soccer,U-12,PALMYRA RIVERTON SC HURRICANES 2013,PITMAN SA TOMCATS 2013,,,
10/27/2024,14:00,16796540,,GotSport,Soccer,U-11,HADDON TWP WHITE HAWKS 2014,EAST GREENWICH SA EGSA STARS 2014,HADDON TWP - RECCHINO FIELDS,,
10/27/2024,14:15,16796958,,GotSport,Soccer,U-12,WOODBURY SOCCER CLUB WOODBURY BISON 2013,PALMYRA RIVERTON SC YOUNGBLOODS 2013,WOODBURY,,
10/27/2024,14:30,16795452,,GotSport,Soccer,U-11,MARLTON SC CHIEFS BLACK 2014,MANTUA TOWNSHIP SA OUTLAWS 2014,MARLTON - MEMORIAL,,
10/27/2024,14:30,16795419,,GotSport,Soccer,U-12,WOODSTOWN WOLVERINES 2013,HIGHLAND YOUTH SOCCER CLUB CHAOS 2013,WOODSTOWN,,
10/27/2024,14:30,16796720,,GotSport,Soccer,U-8,CHERRY HILL FC 2017 JUNIORS BLACK,CINNAMINSON SC BLACK 2017,CHFC - DeCOU,,
10/27/2024,14:30,16796370,,GotSport,Soccer,U-13,MEDFORD SC DESTROYERS 2012,CAPE EXPRESS WHITE CAPS 2012,MEDFORD - BENDE PARK,,
10/27/2024,14:30,16794449,,GotSport,Soccer,U-11,MONROE TOWNSHIP YS UNITED BOYS BLUE 2014,MARLTON SC CHIEFS ORANGE 2015,MONROE TWP - CORKERY LANE,,
10/27/2024,14:30,16796728,,GotSport,Soccer,U-8,RANCOCAS VALLEY SC 2017 BOYS PREMIER,HADDONFIELD SC THUNDER 2017,Rancocas Valley-LUMBERTON MUNICIPAL,,
10/27/2024,14:30,16795630,,GotSport,Soccer,U-12,MOORESTOWN SC DRAGONS 2013,MOUNT LAUREL UNITED (MLU) GALAXY 2013,MOORESTOWN - SALEM RD/PRYOR PARK,,
10/27/2024,14:30,16796418,,GotSport,Soccer,U-9,COLLINGSWOOD OAKLYN SOCCER CLUB WARRIORS 2016,CINNAMINSON SC CHAOS 2016,COSC- Oaklyn Public School,,
10/27/2024,14:30,16794532,,GotSport,Soccer,U-12,TAR-KILL SOCCER CLUB TARKILL KNIGHTS 2013,PITMAN SA TIGERS 2013,TARKILL-STERLING HS,,
10/27/2024,14:30,16795557,,GotSport,Soccer,U-9,WEST DEPTFORD SC TSUNAMI 2016,UPPER TOWNSHIP SA THUNDER 2016,W DEPTFORD-WD PARK,,
10/27/2024,14:30,16795013,,GotSport,Soccer,U-10,HADDONFIELD SC BLACK 2015 B,BURLINGTON TOWNSHIP SOCCER THUNDER2015,HADDONFIELD - CROWS WOODS,,
10/27/2024,14:30,16795751,,GotSport,Soccer,U-9,HADDON TWP RED HAWKS 2016,CAPE EXPRESS CE NOR'EASTERS 2016,,,
10/27/2024,14:30,16796785,,GotSport,Soccer,U-9,HARRISON HORNETS 2016,SENECA UNITED SC 2016 RAPTORS,HARRISON - William Wilt Soccer Complex,,
10/27/2024,14:30,16795041,,GotSport,Soccer,U-8,MEDFORD SC 2017B NAVY,WASHINGTON UNITED SOCCER CLUB WUSC 2017 BOYS,MEDFORD - BENDE PARK,,
10/27/2024,14:30,16795095,,GotSport,Soccer,U-10,HIGHLAND YOUTH SOCCER CLUB LIGHTNING 2015,UPPER TOWNSHIP SA SUPER SONICS 2015,HIGHLAND - GLOUCESTER TWP PARK,,
10/27/2024,14:30,16794827,,GotSport,Soccer,U-8,DELRAN FC SOCCER GREY 2017B,HADDON HEIGHTS SC HAVOC 2017,,,
10/27/2024,14:45,16796598,,GotSport,Soccer,U-10,MAPLE SHADE WILD 2015,MILLVILLE PREDATORS 2015,MAPLE SHADE - TURF FIELD,,
10/27/2024,14:45,16795531,,GotSport,Soccer,U-9,SWEDESBORO WOOLWICH SOCCER ASSOC. SWSA VENOM 2016,HIGHLAND YOUTH SOCCER CLUB HAVOK 2016,SW-Locke Avenue Park,,
10/27/2024,15:00,16796953,,GotSport,Soccer,U-12,DELRAN FC SOCCER GREY 2013B,BERLIN SOCCER CLUB BULLDOGS 2013,,,
10/27/2024,15:00,16794500,,GotSport,Soccer,U-10,MOUNT LAUREL UNITED (MLU) MLU KNIGHTS 2015,HADDONFIELD SC RED 2015 B,,,
10/27/2024,15:00,16794746,,GotSport,Soccer,U-9,AUDUBON 2016 BOYS,NORTHERN BURLINGTON BOOM 2016,AUDUBON - GREEN WAVE PARK,,
10/27/2024,15:15,16794612,,GotSport,Soccer,U-14,BORDENTOWN FC RENEGADES 2011,CAPE EXPRESS SURGE 2011,BORDENTOWN - FRIENDSHIP FIELDS,,
10/27/2024,15:15,16795963,,GotSport,Soccer,U-13,NORTHERN BURLINGTON SA RANGERS 2012,HADDON TWP RED HAWKS 2012,NB- MANSFIELD TOWNSHIP ELEMENTARY SCHOOL,,
10/27/2024,15:15,16795107,,GotSport,Soccer,U-10,NORTHERN BURLINGTON STORM 2015,DEPTFORD SA CYCLONES 2015,NB Georgetown Park,,
10/27/2024,15:15,16794632,,GotSport,Soccer,U-14,WINSLOW WILDCATS 2011,MOUNT LAUREL UNITED (MLU) WARRIORS 2011,WINSLOW TWP - PETER VOLPA,,
10/27/2024,15:20,16796116,,GotSport,Soccer,U-19,HIGHLAND YOUTH SOCCER CLUB HURRICANES 2008,SWEDESBORO WOOLWICH SOCCER ASSOC. SWSA SCORPIONS 2008,HIGHLAND - GLOUCESTER TWP PARK,,
10/27/2024,15:20,16795162,,GotSport,Soccer,U-15,DEPTFORD BRUTE FORCE 2010,PALMYRA RIVERTON SC UNION 2010,DEPTFORD SC,,
10/27/2024,15:30,16794626,,GotSport,Soccer,U-14,MAINLAND UNITED SA MUSTANGS RED 2011 B,MEDFORD SC RENEGADES 2011,MAINLAND-Atlantic Christian School,,
10/27/2024,15:30,16796758,,GotSport,Soccer,U-9,UPPER TOWNSHIP SA BREAKERS 2016,HADDONFIELD SC WHITE 2016,UPPER TWP-Amanda's Field Complex,,
10/27/2024,15:30,16796665,,GotSport,Soccer,U-9,VOORHEES SA TITANS 2016,WEST DEPTFORD SC WARRIORS 2016,VOORHEES-Echelon Complex,,
10/27/2024,15:30,16796896,,GotSport,Soccer,U-11,EGG HARBOR SC EAGLES 2014 WHITE,WASHINGTON TWP SOCCER CLUB WARRIORS 2014,,,
10/27/2024,15:30,16796663,,GotSport,Soccer,U-9,WINSLOW KINGS 2016,WATERFORD ATHLETIC ASSN WINGS 2016,WINSLOW TWP - PETER VOLPA,,
10/27/2024,15:30,16796644,,GotSport,Soccer,U-14,WASHINGTON TWP SOCCER CLUB REGULATORS 2011,DELRAN FC BLAST 2011,WASHINGTON TWP-WASH LAKE PARK,,
10/27/2024,15:30,16796490,,GotSport,Soccer,U-8,MAINLAND UNITED SA MUSTANGS RED 2017 B,HARRISON HURRICANES 2017,MAINLAND - MEMORIAL PARK,,
10/27/2024,15:30,16796489,,GotSport,Soccer,U-8,SOUTH HARRISON FORCE,EGG HARBOR SC EAGLES 2017,SOUTH HARRISON - STEWART,,
10/27/2024,15:30,16796400,,GotSport,Soccer,U-14,HADDONFIELD SC WHITE 2011,MOORESTOWN SC LIGHTNING 2011,HADDONFIELD - CROWS WOODS,,
10/27/2024,15:30,16796283,,GotSport,Soccer,U-12,BURLINGTON TOWNSHIP SOCCER STRIKERS 2013,CHERRY HILL SC CHERRY HILL SC FORCE 2013,BURLINGTON TWP - PINEWALD AVE,,
10/27/2024,15:30,16796274,,GotSport,Soccer,U-12,RANCOCAS VALLEY SC RONALDO 2013,SENECA UNITED SC 2013 TIGERS,Rancocas Valley-LUMBERTON MUNICIPAL,,
10/27/2024,15:30,16796186,,GotSport,Soccer,U-10,PALMYRA RIVERTON SC NATIONALS 2015,HADDON TWP RED HAWKS 2015,,,
10/27/2024,15:30,16796055,,GotSport,Soccer,U-10,SENECA UNITED SC 2015 RAPTORS,MEDFORD SC COLUMBIA 2015,SENECA - STONEY CREEK FIELDS,,
10/27/2024,15:30,16796054,,GotSport,Soccer,U-10,EAST GREENWICH SA EGSA TIGERS 2015,PENNSAUKEN YOUTH SOCCER CLUB LIONS 2015,E GREENWICH - THOMPSON FAMILY PARK,,
10/27/2024,15:30,16795926,,GotSport,Soccer,U-16,BURLINGTON TOWNSHIP SOCCER CELTIC 2010,MARLTON SC CHIEFS ORANGE 2009,BURLINGTON TWP - PINEWALD AVE,,
10/27/2024,15:30,16795878,,GotSport,Soccer,U-10,DEPTFORD THUNDER 2015,SENECA UNITED SC 2015 PARK RANGERS,DEPTFORD SC,,
10/27/2024,15:30,16795870,,GotSport,Soccer,U-10,MILLVILLE WARRIORS 2015,ATLANTIC UNITED PREMIER FIRE 2015 B,MILLVILLE SOCCER COMPLEX,,
10/27/2024,15:30,16795806,,GotSport,Soccer,U-14,VOORHEES SA ATTACK 2011,EGG HARBOR SC EAGLES BLACK 2011,VOORHEES-EASTERN HS,,
10/27/2024,15:30,16795787,,GotSport,Soccer,U-13,FRANKLIN TOWNSHIP YOUTH SOCCER ASSOCIATION CRUSADERS 2012,WEST DEPTFORD SC UNION 2012,FRANKLIN TWP YOUTH COMPLEX,,
10/27/2024,15:30,16795782,,GotSport,Soccer,U-13,MANTUA TOWNSHIP SA FURY 2012,PENNSAUKEN YOUTH SOCCER CLUB OUTLAWS 2012,MANTUA TWP,,
10/27/2024,15:30,16795692,,GotSport,Soccer,U-10,VOORHEES SA PYTHONS 2015,TAR-KILL SOCCER CLUB TARKILL WHITE 2015,VOORHEES-Echelon Complex,,
10/27/2024,15:30,16795660,,GotSport,Soccer,U-13,SWEDESBORO WOOLWICH SOCCER ASSOC. SWSA CYCLONES 2012/2013,PENNSVILLE EAGLES 2012,SW-Locke Avenue Park,,
10/27/2024,15:30,16795659,,GotSport,Soccer,U-13,LOGAN FUSION 2012,HIGHLAND YOUTH SOCCER CLUB MUSTANGS 2012,LOGAN - TWP LINE,,
10/27/2024,15:30,16795526,,GotSport,Soccer,U-9,WASHINGTON TWP SOCCER CLUB THUNDER 2016,HADDONFIELD SC BLACK 2016 B,WASHINGTON TWP. - Levy Fields (Virtua),,
10/27/2024,15:30,16795501,,GotSport,Soccer,U-14,HADDON TWP RED HAWKS 2011,LOGAN BLAZE 2011,HADDON TWP - RECCHINO FIELDS,,
10/27/2024,15:30,16795401,,GotSport,Soccer,U-11,PITTSGROVE SOCCER CLUB PSC PHANTOMS '14,UPPER TOWNSHIP SA HURRICANES WHITE 2014,PITTSGROVE-GREEN BRANCH,,
10/27/2024,15:30,16795353,,GotSport,Soccer,U-10,CINNAMINSON SC RAPTORS 2015,MAINLAND UNITED SA MUSTANGS BLACK 2015 B,CINNAMINSON SC - MEMORIAL,,
10/27/2024,15:30,16795194,,GotSport,Soccer,U-10,PENNSVILLE EAGLES BLUE 2015,MAINLAND UNITED SA MUSTANGS WHITE 2015-16 B,PENNSVILLE,,
10/27/2024,15:30,16795174,,GotSport,Soccer,U-10,LOGAN ARMADA BLUE 2015,HAMILTON ELITE FC PREMIER 2015B,LOGAN - TWP LINE,,
10/27/2024,15:30,16795093,,GotSport,Soccer,U-10,HADDON HEIGHTS SC CHEETAHS 2015,CAPE EXPRESS CE SILVER STREAK 2015,HADD HGTS - DEVON,,
10/27/2024,15:30,16794950,,GotSport,Soccer,U-9,MONROE UNITED 2016B,HARRISON LEGENDS 2016,MONROE TWP - CORKERY LANE,,
10/27/2024,15:30,16794889,,GotSport,Soccer,U-9,PITTSGROVE SOCCER CLUB PSC PRIME WHITE '16,VOORHEES SA DESTROYERS 2016,PITTSGROVE-GREEN BRANCH,,
10/27/2024,15:30,16794834,,GotSport,Soccer,U-8,MOORESTOWN SC HAWKS 2017,CINNAMINSON SC UNION 2017,MOORESTOWN - MEMORIAL FIELDS,,
10/27/2024,15:30,16794744,,GotSport,Soccer,U-9,PENNS GROVE SC DRAGONS 2016,HADDON HEIGHTS SC RUCKUS 2016,PG-CP-PED- Carney's Point Rec Center,,
10/27/2024,15:30,16794688,,GotSport,Soccer,U-8,TBAA REVOLUTION 2017,SJ FUTBOL CLUB HAMMERS 2017,TBAA-VALLEY BROOK,,
10/27/2024,15:30,16796783,,GotSport,Soccer,U-9,MARLTON SC CHIEFS WHITE 2016,CHERRY HILL FC 2016 JUNIOR BLACK,MARLTON - MEMORIAL,,
10/27/2024,15:30,16794585,,GotSport,Soccer,U-8,CINNAMINSON RED 2017,MANTUA CHAOS 2017,CINNAMINSON SC - MEMORIAL,,
10/27/2024,15:30,16794437,,GotSport,Soccer,U-11,MAINLAND UNITED SA MUSTANGS RED 2014 B,HADDONFIELD SC RED 2014 B,MAINLAND - MEMORIAL PARK,,
10/27/2024,15:30,16794386,,GotSport,Soccer,U-14,CLAYTON SA CLIPPERS 2011/2012,PITMAN SA PUMAS 2011,CLAYTON - BENTZ,,
10/27/2024,15:30,16794281,,GotSport,Soccer,U-12,VINELAND SA UNITED 2013,MEDFORD STRIKERS 2013 BOYS,VINELAND SA,,
10/27/2024,15:30,16796850,,GotSport,Soccer,U-13,PITTSGROVE SOCCER CLUB PSC SPURS '12,HADDONFIELD SC RED 2012,PITTSGROVE-GREEN BRANCH,,
10/27/2024,15:30,16796836,,GotSport,Soccer,U-13,WOODSTOWN THUNDER 2012,COLLINGSWOOD OAKLYN SOCCER CLUB KNIGHTS 2012,WOODSTOWN,,
10/27/2024,15:30,16796823,,GotSport,Soccer,U-13,TAR-KILL SOCCER CLUB TARKILL BARCELONA 2012,BERLIN SOCCER CLUB BALL BREAKERS 2012,TARKILL-STERLING HS,,
10/27/2024,15:30,16796808,,GotSport,Soccer,U-15,MARLTON SC CHIEFS WHITE 2010,EDGEWATER PARK ATHLETIC ASSOCIATION EP WIZARDS 2010,MARLTON - MEMORIAL,,
10/27/2024,15:40,16795316,,GotSport,Soccer,U-14,HARRISON SC THUNDER 2011,PITTSGROVE SOCCER CLUB PSC WOLVES '11,HARRISON - William Wilt Soccer Complex,,
10/27/2024,15:45,16796138,,GotSport,Soccer,U-8,MEDFORD SC 2017B WHITE,GATEWAY UNITED SOCCER CLUB GUSC B2017,MEDFORD - BENDE PARK,,
10/27/2024,15:45,16795937,,GotSport,Soccer,U-11,CHERRY HILL FC 2015 JUNIOR RED,VOORHEES SA VIPERS 2015,CHFC - DeCOU,,
10/27/2024,15:45,16794674,,GotSport,Soccer,U-8,TAR-KILL SOCCER CLUB TARKILL UNION 2017,CAPE EXPRESS CE 2017 BARCA,TARKILL-STERLING HS,,
10/27/2024,15:45,16796164,,GotSport,Soccer,U-8,HADDONFIELD SC FIRE 2017,CHERRY HILL SC CHERRY HILL SC COBRAS (2017) - BOYS,HADDONFIELD - CROWS WOODS,,
10/27/2024,15:45,16794570,,GotSport,Soccer,U-9,COLLINGSWOOD OAKLYN SOCCER CLUB SPARTANS 2016,SENECA UNITED SC 2016 EAGLES,COSC- Oaklyn Public School,,
10/27/2024,15:45,16794557,,GotSport,Soccer,U-9,HADDON TWP WHITE HAWKS 2016,CHERRY HILL SC CHERRY HILL SC 72S (2016) - BOYS,,,
10/27/2024,15:45,16796452,,GotSport,Soccer,U-10,WOODBURY BOLTS,MEDFORD SC GOLD 2015,WOODBURY,,
10/27/2024,15:45,16796541,,GotSport,Soccer,U-11,MARLTON SC CHIEFS SILVER 2014,NORTHERN BURLINGTON JACKALS 2015,MARLTON - MEMORIAL,,
10/27/2024,15:45,16796796,,GotSport,Soccer,U-9,WEST DEPTFORD SC WILDCATS 2016,ATLANTIC UNITED PREMIER BLACK 2016 B,W DEPTFORD-WD PARK,,
10/27/2024,15:45,16795279,,GotSport,Soccer,U-12,WOODSTOWN PREDATORS 2013,MOUNT LAUREL UNITED (MLU) TIGERS 2013,WOODSTOWN,,
10/27/2024,15:45,17563211,,GotSport,Soccer,U-11,SWEDESBORO WOOLWICH SOCCER ASSOC. SWSA LIGHTNING 2014,MEDFORD SC CAROLINA 2014,SW-Locke Avenue Park,,
10/27/2024,15:45,16796757,,GotSport,Soccer,U-9,HARRISON HURRICANES 2016,EAST GREENWICH SA EGSA ROYALS 2016,HARRISON - William Wilt Soccer Complex,,
10/27/2024,15:45,16796679,,GotSport,Soccer,U-9,RANCOCAS VALLEY SC 2016 BOYS PREMIER,MEDFORD SC WHITE 2016,Rancocas Valley-LUMBERTON MUNICIPAL,,
10/27/2024,15:45,16795127,,GotSport,Soccer,U-10,HIGHLAND YOUTH SOCCER CLUB STORM 2015,MOUNT LAUREL UNITED (MLU) SHARKS 2015,HIGHLAND - GLOUCESTER TWP PARK,,
10/27/2024,15:45,16795586,,GotSport,Soccer,U-12,MOORESTOWN SC RAPTORS 2013,EAST GREENWICH SA EGSA DYNAMO 2013,MOORESTOWN - SALEM RD/PRYOR PARK,,
10/27/2024,15:45,16794271,,GotSport,Soccer,U-12,HARRISON SC LIGHTNING 2013,MONROE UNITED 2013,HARRISON - William Wilt Soccer Complex,,
10/27/2024,15:45,16794754,,GotSport,Soccer,U-9,DELRAN FC SOCCER SHARKS 2016,GATEWAY UNITED SOCCER CLUB 2016 GUSC THUNDER,,,
10/27/2024,16:00,16794828,,GotSport,Soccer,U-8,SWEDESBORO WOOLWICH SOCCER ASSOC. SWSA FIREBALLS 2017,AUDUBON U8 BOYS 2017 TEAM 2,SW-Locke Avenue Park,,
10/27/2024,16:15,16796053,,GotSport,Soccer,U-10,MOUNT LAUREL UNITED (MLU) MLU WOLFPACK 2015,DEPTFORD LIGHTNING 2015,,,
10/27/2024,16:15,16796163,,GotSport,Soccer,U-8,AUDUBON U8 BOYS 2017 TEAM 1,WASHINGTON TWP SOCCER CLUB REBELS 2017,AUDUBON - GREEN WAVE PARK,,
10/27/2024,16:45,17674260,,GotSport,Soccer,U-18,VINELAND VIKINGS 2007,WOODSTOWN WOLVERINES 2007,VINELAND SA,,
10/06/2024,,17674282,,GotSport,Soccer,U-18,LOGAN REBELS 2009,WOODSTOWN ANGRY PIGS 2009,,,
10/20/2024,,17674264,,GotSport,Soccer,U-18,WOODSTOWN WOLVERINES 2007,MANTUA TOWNSHIP SA MTSA BOYS HS 7V7 TEAM,,,
10/27/2024,,17674266,,GotSport,Soccer,U-18,MONROE TOWNSHIP YS UNITED BLUE 2008,VINELAND VIKINGS 2007,,,
10/27/2024,,17674285,,GotSport,Soccer,U-18,VOORHEES SA AMBUSH 2009,LOGAN REBELS 2009,,,
10/27/2024,,17674265,,GotSport,Soccer,U-18,MANTUA TOWNSHIP SA MTSA BOYS HS 7V7 TEAM,WASHINGTON TWP SOCCER CLUB SPARTANS 2007,,,
10/06/2024,,17674281,,GotSport,Soccer,U-18,VOORHEES SA AMBUSH 2009,PENNSVILLE EAGLES 2010,,,
10/06/2024,,17674261,,GotSport,Soccer,U-18,WASHINGTON TWP SOCCER CLUB SPARTANS 2007,VINELAND VIKINGS 2007,,,
10/20/2024,,17674284,,GotSport,Soccer,U-18,PENNSVILLE EAGLES 2010,LOGAN REBELS 2009,,,
10/27/2024,,17674286,,GotSport,Soccer,U-18,WOODSTOWN ANGRY PIGS 2009,PENNSVILLE EAGLES 2010,,,
10/20/2024,,17674263,,GotSport,Soccer,U-18,WASHINGTON TWP SOCCER CLUB SPARTANS 2007,MONROE TOWNSHIP YS UNITED BLUE 2008,,,
10/06/2024,,17674262,,GotSport,Soccer,U-18,WOODSTOWN WOLVERINES 2007,MONROE TOWNSHIP YS UNITED BLUE 2008,,,
10/20/2024,,17674283,,GotSport,Soccer,U-18,WOODSTOWN ANGRY PIGS 2009,VOORHEES SA AMBUSH 2009,,,
