Date,Time,Game ID,Custom Game ID,Partner,Sport,Level,Home Team,Away Team,Site,Subsite,BillTo
03/02/2025,11:00,18720831,,GotSport,Soccer,U-13,HARRISON SC STRIKERS 2012,PITTSGROVE SOCCER CLUB PSC WARRIORS '12,HARRISON - William Wilt Soccer Complex,,
03/02/2025,11:00,18683061,,GotSport,Soccer,U-19,HIGHLAND YOUTH SOCCER CLUB FUSION,PALMYRA RIVERTON SC LEGACY 2006,HIGHLAND - GLOUCESTER TWP PARK,,
03/02/2025,11:00,18815509,,GotSport,Soccer,U-13,MARLTON SC CHIEFS WHITE 2012,VOORHEES SA PREDATORS 2013,MARLTON - MEMORIAL,,
03/02/2025,11:00,18750884,,GotSport,Soccer,U-14,CHERRY HILL FC 2011 STALLIONS,MEDFORD STRIKERS 2011 BOYS,CHFC - DeCOU,,
03/02/2025,11:00,19024850,,GotSport,Soccer,U-16,WINSLOW VIPERS 2009,SWEDESBORO WOOLWICH SOCCER ASSOC. SWSA FORCE 2009,,,
03/02/2025,11:00,18685451,,GotSport,Soccer,U-16,NORTHERN BURLINGTON SA BULLDOGS 2009,DEPTFORD AVENGERS 2009,NB- MANSFIELD TOWNSHIP ELEMENTARY SCHOOL,,
03/02/2025,11:00,18763770,,GotSport,Soccer,U-13,HADDONFIELD SC BLACK 2012,NORTHERN BURLINGTON CELTIC 2012,HADDONFIELD - CROWS WOODS,,
03/02/2025,11:00,18770958,,GotSport,Soccer,U-14,MOUNT LAUREL UNITED (MLU) WARRIORS 2011,NORTHERN BURLINGTON SA HOOLIGANS 2011,MLU-TROTTERS,,
03/02/2025,11:00,18755530,,GotSport,Soccer,U-11,AUDUBON ATTACK - BOYS 2014,MEDFORD SC CAROLINA 2014,AUDUBON - GREEN WAVE PARK,,
03/02/2025,12:00,18685450,,GotSport,Soccer,U-16,EAST GREENWICH SA EGSA THUNDER 2009,TAR-KILL SOCCER CLUB TARKILL BLUE DEVILS 2009,E GREENWICH - THOMPSON FAMILY PARK,,
03/02/2025,12:00,18815523,,GotSport,Soccer,U-13,UPPER TOWNSHIP SA FORCE GREEN 2012,VINELAND SA FURY 2012,UPPER TWP-Amanda's Field Complex,,
03/02/2025,12:00,18747943,,GotSport,Soccer,U-11,MOORESTOWN SC WOLVERINES 2014,CHERRY HILL SC CHERRY HILL SC WHITE (2014),MOORESTOWN - SALEM RD/PRYOR PARK,,
03/02/2025,12:00,18783448,,GotSport,Soccer,U-8,CHERRY HILL SC CHERRY HILL SC COBRAS 2017,CHERRY HILL FC 2017 JUNIOR BLACK,CHSC - UPPER CHAPEL TURF,,
03/02/2025,12:00,18760714,,GotSport,Soccer,U-9,RANCOCAS VALLEY SC 2016 BOYS PREMIER,MOORESTOWN SC WARRIORS 2016,Rancocas Valley-LUMBERTON MUNICIPAL,,
03/02/2025,12:00,18999207,,GotSport,Soccer,U-12,HADDON HEIGHTS SC 2013 BEAST BOYS,MOUNT LAUREL UNITED (MLU) GALAXY 2013,HADD HGTS - DEVON,,
03/02/2025,12:00,18695946,,GotSport,Soccer,U-11,RANCOCAS VALLEY SC RVSC '14 - CELTIC,MEDFORD STRIKERS 2014 BOYS,Rancocas Valley-LUMBERTON MUNICIPAL,,
03/02/2025,12:00,18754800,,GotSport,Soccer,U-11,EAST GREENWICH SA EGSA EAGLES 2014,FRANKLIN TOWNSHIP YOUTH SOCCER ASSOCIATION KNIGHTS 2014,E GREENWICH - THOMPSON FAMILY PARK,,
03/02/2025,12:00,18685413,,GotSport,Soccer,U-19,MAPLE SHADE AVENGERS 2007,WASHINGTON TWP SOCCER CLUB SPARTANS 2007,MAPLE SHADE - TURF FIELD,,
03/02/2025,12:00,18783593,,GotSport,Soccer,U-15,VOORHEES SA WARRIORS 2010,SWEDESBORO WOOLWICH SOCCER ASSOC. SWSA BLACK MAMBAS 2011,VOORHEES-EASTERN HS,,
03/02/2025,12:00,18821213,,GotSport,Soccer,U-11,COLLINGSWOOD OAKLYN SOCCER CLUB OUTLAWS 2014,DELRAN FC COBRAS 2015,COSC- Oaklyn Public School,,
03/02/2025,12:00,18742796,,GotSport,Soccer,U-10,MANTUA VIPERS 2015-2016,EDGEWATER PARK ATHLETIC ASSOCIATION EP WARRIORS 2015,MANTUA TWP,,
03/02/2025,12:00,18683024,,GotSport,Soccer,U-19,BORDENTOWN FC 2006,BURLINGTON TOWNSHIP SOCCER BULLS 2007-2008,BORDENTOWN - FRIENDSHIP FIELDS,,
03/02/2025,12:00,18994525,,GotSport,Soccer,U-11,DEPTFORD PREMIER FC '15 BOYS FUSION,CHERRY HILL SC CHERRY HILL SC UNITED 2014,DEPTFORD SC,,
03/02/2025,12:00,18770597,,GotSport,Soccer,U-10,LOGAN ARMADA BLACK 2015,CINNAMINSON SC PIRATES SEA DOGS 2015,LOGAN - TWP LINE,,
03/02/2025,12:00,18752598,,GotSport,Soccer,U-15,TBAA DYNAMO 2010,CINNAMINSON SC PIRATES 2010,TBAA-VALLEY BROOK,,
03/02/2025,12:15,18755560,,GotSport,Soccer,U-10,AUDUBON SOCCER YOUTH BOYS 2015 - HAMMERS,MOUNT LAUREL UNITED (MLU) KNIGHTS 2015 BOYS,AUDUBON - GREEN WAVE PARK,,
03/02/2025,12:30,18687225,,GotSport,Soccer,U-12,CHERRY HILL SC CHERRY HILL SC FORCE 2013,VOORHEES COSMOS 2013,CHSC - UPPER CHAPEL TURF,,
03/02/2025,12:30,18695945,,GotSport,Soccer,U-11,HADDONFIELD SC RED 2014 B,MAINLAND UNITED SA MUSTANGS RED 2014 B,HADDONFIELD - CROWS WOODS,,
03/02/2025,12:30,18720832,,GotSport,Soccer,U-13,TAR-KILL SOCCER CLUB TARKILL LIVERPOOL 2012,RANCOCAS VALLEY SC 2012 BOYS AVENGERS,TARKILL-STERLING HS,,
03/02/2025,12:30,18762605,,GotSport,Soccer,U-10,WEST DEPTFORD SC COBRAS 2015,DEPTFORD SA CYCLONES 2015,W DEPTFORD-WD PARK,,
03/02/2025,12:30,18819041,,GotSport,Soccer,U-14,HADDONFIELD SC WHITE 2011,HAMMONTON HEAT BOYS 2011,HADDONFIELD - CROWS WOODS,,
03/02/2025,12:30,18752451,,GotSport,Soccer,U-9,HADDONFIELD SC WHITE 2016,HIGHLAND YOUTH SOCCER CLUB HAVOK 2016,HADDONFIELD - CROWS WOODS,,
03/02/2025,12:30,18761175,,GotSport,Soccer,U-8,WASHINGTON TWP SOCCER CLUB REBELS 2017,SJ FUTBOL CLUB HAMMERS 2017,WASHINGTON TWP. - Levy Fields (Virtua),,
03/02/2025,12:30,18783285,,GotSport,Soccer,U-9,CAPE EXPRESS CE NOR'EASTERS 2016,GATEWAY UNITED SOCCER CLUB GUSC THUNDER B2016,CAPE EX SOCCER COMPLEX At Ockie Wisting,,
03/02/2025,12:30,18792460,,GotSport,Soccer,U-8,HADDON TWP. WHITE HAWKS 2017,VOORHEES SA VENOM 2017,,,
03/02/2025,12:30,18742794,,GotSport,Soccer,U-10,WATERFORD ATHLETIC ASSN WINGS 2015,SWEDESBORO WOOLWICH SOCCER ASSOC. SWSA HONEY BADGERS 2015,WATERFORD - BURNT MILL FIELD,,
03/02/2025,12:30,18687270,,GotSport,Soccer,U-12,MAINLAND UNITED SA MUSTANGS RED 2013 B,SJ FUTBOL CLUB SOUNDERS 2013,MAINLAND - MEMORIAL PARK,,
03/02/2025,12:30,18685361,,GotSport,Soccer,U-15,SJ FUTBOL CLUB WOLVES,BORDENTOWN FC PANTHERS 2010,SJFC - UPPER DEERFIELD RECREATION COMPLEX,,
03/02/2025,12:30,19024849,,GotSport,Soccer,U-16,MARLTON SC CHIEFS ORANGE 2009,TBAA STORM 2009,MARLTON - MEMORIAL,,
03/02/2025,12:30,18755353,,GotSport,Soccer,U-11,HADDON TWP WHITE HAWKS 2015,MOUNT LAUREL UNITED (MLU) COBRAS 2014,,,
03/02/2025,12:30,18822487,,GotSport,Soccer,U-11,PALMYRA RIVERTON SC TORNADOES 2014,MARLTON SC CHIEFS SILVER 2014,PAL-RIV CHARLES STREET SCHOOL Spring Season,,
03/02/2025,12:30,18793223,,GotSport,Soccer,U-11,PITTSGROVE SOCCER CLUB PSC MAVERICKS '14,WOODSTOWN WOLFPACK 2014,PITTSGROVE-GREEN BRANCH,,
03/02/2025,12:30,18755354,,GotSport,Soccer,U-11,MONROE TOWNSHIP YS UNITED BOYS 2014 BLUE,MOORESTOWN SC GUARDIANS 2014,MONROE TWP - CORKERY LANE,,
03/02/2025,12:30,18720588,,GotSport,Soccer,U-9,HADDONFIELD SC RED 2016,ATLANTIC UNITED PREMIER BLACK 2016 B,HADDONFIELD - CROWS WOODS,,
03/02/2025,12:30,18755500,,GotSport,Soccer,U-12,EGG HARBOR SC EAGLES 2013 BLACK,PITTSGROVE SOCCER CLUB PSC PYTHONS '13,Egg Harbor Twp HS,,
03/02/2025,12:30,18815492,,GotSport,Soccer,U-14,BURLINGTON TOWNSHIP SOCCER REBELS 2011,WEST DEPTFORD SC WOLFPACK 2011,BURLINGTON TWP - PINEWALD AVE,,
03/02/2025,12:30,18793357,,GotSport,Soccer,U-12,CINNAMINSON SC STRIKERS 2013,MILLVILLE REBELS 2013,CINNAMINSON SC - MEMORIAL,,
03/02/2025,12:30,18685829,,GotSport,Soccer,U-14,CHERRY HILL SC CHAOS 2011,PITTSGROVE SOCCER CLUB PSC WOLVES '11,CHSC - CH WEST HS,,
03/02/2025,12:30,18734111,,GotSport,Soccer,U-14,LOGAN BLAZE 2011,MONROE TOWNSHIP YS UNITED WHITE 2011,LOGAN - TWP LINE,,
03/02/2025,12:30,18720586,,GotSport,Soccer,U-9,MOUNT LAUREL UNITED (MLU) REVOLUTION 2016,CINNAMINSON SC LIGHTNING 2016,MLU-MARNE HWY,,
03/02/2025,12:30,18815477,,GotSport,Soccer,U-14,DELRAN FC FLASH 2011,WASHINGTON TWP SOCCER CLUB REGULATORS 2011,Delran Middle School,,
03/02/2025,12:30,18755559,,GotSport,Soccer,U-10,CINNAMINSON SC PRIME 2015,VOORHEES SA COBRAS 2015,CINNAMINSON SC - MEMORIAL,,
03/02/2025,12:30,18769262,,GotSport,Soccer,U-13,GATEWAY UNITED SOCCER CLUB GUSC STINGRAYS B2012,HIGHLAND YOUTH SOCCER CLUB FORCE 2012,GATEWAY UTD. - WESTVILLE,,
03/02/2025,12:30,18753501,,GotSport,Soccer,U-10,MOORESTOWN SC VIPERS 2015,DEPTFORD SA LIGHTNING 2015,MOORESTOWN - MEMORIAL FIELDS,,
03/02/2025,12:30,18758193,,GotSport,Soccer,U-14,PENNSAUKEN YOUTH SOCCER CLUB WARRIORS 2011,CAPE EXPRESS SURGE 2011,Pennsauken Community Recreation Facility,,
03/02/2025,12:30,18758191,,GotSport,Soccer,U-14,CHERRY HILL FC 2011 AVENGERS,UPPER TOWNSHIP SA TSUNAMIS 2011,CHFC - DeCOU,,
03/02/2025,12:30,18814246,,GotSport,Soccer,U-13,WASHINGTON TWP SOCCER CLUB PREDATORS 2012,PITTSGROVE SOCCER CLUB PSC SPURS '12,WASHINGTON TWP-WASH LAKE PARK,,
03/02/2025,12:30,18772736,,GotSport,Soccer,U-11,LOGAN CHARGE BLACK 2014,WEST DEPTFORD SC EAGLES 2014,LOGAN - TWP LINE,,
03/02/2025,12:30,18762635,,GotSport,Soccer,U-10,HARRISON BLUE REBELS 2015,MOUNT LAUREL UNITED (MLU) WOLFPACK 2015,HARRISON - William Wilt Soccer Complex,,
03/02/2025,12:30,18802308,,GotSport,Soccer,U-9,MONROE UNITED 2016 BOYS,DELRAN FC UNION 2016,MONROE TWP - CORKERY LANE,,
03/02/2025,12:30,18820553,,GotSport,Soccer,U-13,BERLIN SOCCER CLUB BALL BREAKERS 2012,MILLVILLE LYNX 2012,BERLIN SC - FRANKLIN FIELDS,,
03/02/2025,12:30,18815153,,GotSport,Soccer,U-11,SENECA UNITED SC THUNDER 2014,VOORHEES SA LIGHTNING 2014,SENECA - STONEY CREEK FIELDS,,
03/02/2025,12:30,18701085,,GotSport,Soccer,U-11,CAPE EXPRESS CE ENGINEERS 2014,PITTSGROVE SOCCER CLUB PSC PHANTOMS '14,CAPE EX SOCCER COMPLEX At Ockie Wisting,,
03/02/2025,12:30,18999208,,GotSport,Soccer,U-12,WASHINGTON TWP SOCCER CLUB RAPTORS 2013,PENNSVILLE EAGLES 2013,WASHINGTON TWP-WASH LAKE PARK,,
03/02/2025,12:30,18820551,,GotSport,Soccer,U-13,COLLINGSWOOD OAKLYN SOCCER CLUB KNIGHTS 2012,CHERRY HILL SC ROYALS 2012,WOODBURY,,
03/02/2025,12:30,18814490,,GotSport,Soccer,U-9,MARLTON SC CHIEFS WHITE 2016,EGG HARBOR SC EAGLES 2016 BLACK,MARLTON - MEMORIAL,,
03/02/2025,12:30,18755528,,GotSport,Soccer,U-11,MANTUA TOWNSHIP SA OUTLAWS 2014,HADDON HEIGHTS SC 2014 MIGHTY TITANS,MANTUA TWP,,
03/02/2025,12:30,18747945,,GotSport,Soccer,U-11,HARRISON STRIKERS 2014,HADDONFIELD SC BLACK 2014,HARRISON - William Wilt Soccer Complex,,
03/02/2025,12:30,18761426,,GotSport,Soccer,U-12,MARLTON SC CHIEFS ORANGE 2014,MONROE UNITED 2013,MARLTON - MEMORIAL,,
03/02/2025,12:30,18695862,,GotSport,Soccer,U-14,PITMAN SA PUMAS 2011,MAINLAND UNITED SA MUSTANGS WHITE 2011-12 B,PITMAN - ALCYON LAKE,,
03/02/2025,12:30,18696044,,GotSport,Soccer,U-9,CINNAMINSON SC CHAOS 2016,EAST GREENWICH SA EGSA LIONS 2016,CINNAMINSON SC - MEMORIAL,,
03/02/2025,12:30,18783583,,GotSport,Soccer,U-15,HARRISON SC STORM 2010,HIGHLAND YOUTH SOCCER CLUB RAPTORS 2010,HARRISON - William Wilt Soccer Complex,,
03/02/2025,12:30,18814489,,GotSport,Soccer,U-9,SENECA UNITED SC RAPTORS 2016,VOORHEES SA DESTROYERS 2016,SENECA - STONEY CREEK FIELDS,,
03/02/2025,12:30,18755498,,GotSport,Soccer,U-12,MEDFORD SC MAYHEM 2013,AUDUBON SOCCER YOUTH WILD WINGS 2013,MEDFORD - BENDE PARK,,
03/02/2025,12:30,18771988,,GotSport,Soccer,U-10,HIGHLAND YOUTH SOCCER CLUB LIGHTNING 2015,MAINLAND UNITED SA MUSTANGS BLACK 2015 B,HIGHLAND - GLOUCESTER TWP PARK,,
03/02/2025,12:30,18695947,,GotSport,Soccer,U-11,PENNSAUKEN YOUTH SOCCER CLUB AVENGERS 2014,MARLTON SC CHIEFS WHITE 2014,Pennsauken Community Recreation Facility,,
03/02/2025,12:30,18753500,,GotSport,Soccer,U-10,HARRISON STRIKERS 2015,WASHINGTON UNITED SOCCER CLUB WUSC 2015,HARRISON - William Wilt Soccer Complex,,
03/02/2025,12:40,18720830,,GotSport,Soccer,U-13,WINSLOW DYNAMO 2012,CINNAMINSON SC CHARGE 2012,,,
03/02/2025,12:40,18683063,,GotSport,Soccer,U-19,HIGHLAND YOUTH SOCCER CLUB GALAXY 2008,MAINLAND UNITED SA MUSTANGS 2009 B,HIGHLAND - GLOUCESTER TWP PARK,,
03/02/2025,12:40,18754957,,GotSport,Soccer,U-13,NORTHERN BURLINGTON SA BLUES 2013,CINNAMINSON SC SKULLS 2012,NB- MANSFIELD TOWNSHIP ELEMENTARY SCHOOL,,
03/02/2025,13:15,18821140,,GotSport,Soccer,U-12,DEPTFORD SA TORNADOES 2013,VOORHEES SA RAPTORS 2013,DEPTFORD SC,,
03/02/2025,13:15,18783493,,GotSport,Soccer,U-9,LOGAN APOLLO 2016,UPPER TOWNSHIP SA THUNDER 2016,LOGAN - TWP LINE,,
03/02/2025,13:15,18793358,,GotSport,Soccer,U-12,COLLINGSWOOD OAKLYN SOCCER CLUB TITANS 2013,WOODSTOWN WOLVERINES 2013,COSC- Oaklyn Public School,,
03/02/2025,13:15,18700881,,GotSport,Soccer,U-9,CHERRY HILL SC CHERRY HILL SC 72S 2016,MEDFORD SC GOLD 2016,CHSC - UPPER CHAPEL TURF,,
03/02/2025,13:15,18752450,,GotSport,Soccer,U-9,RANCOCAS VALLEY SC 2016 BOYS UNITED,MOORESTOWN SC DRAGONS 2016,Rancocas Valley-LUMBERTON MUNICIPAL,,
03/02/2025,13:15,18687223,,GotSport,Soccer,U-12,EAST GREENWICH SA EGSA PANTHERS 2013,HIGHLAND YOUTH SOCCER CLUB CHAOS 2013,E GREENWICH - THOMPSON FAMILY PARK,,
03/02/2025,13:15,18822550,,GotSport,Soccer,U-9,HADDON HEIGHTS SC 2016 RUCKUS,UPPER TOWNSHIP SA BREAKERS 2016,HADD HGTS - DEVON,,
03/02/2025,13:15,18754799,,GotSport,Soccer,U-11,RANCOCAS VALLEY SC RVSC - '14 FOREST,LOGAN CHARGE BLUE 2014,Rancocas Valley-LUMBERTON MUNICIPAL,,
03/02/2025,13:15,18700910,,GotSport,Soccer,U-9,MANTUA TOWNSHIP SA MAMBAS 2016,MOORESTOWN SC UNITED 2016,MANTUA TWP,,
03/02/2025,13:15,18821139,,GotSport,Soccer,U-12,MOORESTOWN SC RAPTORS 2013,UPPER TOWNSHIP SA CYCLONES 2013,MOORESTOWN - SALEM RD/PRYOR PARK,,
03/02/2025,13:30,18771389,,GotSport,Soccer,U-10,AUDUBON BOYS 2015,CHERRY HILL FC 2015 JUNIOR WHITE,AUDUBON - GREEN WAVE PARK,,
03/02/2025,13:30,18701084,,GotSport,Soccer,U-11,UPPER TOWNSHIP SA HURRICANES WHITE 2014,CINNAMINSON SC CHARGERS 2014,UPPER TWP-Amanda's Field Complex,,
03/02/2025,13:45,18769277,,GotSport,Soccer,U-13,VOORHEES SA FORCE 2012,VINELAND SA JERSEY BOYZ 2012,VOORHEES-EASTERN HS,,
03/02/2025,13:45,18752600,,GotSport,Soccer,U-15,EAST GREENWICH SA EGSA CHARGERS 2010,AUDUBON SOCCER YOUTH UNITED 2010,E GREENWICH - THOMPSON FAMILY PARK,,
03/02/2025,13:45,18752597,,GotSport,Soccer,U-15,MAPLE SHADE BEST ELEVEN 2010,CHERRY HILL SC CHERRY HILL SC THUNDERBOLTS (2010-2011),MAPLE SHADE - TURF FIELD,,
03/02/2025,13:45,18734110,,GotSport,Soccer,U-14,TBAA TITANS 2011,BORDENTOWN FC JAGUARS 2011,TBAA-VALLEY BROOK,,
03/02/2025,13:45,18750899,,GotSport,Soccer,U-14,BORDENTOWN FC RENEGADES 2011,HADDONFIELD SC RED 2011,BORDENTOWN - FRIENDSHIP FIELDS,,
03/02/2025,14:00,18802307,,GotSport,Soccer,U-9,WASHINGTON UNITED SOCCER CLUB WUSC 2016,CHERRY HILL SC CHERRY HILL SC THUNDER (2016),WASHINGTON TWP. - Levy Fields (Virtua),,
03/02/2025,14:00,18730843,,GotSport,Soccer,U-11,TBAA REVOLUTION 2015,UPPER TOWNSHIP SA HURRICANES GREEN 2014,TBAA-VALLEY BROOK,,
03/02/2025,14:00,18730844,,GotSport,Soccer,U-11,TAR-KILL SOCCER CLUB TARKILL CHELSEA 2014,MEDFORD SC AVENGERS 2014,TARKILL-STERLING HS,,
03/02/2025,14:00,18756979,,GotSport,Soccer,U-10,WINSLOW TITANS 2015,MEDFORD SC WHITE 2015,,,
03/02/2025,14:00,18814488,,GotSport,Soccer,U-9,WEST DEPTFORD SC WILDCATS 2016,PITMAN SA BOBCATS 2016,W DEPTFORD-WD PARK,,
03/02/2025,14:00,18756941,,GotSport,Soccer,U-12,CINNAMINSON SC THUNDERBIRDS 2013,MEDFORD STRIKERS 2013 BOYS,CINNAMINSON SC - MEMORIAL,,
03/02/2025,14:00,18756942,,GotSport,Soccer,U-12,PENNSAUKEN YOUTH SOCCER CLUB REBELS 2013,CAPE EXPRESS CE 2014 UNION,Pennsauken Community Recreation Facility,,
03/02/2025,14:00,18814263,,GotSport,Soccer,U-13,CAPE EXPRESS WHITE CAPS 2012,CHERRY HILL FC 2012 JUNIORS BLACK,CAPE EX SOCCER COMPLEX At Ockie Wisting,,
03/02/2025,14:00,18822552,,GotSport,Soccer,U-9,PALMYRA RIVERTON SC LEGENDARY 2016,WEST DEPTFORD SC TSUNAMI 2016,PAL-RIV CHARLES STREET SCHOOL Spring Season,,
03/02/2025,14:00,18770959,,GotSport,Soccer,U-14,GATEWAY UNITED SOCCER CLUB GUSC WILDCATS B2011,HARRISON SC ARSENAL 2011,GATEWAY UTD. - WESTVILLE,,
03/02/2025,14:00,18752449,,GotSport,Soccer,U-9,HADDONFIELD SC GREY 2016,MILLVILLE THUNDER 2016,HADDONFIELD - CROWS WOODS,,
03/02/2025,14:00,18769263,,GotSport,Soccer,U-13,LOGAN FORCE 2012,MAINLAND UNITED SA MUSTANGS RED 2012 B,LOGAN - TWP LINE,,
03/02/2025,14:00,18772704,,GotSport,Soccer,U-10,HIGHLAND YOUTH SOCCER CLUB STORM 2015,MEDFORD SC GOLD 2015,HIGHLAND - GLOUCESTER TWP PARK,,
03/02/2025,14:00,18772706,,GotSport,Soccer,U-10,MOORESTOWN SC HORNETS 2015,DEPTFORD SA THUNDER 2015,MOORESTOWN - MEMORIAL FIELDS,,
03/02/2025,14:00,18822485,,GotSport,Soccer,U-11,HADDON TWP WHITE HAWKS 2014,MEDFORD SC GOLD 2014,,,
03/02/2025,14:00,18752599,,GotSport,Soccer,U-15,HADDONFIELD SC WHITE 2010,FRANKLIN TOWNSHIP YOUTH SOCCER ASSOCIATION STORM 2010,HADDONFIELD - CROWS WOODS,,
03/02/2025,14:00,18700809,,GotSport,Soccer,U-12,BARRINGTON SC REVOLUTION 2013,PALMYRA RIVERTON SC HURRICANES 2013,BARRINGTON-DEERE FIELD,,
03/02/2025,14:00,18695990,,GotSport,Soccer,U-12,WASHINGTON TWP SOCCER CLUB DAREDEVILS 2013,VINELAND TERMINATORS 2013,WASHINGTON TWP-WASH LAKE PARK,,
03/02/2025,14:00,18763772,,GotSport,Soccer,U-13,PENNSAUKEN YOUTH SOCCER CLUB TITANS 2012,EDGEWATER PARK ATHLETIC ASSOCIATION EP UNITED 2012,Pennsauken Community Recreation Facility,,
03/02/2025,14:00,18771374,,GotSport,Soccer,U-10,MOUNT LAUREL UNITED (MLU) SHARKS 2015,NORTHERN BURLINGTON STORM 2015,MLU-MARNE HWY,,
03/02/2025,14:00,18743078,,GotSport,Soccer,U-12,HARRISON SC LIGHTNING 2013,HADDON HEIGHTS SC 2013 YOUNG BOYS,HARRISON - William Wilt Soccer Complex,,
03/02/2025,14:00,18821214,,GotSport,Soccer,U-11,EGG HARBOR SC EAGLES 2014,VOORHEES SA VIKINGS 2014,Egg Harbor Twp HS,,
03/02/2025,14:00,18762665,,GotSport,Soccer,U-8,HARRISON HURRICANES 2017,PITMAN SA PANTHERS 2017,HARRISON - William Wilt Soccer Complex,,
03/02/2025,14:00,18771989,,GotSport,Soccer,U-10,CAPE EXPRESS CE SILVER STREAK 2015,EGG HARBOR SC EAGLES 2015 WHITE,CAPE EX SOCCER COMPLEX At Ockie Wisting,,
03/02/2025,14:00,18999209,,GotSport,Soccer,U-12,BERLIN SOCCER CLUB BULLDOGS 2013,MAINLAND UNITED SA MUSTANGS WHITE 2013-14 B,BERLIN SC - FRANKLIN FIELDS,,
03/02/2025,14:00,18743080,,GotSport,Soccer,U-12,MANTUA TOWNSHIP SA MTSA ELITE 2014,HADDONFIELD SC RED 2013,MANTUA TWP,,
03/02/2025,14:00,18783450,,GotSport,Soccer,U-8,BORDENTOWN FC REVOLUTION 2017,MEDFORD SC 2017B WHITE (LIGHTNING),BORDENTOWN - FRIENDSHIP FIELDS,,
03/02/2025,14:00,18822536,,GotSport,Soccer,U-9,FRANKLIN TOWNSHIP YOUTH SOCCER ASSOCIATION UNITED 2016,LOGAN SUPERNOVA 2016,FRANKLIN TWP YOUTH COMPLEX,,
03/02/2025,14:00,18700912,,GotSport,Soccer,U-9,MARLTON SC CHIEFS ORANGE 2016,MOUNT LAUREL UNITED (MLU) GLADIATORS 2016,MARLTON - MEMORIAL,,
03/02/2025,14:00,18743079,,GotSport,Soccer,U-12,MONROE TOWNSHIP YS UNITED BOYS 2013 BLUE,HIGHLAND YOUTH SOCCER CLUB FURY 2013,MONROE TWP - CORKERY LANE,,
03/02/2025,14:00,18748974,,GotSport,Soccer,U-8,WATERFORD ATHLETIC ASSN WINGS 2017,WEST DEPTFORD SC WARRIORS 2017,WATERFORD - BURNT MILL FIELD,,
03/02/2025,14:00,18753946,,GotSport,Soccer,U-8,MONROE TOWNSHIP YS 2017 MONROE UNITED,MEDFORD SC 2017B NAVY (RENEGADES),MONROE TWP - CORKERY LANE,,
03/02/2025,14:00,18783482,,GotSport,Soccer,U-11,DELRAN FC SOCCER DELRAN FC KNIGHTS 2014,CHERRY HILL FC 2015 JUNIOR RED,DELRAN-DEUTSCH FIELD,,
03/02/2025,14:00,18820554,,GotSport,Soccer,U-13,PITMAN SA JAGUARS 2012,WINSLOW GREEN DRAGONS 2012,PITMAN - ALCYON LAKE,,
03/02/2025,14:00,18820552,,GotSport,Soccer,U-13,SENECA UNITED SC PRIDE 2012,TAR-KILL SOCCER CLUB TARKILL BARCELONA 2012,SENECA - STONEY CREEK FIELDS,,
03/02/2025,14:00,18754798,,GotSport,Soccer,U-11,WEST DEPTFORD SC AVALANCHE 2014,HAMILTON ELITE FC PREMIER 2015B,W DEPTFORD-WD PARK,,
03/02/2025,14:00,18761493,,GotSport,Soccer,U-10,SENECA UNITED SC RAPTORS 2015,CHERRY HILL SC CHERRY HILL SC COMETS (2015),SENECA - STONEY CREEK FIELDS,,
03/02/2025,14:00,18695864,,GotSport,Soccer,U-14,CHERRY HILL FC 2011/2012 COBRAS,PENNS GROVE SC RAGE 2011,CHFC - DeCOU,,
03/02/2025,14:00,18754955,,GotSport,Soccer,U-13,CHERRY HILL SC CHERRY HILL SC COBRAS 2012,FRANKLIN TOWNSHIP YOUTH SOCCER ASSOCIATION CRUSADERS 2012,CHSC - CH WEST HS,,
03/02/2025,14:00,18687256,,GotSport,Soccer,U-12,CHERRY HILL SC THUNDER 2013,TAR-KILL SOCCER CLUB TARKILL KNIGHTS 2013,CHSC - UPPER CHAPEL TURF,,
03/02/2025,14:00,18700911,,GotSport,Soccer,U-9,HARRISON LEGENDS 2016,PITTSGROVE SOCCER CLUB PSC PRIME BLACK '16,HARRISON - William Wilt Soccer Complex,,
03/02/2025,14:00,18819040,,GotSport,Soccer,U-14,WASHINGTON TWP SOCCER CLUB CHAOS 11/12,MOORESTOWN SC LIGHTNING 2011,WASHINGTON TWP-WASH LAKE PARK,,
03/02/2025,14:00,18791880,,GotSport,Soccer,U-10,PITTSGROVE SOCCER CLUB PSC GALAXY '15,MAPLE SHADE WILD 2015,PITTSGROVE-GREEN BRANCH,,
03/02/2025,14:00,18815522,,GotSport,Soccer,U-13,BURLINGTON TOWNSHIP SOCCER DRAGONS 2012,ATLANTIC UNITED PREMIER KICKERS 2013 B,BURLINGTON TWP - PINEWALD AVE,,
03/02/2025,14:00,18687255,,GotSport,Soccer,U-12,MEDFORD SC BLUE DEVILS 2013,MARLTON SC CHIEFS WHITE 2013,MEDFORD - BENDE PARK,,
03/02/2025,14:00,18760713,,GotSport,Soccer,U-9,HADDON TWP RED HAWKS 2016,HARRISON HORNETS 2016,,,
03/02/2025,14:00,18791881,,GotSport,Soccer,U-10,CINNAMINSON SC BANDITS 2015,VOORHEES SA PYTHONS 2015,CINNAMINSON SC - MEMORIAL,,
03/02/2025,14:00,18760206,,GotSport,Soccer,U-8,CINNAMINSON SC UNION 2017,AUDUBON BOYS 2017 TEAM 2,CINNAMINSON SC - MEMORIAL,,
03/02/2025,14:00,18720601,,GotSport,Soccer,U-9,MAINLAND UNITED SA MUSTANGS RED 2016 B,DELRAN FC SOCCER SHARKS 2016,MAINLAND - MEMORIAL PARK,,
03/02/2025,14:00,18685362,,GotSport,Soccer,U-15,MOUNT LAUREL UNITED (MLU) FORCE 2010,WASHINGTON TWP SOCCER CLUB RENEGADES 2010,MLU-TROTTERS,,
03/02/2025,14:00,18759172,,GotSport,Soccer,U-10,HADDONFIELD SC BLACK 2015 B,MONROE TOWNSHIP YS 2015 UNITED BLUE,HADDONFIELD - CROWS WOODS,,
03/02/2025,14:00,18815479,,GotSport,Soccer,U-14,WOODBURY SOCCER CLUB WOODBURY ARMORY 2011,CINNAMINSON SC STORM 2011,WOODBURY,,
03/02/2025,14:00,18687224,,GotSport,Soccer,U-12,MOUNT LAUREL UNITED (MLU) TIGERS 2013,MARLTON SC CHIEFS BLACK 2013,MLU-TROTTERS,,
03/02/2025,14:00,18793359,,GotSport,Soccer,U-12,LOGAN FLASH 2013,HADDONFIELD SC BLACK 2013,LOGAN - TWP LINE,,
03/02/2025,14:00,18759170,,GotSport,Soccer,U-10,MOORESTOWN SC DEVIL RAYS 2015,BURLINGTON TOWNSHIP SOCCER THUNDER2015,MOORESTOWN - MEMORIAL FIELDS,,
03/02/2025,14:00,18755558,,GotSport,Soccer,U-10,EAST GREENWICH SA EGSA BLACK KNIGHTS 2015,HADDONFIELD SC RED 2015 B,E GREENWICH - THOMPSON FAMILY PARK,,
03/02/2025,14:00,18793389,,GotSport,Soccer,U-10,WASHINGTON TWP SOCCER CLUB RAPTORS 2015,CHERRY HILL FC 2015 JUNIORS BLACK,WASHINGTON TWP- H.S.,,
03/02/2025,14:00,18815447,,GotSport,Soccer,U-14,DELRAN FC BLAST 2011,VINELAND SA STRIKERS 2011,Delran Middle School,,
03/02/2025,14:00,18700807,,GotSport,Soccer,U-12,HADDONFIELD SC WHITE 2013,MOORESTOWN SC DRAGONS 2013,HADDONFIELD - CROWS WOODS,,
03/02/2025,14:00,18815154,,GotSport,Soccer,U-11,MARLTON SC CHIEFS ORANGE 2015,WASHINGTON TWP SOCCER CLUB TERROR 2014,MARLTON - MEMORIAL,,
03/02/2025,14:10,18683026,,GotSport,Soccer,U-19,HARRISON TITANS FÚTBOL ACADEMY,GATEWAY UNITED SOCCER CLUB GUSC WARRIORS B2006,HARRISON - William Wilt Soccer Complex,,
03/02/2025,14:10,18818831,,GotSport,Soccer,U-15,MARLTON SC CHIEFS WHITE 2010,PALMYRA RIVERTON SC UNION 2010,MARLTON - MEMORIAL,,
03/02/2025,14:10,18815449,,GotSport,Soccer,U-14,WINSLOW WILDCATS 2011,MOORESTOWN SC BLACK KNIGHTS 2011,,,
03/02/2025,14:10,18755434,,GotSport,Soccer,U-13,NORTHERN BURLINGTON SA RANGERS 2012,AUDUBON SOCCER YOUTH BALLERS 2012,NB- MANSFIELD TOWNSHIP ELEMENTARY SCHOOL,,
03/02/2025,14:15,19024848,,GotSport,Soccer,U-16,SJ FUTBOL CLUB RAPIDS 2009,PENNSVILLE EAGLES 2010/2009,SJFC - UPPER DEERFIELD RECREATION COMPLEX,,
03/02/2025,14:20,18685414,,GotSport,Soccer,U-19,HIGHLAND YOUTH SOCCER CLUB HURRICANES 2008,MEDFORD SC ,HIGHLAND - GLOUCESTER TWP PARK,,
03/02/2025,14:30,18821141,,GotSport,Soccer,U-12,EAST GREENWICH SA EGSA DYNAMO 2013,FRANKLIN TOWNSHIP YOUTH SOCCER ASSOCIATION ENFORCERS 2013,E GREENWICH - THOMPSON FAMILY PARK,,
03/02/2025,14:30,18735654,,GotSport,Soccer,U-8,MANTUA CHAOS 2017,HADDONFIELD SC FIRE 2017,MANTUA TWP,,
03/02/2025,14:30,18756977,,GotSport,Soccer,U-10,HADDON HEIGHTS SC 2015 CHEETAHS,VINELAND AVENGERS 2015,HADD HGTS - DEVON,,
03/02/2025,14:30,18822551,,GotSport,Soccer,U-9,COLLINGSWOOD OAKLYN SOCCER CLUB WARRIORS 2016,HARRISON HURRICANES 2016,COSC- Oaklyn Public School,,
03/02/2025,14:30,18756978,,GotSport,Soccer,U-10,RANCOCAS VALLEY SC 2015 BOYS STEALTH,MEDFORD STRIKERS 2015 BOYS,Rancocas Valley-LUMBERTON MUNICIPAL,,
03/02/2025,14:30,18756940,,GotSport,Soccer,U-12,MOORESTOWN SC GOLDEN EAGLES 2013,VINELAND SA UNITED 2013,MOORESTOWN - SALEM RD/PRYOR PARK,,
03/02/2025,14:30,18815168,,GotSport,Soccer,U-11,DEPTFORD SA UNITED 2014,SWEDESBORO WOOLWICH SOCCER ASSOC. SWSA LIGHTNING 2014,DEPTFORD SC,,
03/02/2025,14:30,18762603,,GotSport,Soccer,U-10,LOGAN ARMADA BLUE 2015,PITMAN SA WILDCATS 2015,LOGAN - TWP LINE,,
03/02/2025,14:30,18753502,,GotSport,Soccer,U-10,CHERRY HILL SC CHERRY HILL SC WARRIORS 2015,SWEDESBORO WOOLWICH SOCCER ASSOC. SWSA STRIKERS 2015,CHSC - UPPER CHAPEL TURF,,
03/02/2025,14:30,18695863,,GotSport,Soccer,U-14,RANCOCAS VALLEY SC BOYS 2011 UNITED,EGG HARBOR SC EAGLES 2011/2012 BLACK,Rancocas Valley-LUMBERTON MUNICIPAL,,
03/02/2025,14:45,18793449,,GotSport,Soccer,U-9,AUDUBON 2016 BOYS,NORTHERN BURLINGTON BOOM 2016,AUDUBON - GREEN WAVE PARK,,
03/02/2025,14:45,18793390,,GotSport,Soccer,U-10,UPPER TOWNSHIP SA SUPER SONICS 2015,HADDON TWP RED HAWKS 2015,UPPER TWP-Amanda's Field Complex,,
03/02/2025,15:30,18770960,,GotSport,Soccer,U-14,PEMBERTON SC PUNISHERS 2011,MEDFORD SC COLUMBIA 2011,PEMBERTON - HIGH SCHOOL,,
03/02/2025,15:30,18747944,,GotSport,Soccer,U-11,WATERFORD ATHLETIC ASSN WINGS 2014,TAR-KILL SOCCER CLUB TARKILL 2015 BLUE,WATERFORD - BURNT MILL FIELD,,
03/02/2025,15:30,18822486,,GotSport,Soccer,U-11,DELRAN FC HAWKS 2014,PENNSVILLE EAGLES 2014,DELRAN-DEUTSCH FIELD,,
03/02/2025,15:30,18747978,,GotSport,Soccer,U-11,BORDENTOWN FC UNION 2014,TBAA REVOLUTION 2014,BORDENTOWN - FRIENDSHIP FIELDS,,
03/02/2025,15:30,18822522,,GotSport,Soccer,U-9,TAR-KILL SOCCER CLUB TARKILL 2016 BOYS,CINNAMINSON SC TITANS 2016,TARKILL-STERLING HS,,
03/02/2025,15:30,18821212,,GotSport,Soccer,U-11,WASHINGTON TWP SOCCER CLUB WARRIORS 2014,CINNAMINSON SC AVENGERS 2014,WASHINGTON TWP-WASH LAKE PARK,,
03/02/2025,15:30,18753931,,GotSport,Soccer,U-8,HARRISON UNITED 2017,WASHINGTON UNITED SOCCER CLUB WUSC 2017,HARRISON - William Wilt Soccer Complex,,
03/02/2025,15:30,18742795,,GotSport,Soccer,U-10,COHANSEY SC DYNAMO 2015,MAINLAND UNITED SA MUSTANGS WHITE 2015-16 B,Cohansey - Cumberland County Tech School,,
03/02/2025,15:30,18754994,,GotSport,Soccer,U-13,MEDFORD SC DESTROYERS 2012,PITTSGROVE SOCCER CLUB PSC REVOLUTION '13,MEDFORD - BENDE PARK,,
03/02/2025,15:30,18685363,,GotSport,Soccer,U-15,PENNSAUKEN YOUTH SOCCER CLUB CYCLONES 2010,EDGEWATER PARK ATHLETIC ASSOCIATION EP WIZARDS 2010,Pennsauken Community Recreation Facility,,
03/02/2025,15:30,18755435,,GotSport,Soccer,U-13,HADDONFIELD SC RED 2012,PENNSVILLE EAGLES 2012,HADDONFIELD - CROWS WOODS,,
03/02/2025,15:30,18755436,,GotSport,Soccer,U-13,EAST GREENWICH SA EGSA VENOM 2012,SWEDESBORO WOOLWICH SOCCER ASSOC. SWSA SHARKS 2012,E GREENWICH - THOMPSON FAMILY PARK,,
03/02/2025,15:30,18815448,,GotSport,Soccer,U-14,MONROE TOWNSHIP YS UNITED BOYS 2011 BLUE,VOORHEES SA BLUES 2011,MONROE TWP - CORKERY LANE,,
03/02/2025,15:30,18755529,,GotSport,Soccer,U-11,CHERRY HILL SC CHERRY HILL SC FORCE 2014,HAMMONTON HEAT BOYS 2014,CHSC - UPPER CHAPEL TURF,,
03/02/2025,15:30,18748975,,GotSport,Soccer,U-8,PALMYRA RIVERTON SC RIPPERS 2017,MAPLE SHADE CHAOS 2017,PAL-RIV CHARLES STREET SCHOOL Spring Season,,
03/02/2025,15:30,18735653,,GotSport,Soccer,U-8,TBAA REVOLUTION 2017,PITTSGROVE SOCCER CLUB PSC PREDATORS ‘17,TBAA-VALLEY BROOK,,
03/02/2025,15:30,18802309,,GotSport,Soccer,U-9,EAST GREENWICH SA EGSA CHAOS 2016,EGG HARBOR SC EAGLES 2016 WHITE,E GREENWICH - THOMPSON FAMILY PARK,,
03/02/2025,15:30,18730842,,GotSport,Soccer,U-11,TBAA OUTLAWS 2014,VOORHEES SA KNIGHTS 2014,TBAA-VALLEY BROOK,,
03/02/2025,15:30,18758192,,GotSport,Soccer,U-14,CINNAMINSON SC VIPERS 2011,VOORHEES SA ATTACK 2011,CINNAMINSON SC - MEMORIAL,,
03/02/2025,15:30,18793450,,GotSport,Soccer,U-9,WASHINGTON TWP SOCCER CLUB THUNDER 2016,MAPLE SHADE SHARKS 2016,WASHINGTON TWP- H.S.,,
03/02/2025,15:30,18758637,,GotSport,Soccer,U-8,MAINLAND UNITED SA MUSTANGS RED 2017 B,PITTSGROVE SOCCER CLUB PSC RAPTORS ‘17,MAINLAND - MEMORIAL PARK,,
03/02/2025,15:30,18758638,,GotSport,Soccer,U-8,HADDONFIELD SC THUNDER 2017,CAPE EXPRESS CE 2017 BARCA,HADDONFIELD - CROWS WOODS,,
03/02/2025,15:30,18793388,,GotSport,Soccer,U-10,BERLIN SOCCER CLUB BERSERKERS 2015,MILLVILLE PREDATORS 2015,BERLIN SC - FRANKLIN FIELDS,,
03/02/2025,15:30,18760205,,GotSport,Soccer,U-8,MOORESTOWN SC HAWKS 2017,DELRAN FC RAPTORS 2017,MOORESTOWN - MEMORIAL FIELDS,,
03/02/2025,15:30,18750885,,GotSport,Soccer,U-14,MANTUA TOWNSHIP SA UNION 2011,EGG HARBOR SC EAGLES BLACK 2011,MANTUA TWP,,
03/02/2025,15:30,18758636,,GotSport,Soccer,U-8,EGG HARBOR SC EAGLES 2017,UPPER TOWNSHIP SA FLASH 2017,Egg Harbor Twp HS,,
03/02/2025,15:30,18760203,,GotSport,Soccer,U-8,WEST DEPTFORD SC DRAGONS 2017,HIGHLAND YOUTH SOCCER CLUB BOYS 2017,W DEPTFORD-WD PARK,,
03/02/2025,15:30,18761177,,GotSport,Soccer,U-8,CINNAMINSON SC RED 2017,VOORHEES SA BLUE DEVILS 2017,CINNAMINSON SC - MEMORIAL,,
03/02/2025,15:30,18792463,,GotSport,Soccer,U-8,CINNAMINSON SC RAIDERS 2017,BURLINGTON TOWNSHIP SOCCER FIRE 2017,CINNAMINSON SC - MEMORIAL,,
03/02/2025,15:30,18791879,,GotSport,Soccer,U-10,MARLTON SC CHIEFS WHITE 2015,MILLVILLE WARRIORS 2015,MARLTON - MEMORIAL,,
03/02/2025,15:30,18762618,,GotSport,Soccer,U-10,CLAYTON SA CLIPPERS 2015,PENNSVILLE EAGLES BLUE 2015,CLAYTON - BENTZ,,
03/02/2025,15:30,18761425,,GotSport,Soccer,U-12,CAPE EXPRESS AVENGERS 2013,EGG HARBOR SC EAGLES WHITE 2013,CAPE EX SOCCER COMPLEX At Ockie Wisting,,
03/02/2025,15:30,18761424,,GotSport,Soccer,U-12,MOUNT LAUREL UNITED (MLU) LIGHTNING 2014,SJ FUTBOL CLUB FLYERS 2014,MLU-TROTTERS,,
03/02/2025,15:30,18783495,,GotSport,Soccer,U-9,VOORHEES SA TITANS 2016,ATLANTIC UNITED PREMIER RED 2016/2017 B,VOORHEES-Echelon Complex,,
03/02/2025,15:30,18701086,,GotSport,Soccer,U-11,FRANKLIN TOWNSHIP YOUTH SOCCER ASSOCIATION STORM 2014,ATLANTIC UNITED PREMIER KICKERS 2014 B,FRANKLIN TWP YOUTH COMPLEX,,
03/02/2025,15:30,18783494,,GotSport,Soccer,U-9,MONROE UNITED 2016 BLUE,GATEWAY UNITED SOCCER CLUB GUSC GATORS B2016/2017,MONROE TWP - CORKERY LANE,,
03/02/2025,15:30,18762650,,GotSport,Soccer,U-10,PENNSAUKEN YOUTH SOCCER CLUB LIONS 2015,PALMYRA RIVERTON SC NATIONALS 2015,Pennsauken Community Recreation Facility,,
03/02/2025,15:30,18783554,,GotSport,Soccer,U-13,HADDON TWP WHITE HAWKS 2012,WEST DEPTFORD SC UNION 2012,HADDON TWP - RECCHINO FIELDS,,
03/02/2025,15:30,18783553,,GotSport,Soccer,U-13,LOGAN FUSION 2012,HARRISON WILDCATS 2012,LOGAN - TWP LINE,,
03/02/2025,15:30,18783555,,GotSport,Soccer,U-13,DELRAN FC SOCCER GREY 2013B,PALMYRA RIVERTON SC YOUNGBLOODS 2013,Delran Middle School,,
03/02/2025,15:30,18762666,,GotSport,Soccer,U-8,MOORESTOWN SC PYTHONS 2017,HAMMONTON HEAT BOYS 2017,MOORESTOWN - MEMORIAL FIELDS,,
03/02/2025,15:30,18783472,,GotSport,Soccer,U-11,HADDON TWP RED HAWKS 2014,CHERRY HILL SC CHERRY HILL SC UNION 2015,,,
03/02/2025,15:30,18762667,,GotSport,Soccer,U-8,WASHINGTON TWP SOCCER CLUB WOLVES 2017,DEPTFORD SA SCORPIONS 2017,WASHINGTON TWP. - Levy Fields (Virtua),,
03/02/2025,15:30,18783433,,GotSport,Soccer,U-8,HADDON TWP. RED HAWKS 2017,HADDONFIELD SC REBELS 2017,,,
03/02/2025,15:30,18783301,,GotSport,Soccer,U-9,BORDENTOWN FC REVOLUTION 2016,MEDFORD SC WHITE 2016,BORDENTOWN - FRIENDSHIP FIELDS,,
03/02/2025,15:30,18770595,,GotSport,Soccer,U-10,HARRISON BLUE ARSENAL 2015,HADDONFIELD SC WHITE 2015 B,HARRISON - William Wilt Soccer Complex,,
03/02/2025,15:30,18770610,,GotSport,Soccer,U-10,BURLINGTON TOWNSHIP SOCCER PHOENIX 2015,PENNSVILLE EAGLES GOLD 2015,BURLINGTON TWP - PINEWALD AVE,,
03/02/2025,15:30,18696043,,GotSport,Soccer,U-9,WINSLOW KINGS 2016,FRANKLIN TOWNSHIP YOUTH SOCCER ASSOCIATION JERSEY DEVILS 2016,,,
03/02/2025,15:30,18696045,,GotSport,Soccer,U-9,BARRINGTON SC STORM 2016,PENNS GROVE SC DRAGONS 2016,BARRINGTON-DEERE FIELD,,
03/02/2025,15:30,18763771,,GotSport,Soccer,U-13,WEST DEPTFORD SC WARRIORS 2013,HIGHLAND YOUTH SOCCER CLUB MUSTANGS 2012,W DEPTFORD-WD PARK,,
03/02/2025,15:30,18696005,,GotSport,Soccer,U-12,HARRISON WOLFPACK 2013,BURLINGTON TOWNSHIP SOCCER STRIKERS 2013,HARRISON - William Wilt Soccer Complex,,
03/02/2025,15:30,18700879,,GotSport,Soccer,U-9,HADDONFIELD SC BLACK 2016 B,MOORESTOWN SC RENEGADES 2016,HADDONFIELD - CROWS WOODS,,
03/02/2025,15:30,18772734,,GotSport,Soccer,U-11,HIGHLAND YOUTH SOCCER CLUB THUNDER 2014,MARLTON SC CHIEFS BLACK 2014,HIGHLAND - GLOUCESTER TWP PARK,,
03/02/2025,15:30,18700880,,GotSport,Soccer,U-9,SENECA UNITED SC EAGLES 2016,PITTSGROVE SOCCER CLUB PSC PRIME WHITE '16,SENECA - STONEY CREEK FIELDS,,
03/02/2025,15:30,18771376,,GotSport,Soccer,U-10,WOODBURY BOLTS,EGG HARBOR SC EAGLES 2015 BLACK,WOODBURY,,
03/02/2025,15:40,18818829,,GotSport,Soccer,U-15,WINSLOW SLAYERS 2010,MILLVILLE VENOM 2010,,,
03/02/2025,15:45,18755352,,GotSport,Soccer,U-11,NORTHERN BURLINGTON BLUE DEVILS 2014,TBAA SYNDICATE 2014,NB- MANSFIELD TOWNSHIP ELEMENTARY SCHOOL,,
03/02/2025,15:45,18761176,,GotSport,Soccer,U-8,RANCOCAS VALLEY SC 2017 BOYS PREMIER,DELRAN FC 2017 DEVILS,Rancocas Valley-LUMBERTON MUNICIPAL,,
03/02/2025,15:45,18792461,,GotSport,Soccer,U-8,HADDON HEIGHTS SC 2017 HAVOC,GATEWAY UNITED SOCCER CLUB GU GATORS B2017,HADD HGTS - DEVON,,
03/02/2025,15:45,18814247,,GotSport,Soccer,U-13,DEPTFORD SA THUNDER 2012,DELRAN FC SOCCER DELRAN FC UNITED 2013,DEPTFORD SC,,
03/02/2025,15:45,18695992,,GotSport,Soccer,U-12,CHERRY HILL FC 2013 RED HAWKS,PENNS GROVE WILD 2013,CHFC - DeCOU,,
03/02/2025,15:45,18793239,,GotSport,Soccer,U-11,GATEWAY UNITED SOCCER CLUB GU GREYHOUNDS 2014,HARRISON WAVE 2014,GATEWAY UTD. - WESTVILLE,,
03/02/2025,15:45,18822521,,GotSport,Soccer,U-9,COLLINGSWOOD OAKLYN SOCCER CLUB SPARTANS 2016,CHERRY HILL FC 2016 JUNIOR BLACK,COSC- Oaklyn Public School,,
03/02/2025,15:45,18772735,,GotSport,Soccer,U-11,EAST GREENWICH SA EGSA STARS 2014,PITMAN SA BENGALS 2014,E GREENWICH - THOMPSON FAMILY PARK,,
03/02/2025,15:45,18999206,,GotSport,Soccer,U-12,MOORESTOWN SC THUNDER 2013,WOODBURY SOCCER CLUB WOODBURY BISON 2013,MOORESTOWN - SALEM RD/PRYOR PARK,,
03/02/2025,15:45,18700808,,GotSport,Soccer,U-12,MAPLE SHADE FORCE 2013,PITMAN SA TOMCATS 2013,MAPLE SHADE - TURF FIELD,,
03/02/2025,15:45,18762637,,GotSport,Soccer,U-10,MANTUA TOWNSHIP SA FROGS 2015,ATLANTIC UNITED PREMIER FIRE 2015 B,MANTUA TWP,,
03/02/2025,15:45,18753933,,GotSport,Soccer,U-8,CHERRY HILL SC DYNAMO (2017),EAST GREENWICH SA EGSA UNITED 2017,CHSC - UPPER CHAPEL TURF,,
03/02/2025,15:45,18760204,,GotSport,Soccer,U-8,LOGAN BOOM 2017,SWEDESBORO WOOLWICH SOCCER ASSOC. SWSA FIREBALLS 2017,LOGAN - TWP LINE,,
03/02/2025,15:50,18754992,,GotSport,Soccer,U-13,MARLTON SC CHIEFS BLACK 2012,SWEDESBORO WOOLWICH SOCCER ASSOC. SWSA CYCLONES 2012/2013,MARLTON - MEMORIAL,,
03/02/2025,15:50,18685827,,GotSport,Soccer,U-14,HARRISON SC THUNDER 2011,MAINLAND UNITED SA MUSTANGS RED 2011 B,HARRISON - William Wilt Soccer Complex,,
03/02/2025,16:00,18755499,,GotSport,Soccer,U-12,RANCOCAS VALLEY SC 2013 BOYS RONALDO,HAMMONTON HEAT BOYS 2013,Rancocas Valley-LUMBERTON MUNICIPAL,,
03/02/2025,16:00,18735652,,GotSport,Soccer,U-8,AUDUBON CROSSFIRE,SWEDESBORO WOOLWICH SOCCER ASSOC. SWSA PANTHERS 2017,AUDUBON - GREEN WAVE PARK,,
03/02/2025,16:00,18685452,,GotSport,Soccer,U-16,HIGHLAND YOUTH SOCCER CLUB BOYS 2009,BURLINGTON TOWNSHIP SOCCER CELTIC 2010,HIGHLAND - GLOUCESTER TWP PARK,,
03/02/2025,16:00,18771990,,GotSport,Soccer,U-10,UPPER TOWNSHIP SA COMETS GREEN 2015,WEST DEPTFORD SC ANIMALS 2015,UPPER TWP-Amanda's Field Complex,,
03/09/2025,11:00,18700913,,GotSport,Soccer,U-9,MARLTON SC CHIEFS ORANGE 2016,HARRISON LEGENDS 2016,MARLTON - MEMORIAL,,
03/09/2025,11:00,18758195,,GotSport,Soccer,U-14,VOORHEES SA ATTACK 2011,CHERRY HILL FC 2011 AVENGERS,VOORHEES-EASTERN HS,,
03/09/2025,11:00,18770963,,GotSport,Soccer,U-14,MEDFORD SC COLUMBIA 2011,NORTHERN BURLINGTON SA HOOLIGANS 2011,MEDFORD - BENDE PARK,,
03/09/2025,11:00,18687258,,GotSport,Soccer,U-12,MARLTON SC CHIEFS WHITE 2013,SJ FUTBOL CLUB SOUNDERS 2013,MARLTON - MEMORIAL,,
03/09/2025,11:00,18730862,,GotSport,Soccer,U-11,VOORHEES SA KNIGHTS 2014,MEDFORD SC AVENGERS 2014,VOORHEES-Echelon Complex,,
03/09/2025,11:00,18685415,,GotSport,Soccer,U-19,HIGHLAND YOUTH SOCCER CLUB HURRICANES 2008,MAPLE SHADE AVENGERS 2007,HIGHLAND - GLOUCESTER TWP PARK,,
03/09/2025,11:00,18683029,,GotSport,Soccer,U-19,BURLINGTON TOWNSHIP SOCCER BULLS 2007-2008,PALMYRA RIVERTON SC LEGACY 2006,BURLINGTON TWP - PINEWALD AVE,,
03/09/2025,11:00,18814250,,GotSport,Soccer,U-13,DELRAN FC SOCCER DELRAN FC UNITED 2013,WASHINGTON TWP SOCCER CLUB PREDATORS 2012,Delran Middle School,,
03/09/2025,11:00,18734128,,GotSport,Soccer,U-14,TBAA TITANS 2011,MONROE TOWNSHIP YS UNITED WHITE 2011,TBAA-VALLEY BROOK,,
03/09/2025,11:00,18700882,,GotSport,Soccer,U-9,CHERRY HILL SC CHERRY HILL SC 72S 2016,SENECA UNITED SC EAGLES 2016,CHSC - UPPER CHAPEL TURF,,
03/09/2025,11:00,18750902,,GotSport,Soccer,U-14,CHERRY HILL FC 2011 STALLIONS,MANTUA TOWNSHIP SA UNION 2011,CHFC - DeCOU,,
03/09/2025,11:00,18700914,,GotSport,Soccer,U-9,PITTSGROVE SOCCER CLUB PSC PRIME BLACK '16,MANTUA TOWNSHIP SA MAMBAS 2016,PITTSGROVE-GREEN BRANCH,,
03/09/2025,11:30,18685832,,GotSport,Soccer,U-14,PITTSGROVE SOCCER CLUB PSC WOLVES '11,MAINLAND UNITED SA MUSTANGS RED 2011 B,PITTSGROVE-GREEN BRANCH,,
03/09/2025,11:30,18760209,,GotSport,Soccer,U-8,AUDUBON BOYS 2017 TEAM 2,MOORESTOWN SC HAWKS 2017,AUDUBON - GREEN WAVE PARK,,
03/09/2025,12:00,18685364,,GotSport,Soccer,U-15,PENNSAUKEN YOUTH SOCCER CLUB CYCLONES 2010,MOUNT LAUREL UNITED (MLU) FORCE 2010,Pennsauken Community Recreation Facility,,
03/09/2025,12:00,18755439,,GotSport,Soccer,U-13,SWEDESBORO WOOLWICH SOCCER ASSOC. SWSA SHARKS 2012,AUDUBON SOCCER YOUTH BALLERS 2012,SW-Locke Avenue Park,,
03/09/2025,12:00,18815480,,GotSport,Soccer,U-14,WOODBURY SOCCER CLUB WOODBURY ARMORY 2011,WEST DEPTFORD SC WOLFPACK 2011,WOODBURY,,
03/09/2025,12:00,18759173,,GotSport,Soccer,U-10,HADDONFIELD SC BLACK 2015 B,MAINLAND UNITED SA MUSTANGS RED 2015 B,HADDONFIELD - CROWS WOODS,,
03/09/2025,12:00,18755372,,GotSport,Soccer,U-11,TBAA SYNDICATE 2014,MOORESTOWN SC GUARDIANS 2014,TBAA-VALLEY BROOK,,
03/09/2025,12:00,18770600,,GotSport,Soccer,U-10,CINNAMINSON SC PIRATES SEA DOGS 2015,HADDONFIELD SC WHITE 2015 B,CINNAMINSON SC - MEMORIAL,,
03/09/2025,12:00,18792466,,GotSport,Soccer,U-8,BURLINGTON TOWNSHIP SOCCER FIRE 2017,NORTHERN BURLINGTON FORCE 2017,BURLINGTON TWP - PINEWALD AVE,,
03/09/2025,12:00,18700812,,GotSport,Soccer,U-12,PALMYRA RIVERTON SC HURRICANES 2013,MOORESTOWN SC DRAGONS 2013,PAL-RIV CHARLES STREET SCHOOL Spring Season,,
03/09/2025,12:00,18762608,,GotSport,Soccer,U-10,DEPTFORD SA CYCLONES 2015,PITMAN SA WILDCATS 2015,DEPTFORD SC,,
03/09/2025,12:00,18818833,,GotSport,Soccer,U-15,WOODSTOWN WOLVERINES 2010,WINSLOW SLAYERS 2010,WOODSTOWN,,
03/09/2025,12:00,18818832,,GotSport,Soccer,U-15,MARLTON SC CHIEFS WHITE 2010,ATLANTIC UNITED PREMIER STRIKERS 2010/11 B,MARLTON - MEMORIAL,,
03/09/2025,12:00,18783513,,GotSport,Soccer,U-9,UPPER TOWNSHIP SA THUNDER 2016,ATLANTIC UNITED PREMIER RED 2016/2017 B,UPPER TWP-Amanda's Field Complex,,
03/09/2025,12:00,18754801,,GotSport,Soccer,U-11,EAST GREENWICH SA EGSA EAGLES 2014,RANCOCAS VALLEY SC RVSC - '14 FOREST,E GREENWICH - THOMPSON FAMILY PARK,,
03/09/2025,12:00,18747948,,GotSport,Soccer,U-11,HADDONFIELD SC BLACK 2014,WATERFORD ATHLETIC ASSN WINGS 2014,HADDONFIELD - CROWS WOODS,,
03/09/2025,12:00,18683031,,GotSport,Soccer,U-19,GATEWAY UNITED SOCCER CLUB GUSC WARRIORS B2006,MAINLAND UNITED SA MUSTANGS 2009 B,GATEWAY UTD. - WESTVILLE,,
03/09/2025,12:00,18750887,,GotSport,Soccer,U-14,MEDFORD STRIKERS 2011 BOYS,HADDONFIELD SC RED 2011,MEDFORD STRIKERS - ARK ROAD COMPLEX,,
03/09/2025,12:00,18783557,,GotSport,Soccer,U-13,WEST DEPTFORD SC UNION 2012,LOGAN FUSION 2012,W DEPTFORD-WD PARK,,
03/09/2025,12:00,18743097,,GotSport,Soccer,U-12,MONROE TOWNSHIP YS UNITED BOYS 2013 BLUE,MANTUA TOWNSHIP SA MTSA ELITE 2014,MONROE TWP - CORKERY LANE,,
03/09/2025,12:00,18762669,,GotSport,Soccer,U-8,HAMMONTON HEAT BOYS 2017,HARRISON HURRICANES 2017,HAMMONTON - MOSS MILL RD PARK SOCCER COMPLEX,,
03/09/2025,12:00,18743082,,GotSport,Soccer,U-12,HIGHLAND YOUTH SOCCER CLUB FURY 2013,HARRISON SC LIGHTNING 2013,HIGHLAND - GLOUCESTER TWP PARK,,
03/09/2025,12:00,18771379,,GotSport,Soccer,U-10,EGG HARBOR SC EAGLES 2015 BLACK,NORTHERN BURLINGTON STORM 2015,Egg Harbor Twp HS,,
03/09/2025,12:00,18752601,,GotSport,Soccer,U-15,CINNAMINSON SC PIRATES 2010,MAPLE SHADE BEST ELEVEN 2010,CINNAMINSON SC - MEMORIAL,,
03/09/2025,12:00,18752604,,GotSport,Soccer,U-15,FRANKLIN TOWNSHIP YOUTH SOCCER ASSOCIATION STORM 2010,EAST GREENWICH SA EGSA CHARGERS 2010,FRANKLIN TWP YOUTH COMPLEX,,
03/09/2025,12:00,18755563,,GotSport,Soccer,U-10,MOUNT LAUREL UNITED (MLU) KNIGHTS 2015 BOYS,HADDONFIELD SC RED 2015 B,MLU-MARNE HWY,,
03/09/2025,12:00,18720849,,GotSport,Soccer,U-13,HARRISON SC STRIKERS 2012,TAR-KILL SOCCER CLUB TARKILL LIVERPOOL 2012,HARRISON - William Wilt Soccer Complex,,
03/09/2025,12:00,18772708,,GotSport,Soccer,U-10,SWEDESBORO WOOLWICH SOCCER ASSOC. SWSA GUNNERS 2015,HIGHLAND YOUTH SOCCER CLUB STORM 2015,SW-Locke Avenue Park,,
03/09/2025,12:00,18685830,,GotSport,Soccer,U-14,CHERRY HILL SC CHAOS 2011,MOUNT LAUREL UNITED (MLU) FLASH 2011,CHSC - CH WEST HS,,
03/09/2025,12:00,18815157,,GotSport,Soccer,U-11,WASHINGTON TWP SOCCER CLUB TERROR 2014,DEPTFORD SA UNITED 2014,WASHINGTON TWP-WASH LAKE PARK,,
03/09/2025,12:00,18720835,,GotSport,Soccer,U-13,RANCOCAS VALLEY SC 2012 BOYS AVENGERS,CINNAMINSON SC CHARGE 2012,Rancocas Valley-LUMBERTON MUNICIPAL,,
03/09/2025,12:15,18791898,,GotSport,Soccer,U-10,PITTSGROVE SOCCER CLUB PSC GALAXY '15,CINNAMINSON SC BANDITS 2015,PITTSGROVE-GREEN BRANCH,,
03/09/2025,12:15,18791897,,GotSport,Soccer,U-10,MARLTON SC CHIEFS WHITE 2015,MAPLE SHADE WILD 2015,MARLTON - MEMORIAL,,
03/09/2025,12:15,18821217,,GotSport,Soccer,U-11,VOORHEES SA VIKINGS 2014,CINNAMINSON SC AVENGERS 2014,VOORHEES-Echelon Complex,,
03/09/2025,12:15,18761495,,GotSport,Soccer,U-10,CHERRY HILL SC CHERRY HILL SC COMETS (2015),MEDFORD SC COLUMBIA 2015,CHSC - UPPER CHAPEL TURF,,
03/09/2025,12:15,18772754,,GotSport,Soccer,U-11,MARLTON SC CHIEFS BLACK 2014,WEST DEPTFORD SC EAGLES 2014,MARLTON - MEMORIAL,,
03/09/2025,12:30,19024853,,GotSport,Soccer,U-16,TBAA STORM 2009,SJ FUTBOL CLUB RAPIDS 2009,TBAA-VALLEY BROOK,,
03/09/2025,12:30,18747947,,GotSport,Soccer,U-11,BORDENTOWN FC UNION 2014,MOORESTOWN SC WOLVERINES 2014,BORDENTOWN - FRIENDSHIP FIELDS,,
03/09/2025,12:30,18815527,,GotSport,Soccer,U-13,UPPER TOWNSHIP SA FORCE GREEN 2012,VOORHEES SA PREDATORS 2013,UPPER TWP-Amanda's Field Complex,,
03/09/2025,12:30,18695865,,GotSport,Soccer,U-14,CHERRY HILL FC 2011/2012 COBRAS,RANCOCAS VALLEY SC BOYS 2011 UNITED,CHFC - DeCOU,,
03/09/2025,12:30,18754802,,GotSport,Soccer,U-11,LOGAN CHARGE BLUE 2014,WEST DEPTFORD SC AVALANCHE 2014,LOGAN - TWP LINE,,
03/09/2025,12:30,18815450,,GotSport,Soccer,U-14,WINSLOW WILDCATS 2011,MONROE TOWNSHIP YS UNITED BOYS 2011 BLUE,,,
03/09/2025,12:30,18791884,,GotSport,Soccer,U-10,VOORHEES SA PYTHONS 2015,MILLVILLE WARRIORS 2015,VOORHEES-Echelon Complex,,
03/09/2025,12:30,18783452,,GotSport,Soccer,U-8,CHERRY HILL FC 2017 JUNIOR BLACK,MEDFORD SC 2017B WHITE (LIGHTNING),CHFC - DeCOU,,
03/09/2025,12:30,18758196,,GotSport,Soccer,U-14,CAPE EXPRESS SURGE 2011,UPPER TOWNSHIP SA TSUNAMIS 2011,CAPE EX SOCCER COMPLEX At Ockie Wisting,,
03/09/2025,12:30,18815452,,GotSport,Soccer,U-14,MOORESTOWN SC BLACK KNIGHTS 2011,VINELAND SA STRIKERS 2011,MOORESTOWN - MEMORIAL FIELDS,,
03/09/2025,12:30,18700811,,GotSport,Soccer,U-12,PITMAN SA TOMCATS 2013,HADDONFIELD SC WHITE 2013,PITMAN-LAMBS ROAD,,
03/09/2025,12:30,18783556,,GotSport,Soccer,U-13,DELRAN FC SOCCER GREY 2013B,HADDON TWP WHITE HAWKS 2012,Delran Middle School,,
03/09/2025,12:30,18761428,,GotSport,Soccer,U-12,EGG HARBOR SC EAGLES WHITE 2013,MOUNT LAUREL UNITED (MLU) LIGHTNING 2014,Egg Harbor Twp HS,,
03/09/2025,12:30,18753935,,GotSport,Soccer,U-8,MONROE TOWNSHIP YS 2017 MONROE UNITED,HARRISON UNITED 2017,MONROE TWP - CORKERY LANE,,
03/09/2025,12:30,18700899,,GotSport,Soccer,U-9,MOORESTOWN SC RENEGADES 2016,MEDFORD SC GOLD 2016,MOORESTOWN - MEMORIAL FIELDS,,
03/09/2025,12:30,18695995,,GotSport,Soccer,U-12,PENNS GROVE WILD 2013,VINELAND TERMINATORS 2013,PG-CP-PED- Carney's Point Rec Center,,
03/09/2025,12:30,18821144,,GotSport,Soccer,U-12,FRANKLIN TOWNSHIP YOUTH SOCCER ASSOCIATION ENFORCERS 2013,UPPER TOWNSHIP SA CYCLONES 2013,FRANKLIN TWP YOUTH COMPLEX,,
03/09/2025,12:30,18760210,,GotSport,Soccer,U-8,DELRAN FC RAPTORS 2017,CINNAMINSON SC UNION 2017,DELRAN-DEUTSCH FIELD,,
03/09/2025,12:30,18755437,,GotSport,Soccer,U-13,EAST GREENWICH SA EGSA VENOM 2012,HADDONFIELD SC RED 2012,E GREENWICH - THOMPSON FAMILY PARK,,
03/09/2025,12:30,18755438,,GotSport,Soccer,U-13,PENNSVILLE EAGLES 2012,NORTHERN BURLINGTON SA RANGERS 2012,PENNSVILLE,,
03/09/2025,12:30,18814265,,GotSport,Soccer,U-13,DEPTFORD SA THUNDER 2012,CHERRY HILL FC 2012 JUNIORS BLACK,DEPTFORD SC,,
03/09/2025,12:30,18815451,,GotSport,Soccer,U-14,VOORHEES SA BLUES 2011,DELRAN FC BLAST 2011,VOORHEES-EASTERN HS,,
03/09/2025,12:30,18755562,,GotSport,Soccer,U-10,VOORHEES SA COBRAS 2015,EAST GREENWICH SA EGSA BLACK KNIGHTS 2015,VOORHEES-Echelon Complex,,
03/09/2025,12:30,18747949,,GotSport,Soccer,U-11,TAR-KILL SOCCER CLUB TARKILL 2015 BLUE,HARRISON STRIKERS 2014,TARKILL-STERLING HS,,
03/09/2025,12:30,18687274,,GotSport,Soccer,U-12,MAINLAND UNITED SA MUSTANGS RED 2013 B,TAR-KILL SOCCER CLUB TARKILL KNIGHTS 2013,MAINLAND - MEMORIAL PARK,,
03/09/2025,12:30,18742799,,GotSport,Soccer,U-10,EDGEWATER PARK ATHLETIC ASSOCIATION EP WARRIORS 2015,SWEDESBORO WOOLWICH SOCCER ASSOC. SWSA HONEY BADGERS 2015,,,
03/09/2025,12:30,18769264,,GotSport,Soccer,U-13,LOGAN FORCE 2012,GATEWAY UNITED SOCCER CLUB GUSC STINGRAYS B2012,LOGAN - TWP LINE,,
03/09/2025,12:30,18792464,,GotSport,Soccer,U-8,GATEWAY UNITED SOCCER CLUB GU GATORS B2017,HADDON TWP. WHITE HAWKS 2017,GATEWAY UTD. - LANGSTON FIELD,,
03/09/2025,12:30,18754961,,GotSport,Soccer,U-13,MEDFORD SC DESTROYERS 2012,NORTHERN BURLINGTON SA BLUES 2013,MEDFORD - BENDE PARK,,
03/09/2025,12:30,18819042,,GotSport,Soccer,U-14,PALMYRA RIVERTON SC WARRIORS 2011,HADDONFIELD SC WHITE 2011,PAL-RIV - LEGION FIELD 11v11,,
03/09/2025,12:30,18687257,,GotSport,Soccer,U-12,CHERRY HILL SC THUNDER 2013,MEDFORD SC BLUE DEVILS 2013,CHSC - UPPER CHAPEL TURF,,
03/09/2025,12:40,19024851,,GotSport,Soccer,U-16,BURLINGTON TOWNSHIP SOCCER FUSION 2009,WINSLOW VIPERS 2009,BURLINGTON TWP - PINEWALD AVE,,
03/09/2025,12:40,18683030,,GotSport,Soccer,U-19,HIGHLAND YOUTH SOCCER CLUB GALAXY 2008,HARRISON TITANS FÚTBOL ACADEMY,HIGHLAND - GLOUCESTER TWP PARK,,
03/09/2025,12:45,18755561,,GotSport,Soccer,U-10,AUDUBON SOCCER YOUTH BOYS 2015 - HAMMERS,CINNAMINSON SC PRIME 2015,AUDUBON - GREEN WAVE PARK,,
03/09/2025,13:00,18720834,,GotSport,Soccer,U-13,PITTSGROVE SOCCER CLUB PSC WARRIORS '12,WINSLOW DYNAMO 2012,PITTSGROVE-GREEN BRANCH,,
03/09/2025,13:15,18793391,,GotSport,Soccer,U-10,UPPER TOWNSHIP SA SUPER SONICS 2015,WASHINGTON TWP SOCCER CLUB RAPTORS 2015,UPPER TWP-Amanda's Field Complex,,
03/09/2025,13:15,18753505,,GotSport,Soccer,U-10,SWEDESBORO WOOLWICH SOCCER ASSOC. SWSA STRIKERS 2015,WASHINGTON UNITED SOCCER CLUB WUSC 2015,SW-Locke Avenue Park,,
03/09/2025,13:15,18760718,,GotSport,Soccer,U-9,HIGHLAND YOUTH SOCCER CLUB MAYHEM,HARRISON HORNETS 2016,HIGHLAND - GLOUCESTER TWP PARK,,
03/09/2025,13:15,18762670,,GotSport,Soccer,U-8,DEPTFORD SA SCORPIONS 2017,PITMAN SA PANTHERS 2017,DEPTFORD SC,,
03/09/2025,13:15,18735671,,GotSport,Soccer,U-8,TBAA REVOLUTION 2017,MANTUA CHAOS 2017,TBAA-VALLEY BROOK,,
03/09/2025,13:15,18819043,,GotSport,Soccer,U-14,HAMMONTON HEAT BOYS 2011,WASHINGTON TWP SOCCER CLUB CHAOS 11/12,HAMMONTON - MOSS MILL RD PARK SOCCER COMPLEX,,
03/09/2025,13:15,18822525,,GotSport,Soccer,U-9,CINNAMINSON SC TITANS 2016,FRANKLIN TOWNSHIP YOUTH SOCCER ASSOCIATION UNITED 2016,CINNAMINSON SC - MEMORIAL,,
03/09/2025,13:15,18822488,,GotSport,Soccer,U-11,PALMYRA RIVERTON SC TORNADOES 2014,DELRAN FC HAWKS 2014,PAL-RIV CHARLES STREET SCHOOL Spring Season,,
03/09/2025,13:15,18761429,,GotSport,Soccer,U-12,MONROE UNITED 2013,SJ FUTBOL CLUB FLYERS 2014,MONROE TWP - CORKERY LANE,,
03/09/2025,13:15,18793362,,GotSport,Soccer,U-12,HADDONFIELD SC BLACK 2013,MILLVILLE REBELS 2013,HADDONFIELD - CROWS WOODS,,
03/09/2025,13:15,18802312,,GotSport,Soccer,U-9,EGG HARBOR SC EAGLES 2016 WHITE,CHERRY HILL SC CHERRY HILL SC THUNDER (2016),Egg Harbor Twp HS,,
03/09/2025,13:15,18696047,,GotSport,Soccer,U-9,EAST GREENWICH SA EGSA LIONS 2016,WINSLOW KINGS 2016,E GREENWICH - THOMPSON FAMILY PARK,,
03/09/2025,13:15,18758639,,GotSport,Soccer,U-8,HADDONFIELD SC THUNDER 2017,MAINLAND UNITED SA MUSTANGS RED 2017 B,HADDONFIELD - CROWS WOODS,,
03/09/2025,13:15,18700915,,GotSport,Soccer,U-9,MOUNT LAUREL UNITED (MLU) GLADIATORS 2016,MOORESTOWN SC UNITED 2016,MLU-MARNE HWY,,
03/09/2025,13:30,18770962,,GotSport,Soccer,U-14,HARRISON SC ARSENAL 2011,MOUNT LAUREL UNITED (MLU) WARRIORS 2011,HARRISON - William Wilt Soccer Complex,,
03/09/2025,13:30,18752468,,GotSport,Soccer,U-9,RANCOCAS VALLEY SC 2016 BOYS UNITED,HADDONFIELD SC WHITE 2016,Rancocas Valley-LUMBERTON MUNICIPAL,,
03/09/2025,13:30,18685416,,GotSport,Soccer,U-19,WASHINGTON TWP SOCCER CLUB SPARTANS 2007,SWEDESBORO WOOLWICH SOCCER ASSOC. SWSA SCORPIONS 2008,WASHINGTON TWP-WASH LAKE PARK,,
03/09/2025,13:30,18783437,,GotSport,Soccer,U-8,CHERRY HILL SC CHERRY HILL SC COBRAS 2017,HADDON TWP. RED HAWKS 2017,CHSC - UPPER CHAPEL TURF,,
03/09/2025,13:30,18687228,,GotSport,Soccer,U-12,VOORHEES COSMOS 2013,HIGHLAND YOUTH SOCCER CLUB CHAOS 2013,VOORHEES-Echelon Complex,,
03/09/2025,13:30,18761427,,GotSport,Soccer,U-12,MARLTON SC CHIEFS ORANGE 2014,CAPE EXPRESS AVENGERS 2013,MARLTON - MEMORIAL,,
03/09/2025,13:30,18735656,,GotSport,Soccer,U-8,PITTSGROVE SOCCER CLUB PSC PREDATORS ‘17,AUDUBON CROSSFIRE,PITTSGROVE-GREEN BRANCH,,
03/09/2025,13:30,18770599,,GotSport,Soccer,U-10,BURLINGTON TOWNSHIP SOCCER PHOENIX 2015,HARRISON BLUE ARSENAL 2015,BURLINGTON TWP - PINEWALD AVE,,
03/09/2025,13:30,18734113,,GotSport,Soccer,U-14,SWEDESBORO WOOLWICH SOCCER ASSOC. SWSA RED FLAMES 2011,LOGAN BLAZE 2011,SW-Locke Avenue Park,,
03/09/2025,13:30,18762606,,GotSport,Soccer,U-10,WEST DEPTFORD SC COBRAS 2015,PENNSVILLE EAGLES BLUE 2015,W DEPTFORD-WD PARK,,
03/09/2025,13:30,18999213,,GotSport,Soccer,U-12,WOODBURY SOCCER CLUB WOODBURY BISON 2013,HADDON HEIGHTS SC 2013 BEAST BOYS,WOODBURY,,
03/09/2025,13:30,18695949,,GotSport,Soccer,U-11,MEDFORD STRIKERS 2014 BOYS,HADDONFIELD SC RED 2014 B,MEDFORD STRIKERS - ARK ROAD COMPLEX,,
03/09/2025,13:30,18814491,,GotSport,Soccer,U-9,MARLTON SC CHIEFS WHITE 2016,SENECA UNITED SC RAPTORS 2016,MARLTON - MEMORIAL,,
03/09/2025,13:45,18815510,,GotSport,Soccer,U-13,MARLTON SC CHIEFS WHITE 2012,ATLANTIC UNITED PREMIER KICKERS 2013 B,MARLTON - MEMORIAL,,
03/09/2025,13:45,18754960,,GotSport,Soccer,U-13,FRANKLIN TOWNSHIP YOUTH SOCCER ASSOCIATION CRUSADERS 2012,SWEDESBORO WOOLWICH SOCCER ASSOC. SWSA CYCLONES 2012/2013,FRANKLIN TWP YOUTH COMPLEX,,
03/09/2025,13:45,18752602,,GotSport,Soccer,U-15,CHERRY HILL SC CHERRY HILL SC THUNDERBOLTS (2010-2011),TBAA DYNAMO 2010,CHSC - CH WEST HS,,
03/09/2025,13:45,18763773,,GotSport,Soccer,U-13,PENNSAUKEN YOUTH SOCCER CLUB TITANS 2012,WEST DEPTFORD SC WARRIORS 2013,Pennsauken Community Recreation Facility,,
03/09/2025,13:45,18754962,,GotSport,Soccer,U-13,CINNAMINSON SC SKULLS 2012,PITTSGROVE SOCCER CLUB PSC REVOLUTION '13,CINNAMINSON SC - MEMORIAL,,
03/09/2025,13:45,18793361,,GotSport,Soccer,U-12,WOODSTOWN WOLVERINES 2013,CINNAMINSON SC STRIKERS 2013,WOODSTOWN,,
03/09/2025,14:00,18822489,,GotSport,Soccer,U-11,PENNSVILLE EAGLES 2014,HADDON TWP WHITE HAWKS 2014,PENNSVILLE,,
03/09/2025,14:00,18756945,,GotSport,Soccer,U-12,CAPE EXPRESS CE 2014 UNION,VINELAND SA UNITED 2013,CAPE EX SOCCER COMPLEX At Ockie Wisting,,
03/09/2025,14:00,18802311,,GotSport,Soccer,U-9,DELRAN FC UNION 2016,WASHINGTON UNITED SOCCER CLUB WUSC 2016,DELRAN-DEUTSCH FIELD,,
03/09/2025,14:00,18783585,,GotSport,Soccer,U-15,EAST GREENWICH SA EGSA BLAZE 2010,SWEDESBORO WOOLWICH SOCCER ASSOC. SWSA BLACK MAMBAS 2011,E GREENWICH - THOMPSON FAMILY PARK,,
03/09/2025,14:00,18793392,,GotSport,Soccer,U-10,CHERRY HILL FC 2015 JUNIORS BLACK,BERLIN SOCCER CLUB BERSERKERS 2015,CHFC - DeCOU,,
03/09/2025,14:00,18783496,,GotSport,Soccer,U-9,VOORHEES SA TITANS 2016,MONROE UNITED 2016 BLUE,VOORHEES-Echelon Complex,,
03/09/2025,14:00,18701087,,GotSport,Soccer,U-11,FRANKLIN TOWNSHIP YOUTH SOCCER ASSOCIATION STORM 2014,CAPE EXPRESS CE ENGINEERS 2014,FRANKLIN TWP YOUTH COMPLEX,,
03/09/2025,14:00,18771378,,GotSport,Soccer,U-10,AUDUBON BOYS 2015,MOUNT LAUREL UNITED (MLU) SHARKS 2015,AUDUBON - GREEN WAVE PARK,,
03/09/2025,14:00,18696048,,GotSport,Soccer,U-9,PENNS GROVE SC DRAGONS 2016,FRANKLIN TOWNSHIP YOUTH SOCCER ASSOCIATION JERSEY DEVILS 2016,PG-CP-PED- Carney's Point Rec Center,,
03/09/2025,14:00,18994513,,GotSport,Soccer,U-11,DEPTFORD PREMIER FC '15 BOYS FUSION,CHERRY HILL SC CHERRY HILL SC UNION 2015,DEPTFORD SC,,
03/09/2025,14:00,18695866,,GotSport,Soccer,U-14,EGG HARBOR SC EAGLES 2011/2012 BLACK,PITMAN SA PUMAS 2011,Egg Harbor Twp HS,,
03/09/2025,14:00,18793454,,GotSport,Soccer,U-9,HADDON TWP WHITE HAWKS 2016,NORTHERN BURLINGTON BOOM 2016,,,
03/09/2025,14:00,18999210,,GotSport,Soccer,U-12,MAINLAND UNITED SA MUSTANGS WHITE 2013-14 B,WINSLOW SHARKS,MAINLAND - MEMORIAL PARK,,
03/09/2025,14:00,18734115,,GotSport,Soccer,U-14,MEDFORD SC RENEGADES 2011,BORDENTOWN FC JAGUARS 2011,MEDFORD - BENDE PARK,,
03/09/2025,14:00,18760717,,GotSport,Soccer,U-9,MOORESTOWN SC WARRIORS 2016,HADDON TWP RED HAWKS 2016,MOORESTOWN - MEMORIAL FIELDS,,
03/09/2025,14:00,18770598,,GotSport,Soccer,U-10,LOGAN ARMADA BLACK 2015,PENNSVILLE EAGLES GOLD 2015,LOGAN - TWP LINE,,
03/09/2025,14:00,18700810,,GotSport,Soccer,U-12,BARRINGTON SC REVOLUTION 2013,MAPLE SHADE FORCE 2013,BARRINGTON-DEERE FIELD,,
03/09/2025,14:00,18793227,,GotSport,Soccer,U-11,GATEWAY UNITED SOCCER CLUB GU GREYHOUNDS 2014,BURLINGTON TOWNSHIP SOCCER DYNAMITE 2014,GATEWAY UTD. - WESTVILLE,,
03/09/2025,14:00,18783558,,GotSport,Soccer,U-13,PALMYRA RIVERTON SC YOUNGBLOODS 2013,HARRISON WILDCATS 2012,PAL-RIV - LEGION FIELD 11v11,,
03/09/2025,14:00,18821215,,GotSport,Soccer,U-11,EGG HARBOR SC EAGLES 2014,COLLINGSWOOD OAKLYN SOCCER CLUB OUTLAWS 2014,Egg Harbor Twp HS,,
03/09/2025,14:00,18783288,,GotSport,Soccer,U-9,GATEWAY UNITED SOCCER CLUB GUSC THUNDER B2016,SWEDESBORO WOOLWICH SOCCER ASSOC. SWSA HAVOC 2016,GATEWAY UTD. - LANGSTON FIELD,,
03/09/2025,14:00,18822523,,GotSport,Soccer,U-9,TAR-KILL SOCCER CLUB TARKILL 2016 BOYS,COLLINGSWOOD OAKLYN SOCCER CLUB SPARTANS 2016,TARKILL-STERLING HS,,
03/09/2025,14:00,18793453,,GotSport,Soccer,U-9,MAPLE SHADE SHARKS 2016,AUDUBON 2016 BOYS,MAPLE SHADE - TURF FIELD,,
03/09/2025,14:00,18772738,,GotSport,Soccer,U-11,PITMAN SA BENGALS 2014,HIGHLAND YOUTH SOCCER CLUB THUNDER 2014,PITMAN-LAMBS ROAD,,
03/09/2025,14:00,18747946,,GotSport,Soccer,U-11,CHERRY HILL SC CHERRY HILL SC WHITE (2014),TBAA REVOLUTION 2014,CHSC - UPPER CHAPEL TURF,,
03/09/2025,14:00,18763775,,GotSport,Soccer,U-13,EDGEWATER PARK ATHLETIC ASSOCIATION EP UNITED 2012,NORTHERN BURLINGTON CELTIC 2012,,,
03/09/2025,14:00,18792465,,GotSport,Soccer,U-8,VOORHEES SA VENOM 2017,HADDON HEIGHTS SC 2017 HAVOC,VOORHEES-Echelon Complex,,
03/09/2025,14:00,18756943,,GotSport,Soccer,U-12,PENNSAUKEN YOUTH SOCCER CLUB REBELS 2013,CINNAMINSON SC THUNDERBIRDS 2013,Pennsauken Community Recreation Facility,,
03/09/2025,14:00,18814251,,GotSport,Soccer,U-13,CAPE EXPRESS WHITE CAPS 2012,PITTSGROVE SOCCER CLUB PSC SPURS '12,CAPE EX SOCCER COMPLEX At Ockie Wisting,,
03/09/2025,14:00,18759175,,GotSport,Soccer,U-10,MONROE TOWNSHIP YS 2015 UNITED BLUE,BURLINGTON TOWNSHIP SOCCER THUNDER2015,MONROE TWP - CORKERY LANE,,
03/09/2025,14:00,18769281,,GotSport,Soccer,U-13,VOORHEES SA FORCE 2012,MAINLAND UNITED SA MUSTANGS RED 2012 B,VOORHEES-EASTERN HS,,
03/09/2025,14:00,18755531,,GotSport,Soccer,U-11,AUDUBON ATTACK - BOYS 2014,CHERRY HILL SC CHERRY HILL SC FORCE 2014,AUDUBON - GREEN WAVE PARK,,
03/09/2025,14:00,18762684,,GotSport,Soccer,U-8,MOORESTOWN SC PYTHONS 2017,WASHINGTON TWP SOCCER CLUB WOLVES 2017,MOORESTOWN - MEMORIAL FIELDS,,
03/09/2025,14:00,18783438,,GotSport,Soccer,U-8,BORDENTOWN FC REVOLUTION 2017,HADDONFIELD SC REBELS 2017,BORDENTOWN - FRIENDSHIP FIELDS,,
03/09/2025,14:00,18820581,,GotSport,Soccer,U-13,WINSLOW GREEN DRAGONS 2012,BERLIN SOCCER CLUB BALL BREAKERS 2012,,,
03/09/2025,14:15,18772737,,GotSport,Soccer,U-11,LOGAN CHARGE BLACK 2014,EAST GREENWICH SA EGSA STARS 2014,LOGAN - TWP LINE,,
03/09/2025,14:15,18783485,,GotSport,Soccer,U-11,CHERRY HILL FC 2015 JUNIOR RED,CHERRY HILL SC CHERRY HILL SC UNITED 2014,CHFC - DeCOU,,
03/09/2025,14:20,18683028,,GotSport,Soccer,U-19,HIGHLAND YOUTH SOCCER CLUB FUSION,BORDENTOWN FC 2006,HIGHLAND - GLOUCESTER TWP PARK,,
03/09/2025,14:20,18815511,,GotSport,Soccer,U-13,BURLINGTON TOWNSHIP SOCCER DRAGONS 2012,VINELAND SA FURY 2012,BURLINGTON TWP - PINEWALD AVE,,
03/09/2025,14:30,18762655,,GotSport,Soccer,U-10,MOUNT LAUREL UNITED (MLU) WOLFPACK 2015,ATLANTIC UNITED PREMIER FIRE 2015 B,MLU-MARNE HWY,,
03/09/2025,14:30,18743083,,GotSport,Soccer,U-12,HADDONFIELD SC RED 2013,HADDON HEIGHTS SC 2013 YOUNG BOYS,HADDONFIELD - CROWS WOODS,,
03/09/2025,14:30,18821216,,GotSport,Soccer,U-11,DELRAN FC COBRAS 2015,WASHINGTON TWP SOCCER CLUB WARRIORS 2014,DELRAN-DEUTSCH FIELD,,
03/09/2025,14:30,18999212,,GotSport,Soccer,U-12,MOUNT LAUREL UNITED (MLU) GALAXY 2013,WASHINGTON TWP SOCCER CLUB RAPTORS 2013,MLU-TROTTERS,,
03/09/2025,14:30,18820579,,GotSport,Soccer,U-13,TAR-KILL SOCCER CLUB TARKILL BARCELONA 2012,COLLINGSWOOD OAKLYN SOCCER CLUB KNIGHTS 2012,TARKILL-STERLING HS,,
03/09/2025,14:30,18814493,,GotSport,Soccer,U-9,EGG HARBOR SC EAGLES 2016 BLACK,PITMAN SA BOBCATS 2016,Egg Harbor Twp HS,,
03/09/2025,14:30,18793241,,GotSport,Soccer,U-11,PITTSGROVE SOCCER CLUB PSC MAVERICKS '14,HARRISON WAVE 2014,PITTSGROVE-GREEN BRANCH,,
03/09/2025,14:30,18772709,,GotSport,Soccer,U-10,DEPTFORD SA THUNDER 2015,MEDFORD SC GOLD 2015,DEPTFORD SC,,
03/09/2025,14:30,18762654,,GotSport,Soccer,U-10,PALMYRA RIVERTON SC NATIONALS 2015,MANTUA TOWNSHIP SA FROGS 2015,PAL-RIV CHARLES STREET SCHOOL Spring Season,,
03/09/2025,14:30,18761494,,GotSport,Soccer,U-10,UPPER TOWNSHIP SA COMETS WHITE 2015,SENECA UNITED SC RAPTORS 2015,UPPER TWP-Amanda's Field Complex,,
03/09/2025,14:30,18720606,,GotSport,Soccer,U-9,CINNAMINSON SC LIGHTNING 2016,ATLANTIC UNITED PREMIER BLACK 2016 B,CINNAMINSON SC - MEMORIAL,,
03/09/2025,14:30,18760208,,GotSport,Soccer,U-8,HIGHLAND YOUTH SOCCER CLUB BOYS 2017,LOGAN BOOM 2017,HIGHLAND - GLOUCESTER TWP PARK,,
03/09/2025,14:30,18760207,,GotSport,Soccer,U-8,SWEDESBORO WOOLWICH SOCCER ASSOC. SWSA FIREBALLS 2017,WEST DEPTFORD SC DRAGONS 2017,SW-Locke Avenue Park,,
03/09/2025,14:30,18730860,,GotSport,Soccer,U-11,TBAA OUTLAWS 2014,UPPER TOWNSHIP SA HURRICANES GREEN 2014,TBAA-VALLEY BROOK,,
03/09/2025,14:30,18755355,,GotSport,Soccer,U-11,MONROE TOWNSHIP YS UNITED BOYS 2014 BLUE,HADDON TWP WHITE HAWKS 2015,MONROE TWP - CORKERY LANE,,
03/09/2025,14:30,18735657,,GotSport,Soccer,U-8,HADDONFIELD SC FIRE 2017,SWEDESBORO WOOLWICH SOCCER ASSOC. SWSA PANTHERS 2017,HADDONFIELD - CROWS WOODS,,
03/09/2025,14:30,18753936,,GotSport,Soccer,U-8,EAST GREENWICH SA EGSA UNITED 2017,WASHINGTON UNITED SOCCER CLUB WUSC 2017,E GREENWICH - THOMPSON FAMILY PARK,,
03/09/2025,14:45,18821143,,GotSport,Soccer,U-12,VOORHEES SA RAPTORS 2013,MOORESTOWN SC RAPTORS 2013,VOORHEES-Echelon Complex,,
03/09/2025,14:45,18758640,,GotSport,Soccer,U-8,PITTSGROVE SOCCER CLUB PSC RAPTORS ‘17,EGG HARBOR SC EAGLES 2017,PITTSGROVE-GREEN BRANCH,,
03/09/2025,14:45,18753503,,GotSport,Soccer,U-10,CHERRY HILL SC CHERRY HILL SC WARRIORS 2015,MOORESTOWN SC VIPERS 2015,CHSC - UPPER CHAPEL TURF,,
03/09/2025,14:45,18760732,,GotSport,Soccer,U-9,RANCOCAS VALLEY SC 2016 BOYS PREMIER,MEDFORD SC COLUMBIA 2016,Rancocas Valley-LUMBERTON MUNICIPAL,,
03/09/2025,14:45,18756944,,GotSport,Soccer,U-12,MEDFORD STRIKERS 2013 BOYS,MOORESTOWN SC GOLDEN EAGLES 2013,MEDFORD STRIKERS - ARK ROAD COMPLEX,,
03/09/2025,14:45,18687227,,GotSport,Soccer,U-12,MARLTON SC CHIEFS BLACK 2013,EAST GREENWICH SA EGSA PANTHERS 2013,MARLTON - MEMORIAL,,
03/09/2025,14:45,18771993,,GotSport,Soccer,U-10,WEST DEPTFORD SC ANIMALS 2015,MAINLAND UNITED SA MUSTANGS BLACK 2015 B,W DEPTFORD-WD PARK,,
03/09/2025,14:45,18771377,,GotSport,Soccer,U-10,WOODBURY BOLTS,CHERRY HILL FC 2015 JUNIOR WHITE,WOODBURY,,
03/09/2025,14:45,18822490,,GotSport,Soccer,U-11,MARLTON SC CHIEFS SILVER 2014,MEDFORD SC GOLD 2014,MARLTON - MEMORIAL,,
03/09/2025,14:45,18755532,,GotSport,Soccer,U-11,HAMMONTON HEAT BOYS 2014,MANTUA TOWNSHIP SA OUTLAWS 2014,HAMMONTON - MOSS MILL RD PARK SOCCER COMPLEX,,
03/09/2025,15:00,19024852,,GotSport,Soccer,U-16,SWEDESBORO WOOLWICH SOCCER ASSOC. SWSA FORCE 2009,MARLTON SC CHIEFS ORANGE 2009,SW-Locke Avenue Park,,
03/09/2025,15:00,18822554,,GotSport,Soccer,U-9,HARRISON HURRICANES 2016,HADDON HEIGHTS SC 2016 RUCKUS,HARRISON - William Wilt Soccer Complex,,
03/09/2025,15:00,18793226,,GotSport,Soccer,U-11,WOODSTOWN WOLFPACK 2014,NORTHERN BURLINGTON JACKALS 2015,WOODSTOWN,,
03/09/2025,15:20,18685365,,GotSport,Soccer,U-15,WASHINGTON TWP SOCCER CLUB RENEGADES 2010,SJ FUTBOL CLUB WOLVES,WASHINGTON TWP-WASH LAKE PARK,,
03/09/2025,15:30,18754959,,GotSport,Soccer,U-13,MARLTON SC CHIEFS BLACK 2012,CHERRY HILL SC CHERRY HILL SC COBRAS 2012,MARLTON - MEMORIAL,,
03/09/2025,15:30,18762607,,GotSport,Soccer,U-10,CLAYTON SA CLIPPERS 2015,LOGAN ARMADA BLUE 2015,CLAYTON - BENTZ,,
03/09/2025,15:30,18761180,,GotSport,Soccer,U-8,VOORHEES SA BLUE DEVILS 2017,SJ FUTBOL CLUB HAMMERS 2017,VOORHEES-Echelon Complex,,
03/09/2025,15:30,18772707,,GotSport,Soccer,U-10,MOORESTOWN SC HORNETS 2015,EAST GREENWICH SA EGSA TIGERS 2015,MOORESTOWN - MEMORIAL FIELDS,,
03/09/2025,15:30,18752453,,GotSport,Soccer,U-9,MOORESTOWN SC DRAGONS 2016,HADDONFIELD SC GREY 2016,MOORESTOWN - MEMORIAL FIELDS,,
03/09/2025,15:30,18822524,,GotSport,Soccer,U-9,CHERRY HILL FC 2016 JUNIOR BLACK,LOGAN SUPERNOVA 2016,CHFC - DeCOU,,
03/09/2025,15:30,18696046,,GotSport,Soccer,U-9,BARRINGTON SC STORM 2016,CINNAMINSON SC CHAOS 2016,BARRINGTON-DEERE FIELD,,
03/09/2025,15:30,18748977,,GotSport,Soccer,U-8,MAPLE SHADE CHAOS 2017,WATERFORD ATHLETIC ASSN WINGS 2017,MAPLE SHADE - TURF FIELD,,
03/09/2025,15:30,18752603,,GotSport,Soccer,U-15,AUDUBON SOCCER YOUTH UNITED 2010,HADDONFIELD SC WHITE 2010,AUDUBON - GREEN WAVE PARK,,
03/09/2025,15:30,18820544,,GotSport,Soccer,U-13,CHERRY HILL SC ROYALS 2012,SENECA UNITED SC PRIDE 2012,CHSC - CH WEST HS,,
03/09/2025,15:30,18820582,,GotSport,Soccer,U-13,PITMAN SA JAGUARS 2012,MILLVILLE LYNX 2012,PITMAN - ALCYON LAKE,,
03/09/2025,15:30,18818834,,GotSport,Soccer,U-15,PALMYRA RIVERTON SC UNION 2010,MILLVILLE VENOM 2010,PAL-RIV - LEGION FIELD 11v11,,
03/09/2025,15:30,18742812,,GotSport,Soccer,U-10,WATERFORD ATHLETIC ASSN WINGS 2015,MAINLAND UNITED SA MUSTANGS WHITE 2015-16 B,WATERFORD - BURNT MILL FIELD,,
03/09/2025,15:30,18742813,,GotSport,Soccer,U-10,COHANSEY SC DYNAMO 2015,MANTUA VIPERS 2015-2016,Cohansey - Cumberland County Tech School,,
03/09/2025,15:30,18754803,,GotSport,Soccer,U-11,FRANKLIN TOWNSHIP YOUTH SOCCER ASSOCIATION KNIGHTS 2014,HAMILTON ELITE FC PREMIER 2015B,FRANKLIN TWP YOUTH COMPLEX,,
03/09/2025,15:30,18783289,,GotSport,Soccer,U-9,BORDENTOWN FC REVOLUTION 2016,TBAA KNIGHTS 2016,BORDENTOWN - FRIENDSHIP FIELDS,,
03/09/2025,15:30,18685417,,GotSport,Soccer,U-19,MEDFORD SC ,MILLVILLE PHANTOMS 2007,MEDFORD - BENDE PARK,,
03/09/2025,15:30,18755501,,GotSport,Soccer,U-12,EGG HARBOR SC EAGLES 2013 BLACK,RANCOCAS VALLEY SC 2013 BOYS RONALDO,Egg Harbor Twp HS,,
03/09/2025,15:30,18755533,,GotSport,Soccer,U-11,MEDFORD SC CAROLINA 2014,HADDON HEIGHTS SC 2014 MIGHTY TITANS,MEDFORD - BENDE PARK,,
03/09/2025,15:30,18802326,,GotSport,Soccer,U-9,MONROE UNITED 2016 BOYS,EAST GREENWICH SA EGSA CHAOS 2016,MONROE TWP - CORKERY LANE,,
03/09/2025,15:30,18814492,,GotSport,Soccer,U-9,VOORHEES SA DESTROYERS 2016,WEST DEPTFORD SC WILDCATS 2016,VOORHEES-Echelon Complex,,
03/09/2025,15:30,18762639,,GotSport,Soccer,U-10,PENNSAUKEN YOUTH SOCCER CLUB LIONS 2015,HARRISON BLUE REBELS 2015,Pennsauken Community Recreation Facility,,
03/09/2025,15:30,18685831,,GotSport,Soccer,U-14,DEPTFORD SA TORNADOES 2011,HARRISON SC THUNDER 2011,DEPTFORD SC,,
03/09/2025,15:30,18793393,,GotSport,Soccer,U-10,HADDON TWP RED HAWKS 2015,MILLVILLE PREDATORS 2015,,,
03/09/2025,15:30,18758641,,GotSport,Soccer,U-8,CAPE EXPRESS CE 2017 BARCA,UPPER TOWNSHIP SA FLASH 2017,CAPE EX SOCCER COMPLEX At Ockie Wisting,,
03/09/2025,15:30,18750888,,GotSport,Soccer,U-14,EGG HARBOR SC EAGLES BLACK 2011,BORDENTOWN FC RENEGADES 2011,Egg Harbor Twp HS,,
03/09/2025,15:30,18770961,,GotSport,Soccer,U-14,PEMBERTON SC PUNISHERS 2011,GATEWAY UNITED SOCCER CLUB GUSC WILDCATS B2011,PEMBERTON - HIGH SCHOOL,,
03/09/2025,15:30,18695948,,GotSport,Soccer,U-11,PENNSAUKEN YOUTH SOCCER CLUB AVENGERS 2014,RANCOCAS VALLEY SC RVSC '14 - CELTIC,Pennsauken Community Recreation Facility,,
03/09/2025,15:30,18687226,,GotSport,Soccer,U-12,CHERRY HILL SC CHERRY HILL SC FORCE 2013,MOUNT LAUREL UNITED (MLU) TIGERS 2013,CHSC - UPPER CHAPEL TURF,,
03/09/2025,15:30,18695867,,GotSport,Soccer,U-14,PENNS GROVE SC RAGE 2011,MAINLAND UNITED SA MUSTANGS WHITE 2011-12 B,PG-CP-PED- Carney's Point Rec Center,,
03/09/2025,15:30,18999211,,GotSport,Soccer,U-12,PENNSVILLE EAGLES 2013,BERLIN SOCCER CLUB BULLDOGS 2013,PENNSVILLE,,
03/09/2025,15:30,18720590,,GotSport,Soccer,U-9,MAINLAND UNITED SA MUSTANGS RED 2016 B,MOUNT LAUREL UNITED (MLU) REVOLUTION 2016,MAINLAND - MEMORIAL PARK,,
03/09/2025,15:30,18761179,,GotSport,Soccer,U-8,DELRAN FC 2017 DEVILS,WASHINGTON TWP SOCCER CLUB REBELS 2017,DELRAN-DEUTSCH FIELD,,
03/09/2025,15:30,18783497,,GotSport,Soccer,U-9,GATEWAY UNITED SOCCER CLUB GUSC GATORS B2016/2017,LOGAN APOLLO 2016,GATEWAY UTD. - LANGSTON FIELD,,
03/09/2025,15:30,18783586,,GotSport,Soccer,U-15,VOORHEES SA WARRIORS 2010,HARRISON SC STORM 2010,VOORHEES-EASTERN HS,,
03/09/2025,15:30,18685366,,GotSport,Soccer,U-15,EDGEWATER PARK ATHLETIC ASSOCIATION EP WIZARDS 2010,BORDENTOWN FC PANTHERS 2010,,,
03/09/2025,15:30,18815482,,GotSport,Soccer,U-14,CINNAMINSON SC STORM 2011,WASHINGTON TWP SOCCER CLUB REGULATORS 2011,CINNAMINSON SC - MEMORIAL,,
03/09/2025,15:45,18821142,,GotSport,Soccer,U-12,EAST GREENWICH SA EGSA DYNAMO 2013,DEPTFORD SA TORNADOES 2013,E GREENWICH - THOMPSON FAMILY PARK,,
03/09/2025,15:45,18753504,,GotSport,Soccer,U-10,DEPTFORD SA LIGHTNING 2015,HARRISON STRIKERS 2015,DEPTFORD SC,,
03/09/2025,15:45,18755356,,GotSport,Soccer,U-11,MOUNT LAUREL UNITED (MLU) COBRAS 2014,NORTHERN BURLINGTON BLUE DEVILS 2014,MLU-TROTTERS,,
03/09/2025,15:45,18822553,,GotSport,Soccer,U-9,PALMYRA RIVERTON SC LEGENDARY 2016,COLLINGSWOOD OAKLYN SOCCER CLUB WARRIORS 2016,PAL-RIV CHARLES STREET SCHOOL Spring Season,,
03/09/2025,15:45,18763788,,GotSport,Soccer,U-13,HADDONFIELD SC BLACK 2012,HIGHLAND YOUTH SOCCER CLUB MUSTANGS 2012,HADDONFIELD - CROWS WOODS,,
03/09/2025,15:45,18771992,,GotSport,Soccer,U-10,EGG HARBOR SC EAGLES 2015 WHITE,HIGHLAND YOUTH SOCCER CLUB LIGHTNING 2015,Egg Harbor Twp HS,,
03/09/2025,15:45,18792467,,GotSport,Soccer,U-8,MOUNT LAUREL UNITED (MLU) EAGLES 2017,CINNAMINSON SC RAIDERS 2017,MLU-MARNE HWY,,
03/09/2025,15:45,18720589,,GotSport,Soccer,U-9,HADDONFIELD SC RED 2016,DELRAN FC SOCCER SHARKS 2016,HADDONFIELD - CROWS WOODS,,
03/09/2025,15:45,18755503,,GotSport,Soccer,U-12,PITTSGROVE SOCCER CLUB PSC PYTHONS '13,AUDUBON SOCCER YOUTH WILD WINGS 2013,PITTSGROVE-GREEN BRANCH,,
03/09/2025,15:45,18771991,,GotSport,Soccer,U-10,UPPER TOWNSHIP SA COMETS GREEN 2015,CAPE EXPRESS CE SILVER STREAK 2015,UPPER TWP-Amanda's Field Complex,,
03/09/2025,15:45,18783475,,GotSport,Soccer,U-11,DELRAN FC SOCCER DELRAN FC KNIGHTS 2014,HADDON TWP RED HAWKS 2014,DELRAN-DEUTSCH FIELD,,
03/09/2025,15:45,18701104,,GotSport,Soccer,U-11,CINNAMINSON SC CHARGERS 2014,ATLANTIC UNITED PREMIER KICKERS 2014 B,CINNAMINSON SC - MEMORIAL,,
03/09/2025,15:45,18696008,,GotSport,Soccer,U-12,WASHINGTON TWP SOCCER CLUB DAREDEVILS 2013,HARRISON WOLFPACK 2013,WASHINGTON TWP-WASH LAKE PARK,,
03/09/2025,15:45,18793360,,GotSport,Soccer,U-12,LOGAN FLASH 2013,COLLINGSWOOD OAKLYN SOCCER CLUB TITANS 2013,LOGAN - TWP LINE,,
03/09/2025,15:45,18730861,,GotSport,Soccer,U-11,TBAA REVOLUTION 2015,TAR-KILL SOCCER CLUB TARKILL CHELSEA 2014,TBAA-VALLEY BROOK,,
03/09/2025,15:45,18752454,,GotSport,Soccer,U-9,HIGHLAND YOUTH SOCCER CLUB HAVOK 2016,MILLVILLE THUNDER 2016,HIGHLAND - GLOUCESTER TWP PARK,,
03/09/2025,15:45,18695993,,GotSport,Soccer,U-12,CHERRY HILL FC 2013 RED HAWKS,BURLINGTON TOWNSHIP SOCCER STRIKERS 2013,CHFC - DeCOU,,
03/09/2025,15:45,18756980,,GotSport,Soccer,U-10,WINSLOW TITANS 2015,RANCOCAS VALLEY SC 2015 BOYS STEALTH,,,
03/09/2025,15:45,18793452,,GotSport,Soccer,U-9,SWEDESBORO WOOLWICH SOCCER ASSOC. SWSA VENOM 2016,WASHINGTON TWP SOCCER CLUB THUNDER 2016,SW-Locke Avenue Park,,
03/09/2025,15:50,18815481,,GotSport,Soccer,U-14,BURLINGTON TOWNSHIP SOCCER REBELS 2011,DELRAN FC FLASH 2011,BURLINGTON TWP - PINEWALD AVE,,
03/09/2025,16:00,18755502,,GotSport,Soccer,U-12,HAMMONTON HEAT BOYS 2013,MEDFORD SC MAYHEM 2013,HAMMONTON - MOSS MILL RD PARK SOCCER COMPLEX,,
03/09/2025,16:00,18700883,,GotSport,Soccer,U-9,PITTSGROVE SOCCER CLUB PSC PRIME WHITE '16,HADDONFIELD SC BLACK 2016 B,PITTSGROVE-GREEN BRANCH,,
03/09/2025,16:00,18695950,,GotSport,Soccer,U-11,MARLTON SC CHIEFS WHITE 2014,MAINLAND UNITED SA MUSTANGS RED 2014 B,MARLTON - MEMORIAL,,
03/09/2025,16:00,18748976,,GotSport,Soccer,U-8,WOODBURY WARRIORS,PALMYRA RIVERTON SC RIPPERS 2017,WOODBURY,,
03/09/2025,16:00,18761194,,GotSport,Soccer,U-8,RANCOCAS VALLEY SC 2017 BOYS PREMIER,CINNAMINSON SC RED 2017,Rancocas Valley-LUMBERTON MUNICIPAL,,
03/09/2025,16:00,18756981,,GotSport,Soccer,U-10,MEDFORD STRIKERS 2015 BOYS,HADDON HEIGHTS SC 2015 CHEETAHS,MEDFORD STRIKERS - ARK ROAD COMPLEX,,
03/09/2025,16:00,18685470,,GotSport,Soccer,U-16,TAR-KILL SOCCER CLUB TARKILL BLUE DEVILS 2009,BURLINGTON TOWNSHIP SOCCER CELTIC 2010,TARKILL-STERLING HS,,
03/09/2025,16:00,18685453,,GotSport,Soccer,U-16,HIGHLAND YOUTH SOCCER CLUB BOYS 2009,NORTHERN BURLINGTON SA BULLDOGS 2009,HIGHLAND - GLOUCESTER TWP PARK,,
03/09/2025,16:00,18815155,,GotSport,Soccer,U-11,MARLTON SC CHIEFS ORANGE 2015,SENECA UNITED SC THUNDER 2014,MARLTON - MEMORIAL,,
03/09/2025,16:00,18815156,,GotSport,Soccer,U-11,VOORHEES SA LIGHTNING 2014,SWEDESBORO WOOLWICH SOCCER ASSOC. SWSA LIGHTNING 2014,VOORHEES-Echelon Complex,,
03/09/2025,16:00,18753934,,GotSport,Soccer,U-8,CHERRY HILL SC DYNAMO (2017),MEDFORD SC 2017B NAVY (RENEGADES),CHSC - UPPER CHAPEL TURF,,
03/09/2025,16:00,18822555,,GotSport,Soccer,U-9,WEST DEPTFORD SC TSUNAMI 2016,UPPER TOWNSHIP SA BREAKERS 2016,W DEPTFORD-WD PARK,,
03/09/2025,16:15,18759174,,GotSport,Soccer,U-10,WOODSTOWN WILD 2015,MOORESTOWN SC DEVIL RAYS 2015,WOODSTOWN,,
03/13/2025,19:00,18685454,,GotSport,Soccer,U-16,DEPTFORD AVENGERS 2009,EAST GREENWICH SA EGSA THUNDER 2009,E GREENWICH - THOMPSON FAMILY PARK,,
03/16/2025,11:00,18743086,,GotSport,Soccer,U-12,HADDON HEIGHTS SC 2013 YOUNG BOYS,HIGHLAND YOUTH SOCCER CLUB FURY 2013,HADD HGTS - DEVON,,
03/16/2025,11:00,18752608,,GotSport,Soccer,U-15,AUDUBON SOCCER YOUTH UNITED 2010,FRANKLIN TOWNSHIP YOUTH SOCCER ASSOCIATION STORM 2010,AUDUBON - GREEN WAVE PARK,,
03/16/2025,11:00,18994515,,GotSport,Soccer,U-11,CHERRY HILL FC 2015 JUNIOR RED,DEPTFORD PREMIER FC '15 BOYS FUSION,CHFC - DeCOU,,
03/16/2025,11:00,18750889,,GotSport,Soccer,U-14,HADDONFIELD SC RED 2011,MANTUA TOWNSHIP SA UNION 2011,HADDONFIELD - CROWS WOODS,,
03/16/2025,11:00,18791885,,GotSport,Soccer,U-10,MARLTON SC CHIEFS WHITE 2015,CINNAMINSON SC BANDITS 2015,MARLTON - MEMORIAL,,
03/16/2025,11:00,18720836,,GotSport,Soccer,U-13,WINSLOW DYNAMO 2012,TAR-KILL SOCCER CLUB TARKILL LIVERPOOL 2012,,,
03/16/2025,11:00,18819045,,GotSport,Soccer,U-14,MOORESTOWN SC LIGHTNING 2011,HAMMONTON HEAT BOYS 2011,MOORESTOWN - MEMORIAL FIELDS,,
03/16/2025,11:00,18683033,,GotSport,Soccer,U-19,HIGHLAND YOUTH SOCCER CLUB FUSION,BURLINGTON TOWNSHIP SOCCER BULLS 2007-2008,HIGHLAND - GLOUCESTER TWP PARK,,
03/16/2025,11:00,18720853,,GotSport,Soccer,U-13,RANCOCAS VALLEY SC 2012 BOYS AVENGERS,HARRISON SC STRIKERS 2012,Rancocas Valley-LUMBERTON MUNICIPAL,,
03/16/2025,11:00,18822492,,GotSport,Soccer,U-11,DELRAN FC HAWKS 2014,MARLTON SC CHIEFS SILVER 2014,DELRAN-DEUTSCH FIELD,,
03/16/2025,11:00,18742802,,GotSport,Soccer,U-10,SWEDESBORO WOOLWICH SOCCER ASSOC. SWSA HONEY BADGERS 2015,MAINLAND UNITED SA MUSTANGS WHITE 2015-16 B,SW-Locke Avenue Park,,
03/16/2025,11:00,18820547,,GotSport,Soccer,U-13,SENECA UNITED SC PRIDE 2012,COLLINGSWOOD OAKLYN SOCCER CLUB KNIGHTS 2012,SENECA - STONEY CREEK FIELDS,,
03/16/2025,11:00,18820572,,GotSport,Soccer,U-13,CHERRY HILL SC ROYALS 2012,TAR-KILL SOCCER CLUB TARKILL BARCELONA 2012,CHSC - CH WEST HS,,
03/16/2025,11:30,18685849,,GotSport,Soccer,U-14,DEPTFORD SA TORNADOES 2011,MAINLAND UNITED SA MUSTANGS RED 2011 B,DEPTFORD SC,,
03/16/2025,12:00,18685456,,GotSport,Soccer,U-16,EAST GREENWICH SA EGSA THUNDER 2009,HIGHLAND YOUTH SOCCER CLUB BOYS 2009,E GREENWICH - THOMPSON FAMILY PARK,,
03/16/2025,12:00,18701092,,GotSport,Soccer,U-11,CINNAMINSON SC CHARGERS 2014,PITTSGROVE SOCCER CLUB PSC PHANTOMS '14,CINNAMINSON SC - MEMORIAL,,
03/16/2025,12:00,18783561,,GotSport,Soccer,U-13,HARRISON WILDCATS 2012,WEST DEPTFORD SC UNION 2012,HARRISON - William Wilt Soccer Complex,,
03/16/2025,12:00,18783501,,GotSport,Soccer,U-9,UPPER TOWNSHIP SA THUNDER 2016,GATEWAY UNITED SOCCER CLUB GUSC GATORS B2016/2017,UPPER TWP-Amanda's Field Complex,,
03/16/2025,12:00,18752455,,GotSport,Soccer,U-9,HADDONFIELD SC GREY 2016,HADDONFIELD SC WHITE 2016,HADDONFIELD - CROWS WOODS,,
03/16/2025,12:00,18752456,,GotSport,Soccer,U-9,RANCOCAS VALLEY SC 2016 BOYS UNITED,HIGHLAND YOUTH SOCCER CLUB HAVOK 2016,Rancocas Valley-LUMBERTON MUNICIPAL,,
03/16/2025,12:00,19024856,,GotSport,Soccer,U-16,PENNSVILLE EAGLES 2010/2009,TBAA STORM 2009,PENNSVILLE,,
03/16/2025,12:00,18792469,,GotSport,Soccer,U-8,GATEWAY UNITED SOCCER CLUB GU GATORS B2017,VOORHEES SA VENOM 2017,GATEWAY UTD. - LANGSTON FIELD,,
03/16/2025,12:00,18999198,,GotSport,Soccer,U-12,WOODBURY SOCCER CLUB WOODBURY BISON 2013,MOUNT LAUREL UNITED (MLU) GALAXY 2013,WOODBURY,,
03/16/2025,12:00,18770617,,GotSport,Soccer,U-10,BURLINGTON TOWNSHIP SOCCER PHOENIX 2015,HADDONFIELD SC WHITE 2015 B,BURLINGTON TWP - PINEWALD AVE,,
03/16/2025,12:00,18687229,,GotSport,Soccer,U-12,EAST GREENWICH SA EGSA PANTHERS 2013,CHERRY HILL SC CHERRY HILL SC FORCE 2013,E GREENWICH - THOMPSON FAMILY PARK,,
03/16/2025,12:00,18720838,,GotSport,Soccer,U-13,CINNAMINSON SC CHARGE 2012,PITTSGROVE SOCCER CLUB PSC WARRIORS '12,CINNAMINSON SC - MEMORIAL,,
03/16/2025,12:00,18750905,,GotSport,Soccer,U-14,MEDFORD STRIKERS 2011 BOYS,BORDENTOWN FC RENEGADES 2011,MEDFORD STRIKERS - ARK ROAD COMPLEX,,
03/16/2025,12:00,18793365,,GotSport,Soccer,U-12,MILLVILLE REBELS 2013,WOODSTOWN WOLVERINES 2013,MILLVILLE SOCCER COMPLEX,,
03/16/2025,12:00,18793364,,GotSport,Soccer,U-12,COLLINGSWOOD OAKLYN SOCCER CLUB TITANS 2013,HADDONFIELD SC BLACK 2013,COSC- Oaklyn Public School,,
03/16/2025,12:00,18683056,,GotSport,Soccer,U-19,PALMYRA RIVERTON SC LEGACY 2006,BORDENTOWN FC 2006,PAL-RIV - LEGION FIELD 11v11,,
03/16/2025,12:00,18685383,,GotSport,Soccer,U-15,WASHINGTON TWP SOCCER CLUB RENEGADES 2010,BORDENTOWN FC PANTHERS 2010,WASHINGTON TWP-WASH LAKE PARK,,
03/16/2025,12:00,18685367,,GotSport,Soccer,U-15,SJ FUTBOL CLUB WOLVES,PENNSAUKEN YOUTH SOCCER CLUB CYCLONES 2010,SJFC - UPPER DEERFIELD RECREATION COMPLEX,,
03/16/2025,12:00,18685419,,GotSport,Soccer,U-19,MAPLE SHADE AVENGERS 2007,MEDFORD SC ,MAPLE SHADE - TURF FIELD,,
03/16/2025,12:00,18770601,,GotSport,Soccer,U-10,HARRISON BLUE ARSENAL 2015,LOGAN ARMADA BLACK 2015,HARRISON - William Wilt Soccer Complex,,
03/16/2025,12:00,18815158,,GotSport,Soccer,U-11,SWEDESBORO WOOLWICH SOCCER ASSOC. SWSA LIGHTNING 2014,MARLTON SC CHIEFS ORANGE 2015,SW-Locke Avenue Park,,
03/16/2025,12:00,18802315,,GotSport,Soccer,U-9,CHERRY HILL SC CHERRY HILL SC THUNDER (2016),DELRAN FC UNION 2016,CHSC - UPPER CHAPEL TURF,,
03/16/2025,12:00,18755519,,GotSport,Soccer,U-12,EGG HARBOR SC EAGLES 2013 BLACK,MEDFORD SC MAYHEM 2013,Egg Harbor Twp HS,,
03/16/2025,12:00,18756946,,GotSport,Soccer,U-12,MOORESTOWN SC GOLDEN EAGLES 2013,PENNSAUKEN YOUTH SOCCER CLUB REBELS 2013,MOORESTOWN - SALEM RD/PRYOR PARK,,
03/16/2025,12:00,18771382,,GotSport,Soccer,U-10,NORTHERN BURLINGTON STORM 2015,AUDUBON BOYS 2015,NB- MANSFIELD TOWNSHIP ELEMENTARY SCHOOL,,
03/16/2025,12:00,18685420,,GotSport,Soccer,U-19,MILLVILLE PHANTOMS 2007,WASHINGTON TWP SOCCER CLUB SPARTANS 2007,MILLVILLE SOCCER COMPLEX,,
03/16/2025,12:00,18761431,,GotSport,Soccer,U-12,CAPE EXPRESS AVENGERS 2013,MONROE UNITED 2013,CAPE EX SOCCER COMPLEX At Ockie Wisting,,
03/16/2025,12:00,18685458,,GotSport,Soccer,U-16,TAR-KILL SOCCER CLUB TARKILL BLUE DEVILS 2009,DEPTFORD AVENGERS 2009,TARKILL-STERLING HS,,
03/16/2025,12:15,18783290,,GotSport,Soccer,U-9,SWEDESBORO WOOLWICH SOCCER ASSOC. SWSA HAVOC 2016,MEDFORD SC WHITE 2016,SW-Locke Avenue Park,,
03/16/2025,12:15,18755536,,GotSport,Soccer,U-11,HADDON HEIGHTS SC 2014 MIGHTY TITANS,HAMMONTON HEAT BOYS 2014,HADD HGTS - DEVON,,
03/16/2025,12:30,18772742,,GotSport,Soccer,U-11,MARLTON SC CHIEFS BLACK 2014,PITMAN SA BENGALS 2014,MARLTON - MEMORIAL,,
03/16/2025,12:30,18822526,,GotSport,Soccer,U-9,LOGAN SUPERNOVA 2016,TAR-KILL SOCCER CLUB TARKILL 2016 BOYS,LOGAN - TWP LINE,,
03/16/2025,12:30,18769269,,GotSport,Soccer,U-13,VOORHEES SA FORCE 2012,HIGHLAND YOUTH SOCCER CLUB FORCE 2012,VOORHEES-EASTERN HS,,
03/16/2025,12:30,18791886,,GotSport,Soccer,U-10,PITTSGROVE SOCCER CLUB PSC GALAXY '15,VOORHEES SA PYTHONS 2015,PITTSGROVE-GREEN BRANCH,,
03/16/2025,12:30,18747952,,GotSport,Soccer,U-11,WATERFORD ATHLETIC ASSN WINGS 2014,HARRISON STRIKERS 2014,WATERFORD - BURNT MILL FIELD,,
03/16/2025,12:30,18687261,,GotSport,Soccer,U-12,MEDFORD SC BLUE DEVILS 2013,TAR-KILL SOCCER CLUB TARKILL KNIGHTS 2013,MEDFORD - BENDE PARK,,
03/16/2025,12:30,18793228,,GotSport,Soccer,U-11,NORTHERN BURLINGTON JACKALS 2015,HARRISON WAVE 2014,NB- MANSFIELD TOWNSHIP ELEMENTARY SCHOOL,,
03/16/2025,12:30,18720592,,GotSport,Soccer,U-9,MOUNT LAUREL UNITED (MLU) REVOLUTION 2016,HADDONFIELD SC RED 2016,MLU-MARNE HWY,,
03/16/2025,12:30,18700813,,GotSport,Soccer,U-12,HADDONFIELD SC WHITE 2013,BARRINGTON SC REVOLUTION 2013,HADDONFIELD - CROWS WOODS,,
03/16/2025,12:30,18802314,,GotSport,Soccer,U-9,MONROE UNITED 2016 BOYS,EGG HARBOR SC EAGLES 2016 WHITE,MONROE TWP - CORKERY LANE,,
03/16/2025,12:30,18761432,,GotSport,Soccer,U-12,SJ FUTBOL CLUB FLYERS 2014,EGG HARBOR SC EAGLES WHITE 2013,SJFC - UPPER DEERFIELD RECREATION COMPLEX,,
03/16/2025,12:30,18793230,,GotSport,Soccer,U-11,BURLINGTON TOWNSHIP SOCCER DYNAMITE 2014,WOODSTOWN WOLFPACK 2014,BURLINGTON TWP - PINEWALD AVE,,
03/16/2025,12:30,18754965,,GotSport,Soccer,U-13,NORTHERN BURLINGTON SA BLUES 2013,PITTSGROVE SOCCER CLUB PSC REVOLUTION '13,NB- MANSFIELD TOWNSHIP ELEMENTARY SCHOOL,,
03/16/2025,12:30,18734132,,GotSport,Soccer,U-14,MONROE TOWNSHIP YS UNITED WHITE 2011,BORDENTOWN FC JAGUARS 2011,MONROE TWP - CORKERY LANE,,
03/16/2025,12:30,18783440,,GotSport,Soccer,U-8,CHERRY HILL FC 2017 JUNIOR BLACK,BORDENTOWN FC REVOLUTION 2017,CHFC - DeCOU,,
03/16/2025,12:30,18815159,,GotSport,Soccer,U-11,SENECA UNITED SC THUNDER 2014,WASHINGTON TWP SOCCER CLUB TERROR 2014,SENECA - STONEY CREEK FIELDS,,
03/16/2025,12:30,18761430,,GotSport,Soccer,U-12,MOUNT LAUREL UNITED (MLU) LIGHTNING 2014,MARLTON SC CHIEFS ORANGE 2014,MLU-TROTTERS,,
03/16/2025,12:30,18762611,,GotSport,Soccer,U-10,PITMAN SA WILDCATS 2015,CLAYTON SA CLIPPERS 2015,PITMAN - Dell,,
03/16/2025,12:30,18792468,,GotSport,Soccer,U-8,HADDON TWP. WHITE HAWKS 2017,HADDON HEIGHTS SC 2017 HAVOC,,,
03/16/2025,12:30,18818835,,GotSport,Soccer,U-15,WINSLOW SLAYERS 2010,MARLTON SC CHIEFS WHITE 2010,,,
03/16/2025,12:30,18753937,,GotSport,Soccer,U-8,HARRISON UNITED 2017,CHERRY HILL SC DYNAMO (2017),HARRISON - William Wilt Soccer Complex,,
03/16/2025,12:30,18753508,,GotSport,Soccer,U-10,WASHINGTON UNITED SOCCER CLUB WUSC 2015,DEPTFORD SA LIGHTNING 2015,WASHINGTON TWP. - Levy Fields (Virtua),,
03/16/2025,12:30,18701090,,GotSport,Soccer,U-11,UPPER TOWNSHIP SA HURRICANES WHITE 2014,FRANKLIN TOWNSHIP YOUTH SOCCER ASSOCIATION STORM 2014,UPPER TWP-Amanda's Field Complex,,
03/16/2025,12:30,18793395,,GotSport,Soccer,U-10,WASHINGTON TWP SOCCER CLUB RAPTORS 2015,HADDON TWP RED HAWKS 2015,WASHINGTON TWP- H.S.,,
03/16/2025,12:30,18696051,,GotSport,Soccer,U-9,FRANKLIN TOWNSHIP YOUTH SOCCER ASSOCIATION JERSEY DEVILS 2016,EAST GREENWICH SA EGSA LIONS 2016,FRANKLIN TWP YOUTH COMPLEX,,
03/16/2025,12:30,18685834,,GotSport,Soccer,U-14,MOUNT LAUREL UNITED (MLU) FLASH 2011,PITTSGROVE SOCCER CLUB PSC WOLVES '11,MLU-TROTTERS,,
03/16/2025,12:30,18753507,,GotSport,Soccer,U-10,MOORESTOWN SC VIPERS 2015,SWEDESBORO WOOLWICH SOCCER ASSOC. SWSA STRIKERS 2015,MOORESTOWN - MEMORIAL FIELDS,,
03/16/2025,12:30,18754805,,GotSport,Soccer,U-11,RANCOCAS VALLEY SC RVSC - '14 FOREST,FRANKLIN TOWNSHIP YOUTH SOCCER ASSOCIATION KNIGHTS 2014,Rancocas Valley-LUMBERTON MUNICIPAL,,
03/16/2025,12:30,18814494,,GotSport,Soccer,U-9,WEST DEPTFORD SC WILDCATS 2016,MARLTON SC CHIEFS WHITE 2016,W DEPTFORD-WD PARK,,
03/16/2025,12:30,18763777,,GotSport,Soccer,U-13,WEST DEPTFORD SC WARRIORS 2013,EDGEWATER PARK ATHLETIC ASSOCIATION EP UNITED 2012,W DEPTFORD-WD PARK,,
03/16/2025,12:30,18755359,,GotSport,Soccer,U-11,HADDON TWP WHITE HAWKS 2015,MOORESTOWN SC GUARDIANS 2014,,,
03/16/2025,12:30,18820573,,GotSport,Soccer,U-13,BERLIN SOCCER CLUB BALL BREAKERS 2012,PITMAN SA JAGUARS 2012,BERLIN SC - FRANKLIN FIELDS,,
03/16/2025,12:30,18743084,,GotSport,Soccer,U-12,HARRISON SC LIGHTNING 2013,MANTUA TOWNSHIP SA MTSA ELITE 2014,HARRISON - William Wilt Soccer Complex,,
03/16/2025,12:30,18720593,,GotSport,Soccer,U-9,DELRAN FC SOCCER SHARKS 2016,ATLANTIC UNITED PREMIER BLACK 2016 B,DELRAN-DEUTSCH FIELD,,
03/16/2025,12:30,18734117,,GotSport,Soccer,U-14,LOGAN BLAZE 2011,MEDFORD SC RENEGADES 2011,LOGAN - TWP LINE,,
03/16/2025,12:30,18734116,,GotSport,Soccer,U-14,TBAA TITANS 2011,SWEDESBORO WOOLWICH SOCCER ASSOC. SWSA RED FLAMES 2011,TBAA-VALLEY BROOK,,
03/16/2025,12:30,18730849,,GotSport,Soccer,U-11,TBAA REVOLUTION 2015,MEDFORD SC AVENGERS 2014,TBAA-VALLEY BROOK,,
03/16/2025,12:30,18755441,,GotSport,Soccer,U-13,HADDONFIELD SC RED 2012,SWEDESBORO WOOLWICH SOCCER ASSOC. SWSA SHARKS 2012,HADDONFIELD - CROWS WOODS,,
03/16/2025,12:30,18762672,,GotSport,Soccer,U-8,MOORESTOWN SC PYTHONS 2017,DEPTFORD SA SCORPIONS 2017,MOORESTOWN - MEMORIAL FIELDS,,
03/16/2025,12:30,18815455,,GotSport,Soccer,U-14,VINELAND SA STRIKERS 2011,VOORHEES SA BLUES 2011,VINELAND SA,,
03/16/2025,12:30,18695883,,GotSport,Soccer,U-14,CHERRY HILL FC 2011/2012 COBRAS,PITMAN SA PUMAS 2011,CHFC - DeCOU,,
03/16/2025,12:30,18695996,,GotSport,Soccer,U-12,WASHINGTON TWP SOCCER CLUB DAREDEVILS 2013,CHERRY HILL FC 2013 RED HAWKS,WASHINGTON TWP-WASH LAKE PARK,,
03/16/2025,12:40,18755442,,GotSport,Soccer,U-13,AUDUBON SOCCER YOUTH BALLERS 2012,PENNSVILLE EAGLES 2012,AUDUBON - GREEN WAVE PARK,,
03/16/2025,12:40,18683035,,GotSport,Soccer,U-19,HIGHLAND YOUTH SOCCER CLUB GALAXY 2008,GATEWAY UNITED SOCCER CLUB GUSC WARRIORS B2006,HIGHLAND - GLOUCESTER TWP PARK,,
03/16/2025,13:00,18814253,,GotSport,Soccer,U-13,DEPTFORD SA THUNDER 2012,CAPE EXPRESS WHITE CAPS 2012,DEPTFORD SC,,
03/16/2025,13:15,18793457,,GotSport,Soccer,U-9,NORTHERN BURLINGTON BOOM 2016,MAPLE SHADE SHARKS 2016,NB- MANSFIELD TOWNSHIP ELEMENTARY SCHOOL,,
03/16/2025,13:15,18822558,,GotSport,Soccer,U-9,UPPER TOWNSHIP SA BREAKERS 2016,HARRISON HURRICANES 2016,UPPER TWP-Amanda's Field Complex,,
03/16/2025,13:15,18771995,,GotSport,Soccer,U-10,CAPE EXPRESS CE SILVER STREAK 2015,WEST DEPTFORD SC ANIMALS 2015,CAPE EX SOCCER COMPLEX At Ockie Wisting,,
03/16/2025,13:15,18772711,,GotSport,Soccer,U-10,EAST GREENWICH SA EGSA TIGERS 2015,DEPTFORD SA THUNDER 2015,E GREENWICH - THOMPSON FAMILY PARK,,
03/16/2025,13:15,18700815,,GotSport,Soccer,U-12,MOORESTOWN SC DRAGONS 2013,PITMAN SA TOMCATS 2013,MOORESTOWN - SALEM RD/PRYOR PARK,,
03/16/2025,13:15,18783441,,GotSport,Soccer,U-8,HADDONFIELD SC REBELS 2017,CHERRY HILL SC CHERRY HILL SC COBRAS 2017,HADDONFIELD - CROWS WOODS,,
03/16/2025,13:15,18758642,,GotSport,Soccer,U-8,EGG HARBOR SC EAGLES 2017,HADDONFIELD SC THUNDER 2017,Egg Harbor Twp HS,,
03/16/2025,13:15,18793396,,GotSport,Soccer,U-10,MILLVILLE PREDATORS 2015,CHERRY HILL FC 2015 JUNIORS BLACK,MILLVILLE SOCCER COMPLEX,,
03/16/2025,13:15,18756947,,GotSport,Soccer,U-12,CINNAMINSON SC THUNDERBIRDS 2013,CAPE EXPRESS CE 2014 UNION,CINNAMINSON SC - MEMORIAL,,
03/16/2025,13:15,18755535,,GotSport,Soccer,U-11,CHERRY HILL SC CHERRY HILL SC FORCE 2014,MEDFORD SC CAROLINA 2014,CHSC - UPPER CHAPEL TURF,,
03/16/2025,13:15,18760721,,GotSport,Soccer,U-9,HARRISON HORNETS 2016,MOORESTOWN SC WARRIORS 2016,HARRISON - William Wilt Soccer Complex,,
03/16/2025,13:15,18760720,,GotSport,Soccer,U-9,RANCOCAS VALLEY SC 2016 BOYS PREMIER,HIGHLAND YOUTH SOCCER CLUB MAYHEM,Rancocas Valley-LUMBERTON MUNICIPAL,,
03/16/2025,13:15,18792471,,GotSport,Soccer,U-8,BURLINGTON TOWNSHIP SOCCER FIRE 2017,MOUNT LAUREL UNITED (MLU) EAGLES 2017,BURLINGTON TWP - PINEWALD AVE,,
03/16/2025,13:15,18821219,,GotSport,Soccer,U-11,COLLINGSWOOD OAKLYN SOCCER CLUB OUTLAWS 2014,VOORHEES SA VIKINGS 2014,COSC- Oaklyn Public School,,
03/16/2025,13:30,18999200,,GotSport,Soccer,U-12,HADDON HEIGHTS SC 2013 BEAST BOYS,MAINLAND UNITED SA MUSTANGS WHITE 2013-14 B,HADD HGTS - DEVON,,
03/16/2025,13:30,18772726,,GotSport,Soccer,U-10,SWEDESBORO WOOLWICH SOCCER ASSOC. SWSA GUNNERS 2015,MEDFORD SC GOLD 2015,SW-Locke Avenue Park,,
03/16/2025,13:30,18695967,,GotSport,Soccer,U-11,MEDFORD STRIKERS 2014 BOYS,MAINLAND UNITED SA MUSTANGS RED 2014 B,MEDFORD STRIKERS - ARK ROAD COMPLEX,,
03/16/2025,13:30,18754987,,GotSport,Soccer,U-13,SWEDESBORO WOOLWICH SOCCER ASSOC. SWSA CYCLONES 2012/2013,CHERRY HILL SC CHERRY HILL SC COBRAS 2012,SW-Locke Avenue Park,,
03/16/2025,13:40,19024854,,GotSport,Soccer,U-16,SJ FUTBOL CLUB RAPIDS 2009,SWEDESBORO WOOLWICH SOCCER ASSOC. SWSA FORCE 2009,SJFC - UPPER DEERFIELD RECREATION COMPLEX,,
03/16/2025,13:40,18783597,,GotSport,Soccer,U-15,EAST GREENWICH SA EGSA BLAZE 2010,HARRISON SC STORM 2010,E GREENWICH - THOMPSON FAMILY PARK,,
03/16/2025,13:45,18814252,,GotSport,Soccer,U-13,WASHINGTON TWP SOCCER CLUB PREDATORS 2012,CHERRY HILL FC 2012 JUNIORS BLACK,WASHINGTON TWP-WASH LAKE PARK,,
03/16/2025,13:45,18818852,,GotSport,Soccer,U-15,PALMYRA RIVERTON SC UNION 2010,ATLANTIC UNITED PREMIER STRIKERS 2010/11 B,PAL-RIV - LEGION FIELD 11v11,,
03/16/2025,13:45,18683034,,GotSport,Soccer,U-19,HARRISON TITANS FÚTBOL ACADEMY,MAINLAND UNITED SA MUSTANGS 2009 B,HARRISON - William Wilt Soccer Complex,,
03/16/2025,13:45,18820574,,GotSport,Soccer,U-13,MILLVILLE LYNX 2012,WINSLOW GREEN DRAGONS 2012,MILLVILLE SOCCER COMPLEX,,
03/16/2025,13:45,18752606,,GotSport,Soccer,U-15,CINNAMINSON SC PIRATES 2010,CHERRY HILL SC CHERRY HILL SC THUNDERBOLTS (2010-2011),CINNAMINSON SC - MEMORIAL,,
03/16/2025,13:45,18752605,,GotSport,Soccer,U-15,MAPLE SHADE BEST ELEVEN 2010,TBAA DYNAMO 2010,MAPLE SHADE - TURF FIELD,,
03/16/2025,14:00,18815530,,GotSport,Soccer,U-13,VOORHEES SA PREDATORS 2013,ATLANTIC UNITED PREMIER KICKERS 2013 B,VOORHEES-EASTERN HS,,
03/16/2025,14:00,18754964,,GotSport,Soccer,U-13,MARLTON SC CHIEFS BLACK 2012,FRANKLIN TOWNSHIP YOUTH SOCCER ASSOCIATION CRUSADERS 2012,MARLTON - MEMORIAL,,
03/16/2025,14:00,18695951,,GotSport,Soccer,U-11,HADDONFIELD SC RED 2014 B,PENNSAUKEN YOUTH SOCCER CLUB AVENGERS 2014,HADDONFIELD - CROWS WOODS,,
03/16/2025,14:00,18760211,,GotSport,Soccer,U-8,WEST DEPTFORD SC DRAGONS 2017,LOGAN BOOM 2017,W DEPTFORD-WD PARK,,
03/16/2025,14:00,18821147,,GotSport,Soccer,U-12,UPPER TOWNSHIP SA CYCLONES 2013,VOORHEES SA RAPTORS 2013,UPPER TWP-Amanda's Field Complex,,
03/16/2025,14:00,18762609,,GotSport,Soccer,U-10,LOGAN ARMADA BLUE 2015,WEST DEPTFORD SC COBRAS 2015,LOGAN - TWP LINE,,
03/16/2025,14:00,18762643,,GotSport,Soccer,U-10,MOUNT LAUREL UNITED (MLU) WOLFPACK 2015,PENNSAUKEN YOUTH SOCCER CLUB LIONS 2015,MLU-MARNE HWY,,
03/16/2025,14:00,18822528,,GotSport,Soccer,U-9,FRANKLIN TOWNSHIP YOUTH SOCCER ASSOCIATION UNITED 2016,CHERRY HILL FC 2016 JUNIOR BLACK,FRANKLIN TWP YOUTH COMPLEX,,
03/16/2025,14:00,18755534,,GotSport,Soccer,U-11,MANTUA TOWNSHIP SA OUTLAWS 2014,AUDUBON ATTACK - BOYS 2014,MANTUA TWP,,
03/16/2025,14:00,18754966,,GotSport,Soccer,U-13,MEDFORD SC DESTROYERS 2012,CINNAMINSON SC SKULLS 2012,MEDFORD - BENDE PARK,,
03/16/2025,14:00,18760719,,GotSport,Soccer,U-9,HADDON TWP RED HAWKS 2016,MEDFORD SC COLUMBIA 2016,,,
03/16/2025,14:00,18769268,,GotSport,Soccer,U-13,GATEWAY UNITED SOCCER CLUB GUSC STINGRAYS B2012,MAINLAND UNITED SA MUSTANGS RED 2012 B,GATEWAY UTD. - WESTVILLE,,
03/16/2025,14:00,18687262,,GotSport,Soccer,U-12,MAINLAND UNITED SA MUSTANGS RED 2013 B,MARLTON SC CHIEFS WHITE 2013,MAINLAND - MEMORIAL PARK,,
03/16/2025,14:00,18761181,,GotSport,Soccer,U-8,WASHINGTON TWP SOCCER CLUB REBELS 2017,CINNAMINSON SC RED 2017,WASHINGTON TWP- H.S.,,
03/16/2025,14:00,18696012,,GotSport,Soccer,U-12,HARRISON WOLFPACK 2013,VINELAND TERMINATORS 2013,HARRISON - William Wilt Soccer Complex,,
03/16/2025,14:00,18700886,,GotSport,Soccer,U-9,SENECA UNITED SC EAGLES 2016,MEDFORD SC GOLD 2016,SENECA - STONEY CREEK FIELDS,,
03/16/2025,14:00,18815454,,GotSport,Soccer,U-14,MONROE TOWNSHIP YS UNITED BOYS 2011 BLUE,MOORESTOWN SC BLACK KNIGHTS 2011,MONROE TWP - CORKERY LANE,,
03/16/2025,14:00,18822491,,GotSport,Soccer,U-11,HADDON TWP WHITE HAWKS 2014,PALMYRA RIVERTON SC TORNADOES 2014,,,
03/16/2025,14:00,18770964,,GotSport,Soccer,U-14,MOUNT LAUREL UNITED (MLU) WARRIORS 2011,PEMBERTON SC PUNISHERS 2011,MLU-TROTTERS,,
03/16/2025,14:00,18759193,,GotSport,Soccer,U-10,MONROE TOWNSHIP YS 2015 UNITED BLUE,MAINLAND UNITED SA MUSTANGS RED 2015 B,MONROE TWP - CORKERY LANE,,
03/16/2025,14:00,18770602,,GotSport,Soccer,U-10,PENNSVILLE EAGLES GOLD 2015,CINNAMINSON SC PIRATES SEA DOGS 2015,PENNSVILLE,,
03/16/2025,14:00,18793394,,GotSport,Soccer,U-10,BERLIN SOCCER CLUB BERSERKERS 2015,UPPER TOWNSHIP SA SUPER SONICS 2015,BERLIN SC - FRANKLIN FIELDS,,
03/16/2025,14:00,18687230,,GotSport,Soccer,U-12,MOUNT LAUREL UNITED (MLU) TIGERS 2013,VOORHEES COSMOS 2013,MLU-TROTTERS,,
03/16/2025,14:00,18793229,,GotSport,Soccer,U-11,PITTSGROVE SOCCER CLUB PSC MAVERICKS '14,GATEWAY UNITED SOCCER CLUB GU GREYHOUNDS 2014,PITTSGROVE-GREEN BRANCH,,
03/16/2025,14:00,18753939,,GotSport,Soccer,U-8,WASHINGTON UNITED SOCCER CLUB WUSC 2017,MONROE TOWNSHIP YS 2017 MONROE UNITED,WASHINGTON TWP. - Levy Fields (Virtua),,
03/16/2025,14:00,18815453,,GotSport,Soccer,U-14,DELRAN FC BLAST 2011,WINSLOW WILDCATS 2011,Delran Middle School,,
03/16/2025,14:00,18815513,,GotSport,Soccer,U-13,VINELAND SA FURY 2012,MARLTON SC CHIEFS WHITE 2012,VINELAND SA,,
03/16/2025,14:00,18760213,,GotSport,Soccer,U-8,MOORESTOWN SC HAWKS 2017,CINNAMINSON SC UNION 2017,MOORESTOWN - MEMORIAL FIELDS,,
03/16/2025,14:00,18821218,,GotSport,Soccer,U-11,WASHINGTON TWP SOCCER CLUB WARRIORS 2014,EGG HARBOR SC EAGLES 2014,WASHINGTON TWP-WASH LAKE PARK,,
03/16/2025,14:00,18762673,,GotSport,Soccer,U-8,PITMAN SA PANTHERS 2017,HAMMONTON HEAT BOYS 2017,PITMAN - Dell,,
03/16/2025,14:00,18753506,,GotSport,Soccer,U-10,HARRISON STRIKERS 2015,CHERRY HILL SC CHERRY HILL SC WARRIORS 2015,HARRISON - William Wilt Soccer Complex,,
03/16/2025,14:00,18735659,,GotSport,Soccer,U-8,TBAA REVOLUTION 2017,HADDONFIELD SC FIRE 2017,TBAA-VALLEY BROOK,,
03/16/2025,14:00,18783559,,GotSport,Soccer,U-13,LOGAN FUSION 2012,DELRAN FC SOCCER GREY 2013B,LOGAN - TWP LINE,,
03/16/2025,14:00,18700918,,GotSport,Soccer,U-9,MOORESTOWN SC UNITED 2016,PITTSGROVE SOCCER CLUB PSC PRIME BLACK '16,MOORESTOWN - MEMORIAL FIELDS,,
03/16/2025,14:00,18763776,,GotSport,Soccer,U-13,HADDONFIELD SC BLACK 2012,PENNSAUKEN YOUTH SOCCER CLUB TITANS 2012,HADDONFIELD - CROWS WOODS,,
03/16/2025,14:00,18771381,,GotSport,Soccer,U-10,CHERRY HILL FC 2015 JUNIOR WHITE,EGG HARBOR SC EAGLES 2015 BLACK,CHFC - DeCOU,,
03/16/2025,14:00,18758197,,GotSport,Soccer,U-14,CHERRY HILL FC 2011 AVENGERS,PENNSAUKEN YOUTH SOCCER CLUB WARRIORS 2011,CHFC - DeCOU,,
03/16/2025,14:00,18747950,,GotSport,Soccer,U-11,TBAA REVOLUTION 2014,MOORESTOWN SC WOLVERINES 2014,TBAA-VALLEY BROOK,,
03/16/2025,14:00,18755565,,GotSport,Soccer,U-10,CINNAMINSON SC PRIME 2015,MOUNT LAUREL UNITED (MLU) KNIGHTS 2015 BOYS,CINNAMINSON SC - MEMORIAL,,
03/16/2025,14:00,18815484,,GotSport,Soccer,U-14,WEST DEPTFORD SC WOLFPACK 2011,CINNAMINSON SC STORM 2011,W DEPTFORD-WD PARK,,
03/16/2025,14:00,18748978,,GotSport,Soccer,U-8,WATERFORD ATHLETIC ASSN WINGS 2017,WOODBURY WARRIORS,WATERFORD - BURNT MILL FIELD,,
03/16/2025,14:00,18770966,,GotSport,Soccer,U-14,NORTHERN BURLINGTON SA HOOLIGANS 2011,HARRISON SC ARSENAL 2011,Northern Burlington-Mansfield Community Park,,
03/16/2025,14:00,18761497,,GotSport,Soccer,U-10,SJ FUTBOL CLUB RAMS 2015,CHERRY HILL SC CHERRY HILL SC COMETS (2015),SJFC - UPPER DEERFIELD RECREATION COMPLEX,,
03/16/2025,14:00,18695952,,GotSport,Soccer,U-11,RANCOCAS VALLEY SC RVSC '14 - CELTIC,MARLTON SC CHIEFS WHITE 2014,Rancocas Valley-LUMBERTON MUNICIPAL,,
03/16/2025,14:00,18755440,,GotSport,Soccer,U-13,NORTHERN BURLINGTON SA RANGERS 2012,EAST GREENWICH SA EGSA VENOM 2012,NB- MANSFIELD TOWNSHIP ELEMENTARY SCHOOL,,
03/16/2025,14:00,18815499,,GotSport,Soccer,U-14,BURLINGTON TOWNSHIP SOCCER REBELS 2011,WASHINGTON TWP SOCCER CLUB REGULATORS 2011,BURLINGTON TWP - PINEWALD AVE,,
03/16/2025,14:15,18760214,,GotSport,Soccer,U-8,AUDUBON BOYS 2017 TEAM 2,DELRAN FC RAPTORS 2017,AUDUBON - GREEN WAVE PARK,,
03/16/2025,14:15,18755506,,GotSport,Soccer,U-12,AUDUBON SOCCER YOUTH WILD WINGS 2013,HAMMONTON HEAT BOYS 2013,AUDUBON - GREEN WAVE PARK,,
03/16/2025,14:20,18685433,,GotSport,Soccer,U-19,HIGHLAND YOUTH SOCCER CLUB HURRICANES 2008,SWEDESBORO WOOLWICH SOCCER ASSOC. SWSA SCORPIONS 2008,HIGHLAND - GLOUCESTER TWP PARK,,
03/16/2025,14:30,18700885,,GotSport,Soccer,U-9,HADDONFIELD SC BLACK 2016 B,CHERRY HILL SC CHERRY HILL SC 72S 2016,HADDONFIELD - CROWS WOODS,,
03/16/2025,14:30,18752457,,GotSport,Soccer,U-9,MILLVILLE THUNDER 2016,MOORESTOWN SC DRAGONS 2016,MILLVILLE SOCCER COMPLEX,,
03/16/2025,14:30,18822527,,GotSport,Soccer,U-9,COLLINGSWOOD OAKLYN SOCCER CLUB SPARTANS 2016,CINNAMINSON SC TITANS 2016,COSC- Oaklyn Public School,,
03/16/2025,14:30,18821220,,GotSport,Soccer,U-11,CINNAMINSON SC AVENGERS 2014,DELRAN FC COBRAS 2015,CINNAMINSON SC - MEMORIAL,,
03/16/2025,14:30,18783477,,GotSport,Soccer,U-11,CHERRY HILL SC CHERRY HILL SC UNION 2015,DELRAN FC SOCCER DELRAN FC KNIGHTS 2014,CHSC - UPPER CHAPEL TURF,,
03/16/2025,14:30,18759178,,GotSport,Soccer,U-10,BURLINGTON TOWNSHIP SOCCER THUNDER2015,WOODSTOWN WILD 2015,BURLINGTON TWP - PINEWALD AVE,,
03/16/2025,14:30,18792470,,GotSport,Soccer,U-8,NORTHERN BURLINGTON FORCE 2017,CINNAMINSON SC RAIDERS 2017,NB- MANSFIELD TOWNSHIP ELEMENTARY SCHOOL,,
03/16/2025,14:30,18758644,,GotSport,Soccer,U-8,UPPER TOWNSHIP SA FLASH 2017,PITTSGROVE SOCCER CLUB PSC RAPTORS ‘17,UPPER TWP-Amanda's Field Complex,,
03/16/2025,14:30,18821145,,GotSport,Soccer,U-12,MOORESTOWN SC RAPTORS 2013,EAST GREENWICH SA EGSA DYNAMO 2013,MOORESTOWN - SALEM RD/PRYOR PARK,,
03/16/2025,14:30,18821146,,GotSport,Soccer,U-12,DEPTFORD SA TORNADOES 2013,FRANKLIN TOWNSHIP YOUTH SOCCER ASSOCIATION ENFORCERS 2013,DEPTFORD SC,,
03/16/2025,14:30,18783291,,GotSport,Soccer,U-9,CAPE EXPRESS CE NOR'EASTERS 2016,BORDENTOWN FC REVOLUTION 2016,CAPE EX SOCCER COMPLEX At Ockie Wisting,,
03/16/2025,14:30,18753954,,GotSport,Soccer,U-8,EAST GREENWICH SA EGSA UNITED 2017,MEDFORD SC 2017B NAVY (RENEGADES),E GREENWICH - THOMPSON FAMILY PARK,,
03/16/2025,14:30,18762641,,GotSport,Soccer,U-10,HARRISON BLUE REBELS 2015,MANTUA TOWNSHIP SA FROGS 2015,HARRISON - William Wilt Soccer Complex,,
03/16/2025,14:30,18772010,,GotSport,Soccer,U-10,EGG HARBOR SC EAGLES 2015 WHITE,MAINLAND UNITED SA MUSTANGS BLACK 2015 B,Egg Harbor Twp HS,,
03/16/2025,14:30,18756984,,GotSport,Soccer,U-10,RANCOCAS VALLEY SC 2015 BOYS STEALTH,MEDFORD SC WHITE 2015,Rancocas Valley-LUMBERTON MUNICIPAL,,
03/16/2025,14:45,18756962,,GotSport,Soccer,U-12,MEDFORD STRIKERS 2013 BOYS,VINELAND SA UNITED 2013,MEDFORD STRIKERS - ARK ROAD COMPLEX,,
03/16/2025,14:45,18735660,,GotSport,Soccer,U-8,SWEDESBORO WOOLWICH SOCCER ASSOC. SWSA PANTHERS 2017,PITTSGROVE SOCCER CLUB PSC PREDATORS ‘17,SW-Locke Avenue Park,,
03/16/2025,14:45,18822556,,GotSport,Soccer,U-9,HADDON HEIGHTS SC 2016 RUCKUS,PALMYRA RIVERTON SC LEGENDARY 2016,HADD HGTS - DEVON,,
03/16/2025,15:20,18818837,,GotSport,Soccer,U-15,MILLVILLE VENOM 2010,WOODSTOWN WOLVERINES 2010,MILLVILLE SOCCER COMPLEX,,
03/16/2025,15:30,18815483,,GotSport,Soccer,U-14,DELRAN FC FLASH 2011,WOODBURY SOCCER CLUB WOODBURY ARMORY 2011,Delran Middle School,,
03/16/2025,15:30,18814254,,GotSport,Soccer,U-13,PITTSGROVE SOCCER CLUB PSC SPURS '12,DELRAN FC SOCCER DELRAN FC UNITED 2013,PITTSGROVE-GREEN BRANCH,,
03/16/2025,15:30,18814495,,GotSport,Soccer,U-9,SENECA UNITED SC RAPTORS 2016,EGG HARBOR SC EAGLES 2016 BLACK,SENECA - STONEY CREEK FIELDS,,
03/16/2025,15:30,18783292,,GotSport,Soccer,U-9,TBAA KNIGHTS 2016,GATEWAY UNITED SOCCER CLUB GUSC THUNDER B2016,TBAA-VALLEY BROOK,,
03/16/2025,15:30,18814496,,GotSport,Soccer,U-9,PITMAN SA BOBCATS 2016,VOORHEES SA DESTROYERS 2016,PITMAN - Dell,,
03/16/2025,15:30,18802313,,GotSport,Soccer,U-9,WASHINGTON UNITED SOCCER CLUB WUSC 2016,EAST GREENWICH SA EGSA CHAOS 2016,WASHINGTON TWP. - Levy Fields (Virtua),,
03/16/2025,15:30,18755505,,GotSport,Soccer,U-12,RANCOCAS VALLEY SC 2013 BOYS RONALDO,PITTSGROVE SOCCER CLUB PSC PYTHONS '13,Rancocas Valley-LUMBERTON MUNICIPAL,,
03/16/2025,15:30,18730848,,GotSport,Soccer,U-11,TBAA OUTLAWS 2014,TAR-KILL SOCCER CLUB TARKILL CHELSEA 2014,TBAA-VALLEY BROOK,,
03/16/2025,15:30,18783439,,GotSport,Soccer,U-8,HADDON TWP. RED HAWKS 2017,MEDFORD SC 2017B WHITE (LIGHTNING),,,
03/16/2025,15:30,18758198,,GotSport,Soccer,U-14,CINNAMINSON SC VIPERS 2011,CAPE EXPRESS SURGE 2011,CINNAMINSON SC - MEMORIAL,,
03/16/2025,15:30,18793456,,GotSport,Soccer,U-9,WASHINGTON TWP SOCCER CLUB THUNDER 2016,HADDON TWP WHITE HAWKS 2016,WASHINGTON TWP- H.S.,,
03/16/2025,15:30,18755374,,GotSport,Soccer,U-11,MOUNT LAUREL UNITED (MLU) COBRAS 2014,TBAA SYNDICATE 2014,MLU-TROTTERS,,
03/16/2025,15:30,18685368,,GotSport,Soccer,U-15,MOUNT LAUREL UNITED (MLU) FORCE 2010,EDGEWATER PARK ATHLETIC ASSOCIATION EP WIZARDS 2010,MLU-TROTTERS,,
03/16/2025,15:30,18752607,,GotSport,Soccer,U-15,HADDONFIELD SC WHITE 2010,EAST GREENWICH SA EGSA CHARGERS 2010,HADDONFIELD - CROWS WOODS,,
03/16/2025,15:30,18758199,,GotSport,Soccer,U-14,UPPER TOWNSHIP SA TSUNAMIS 2011,VOORHEES SA ATTACK 2011,UPPER TWP-Amanda's Field Complex,,
03/16/2025,15:30,18685833,,GotSport,Soccer,U-14,HARRISON SC THUNDER 2011,CHERRY HILL SC CHAOS 2011,HARRISON - William Wilt Soccer Complex,,
03/16/2025,15:30,18748979,,GotSport,Soccer,U-8,WEST DEPTFORD SC WARRIORS 2017,MAPLE SHADE CHAOS 2017,W DEPTFORD-WD PARK,,
03/16/2025,15:30,18735658,,GotSport,Soccer,U-8,AUDUBON CROSSFIRE,MANTUA CHAOS 2017,AUDUBON - GREEN WAVE PARK,,
03/16/2025,15:30,18815529,,GotSport,Soccer,U-13,BURLINGTON TOWNSHIP SOCCER DRAGONS 2012,UPPER TOWNSHIP SA FORCE GREEN 2012,BURLINGTON TWP - PINEWALD AVE,,
03/16/2025,15:30,18742800,,GotSport,Soccer,U-10,WATERFORD ATHLETIC ASSN WINGS 2015,MANTUA VIPERS 2015-2016,WATERFORD - BURNT MILL FIELD,,
03/16/2025,15:30,18700916,,GotSport,Soccer,U-9,MANTUA TOWNSHIP SA MAMBAS 2016,MARLTON SC CHIEFS ORANGE 2016,MANTUA TWP,,
03/16/2025,15:30,18742801,,GotSport,Soccer,U-10,COHANSEY SC DYNAMO 2015,EDGEWATER PARK ATHLETIC ASSOCIATION EP WARRIORS 2015,Cohansey - Cumberland County Tech School,,
03/16/2025,15:30,18819044,,GotSport,Soccer,U-14,WASHINGTON TWP SOCCER CLUB CHAOS 11/12,PALMYRA RIVERTON SC WARRIORS 2011,WASHINGTON TWP-WASH LAKE PARK,,
03/16/2025,15:30,18750890,,GotSport,Soccer,U-14,CHERRY HILL FC 2011 STALLIONS,EGG HARBOR SC EAGLES BLACK 2011,CHFC - DeCOU,,
03/16/2025,15:30,18754806,,GotSport,Soccer,U-11,HAMILTON ELITE FC PREMIER 2015B,LOGAN CHARGE BLUE 2014,HAMILTON ELITE FC - HICKORY FIELDS,,
03/16/2025,15:30,18700917,,GotSport,Soccer,U-9,HARRISON LEGENDS 2016,MOUNT LAUREL UNITED (MLU) GLADIATORS 2016,HARRISON - William Wilt Soccer Complex,,
03/16/2025,15:30,18772741,,GotSport,Soccer,U-11,EAST GREENWICH SA EGSA STARS 2014,WEST DEPTFORD SC EAGLES 2014,E GREENWICH - THOMPSON FAMILY PARK,,
03/16/2025,15:30,18783500,,GotSport,Soccer,U-9,MONROE UNITED 2016 BLUE,ATLANTIC UNITED PREMIER RED 2016/2017 B,MONROE TWP - CORKERY LANE,,
03/16/2025,15:30,18687231,,GotSport,Soccer,U-12,HIGHLAND YOUTH SOCCER CLUB CHAOS 2013,MARLTON SC CHIEFS BLACK 2013,HIGHLAND - GLOUCESTER TWP PARK,,
03/16/2025,15:30,18783560,,GotSport,Soccer,U-13,HADDON TWP WHITE HAWKS 2012,PALMYRA RIVERTON SC YOUNGBLOODS 2013,HADDON TWP - RECCHINO FIELDS,,
03/16/2025,15:30,18783499,,GotSport,Soccer,U-9,LOGAN APOLLO 2016,VOORHEES SA TITANS 2016,LOGAN - TWP LINE,,
03/16/2025,15:30,18759176,,GotSport,Soccer,U-10,MOORESTOWN SC DEVIL RAYS 2015,HADDONFIELD SC BLACK 2015 B,MOORESTOWN - MEMORIAL FIELDS,,
03/16/2025,15:30,18769267,,GotSport,Soccer,U-13,VINELAND SA JERSEY BOYZ 2012,LOGAN FORCE 2012,VINELAND SA,,
03/16/2025,15:30,18999201,,GotSport,Soccer,U-12,WASHINGTON TWP SOCCER CLUB RAPTORS 2013,WINSLOW SHARKS,WASHINGTON TWP-WASH LAKE PARK,,
03/16/2025,15:30,18763778,,GotSport,Soccer,U-13,NORTHERN BURLINGTON CELTIC 2012,HIGHLAND YOUTH SOCCER CLUB MUSTANGS 2012,Northern Burlington-Mansfield Community Park,,
03/16/2025,15:30,18720608,,GotSport,Soccer,U-9,MAINLAND UNITED SA MUSTANGS RED 2016 B,CINNAMINSON SC LIGHTNING 2016,MAINLAND - MEMORIAL PARK,,
03/16/2025,15:30,18687260,,GotSport,Soccer,U-12,SJ FUTBOL CLUB SOUNDERS 2013,CHERRY HILL SC THUNDER 2013,SJFC - UPPER DEERFIELD RECREATION COMPLEX,,
03/16/2025,15:30,18783476,,GotSport,Soccer,U-11,HADDON TWP RED HAWKS 2014,CHERRY HILL SC CHERRY HILL SC UNITED 2014,,,
03/16/2025,15:30,18771380,,GotSport,Soccer,U-10,MOUNT LAUREL UNITED (MLU) SHARKS 2015,WOODBURY BOLTS,MLU-MARNE HWY,,
03/16/2025,15:30,18761183,,GotSport,Soccer,U-8,SJ FUTBOL CLUB HAMMERS 2017,DELRAN FC 2017 DEVILS,SJFC - UPPER DEERFIELD RECREATION COMPLEX,,
03/16/2025,15:30,19024855,,GotSport,Soccer,U-16,MARLTON SC CHIEFS ORANGE 2009,BURLINGTON TOWNSHIP SOCCER FUSION 2009,MARLTON - MEMORIAL,,
03/16/2025,15:30,18700887,,GotSport,Soccer,U-9,MOORESTOWN SC RENEGADES 2016,PITTSGROVE SOCCER CLUB PSC PRIME WHITE '16,MOORESTOWN - MEMORIAL FIELDS,,
03/16/2025,15:30,18747953,,GotSport,Soccer,U-11,HADDONFIELD SC BLACK 2014,TAR-KILL SOCCER CLUB TARKILL 2015 BLUE,HADDONFIELD - CROWS WOODS,,
03/16/2025,15:30,18822493,,GotSport,Soccer,U-11,MEDFORD SC GOLD 2014,PENNSVILLE EAGLES 2014,MEDFORD - BENDE PARK,,
03/16/2025,15:30,18696050,,GotSport,Soccer,U-9,CINNAMINSON SC CHAOS 2016,PENNS GROVE SC DRAGONS 2016,CINNAMINSON SC - MEMORIAL,,
03/16/2025,15:30,18770965,,GotSport,Soccer,U-14,GATEWAY UNITED SOCCER CLUB GUSC WILDCATS B2011,MEDFORD SC COLUMBIA 2011,GATEWAY UTD. - WESTVILLE,,
03/16/2025,15:30,18762610,,GotSport,Soccer,U-10,PENNSVILLE EAGLES BLUE 2015,DEPTFORD SA CYCLONES 2015,PENNSVILLE,,
03/16/2025,15:30,18685457,,GotSport,Soccer,U-16,NORTHERN BURLINGTON SA BULLDOGS 2009,BURLINGTON TOWNSHIP SOCCER CELTIC 2010,NB- MANSFIELD TOWNSHIP ELEMENTARY SCHOOL,,
03/16/2025,15:45,18762671,,GotSport,Soccer,U-8,HARRISON HURRICANES 2017,WASHINGTON TWP SOCCER CLUB WOLVES 2017,HARRISON - William Wilt Soccer Complex,,
03/16/2025,15:45,18695884,,GotSport,Soccer,U-14,EGG HARBOR SC EAGLES 2011/2012 BLACK,MAINLAND UNITED SA MUSTANGS WHITE 2011-12 B,Egg Harbor Twp HS,,
03/16/2025,15:45,18755564,,GotSport,Soccer,U-10,EAST GREENWICH SA EGSA BLACK KNIGHTS 2015,AUDUBON SOCCER YOUTH BOYS 2015 - HAMMERS,E GREENWICH - THOMPSON FAMILY PARK,,
03/16/2025,15:45,18743085,,GotSport,Soccer,U-12,MONROE TOWNSHIP YS UNITED BOYS 2013 BLUE,HADDONFIELD SC RED 2013,MONROE TWP - CORKERY LANE,,
03/16/2025,15:45,18793363,,GotSport,Soccer,U-12,CINNAMINSON SC STRIKERS 2013,LOGAN FLASH 2013,CINNAMINSON SC - MEMORIAL,,
03/16/2025,15:45,18791887,,GotSport,Soccer,U-10,MILLVILLE WARRIORS 2015,MAPLE SHADE WILD 2015,MILLVILLE SOCCER COMPLEX,,
03/16/2025,15:45,18762642,,GotSport,Soccer,U-10,PALMYRA RIVERTON SC NATIONALS 2015,ATLANTIC UNITED PREMIER FIRE 2015 B,PAL-RIV CHARLES STREET SCHOOL Spring Season,,
03/16/2025,15:45,18730850,,GotSport,Soccer,U-11,VOORHEES SA KNIGHTS 2014,UPPER TOWNSHIP SA HURRICANES GREEN 2014,VOORHEES-Echelon Complex,,
03/16/2025,15:45,18696049,,GotSport,Soccer,U-9,WINSLOW KINGS 2016,BARRINGTON SC STORM 2016,,,
03/16/2025,15:45,18761182,,GotSport,Soccer,U-8,RANCOCAS VALLEY SC 2017 BOYS PREMIER,VOORHEES SA BLUE DEVILS 2017,Rancocas Valley-LUMBERTON MUNICIPAL,,
03/16/2025,15:45,18755358,,GotSport,Soccer,U-11,NORTHERN BURLINGTON BLUE DEVILS 2014,MONROE TOWNSHIP YS UNITED BOYS 2014 BLUE,NB- MANSFIELD TOWNSHIP ELEMENTARY SCHOOL,,
03/16/2025,15:45,18815160,,GotSport,Soccer,U-11,DEPTFORD SA UNITED 2014,VOORHEES SA LIGHTNING 2014,DEPTFORD SC,,
03/16/2025,15:45,18754804,,GotSport,Soccer,U-11,WEST DEPTFORD SC AVALANCHE 2014,EAST GREENWICH SA EGSA EAGLES 2014,W DEPTFORD-WD PARK,,
03/16/2025,15:45,18701091,,GotSport,Soccer,U-11,CAPE EXPRESS CE ENGINEERS 2014,ATLANTIC UNITED PREMIER KICKERS 2014 B,CAPE EX SOCCER COMPLEX At Ockie Wisting,,
03/16/2025,15:45,18747951,,GotSport,Soccer,U-11,CHERRY HILL SC CHERRY HILL SC WHITE (2014),BORDENTOWN FC UNION 2014,CHSC - UPPER CHAPEL TURF,,
03/16/2025,15:45,18700814,,GotSport,Soccer,U-12,MAPLE SHADE FORCE 2013,PALMYRA RIVERTON SC HURRICANES 2013,MAPLE SHADE - TURF FIELD,,
03/16/2025,15:45,18822557,,GotSport,Soccer,U-9,COLLINGSWOOD OAKLYN SOCCER CLUB WARRIORS 2016,WEST DEPTFORD SC TSUNAMI 2016,COSC- Oaklyn Public School,,
03/16/2025,15:45,18755566,,GotSport,Soccer,U-10,HADDONFIELD SC RED 2015 B,VOORHEES SA COBRAS 2015,HADDONFIELD - CROWS WOODS,,
03/16/2025,15:45,18761506,,GotSport,Soccer,U-10,UPPER TOWNSHIP SA COMETS WHITE 2015,MEDFORD SC COLUMBIA 2015,UPPER TWP-Amanda's Field Complex,,
03/16/2025,15:45,18695997,,GotSport,Soccer,U-12,BURLINGTON TOWNSHIP SOCCER STRIKERS 2013,PENNS GROVE WILD 2013,BURLINGTON TWP - PINEWALD AVE,,
03/16/2025,15:45,18999199,,GotSport,Soccer,U-12,MOORESTOWN SC THUNDER 2013,PENNSVILLE EAGLES 2013,MOORESTOWN - SALEM RD/PRYOR PARK,,
03/16/2025,16:00,18756983,,GotSport,Soccer,U-10,HADDON HEIGHTS SC 2015 CHEETAHS,WINSLOW TITANS 2015,HADD HGTS - DEVON,,
03/16/2025,16:00,18760212,,GotSport,Soccer,U-8,SWEDESBORO WOOLWICH SOCCER ASSOC. SWSA FIREBALLS 2017,HIGHLAND YOUTH SOCCER CLUB BOYS 2017,SW-Locke Avenue Park,,
03/16/2025,16:00,18783588,,GotSport,Soccer,U-15,HIGHLAND YOUTH SOCCER CLUB RAPTORS 2010,VOORHEES SA WARRIORS 2010,HIGHLAND - GLOUCESTER TWP PARK,,
03/16/2025,16:00,18756999,,GotSport,Soccer,U-10,MEDFORD STRIKERS 2015 BOYS,VINELAND AVENGERS 2015,MEDFORD STRIKERS - ARK ROAD COMPLEX,,
03/16/2025,16:45,18793455,,GotSport,Soccer,U-9,AUDUBON 2016 BOYS,SWEDESBORO WOOLWICH SOCCER ASSOC. SWSA VENOM 2016,AUDUBON - GREEN WAVE PARK,,
03/23/2025,11:00,18820556,,GotSport,Soccer,U-13,CHERRY HILL SC ROYALS 2012,MILLVILLE LYNX 2012,CHSC - CH WEST HS,,
03/23/2025,11:00,18755583,,GotSport,Soccer,U-10,VOORHEES SA COBRAS 2015,MOUNT LAUREL UNITED (MLU) KNIGHTS 2015 BOYS,VOORHEES-Echelon Complex,,
03/23/2025,11:00,18819047,,GotSport,Soccer,U-14,PALMYRA RIVERTON SC WARRIORS 2011,MOORESTOWN SC LIGHTNING 2011,PAL-RIV - LEGION FIELD 11v11,,
03/23/2025,11:00,18756949,,GotSport,Soccer,U-12,CINNAMINSON SC THUNDERBIRDS 2013,MOORESTOWN SC GOLDEN EAGLES 2013,CINNAMINSON SC - MEMORIAL,,
03/23/2025,11:00,18685370,,GotSport,Soccer,U-15,MOUNT LAUREL UNITED (MLU) FORCE 2010,SJ FUTBOL CLUB WOLVES,MLU-TROTTERS,,
03/23/2025,11:00,18994519,,GotSport,Soccer,U-11,DEPTFORD PREMIER FC '15 BOYS FUSION,DELRAN FC SOCCER DELRAN FC KNIGHTS 2014,DEPTFORD SC,,
03/23/2025,11:00,18695999,,GotSport,Soccer,U-12,BURLINGTON TOWNSHIP SOCCER STRIKERS 2013,WASHINGTON TWP SOCCER CLUB DAREDEVILS 2013,BURLINGTON TWP - PINEWALD AVE,,
03/23/2025,11:00,18792474,,GotSport,Soccer,U-8,GATEWAY UNITED SOCCER CLUB GU GATORS B2017,BURLINGTON TOWNSHIP SOCCER FIRE 2017,GATEWAY UTD. - LANGSTON FIELD,,
03/23/2025,11:00,18755443,,GotSport,Soccer,U-13,HADDONFIELD SC RED 2012,NORTHERN BURLINGTON SA RANGERS 2012,HADDONFIELD - CROWS WOODS,,
03/23/2025,11:00,19024859,,GotSport,Soccer,U-16,SWEDESBORO WOOLWICH SOCCER ASSOC. SWSA FORCE 2009,PENNSVILLE EAGLES 2010/2009,SW-Locke Avenue Park,,
03/23/2025,11:00,18683038,,GotSport,Soccer,U-19,HIGHLAND YOUTH SOCCER CLUB FUSION,HIGHLAND YOUTH SOCCER CLUB GALAXY 2008,HIGHLAND - GLOUCESTER TWP PARK,,
03/23/2025,11:00,18783478,,GotSport,Soccer,U-11,CHERRY HILL FC 2015 JUNIOR RED,HADDON TWP RED HAWKS 2014,CHFC - DeCOU,,
03/23/2025,11:00,18754970,,GotSport,Soccer,U-13,FRANKLIN TOWNSHIP YOUTH SOCCER ASSOCIATION CRUSADERS 2012,CINNAMINSON SC SKULLS 2012,FRANKLIN TWP YOUTH COMPLEX,,
03/23/2025,11:30,18815487,,GotSport,Soccer,U-14,WOODBURY SOCCER CLUB WOODBURY ARMORY 2011,WASHINGTON TWP SOCCER CLUB REGULATORS 2011,WOODBURY,,
03/23/2025,12:00,18783502,,GotSport,Soccer,U-9,MONROE UNITED 2016 BLUE,LOGAN APOLLO 2016,MONROE TWP - CORKERY LANE,,
03/23/2025,12:00,19024857,,GotSport,Soccer,U-16,WINSLOW VIPERS 2009,MARLTON SC CHIEFS ORANGE 2009,,,
03/23/2025,12:00,18685371,,GotSport,Soccer,U-15,PENNSAUKEN YOUTH SOCCER CLUB CYCLONES 2010,BORDENTOWN FC PANTHERS 2010,Pennsauken Community Recreation Facility,,
03/23/2025,12:00,18685423,,GotSport,Soccer,U-19,MEDFORD SC ,WASHINGTON TWP SOCCER CLUB SPARTANS 2007,MEDFORD - BENDE PARK,,
03/23/2025,12:00,18695954,,GotSport,Soccer,U-11,RANCOCAS VALLEY SC RVSC '14 - CELTIC,HADDONFIELD SC RED 2014 B,Rancocas Valley-LUMBERTON MUNICIPAL,,
03/23/2025,12:00,18700816,,GotSport,Soccer,U-12,MAPLE SHADE FORCE 2013,HADDONFIELD SC WHITE 2013,MAPLE SHADE - TURF FIELD,,
03/23/2025,12:00,18742804,,GotSport,Soccer,U-10,MANTUA VIPERS 2015-2016,SWEDESBORO WOOLWICH SOCCER ASSOC. SWSA HONEY BADGERS 2015,MANTUA TWP,,
03/23/2025,12:00,18747954,,GotSport,Soccer,U-11,TBAA REVOLUTION 2014,WATERFORD ATHLETIC ASSN WINGS 2014,TBAA-VALLEY BROOK,,
03/23/2025,12:00,18753509,,GotSport,Soccer,U-10,MOORESTOWN SC VIPERS 2015,HARRISON STRIKERS 2015,MOORESTOWN - MEMORIAL FIELDS,,
03/23/2025,12:00,18754969,,GotSport,Soccer,U-13,MARLTON SC CHIEFS BLACK 2012,MEDFORD SC DESTROYERS 2012,MARLTON - MEMORIAL,,
03/23/2025,12:00,18755363,,GotSport,Soccer,U-11,MOORESTOWN SC GUARDIANS 2014,MOUNT LAUREL UNITED (MLU) COBRAS 2014,MOORESTOWN - SALEM RD/PRYOR PARK,,
03/23/2025,12:00,18756986,,GotSport,Soccer,U-10,RANCOCAS VALLEY SC 2015 BOYS STEALTH,HADDON HEIGHTS SC 2015 CHEETAHS,Rancocas Valley-LUMBERTON MUNICIPAL,,
03/23/2025,12:00,18760215,,GotSport,Soccer,U-8,WEST DEPTFORD SC DRAGONS 2017,MOORESTOWN SC HAWKS 2017,W DEPTFORD-WD PARK,,
03/23/2025,12:00,18762644,,GotSport,Soccer,U-10,PALMYRA RIVERTON SC NATIONALS 2015,HARRISON BLUE REBELS 2015,PAL-RIV CHARLES STREET SCHOOL Spring Season,,
03/23/2025,12:00,18770967,,GotSport,Soccer,U-14,GATEWAY UNITED SOCCER CLUB GUSC WILDCATS B2011,MOUNT LAUREL UNITED (MLU) WARRIORS 2011,GATEWAY UTD. - WESTVILLE,,
03/23/2025,12:00,18783444,,GotSport,Soccer,U-8,BORDENTOWN FC REVOLUTION 2017,CHERRY HILL SC CHERRY HILL SC COBRAS 2017,BORDENTOWN - FRIENDSHIP FIELDS,,
03/23/2025,12:00,18783479,,GotSport,Soccer,U-11,CHERRY HILL SC CHERRY HILL SC UNITED 2014,CHERRY HILL SC CHERRY HILL SC UNION 2015,CHSC - UPPER CHAPEL TURF,,
03/23/2025,12:00,18783590,,GotSport,Soccer,U-15,EAST GREENWICH SA EGSA BLAZE 2010,HIGHLAND YOUTH SOCCER CLUB RAPTORS 2010,E GREENWICH - THOMPSON FAMILY PARK,,
03/23/2025,12:00,18783599,,GotSport,Soccer,U-15,HARRISON SC STORM 2010,SWEDESBORO WOOLWICH SOCCER ASSOC. SWSA BLACK MAMBAS 2011,HARRISON - William Wilt Soccer Complex,,
03/23/2025,12:00,18791890,,GotSport,Soccer,U-10,VOORHEES SA PYTHONS 2015,MAPLE SHADE WILD 2015,VOORHEES-Echelon Complex,,
03/23/2025,12:00,18793366,,GotSport,Soccer,U-12,COLLINGSWOOD OAKLYN SOCCER CLUB TITANS 2013,CINNAMINSON SC STRIKERS 2013,COSC- Oaklyn Public School,,
03/23/2025,12:00,18793399,,GotSport,Soccer,U-10,HADDON TWP RED HAWKS 2015,CHERRY HILL FC 2015 JUNIORS BLACK,,,
03/23/2025,12:00,18814499,,GotSport,Soccer,U-9,EGG HARBOR SC EAGLES 2016 BLACK,VOORHEES SA DESTROYERS 2016,Egg Harbor Twp HS,,
03/23/2025,12:15,18683039,,GotSport,Soccer,U-19,BURLINGTON TOWNSHIP SOCCER BULLS 2007-2008,GATEWAY UNITED SOCCER CLUB GUSC WARRIORS B2006,BURLINGTON TWP - PINEWALD AVE,,
03/23/2025,12:15,18815488,,GotSport,Soccer,U-14,CINNAMINSON SC STORM 2011,BURLINGTON TOWNSHIP SOCCER REBELS 2011,CINNAMINSON SC - MEMORIAL,,
03/23/2025,12:30,18770604,,GotSport,Soccer,U-10,PENNSVILLE EAGLES GOLD 2015,HARRISON BLUE ARSENAL 2015,PENNSVILLE,,
03/23/2025,12:30,18783563,,GotSport,Soccer,U-13,DELRAN FC SOCCER GREY 2013B,HARRISON WILDCATS 2012,Delran Middle School,,
03/23/2025,12:30,18700889,,GotSport,Soccer,U-9,CHERRY HILL SC CHERRY HILL SC 72S 2016,MOORESTOWN SC RENEGADES 2016,CHSC - UPPER CHAPEL TURF,,
03/23/2025,12:30,18687263,,GotSport,Soccer,U-12,MEDFORD SC BLUE DEVILS 2013,SJ FUTBOL CLUB SOUNDERS 2013,MEDFORD - BENDE PARK,,
03/23/2025,12:30,18762614,,GotSport,Soccer,U-10,DEPTFORD SA CYCLONES 2015,CLAYTON SA CLIPPERS 2015,DEPTFORD SC,,
03/23/2025,12:30,18753942,,GotSport,Soccer,U-8,EAST GREENWICH SA EGSA UNITED 2017,MONROE TOWNSHIP YS 2017 MONROE UNITED,E GREENWICH - THOMPSON FAMILY PARK,,
03/23/2025,12:30,18695956,,GotSport,Soccer,U-11,MARLTON SC CHIEFS WHITE 2014,MEDFORD STRIKERS 2014 BOYS,MARLTON - MEMORIAL,,
03/23/2025,12:30,18793459,,GotSport,Soccer,U-9,SWEDESBORO WOOLWICH SOCCER ASSOC. SWSA VENOM 2016,NORTHERN BURLINGTON BOOM 2016,SW-Locke Avenue Park,,
03/23/2025,12:30,18759180,,GotSport,Soccer,U-10,HADDONFIELD SC BLACK 2015 B,BURLINGTON TOWNSHIP SOCCER THUNDER2015,HADDONFIELD - CROWS WOODS,,
03/23/2025,12:30,18815486,,GotSport,Soccer,U-14,WEST DEPTFORD SC WOLFPACK 2011,DELRAN FC FLASH 2011,W DEPTFORD-WD PARK,,
03/23/2025,12:30,18720596,,GotSport,Soccer,U-9,HADDONFIELD SC RED 2016,CINNAMINSON SC LIGHTNING 2016,HADDONFIELD - CROWS WOODS,,
03/23/2025,12:30,18822531,,GotSport,Soccer,U-9,CINNAMINSON SC TITANS 2016,CHERRY HILL FC 2016 JUNIOR BLACK,CINNAMINSON SC - MEMORIAL,,
03/23/2025,12:30,18819046,,GotSport,Soccer,U-14,HADDONFIELD SC WHITE 2011,WASHINGTON TWP SOCCER CLUB CHAOS 11/12,HADDONFIELD - CROWS WOODS,,
03/23/2025,12:30,18700920,,GotSport,Soccer,U-9,MARLTON SC CHIEFS ORANGE 2016,MOORESTOWN SC UNITED 2016,MARLTON - MEMORIAL,,
03/23/2025,12:30,18756950,,GotSport,Soccer,U-12,PENNSAUKEN YOUTH SOCCER CLUB REBELS 2013,VINELAND SA UNITED 2013,Pennsauken Community Recreation Facility,,
03/23/2025,12:30,18793231,,GotSport,Soccer,U-11,PITTSGROVE SOCCER CLUB PSC MAVERICKS '14,NORTHERN BURLINGTON JACKALS 2015,PITTSGROVE-GREEN BRANCH,,
03/23/2025,12:30,18687234,,GotSport,Soccer,U-12,VOORHEES COSMOS 2013,MARLTON SC CHIEFS BLACK 2013,VOORHEES-Echelon Complex,,
03/23/2025,12:30,18771997,,GotSport,Soccer,U-10,CAPE EXPRESS CE SILVER STREAK 2015,HIGHLAND YOUTH SOCCER CLUB LIGHTNING 2015,CAPE EX SOCCER COMPLEX At Ockie Wisting,,
03/23/2025,12:30,18756951,,GotSport,Soccer,U-12,CAPE EXPRESS CE 2014 UNION,MEDFORD STRIKERS 2013 BOYS,CAPE EX SOCCER COMPLEX At Ockie Wisting,,
03/23/2025,12:30,18755508,,GotSport,Soccer,U-12,EGG HARBOR SC EAGLES 2013 BLACK,AUDUBON SOCCER YOUTH WILD WINGS 2013,Egg Harbor Twp HS,,
03/23/2025,12:30,18696001,,GotSport,Soccer,U-12,PENNS GROVE WILD 2013,HARRISON WOLFPACK 2013,PG-CP-PED- Carney's Point Rec Center,,
03/23/2025,12:30,18814255,,GotSport,Soccer,U-13,DEPTFORD SA THUNDER 2012,WASHINGTON TWP SOCCER CLUB PREDATORS 2012,DEPTFORD SC,,
03/23/2025,12:30,18734119,,GotSport,Soccer,U-14,LOGAN BLAZE 2011,TBAA TITANS 2011,LOGAN - TWP LINE,,
03/23/2025,12:30,18685837,,GotSport,Soccer,U-14,CHERRY HILL SC CHAOS 2011,MAINLAND UNITED SA MUSTANGS RED 2011 B,CHSC - CH WEST HS,,
03/23/2025,12:30,18772743,,GotSport,Soccer,U-11,EAST GREENWICH SA EGSA STARS 2014,HIGHLAND YOUTH SOCCER CLUB THUNDER 2014,E GREENWICH - THOMPSON FAMILY PARK,,
03/23/2025,12:30,18772744,,GotSport,Soccer,U-11,LOGAN CHARGE BLACK 2014,MARLTON SC CHIEFS BLACK 2014,LOGAN - TWP LINE,,
03/23/2025,12:30,18815161,,GotSport,Soccer,U-11,SENECA UNITED SC THUNDER 2014,SWEDESBORO WOOLWICH SOCCER ASSOC. SWSA LIGHTNING 2014,SENECA - STONEY CREEK FIELDS,,
03/23/2025,12:30,18742805,,GotSport,Soccer,U-10,EDGEWATER PARK ATHLETIC ASSOCIATION EP WARRIORS 2015,MAINLAND UNITED SA MUSTANGS WHITE 2015-16 B,,,
03/23/2025,12:30,18783442,,GotSport,Soccer,U-8,CHERRY HILL FC 2017 JUNIOR BLACK,HADDON TWP. RED HAWKS 2017,CHFC - DeCOU,,
03/23/2025,12:30,18821150,,GotSport,Soccer,U-12,FRANKLIN TOWNSHIP YOUTH SOCCER ASSOCIATION ENFORCERS 2013,VOORHEES SA RAPTORS 2013,FRANKLIN TWP YOUTH COMPLEX,,
03/23/2025,12:30,18815163,,GotSport,Soccer,U-11,WASHINGTON TWP SOCCER CLUB TERROR 2014,VOORHEES SA LIGHTNING 2014,WASHINGTON TWP-WASH LAKE PARK,,
03/23/2025,12:30,18755538,,GotSport,Soccer,U-11,AUDUBON ATTACK - BOYS 2014,HADDON HEIGHTS SC 2014 MIGHTY TITANS,AUDUBON - GREEN WAVE PARK,,
03/23/2025,12:30,18700904,,GotSport,Soccer,U-9,PITTSGROVE SOCCER CLUB PSC PRIME WHITE '16,MEDFORD SC GOLD 2016,PITTSGROVE-GREEN BRANCH,,
03/23/2025,12:30,18755552,,GotSport,Soccer,U-11,MANTUA TOWNSHIP SA OUTLAWS 2014,CHERRY HILL SC CHERRY HILL SC FORCE 2014,MANTUA TWP,,
03/23/2025,12:30,18755362,,GotSport,Soccer,U-11,MONROE TOWNSHIP YS UNITED BOYS 2014 BLUE,TBAA SYNDICATE 2014,MONROE TWP - CORKERY LANE,,
03/23/2025,12:30,18761498,,GotSport,Soccer,U-10,SENECA UNITED SC RAPTORS 2015,MEDFORD SC COLUMBIA 2015,SENECA - STONEY CREEK FIELDS,,
03/23/2025,12:30,18793397,,GotSport,Soccer,U-10,WASHINGTON TWP SOCCER CLUB RAPTORS 2015,BERLIN SOCCER CLUB BERSERKERS 2015,WASHINGTON TWP. - Levy Fields (Virtua),,
03/23/2025,12:30,18760724,,GotSport,Soccer,U-9,HIGHLAND YOUTH SOCCER CLUB MAYHEM,MOORESTOWN SC WARRIORS 2016,HIGHLAND - GLOUCESTER TWP PARK,,
03/23/2025,12:30,18696000,,GotSport,Soccer,U-12,CHERRY HILL FC 2013 RED HAWKS,VINELAND TERMINATORS 2013,CHFC - DeCOU,,
03/23/2025,12:30,18720840,,GotSport,Soccer,U-13,TAR-KILL SOCCER CLUB TARKILL LIVERPOOL 2012,CINNAMINSON SC CHARGE 2012,TARKILL-STERLING HS,,
03/23/2025,12:30,18755567,,GotSport,Soccer,U-10,CINNAMINSON SC PRIME 2015,EAST GREENWICH SA EGSA BLACK KNIGHTS 2015,CINNAMINSON SC - MEMORIAL,,
03/23/2025,12:30,18683037,,GotSport,Soccer,U-19,PALMYRA RIVERTON SC LEGACY 2006,MAINLAND UNITED SA MUSTANGS 2009 B,PAL-RIV - LEGION FIELD 11v11,,
03/23/2025,12:30,18761499,,GotSport,Soccer,U-10,UPPER TOWNSHIP SA COMETS WHITE 2015,SJ FUTBOL CLUB RAMS 2015,UPPER TWP-Amanda's Field Complex,,
03/23/2025,12:40,18734120,,GotSport,Soccer,U-14,SWEDESBORO WOOLWICH SOCCER ASSOC. SWSA RED FLAMES 2011,BORDENTOWN FC JAGUARS 2011,SW-Locke Avenue Park,,
03/23/2025,12:40,18685836,,GotSport,Soccer,U-14,MOUNT LAUREL UNITED (MLU) FLASH 2011,HARRISON SC THUNDER 2011,MLU-TROTTERS,,
03/23/2025,12:40,18769286,,GotSport,Soccer,U-13,HIGHLAND YOUTH SOCCER CLUB FORCE 2012,MAINLAND UNITED SA MUSTANGS RED 2012 B,HIGHLAND - GLOUCESTER TWP PARK,,
03/23/2025,13:00,18735661,,GotSport,Soccer,U-8,TBAA REVOLUTION 2017,AUDUBON CROSSFIRE,TBAA-VALLEY BROOK,,
03/23/2025,13:00,18999191,,GotSport,Soccer,U-12,WOODBURY SOCCER CLUB WOODBURY BISON 2013,MAINLAND UNITED SA MUSTANGS WHITE 2013-14 B,WOODBURY,,
03/23/2025,13:15,18793460,,GotSport,Soccer,U-9,HADDON TWP WHITE HAWKS 2016,MAPLE SHADE SHARKS 2016,,,
03/23/2025,13:15,18802318,,GotSport,Soccer,U-9,EGG HARBOR SC EAGLES 2016 WHITE,DELRAN FC UNION 2016,Egg Harbor Twp HS,,
03/23/2025,13:15,18783503,,GotSport,Soccer,U-9,VOORHEES SA TITANS 2016,UPPER TOWNSHIP SA THUNDER 2016,VOORHEES-Echelon Complex,,
03/23/2025,13:15,18761184,,GotSport,Soccer,U-8,RANCOCAS VALLEY SC 2017 BOYS PREMIER,WASHINGTON TWP SOCCER CLUB REBELS 2017,Rancocas Valley-LUMBERTON MUNICIPAL,,
03/23/2025,13:15,18735662,,GotSport,Soccer,U-8,MANTUA CHAOS 2017,SWEDESBORO WOOLWICH SOCCER ASSOC. SWSA PANTHERS 2017,MANTUA TWP,,
03/23/2025,13:15,18747955,,GotSport,Soccer,U-11,MOORESTOWN SC WOLVERINES 2014,HARRISON STRIKERS 2014,MOORESTOWN - SALEM RD/PRYOR PARK,,
03/23/2025,13:15,18821221,,GotSport,Soccer,U-11,COLLINGSWOOD OAKLYN SOCCER CLUB OUTLAWS 2014,WASHINGTON TWP SOCCER CLUB WARRIORS 2014,COSC- Oaklyn Public School,,
03/23/2025,13:15,18762674,,GotSport,Soccer,U-8,MOORESTOWN SC PYTHONS 2017,HARRISON HURRICANES 2017,MOORESTOWN - MEMORIAL FIELDS,,
03/23/2025,13:15,18783295,,GotSport,Soccer,U-9,BORDENTOWN FC REVOLUTION 2016,GATEWAY UNITED SOCCER CLUB GUSC THUNDER B2016,BORDENTOWN - FRIENDSHIP FIELDS,,
03/23/2025,13:15,18802316,,GotSport,Soccer,U-9,MONROE UNITED 2016 BOYS,WASHINGTON UNITED SOCCER CLUB WUSC 2016,MONROE TWP - CORKERY LANE,,
03/23/2025,13:15,18687233,,GotSport,Soccer,U-12,CHERRY HILL SC CHERRY HILL SC FORCE 2013,HIGHLAND YOUTH SOCCER CLUB CHAOS 2013,CHSC - UPPER CHAPEL TURF,,
03/23/2025,13:15,18822561,,GotSport,Soccer,U-9,WEST DEPTFORD SC TSUNAMI 2016,HARRISON HURRICANES 2016,W DEPTFORD-WD PARK,,
03/23/2025,13:15,18695871,,GotSport,Soccer,U-14,RANCOCAS VALLEY SC BOYS 2011 UNITED,PITMAN SA PUMAS 2011,Rancocas Valley-LUMBERTON MUNICIPAL,,
03/23/2025,13:30,18700818,,GotSport,Soccer,U-12,PALMYRA RIVERTON SC HURRICANES 2013,PITMAN SA TOMCATS 2013,PAL-RIV CHARLES STREET SCHOOL Spring Season,,
03/23/2025,13:30,18769270,,GotSport,Soccer,U-13,GATEWAY UNITED SOCCER CLUB GUSC STINGRAYS B2012,VINELAND SA JERSEY BOYZ 2012,GATEWAY UTD. - WESTVILLE,,
03/23/2025,13:30,18752610,,GotSport,Soccer,U-15,TBAA DYNAMO 2010,EAST GREENWICH SA EGSA CHARGERS 2010,TBAA-VALLEY BROOK,,
03/23/2025,13:30,18685421,,GotSport,Soccer,U-19,MAPLE SHADE AVENGERS 2007,SWEDESBORO WOOLWICH SOCCER ASSOC. SWSA SCORPIONS 2008,MAPLE SHADE - TURF FIELD,,
03/23/2025,13:45,18758201,,GotSport,Soccer,U-14,PENNSAUKEN YOUTH SOCCER CLUB WARRIORS 2011,UPPER TOWNSHIP SA TSUNAMIS 2011,Pennsauken Community Recreation Facility,,
03/23/2025,13:45,18685474,,GotSport,Soccer,U-16,EAST GREENWICH SA EGSA THUNDER 2009,NORTHERN BURLINGTON SA BULLDOGS 2009,E GREENWICH - THOMPSON FAMILY PARK,,
03/23/2025,13:45,18818853,,GotSport,Soccer,U-15,WINSLOW SLAYERS 2010,ATLANTIC UNITED PREMIER STRIKERS 2010/11 B,,,
03/23/2025,13:45,18734121,,GotSport,Soccer,U-14,MEDFORD SC RENEGADES 2011,MONROE TOWNSHIP YS UNITED WHITE 2011,MEDFORD - BENDE PARK,,
03/23/2025,13:45,18752611,,GotSport,Soccer,U-15,CINNAMINSON SC PIRATES 2010,AUDUBON SOCCER YOUTH UNITED 2010,CINNAMINSON SC - MEMORIAL,,
03/23/2025,13:45,18720839,,GotSport,Soccer,U-13,HARRISON SC STRIKERS 2012,WINSLOW DYNAMO 2012,HARRISON - William Wilt Soccer Complex,,
03/23/2025,13:45,18815517,,GotSport,Soccer,U-13,MARLTON SC CHIEFS WHITE 2012,UPPER TOWNSHIP SA FORCE GREEN 2012,MARLTON - MEMORIAL,,
03/23/2025,14:00,18820558,,GotSport,Soccer,U-13,TAR-KILL SOCCER CLUB TARKILL BARCELONA 2012,WINSLOW GREEN DRAGONS 2012,TARKILL-STERLING HS,,
03/23/2025,14:00,18999193,,GotSport,Soccer,U-12,HADDON HEIGHTS SC 2013 BEAST BOYS,BERLIN SOCCER CLUB BULLDOGS 2013,HADD HGTS - DEVON,,
03/23/2025,14:00,18821222,,GotSport,Soccer,U-11,EGG HARBOR SC EAGLES 2014,CINNAMINSON SC AVENGERS 2014,Egg Harbor Twp HS,,
03/23/2025,14:00,18821223,,GotSport,Soccer,U-11,VOORHEES SA VIKINGS 2014,DELRAN FC COBRAS 2015,VOORHEES-Echelon Complex,,
03/23/2025,14:00,18771998,,GotSport,Soccer,U-10,UPPER TOWNSHIP SA COMETS GREEN 2015,MAINLAND UNITED SA MUSTANGS BLACK 2015 B,UPPER TWP-Amanda's Field Complex,,
03/23/2025,14:00,18814498,,GotSport,Soccer,U-9,MARLTON SC CHIEFS WHITE 2016,PITMAN SA BOBCATS 2016,MARLTON - MEMORIAL,,
03/23/2025,14:00,18814497,,GotSport,Soccer,U-9,SENECA UNITED SC RAPTORS 2016,WEST DEPTFORD SC WILDCATS 2016,SENECA - STONEY CREEK FIELDS,,
03/23/2025,14:00,18761435,,GotSport,Soccer,U-12,MONROE UNITED 2013,EGG HARBOR SC EAGLES WHITE 2013,MONROE TWP - CORKERY LANE,,
03/23/2025,14:00,18762612,,GotSport,Soccer,U-10,PENNSVILLE EAGLES BLUE 2015,LOGAN ARMADA BLUE 2015,PENNSVILLE,,
03/23/2025,14:00,18814257,,GotSport,Soccer,U-13,CAPE EXPRESS WHITE CAPS 2012,DELRAN FC SOCCER DELRAN FC UNITED 2013,CAPE EX SOCCER COMPLEX At Ockie Wisting,,
03/23/2025,14:00,18762676,,GotSport,Soccer,U-8,DEPTFORD SA SCORPIONS 2017,HAMMONTON HEAT BOYS 2017,DEPTFORD SC,,
03/23/2025,14:00,18752460,,GotSport,Soccer,U-9,HIGHLAND YOUTH SOCCER CLUB HAVOK 2016,MOORESTOWN SC DRAGONS 2016,HIGHLAND - GLOUCESTER TWP PARK,,
03/23/2025,14:00,18760739,,GotSport,Soccer,U-9,HARRISON HORNETS 2016,MEDFORD SC COLUMBIA 2016,HARRISON - William Wilt Soccer Complex,,
03/23/2025,14:00,18763779,,GotSport,Soccer,U-13,WEST DEPTFORD SC WARRIORS 2013,HADDONFIELD SC BLACK 2012,W DEPTFORD-WD PARK,,
03/23/2025,14:00,18695873,,GotSport,Soccer,U-14,PENNS GROVE SC RAGE 2011,EGG HARBOR SC EAGLES 2011/2012 BLACK,PG-CP-PED- Carney's Point Rec Center,,
03/23/2025,14:00,18761434,,GotSport,Soccer,U-12,MARLTON SC CHIEFS ORANGE 2014,SJ FUTBOL CLUB FLYERS 2014,MARLTON - MEMORIAL,,
03/23/2025,14:00,18752612,,GotSport,Soccer,U-15,CHERRY HILL SC CHERRY HILL SC THUNDERBOLTS (2010-2011),FRANKLIN TOWNSHIP YOUTH SOCCER ASSOCIATION STORM 2010,CHSC - CH WEST HS,,
03/23/2025,14:00,18701094,,GotSport,Soccer,U-11,FRANKLIN TOWNSHIP YOUTH SOCCER ASSOCIATION STORM 2014,CINNAMINSON SC CHARGERS 2014,FRANKLIN TWP YOUTH COMPLEX,,
03/23/2025,14:00,18685372,,GotSport,Soccer,U-15,EDGEWATER PARK ATHLETIC ASSOCIATION EP WIZARDS 2010,WASHINGTON TWP SOCCER CLUB RENEGADES 2010,,,
03/23/2025,14:00,18791888,,GotSport,Soccer,U-10,PITTSGROVE SOCCER CLUB PSC GALAXY '15,MARLTON SC CHIEFS WHITE 2015,PITTSGROVE-GREEN BRANCH,,
03/23/2025,14:00,18760216,,GotSport,Soccer,U-8,LOGAN BOOM 2017,CINNAMINSON SC UNION 2017,LOGAN - TWP LINE,,
03/23/2025,14:00,18791889,,GotSport,Soccer,U-10,CINNAMINSON SC BANDITS 2015,MILLVILLE WARRIORS 2015,CINNAMINSON SC - MEMORIAL,,
03/23/2025,14:00,18758646,,GotSport,Soccer,U-8,HADDONFIELD SC THUNDER 2017,UPPER TOWNSHIP SA FLASH 2017,HADDONFIELD - CROWS WOODS,,
03/23/2025,14:00,18753511,,GotSport,Soccer,U-10,SWEDESBORO WOOLWICH SOCCER ASSOC. SWSA STRIKERS 2015,DEPTFORD SA LIGHTNING 2015,SW-Locke Avenue Park,,
03/23/2025,14:00,18769271,,GotSport,Soccer,U-13,LOGAN FORCE 2012,VOORHEES SA FORCE 2012,LOGAN - TWP LINE,,
03/23/2025,14:00,18701093,,GotSport,Soccer,U-11,CAPE EXPRESS CE ENGINEERS 2014,UPPER TOWNSHIP SA HURRICANES WHITE 2014,CAPE EX SOCCER COMPLEX At Ockie Wisting,,
03/23/2025,14:00,18758647,,GotSport,Soccer,U-8,CAPE EXPRESS CE 2017 BARCA,PITTSGROVE SOCCER CLUB PSC RAPTORS ‘17,CAPE EX SOCCER COMPLEX At Ockie Wisting,,
03/23/2025,14:00,18753510,,GotSport,Soccer,U-10,CHERRY HILL SC CHERRY HILL SC WARRIORS 2015,WASHINGTON UNITED SOCCER CLUB WUSC 2015,CHSC - UPPER CHAPEL TURF,,
03/23/2025,14:00,18770606,,GotSport,Soccer,U-10,CINNAMINSON SC PIRATES SEA DOGS 2015,BURLINGTON TOWNSHIP SOCCER PHOENIX 2015,CINNAMINSON SC - MEMORIAL,,
03/23/2025,14:00,18822494,,GotSport,Soccer,U-11,DELRAN FC HAWKS 2014,HADDON TWP WHITE HAWKS 2014,DELRAN-DEUTSCH FIELD,,
03/23/2025,14:00,19024858,,GotSport,Soccer,U-16,BURLINGTON TOWNSHIP SOCCER FUSION 2009,SJ FUTBOL CLUB RAPIDS 2009,BURLINGTON TWP - PINEWALD AVE,,
03/23/2025,14:00,18720855,,GotSport,Soccer,U-13,PITTSGROVE SOCCER CLUB PSC WARRIORS '12,RANCOCAS VALLEY SC 2012 BOYS AVENGERS,PITTSGROVE-GREEN BRANCH,,
03/23/2025,14:00,18750892,,GotSport,Soccer,U-14,CHERRY HILL FC 2011 STALLIONS,HADDONFIELD SC RED 2011,CHFC - DeCOU,,
03/23/2025,14:00,18700817,,GotSport,Soccer,U-12,BARRINGTON SC REVOLUTION 2013,MOORESTOWN SC DRAGONS 2013,BARRINGTON-DEERE FIELD,,
03/23/2025,14:00,18793458,,GotSport,Soccer,U-9,WASHINGTON TWP SOCCER CLUB THUNDER 2016,AUDUBON 2016 BOYS,WASHINGTON TWP. - Levy Fields (Virtua),,
03/23/2025,14:00,18757003,,GotSport,Soccer,U-10,VINELAND AVENGERS 2015,WINSLOW TITANS 2015,VINELAND SA,,
03/23/2025,14:00,18754808,,GotSport,Soccer,U-11,EAST GREENWICH SA EGSA EAGLES 2014,HAMILTON ELITE FC PREMIER 2015B,E GREENWICH - THOMPSON FAMILY PARK,,
03/23/2025,14:00,18730852,,GotSport,Soccer,U-11,TAR-KILL SOCCER CLUB TARKILL CHELSEA 2014,VOORHEES SA KNIGHTS 2014,TARKILL-STERLING HS,,
03/23/2025,14:00,18695955,,GotSport,Soccer,U-11,PENNSAUKEN YOUTH SOCCER CLUB AVENGERS 2014,MAINLAND UNITED SA MUSTANGS RED 2014 B,Pennsauken Community Recreation Facility,,
03/23/2025,14:00,18771383,,GotSport,Soccer,U-10,CHERRY HILL FC 2015 JUNIOR WHITE,MOUNT LAUREL UNITED (MLU) SHARKS 2015,CHFC - DeCOU,,
03/23/2025,14:00,18755568,,GotSport,Soccer,U-10,AUDUBON SOCCER YOUTH BOYS 2015 - HAMMERS,HADDONFIELD SC RED 2015 B,AUDUBON - GREEN WAVE PARK,,
03/23/2025,14:00,18750893,,GotSport,Soccer,U-14,MANTUA TOWNSHIP SA UNION 2011,BORDENTOWN FC RENEGADES 2011,MANTUA TWP,,
03/23/2025,14:00,18755539,,GotSport,Soccer,U-11,MEDFORD SC CAROLINA 2014,HAMMONTON HEAT BOYS 2014,MEDFORD - BENDE PARK,,
03/23/2025,14:00,18735663,,GotSport,Soccer,U-8,HADDONFIELD SC FIRE 2017,PITTSGROVE SOCCER CLUB PSC PREDATORS ‘17,HADDONFIELD - CROWS WOODS,,
03/23/2025,14:00,18755509,,GotSport,Soccer,U-12,PITTSGROVE SOCCER CLUB PSC PYTHONS '13,HAMMONTON HEAT BOYS 2013,PITTSGROVE-GREEN BRANCH,,
03/23/2025,14:00,18821148,,GotSport,Soccer,U-12,DEPTFORD SA TORNADOES 2013,MOORESTOWN SC RAPTORS 2013,DEPTFORD SC,,
03/23/2025,14:00,18772713,,GotSport,Soccer,U-10,EAST GREENWICH SA EGSA TIGERS 2015,HIGHLAND YOUTH SOCCER CLUB STORM 2015,E GREENWICH - THOMPSON FAMILY PARK,,
03/23/2025,14:00,18820557,,GotSport,Soccer,U-13,SENECA UNITED SC PRIDE 2012,PITMAN SA JAGUARS 2012,SENECA - STONEY CREEK FIELDS,,
03/23/2025,14:10,18685422,,GotSport,Soccer,U-19,HIGHLAND YOUTH SOCCER CLUB HURRICANES 2008,MILLVILLE PHANTOMS 2007,HIGHLAND - GLOUCESTER TWP PARK,,
03/23/2025,14:10,18783564,,GotSport,Soccer,U-13,PALMYRA RIVERTON SC YOUNGBLOODS 2013,WEST DEPTFORD SC UNION 2012,PAL-RIV - LEGION FIELD 11v11,,
03/23/2025,14:10,18755445,,GotSport,Soccer,U-13,SWEDESBORO WOOLWICH SOCCER ASSOC. SWSA SHARKS 2012,PENNSVILLE EAGLES 2012,SW-Locke Avenue Park,,
03/23/2025,14:30,18792472,,GotSport,Soccer,U-8,HADDON TWP. WHITE HAWKS 2017,NORTHERN BURLINGTON FORCE 2017,,,
03/23/2025,14:30,18820555,,GotSport,Soccer,U-13,COLLINGSWOOD OAKLYN SOCCER CLUB KNIGHTS 2012,BERLIN SOCCER CLUB BALL BREAKERS 2012,WOODBURY,,
03/23/2025,14:30,18743089,,GotSport,Soccer,U-12,HADDONFIELD SC RED 2013,HIGHLAND YOUTH SOCCER CLUB FURY 2013,HADDONFIELD - CROWS WOODS,,
03/23/2025,14:30,18762613,,GotSport,Soccer,U-10,WEST DEPTFORD SC COBRAS 2015,PITMAN SA WILDCATS 2015,W DEPTFORD-WD PARK,,
03/23/2025,14:30,18822560,,GotSport,Soccer,U-9,PALMYRA RIVERTON SC LEGENDARY 2016,UPPER TOWNSHIP SA BREAKERS 2016,PAL-RIV CHARLES STREET SCHOOL Spring Season,,
03/23/2025,14:30,18771384,,GotSport,Soccer,U-10,WOODBURY BOLTS,NORTHERN BURLINGTON STORM 2015,WOODBURY,,
03/23/2025,14:30,18759181,,GotSport,Soccer,U-10,MONROE TOWNSHIP YS 2015 UNITED BLUE,WOODSTOWN WILD 2015,MONROE TWP - CORKERY LANE,,
03/23/2025,14:30,18792475,,GotSport,Soccer,U-8,VOORHEES SA VENOM 2017,MOUNT LAUREL UNITED (MLU) EAGLES 2017,VOORHEES-Echelon Complex,,
03/23/2025,14:30,18771385,,GotSport,Soccer,U-10,EGG HARBOR SC EAGLES 2015 BLACK,AUDUBON BOYS 2015,Egg Harbor Twp HS,,
03/23/2025,14:30,18762645,,GotSport,Soccer,U-10,MANTUA TOWNSHIP SA FROGS 2015,MOUNT LAUREL UNITED (MLU) WOLFPACK 2015,MANTUA TWP,,
03/23/2025,14:30,18772714,,GotSport,Soccer,U-10,MOORESTOWN SC HORNETS 2015,MEDFORD SC GOLD 2015,MOORESTOWN - MEMORIAL FIELDS,,
03/23/2025,14:30,18999190,,GotSport,Soccer,U-12,MOUNT LAUREL UNITED (MLU) GALAXY 2013,PENNSVILLE EAGLES 2013,MLU-TROTTERS,,
03/23/2025,14:30,18822529,,GotSport,Soccer,U-9,COLLINGSWOOD OAKLYN SOCCER CLUB SPARTANS 2016,LOGAN SUPERNOVA 2016,COSC- Oaklyn Public School,,
03/23/2025,14:30,18783310,,GotSport,Soccer,U-9,TBAA KNIGHTS 2016,MEDFORD SC WHITE 2016,TBAA-VALLEY BROOK,,
03/23/2025,14:30,18747956,,GotSport,Soccer,U-11,CHERRY HILL SC CHERRY HILL SC WHITE (2014),HADDONFIELD SC BLACK 2014,CHSC - UPPER CHAPEL TURF,,
03/23/2025,14:30,18747957,,GotSport,Soccer,U-11,BORDENTOWN FC UNION 2014,TAR-KILL SOCCER CLUB TARKILL 2015 BLUE,BORDENTOWN - FRIENDSHIP FIELDS,,
03/23/2025,14:30,18752458,,GotSport,Soccer,U-9,RANCOCAS VALLEY SC 2016 BOYS UNITED,HADDONFIELD SC GREY 2016,Rancocas Valley-LUMBERTON MUNICIPAL,,
03/23/2025,14:30,18999192,,GotSport,Soccer,U-12,MOORESTOWN SC THUNDER 2013,WINSLOW SHARKS,MOORESTOWN - SALEM RD/PRYOR PARK,,
03/23/2025,14:45,18754807,,GotSport,Soccer,U-11,RANCOCAS VALLEY SC RVSC - '14 FOREST,WEST DEPTFORD SC AVALANCHE 2014,Rancocas Valley-LUMBERTON MUNICIPAL,,
03/23/2025,15:00,18822495,,GotSport,Soccer,U-11,PALMYRA RIVERTON SC TORNADOES 2014,MEDFORD SC GOLD 2014,PAL-RIV CHARLES STREET SCHOOL Spring Season,,
03/23/2025,15:15,18793233,,GotSport,Soccer,U-11,GATEWAY UNITED SOCCER CLUB GU GREYHOUNDS 2014,WOODSTOWN WOLFPACK 2014,GATEWAY UTD. - WESTVILLE,,
03/23/2025,15:20,18818839,,GotSport,Soccer,U-15,MARLTON SC CHIEFS WHITE 2010,MILLVILLE VENOM 2010,MARLTON - MEMORIAL,,
03/23/2025,15:20,18752609,,GotSport,Soccer,U-15,MAPLE SHADE BEST ELEVEN 2010,HADDONFIELD SC WHITE 2010,MAPLE SHADE - TURF FIELD,,
03/23/2025,15:30,18770968,,GotSport,Soccer,U-14,PEMBERTON SC PUNISHERS 2011,NORTHERN BURLINGTON SA HOOLIGANS 2011,PEMBERTON - HIGH SCHOOL,,
03/23/2025,15:30,18783562,,GotSport,Soccer,U-13,HADDON TWP WHITE HAWKS 2012,LOGAN FUSION 2012,HADDON TWP - RECCHINO FIELDS,,
03/23/2025,15:30,18762660,,GotSport,Soccer,U-10,PENNSAUKEN YOUTH SOCCER CLUB LIONS 2015,ATLANTIC UNITED PREMIER FIRE 2015 B,Pennsauken Community Recreation Facility,,
03/23/2025,15:30,18815456,,GotSport,Soccer,U-14,MONROE TOWNSHIP YS UNITED BOYS 2011 BLUE,DELRAN FC BLAST 2011,MONROE TWP - CORKERY LANE,,
03/23/2025,15:30,18802317,,GotSport,Soccer,U-9,EAST GREENWICH SA EGSA CHAOS 2016,CHERRY HILL SC CHERRY HILL SC THUNDER (2016),E GREENWICH - THOMPSON FAMILY PARK,,
03/23/2025,15:30,18770969,,GotSport,Soccer,U-14,MEDFORD SC COLUMBIA 2011,HARRISON SC ARSENAL 2011,MEDFORD - BENDE PARK,,
03/23/2025,15:30,18758200,,GotSport,Soccer,U-14,CINNAMINSON SC VIPERS 2011,CHERRY HILL FC 2011 AVENGERS,CINNAMINSON SC - MEMORIAL,,
03/23/2025,15:30,18758202,,GotSport,Soccer,U-14,CAPE EXPRESS SURGE 2011,VOORHEES SA ATTACK 2011,CAPE EX SOCCER COMPLEX At Ockie Wisting,,
03/23/2025,15:30,18815457,,GotSport,Soccer,U-14,WINSLOW WILDCATS 2011,VINELAND SA STRIKERS 2011,,,
03/23/2025,15:30,18720595,,GotSport,Soccer,U-9,DELRAN FC SOCCER SHARKS 2016,MOUNT LAUREL UNITED (MLU) REVOLUTION 2016,DELRAN-DEUTSCH FIELD,,
03/23/2025,15:30,18792473,,GotSport,Soccer,U-8,HADDON HEIGHTS SC 2017 HAVOC,CINNAMINSON SC RAIDERS 2017,HADD HGTS - DEVON,,
03/23/2025,15:30,18753955,,GotSport,Soccer,U-8,HARRISON UNITED 2017,MEDFORD SC 2017B NAVY (RENEGADES),HARRISON - William Wilt Soccer Complex,,
03/23/2025,15:30,18770605,,GotSport,Soccer,U-10,LOGAN ARMADA BLACK 2015,HADDONFIELD SC WHITE 2015 B,LOGAN - TWP LINE,,
03/23/2025,15:30,18814272,,GotSport,Soccer,U-13,PITTSGROVE SOCCER CLUB PSC SPURS '12,CHERRY HILL FC 2012 JUNIORS BLACK,PITTSGROVE-GREEN BRANCH,,
03/23/2025,15:30,18696053,,GotSport,Soccer,U-9,BARRINGTON SC STORM 2016,FRANKLIN TOWNSHIP YOUTH SOCCER ASSOCIATION JERSEY DEVILS 2016,BARRINGTON-DEERE FIELD,,
03/23/2025,15:30,18793232,,GotSport,Soccer,U-11,HARRISON WAVE 2014,BURLINGTON TOWNSHIP SOCCER DYNAMITE 2014,HARRISON - William Wilt Soccer Complex,,
03/23/2025,15:30,18822530,,GotSport,Soccer,U-9,TAR-KILL SOCCER CLUB TARKILL 2016 BOYS,FRANKLIN TOWNSHIP YOUTH SOCCER ASSOCIATION UNITED 2016,TARKILL-STERLING HS,,
03/23/2025,15:30,18821149,,GotSport,Soccer,U-12,EAST GREENWICH SA EGSA DYNAMO 2013,UPPER TOWNSHIP SA CYCLONES 2013,E GREENWICH - THOMPSON FAMILY PARK,,
03/23/2025,15:30,18815162,,GotSport,Soccer,U-11,MARLTON SC CHIEFS ORANGE 2015,DEPTFORD SA UNITED 2014,MARLTON - MEMORIAL,,
03/23/2025,15:30,18755444,,GotSport,Soccer,U-13,EAST GREENWICH SA EGSA VENOM 2012,AUDUBON SOCCER YOUTH BALLERS 2012,E GREENWICH - THOMPSON FAMILY PARK,,
03/23/2025,15:30,18783293,,GotSport,Soccer,U-9,CAPE EXPRESS CE NOR'EASTERS 2016,SWEDESBORO WOOLWICH SOCCER ASSOC. SWSA HAVOC 2016,CAPE EX SOCCER COMPLEX At Ockie Wisting,,
03/23/2025,15:30,18822496,,GotSport,Soccer,U-11,MARLTON SC CHIEFS SILVER 2014,PENNSVILLE EAGLES 2014,MARLTON - MEMORIAL,,
03/23/2025,15:30,18742803,,GotSport,Soccer,U-10,COHANSEY SC DYNAMO 2015,WATERFORD ATHLETIC ASSN WINGS 2015,Cohansey - Cumberland County Tech School,,
03/23/2025,15:30,18772745,,GotSport,Soccer,U-11,WEST DEPTFORD SC EAGLES 2014,PITMAN SA BENGALS 2014,W DEPTFORD-WD PARK,,
03/23/2025,15:30,18695872,,GotSport,Soccer,U-14,CHERRY HILL FC 2011/2012 COBRAS,MAINLAND UNITED SA MUSTANGS WHITE 2011-12 B,CHFC - DeCOU,,
03/23/2025,15:30,18730851,,GotSport,Soccer,U-11,TBAA REVOLUTION 2015,TBAA OUTLAWS 2014,TBAA-VALLEY BROOK,,
03/23/2025,15:30,18696054,,GotSport,Soccer,U-9,PENNS GROVE SC DRAGONS 2016,EAST GREENWICH SA EGSA LIONS 2016,PG-CP-PED- Carney's Point Rec Center,,
03/23/2025,15:30,18754809,,GotSport,Soccer,U-11,FRANKLIN TOWNSHIP YOUTH SOCCER ASSOCIATION KNIGHTS 2014,LOGAN CHARGE BLUE 2014,FRANKLIN TWP YOUTH COMPLEX,,
03/23/2025,15:30,18752459,,GotSport,Soccer,U-9,HADDONFIELD SC WHITE 2016,MILLVILLE THUNDER 2016,HADDONFIELD - CROWS WOODS,,
03/23/2025,15:30,18696052,,GotSport,Soccer,U-9,CINNAMINSON SC CHAOS 2016,WINSLOW KINGS 2016,CINNAMINSON SC - MEMORIAL,,
03/23/2025,15:30,18772715,,GotSport,Soccer,U-10,DEPTFORD SA THUNDER 2015,SWEDESBORO WOOLWICH SOCCER ASSOC. SWSA GUNNERS 2015,DEPTFORD SC,,
03/23/2025,15:30,18750894,,GotSport,Soccer,U-14,EGG HARBOR SC EAGLES BLACK 2011,MEDFORD STRIKERS 2011 BOYS,Egg Harbor Twp HS,,
03/23/2025,15:30,18758645,,GotSport,Soccer,U-8,MAINLAND UNITED SA MUSTANGS RED 2017 B,EGG HARBOR SC EAGLES 2017,MAINLAND - MEMORIAL PARK,,
03/23/2025,15:30,18700888,,GotSport,Soccer,U-9,SENECA UNITED SC EAGLES 2016,HADDONFIELD SC BLACK 2016 B,SENECA - STONEY CREEK FIELDS,,
03/23/2025,15:30,18701109,,GotSport,Soccer,U-11,PITTSGROVE SOCCER CLUB PSC PHANTOMS '14,ATLANTIC UNITED PREMIER KICKERS 2014 B,PITTSGROVE-GREEN BRANCH,,
03/23/2025,15:30,18743088,,GotSport,Soccer,U-12,MANTUA TOWNSHIP SA MTSA ELITE 2014,HADDON HEIGHTS SC 2013 YOUNG BOYS,MANTUA TWP,,
03/23/2025,15:30,18753941,,GotSport,Soccer,U-8,CHERRY HILL SC DYNAMO (2017),WASHINGTON UNITED SOCCER CLUB WUSC 2017,CHSC - UPPER CHAPEL TURF,,
03/23/2025,15:30,18763780,,GotSport,Soccer,U-13,PENNSAUKEN YOUTH SOCCER CLUB TITANS 2012,NORTHERN BURLINGTON CELTIC 2012,Pennsauken Community Recreation Facility,,
03/23/2025,15:30,18700935,,GotSport,Soccer,U-9,PITTSGROVE SOCCER CLUB PSC PRIME BLACK '16,MOUNT LAUREL UNITED (MLU) GLADIATORS 2016,PITTSGROVE-GREEN BRANCH,,
03/23/2025,15:30,18761185,,GotSport,Soccer,U-8,CINNAMINSON SC RED 2017,SJ FUTBOL CLUB HAMMERS 2017,CINNAMINSON SC - MEMORIAL,,
03/23/2025,15:30,18793398,,GotSport,Soccer,U-10,UPPER TOWNSHIP SA SUPER SONICS 2015,MILLVILLE PREDATORS 2015,UPPER TWP-Amanda's Field Complex,,
03/23/2025,15:30,18760217,,GotSport,Soccer,U-8,SWEDESBORO WOOLWICH SOCCER ASSOC. SWSA FIREBALLS 2017,AUDUBON BOYS 2017 TEAM 2,SW-Locke Avenue Park,,
03/23/2025,15:30,18760218,,GotSport,Soccer,U-8,HIGHLAND YOUTH SOCCER CLUB BOYS 2017,DELRAN FC RAPTORS 2017,HIGHLAND - GLOUCESTER TWP PARK,,
03/23/2025,15:30,18730853,,GotSport,Soccer,U-11,MEDFORD SC AVENGERS 2014,UPPER TOWNSHIP SA HURRICANES GREEN 2014,MEDFORD - BENDE PARK,,
03/23/2025,15:30,18815531,,GotSport,Soccer,U-13,VINELAND SA FURY 2012,ATLANTIC UNITED PREMIER KICKERS 2013 B,VINELAND SA,,
03/23/2025,15:30,18783459,,GotSport,Soccer,U-8,HADDONFIELD SC REBELS 2017,MEDFORD SC 2017B WHITE (LIGHTNING),HADDONFIELD - CROWS WOODS,,
03/23/2025,15:30,18761433,,GotSport,Soccer,U-12,CAPE EXPRESS AVENGERS 2013,MOUNT LAUREL UNITED (MLU) LIGHTNING 2014,CAPE EX SOCCER COMPLEX At Ockie Wisting,,
03/23/2025,15:30,18815518,,GotSport,Soccer,U-13,VOORHEES SA PREDATORS 2013,BURLINGTON TOWNSHIP SOCCER DRAGONS 2012,VOORHEES-EASTERN HS,,
03/23/2025,15:30,18762675,,GotSport,Soccer,U-8,WASHINGTON TWP SOCCER CLUB WOLVES 2017,PITMAN SA PANTHERS 2017,WASHINGTON TWP. - Levy Fields (Virtua),,
03/23/2025,15:40,18754968,,GotSport,Soccer,U-13,SWEDESBORO WOOLWICH SOCCER ASSOC. SWSA CYCLONES 2012/2013,PITTSGROVE SOCCER CLUB PSC REVOLUTION '13,SW-Locke Avenue Park,,
03/23/2025,15:40,18763781,,GotSport,Soccer,U-13,EDGEWATER PARK ATHLETIC ASSOCIATION EP UNITED 2012,HIGHLAND YOUTH SOCCER CLUB MUSTANGS 2012,,,
03/23/2025,15:40,18818840,,GotSport,Soccer,U-15,PALMYRA RIVERTON SC UNION 2010,WOODSTOWN WOLVERINES 2010,PAL-RIV - LEGION FIELD 11v11,,
03/23/2025,15:40,18754967,,GotSport,Soccer,U-13,CHERRY HILL SC CHERRY HILL SC COBRAS 2012,NORTHERN BURLINGTON SA BLUES 2013,CHSC - CH WEST HS,,
03/23/2025,15:45,18793368,,GotSport,Soccer,U-12,HADDONFIELD SC BLACK 2013,WOODSTOWN WOLVERINES 2013,HADDONFIELD - CROWS WOODS,,
03/23/2025,15:45,18687232,,GotSport,Soccer,U-12,MOUNT LAUREL UNITED (MLU) TIGERS 2013,EAST GREENWICH SA EGSA PANTHERS 2013,MLU-TROTTERS,,
03/23/2025,15:45,18822559,,GotSport,Soccer,U-9,COLLINGSWOOD OAKLYN SOCCER CLUB WARRIORS 2016,HADDON HEIGHTS SC 2016 RUCKUS,COSC- Oaklyn Public School,,
03/23/2025,15:45,18687265,,GotSport,Soccer,U-12,TAR-KILL SOCCER CLUB TARKILL KNIGHTS 2013,MARLTON SC CHIEFS WHITE 2013,TARKILL-STERLING HS,,
03/23/2025,15:45,18683036,,GotSport,Soccer,U-19,BORDENTOWN FC 2006,HARRISON TITANS FÚTBOL ACADEMY,BORDENTOWN - FRIENDSHIP FIELDS,,
03/23/2025,15:45,18687264,,GotSport,Soccer,U-12,CHERRY HILL SC THUNDER 2013,MAINLAND UNITED SA MUSTANGS RED 2013 B,CHSC - UPPER CHAPEL TURF,,
03/23/2025,15:45,18771999,,GotSport,Soccer,U-10,WEST DEPTFORD SC ANIMALS 2015,EGG HARBOR SC EAGLES 2015 WHITE,W DEPTFORD-WD PARK,,
03/23/2025,15:45,18700934,,GotSport,Soccer,U-9,MANTUA TOWNSHIP SA MAMBAS 2016,HARRISON LEGENDS 2016,MANTUA TWP,,
03/23/2025,15:45,18748981,,GotSport,Soccer,U-8,WOODBURY WARRIORS,WEST DEPTFORD SC WARRIORS 2017,WOODBURY,,
03/23/2025,15:45,18748980,,GotSport,Soccer,U-8,PALMYRA RIVERTON SC RIPPERS 2017,WATERFORD ATHLETIC ASSN WINGS 2017,PAL-RIV CHARLES STREET SCHOOL Spring Season,,
03/23/2025,15:45,18761186,,GotSport,Soccer,U-8,VOORHEES SA BLUE DEVILS 2017,DELRAN FC 2017 DEVILS,VOORHEES-Echelon Complex,,
03/23/2025,15:45,18755361,,GotSport,Soccer,U-11,HADDON TWP WHITE HAWKS 2015,NORTHERN BURLINGTON BLUE DEVILS 2014,,,
03/23/2025,15:45,18759194,,GotSport,Soccer,U-10,MOORESTOWN SC DEVIL RAYS 2015,MAINLAND UNITED SA MUSTANGS RED 2015 B,MOORESTOWN - MEMORIAL FIELDS,,
03/23/2025,15:45,18760722,,GotSport,Soccer,U-9,RANCOCAS VALLEY SC 2016 BOYS PREMIER,HADDON TWP RED HAWKS 2016,Rancocas Valley-LUMBERTON MUNICIPAL,,
03/23/2025,15:45,18685461,,GotSport,Soccer,U-16,BURLINGTON TOWNSHIP SOCCER CELTIC 2010,DEPTFORD AVENGERS 2009,BURLINGTON TWP - PINEWALD AVE,,
03/23/2025,15:45,18743087,,GotSport,Soccer,U-12,MONROE TOWNSHIP YS UNITED BOYS 2013 BLUE,HARRISON SC LIGHTNING 2013,MONROE TWP - CORKERY LANE,,
03/23/2025,15:45,18793367,,GotSport,Soccer,U-12,LOGAN FLASH 2013,MILLVILLE REBELS 2013,LOGAN - TWP LINE,,
03/23/2025,15:50,18685460,,GotSport,Soccer,U-16,HIGHLAND YOUTH SOCCER CLUB BOYS 2009,TAR-KILL SOCCER CLUB TARKILL BLUE DEVILS 2009,HIGHLAND - GLOUCESTER TWP PARK,,
03/23/2025,16:00,18815458,,GotSport,Soccer,U-14,MOORESTOWN SC BLACK KNIGHTS 2011,VOORHEES SA BLUES 2011,MOORESTOWN - MEMORIAL FIELDS,,
03/23/2025,16:00,18755507,,GotSport,Soccer,U-12,RANCOCAS VALLEY SC 2013 BOYS RONALDO,MEDFORD SC MAYHEM 2013,Rancocas Valley-LUMBERTON MUNICIPAL,,
03/25/2025,19:00,18685838,,GotSport,Soccer,U-14,PITTSGROVE SOCCER CLUB PSC WOLVES '11,DEPTFORD SA TORNADOES 2011,PITTSGROVE-GREEN BRANCH,,
03/30/2025,11:00,18755364,,GotSport,Soccer,U-11,NORTHERN BURLINGTON BLUE DEVILS 2014,MOORESTOWN SC GUARDIANS 2014,NB- MANSFIELD TOWNSHIP ELEMENTARY SCHOOL,,
03/30/2025,11:00,18815460,,GotSport,Soccer,U-14,VOORHEES SA BLUES 2011,WINSLOW WILDCATS 2011,VOORHEES-EASTERN HS,,
03/30/2025,11:00,18683042,,GotSport,Soccer,U-19,HIGHLAND YOUTH SOCCER CLUB GALAXY 2008,BURLINGTON TOWNSHIP SOCCER BULLS 2007-2008,HIGHLAND - GLOUCESTER TWP PARK,,
03/30/2025,11:00,18743092,,GotSport,Soccer,U-12,HADDON HEIGHTS SC 2013 YOUNG BOYS,MONROE TOWNSHIP YS UNITED BOYS 2013 BLUE,HADD HGTS - DEVON,,
03/30/2025,11:00,18815166,,GotSport,Soccer,U-11,DEPTFORD SA UNITED 2014,SENECA UNITED SC THUNDER 2014,DEPTFORD SC,,
03/30/2025,11:00,18735664,,GotSport,Soccer,U-8,AUDUBON CROSSFIRE,HADDONFIELD SC FIRE 2017,AUDUBON - GREEN WAVE PARK,,
03/30/2025,11:00,18770972,,GotSport,Soccer,U-14,NORTHERN BURLINGTON SA HOOLIGANS 2011,GATEWAY UNITED SOCCER CLUB GUSC WILDCATS B2011,NB- MANSFIELD TOWNSHIP ELEMENTARY SCHOOL,,
03/30/2025,11:00,18783481,,GotSport,Soccer,U-11,CHERRY HILL SC CHERRY HILL SC UNION 2015,CHERRY HILL FC 2015 JUNIOR RED,CHSC - UPPER CHAPEL TURF,,
03/30/2025,11:00,18783567,,GotSport,Soccer,U-13,HARRISON WILDCATS 2012,HADDON TWP WHITE HAWKS 2012,HARRISON - William Wilt Soccer Complex,,
03/30/2025,11:00,18761437,,GotSport,Soccer,U-12,EGG HARBOR SC EAGLES WHITE 2013,MARLTON SC CHIEFS ORANGE 2014,Egg Harbor Twp HS,,
03/30/2025,12:00,18734122,,GotSport,Soccer,U-14,TBAA TITANS 2011,MEDFORD SC RENEGADES 2011,TBAA-VALLEY BROOK,,
03/30/2025,12:00,18687268,,GotSport,Soccer,U-12,MAINLAND UNITED SA MUSTANGS RED 2013 B,MEDFORD SC BLUE DEVILS 2013,MAINLAND - MEMORIAL PARK,,
03/30/2025,12:00,18802320,,GotSport,Soccer,U-9,DELRAN FC UNION 2016,EAST GREENWICH SA EGSA CHAOS 2016,DELRAN-DEUTSCH FIELD,,
03/30/2025,12:00,18822497,,GotSport,Soccer,U-11,HADDON TWP WHITE HAWKS 2014,MARLTON SC CHIEFS SILVER 2014,,,
03/30/2025,12:00,18683043,,GotSport,Soccer,U-19,GATEWAY UNITED SOCCER CLUB GUSC WARRIORS B2006,BORDENTOWN FC 2006,GATEWAY UTD. - WESTVILLE,,
03/30/2025,12:00,18772747,,GotSport,Soccer,U-11,PITMAN SA BENGALS 2014,LOGAN CHARGE BLACK 2014,PITMAN-LAMBS ROAD,,
03/30/2025,12:00,18752616,,GotSport,Soccer,U-15,FRANKLIN TOWNSHIP YOUTH SOCCER ASSOCIATION STORM 2010,MAPLE SHADE BEST ELEVEN 2010,FRANKLIN TWP YOUTH COMPLEX,,
03/30/2025,12:00,18685375,,GotSport,Soccer,U-15,BORDENTOWN FC PANTHERS 2010,MOUNT LAUREL UNITED (MLU) FORCE 2010,BORDENTOWN - FRIENDSHIP FIELDS,,
03/30/2025,12:00,18743091,,GotSport,Soccer,U-12,HIGHLAND YOUTH SOCCER CLUB FURY 2013,MANTUA TOWNSHIP SA MTSA ELITE 2014,HIGHLAND - GLOUCESTER TWP PARK,,
03/30/2025,12:00,18687235,,GotSport,Soccer,U-12,EAST GREENWICH SA EGSA PANTHERS 2013,VOORHEES COSMOS 2013,E GREENWICH - THOMPSON FAMILY PARK,,
03/30/2025,12:00,18758203,,GotSport,Soccer,U-14,CHERRY HILL FC 2011 AVENGERS,CAPE EXPRESS SURGE 2011,CHFC - DeCOU,,
03/30/2025,12:00,18720598,,GotSport,Soccer,U-9,MOUNT LAUREL UNITED (MLU) REVOLUTION 2016,ATLANTIC UNITED PREMIER BLACK 2016 B,MLU-MARNE HWY,,
03/30/2025,12:00,18753512,,GotSport,Soccer,U-10,HARRISON STRIKERS 2015,SWEDESBORO WOOLWICH SOCCER ASSOC. SWSA STRIKERS 2015,HARRISON - William Wilt Soccer Complex,,
03/30/2025,12:00,18819048,,GotSport,Soccer,U-14,HAMMONTON HEAT BOYS 2011,PALMYRA RIVERTON SC WARRIORS 2011,HAMMONTON - MOSS MILL RD PARK SOCCER COMPLEX,,
03/30/2025,12:00,18685374,,GotSport,Soccer,U-15,WASHINGTON TWP SOCCER CLUB RENEGADES 2010,PENNSAUKEN YOUTH SOCCER CLUB CYCLONES 2010,WASHINGTON TWP-WASH LAKE PARK,,
03/30/2025,12:00,18761187,,GotSport,Soccer,U-8,WASHINGTON TWP SOCCER CLUB REBELS 2017,VOORHEES SA BLUE DEVILS 2017,WASHINGTON TWP. - Levy Fields (Virtua),,
03/30/2025,12:00,18687236,,GotSport,Soccer,U-12,MARLTON SC CHIEFS BLACK 2013,CHERRY HILL SC CHERRY HILL SC FORCE 2013,MARLTON - MEMORIAL,,
03/30/2025,12:00,18793371,,GotSport,Soccer,U-12,MILLVILLE REBELS 2013,COLLINGSWOOD OAKLYN SOCCER CLUB TITANS 2013,MILLVILLE SOCCER COMPLEX,,
03/30/2025,12:00,18818842,,GotSport,Soccer,U-15,WOODSTOWN WOLVERINES 2010,MARLTON SC CHIEFS WHITE 2010,WOODSTOWN,,
03/30/2025,12:00,18687266,,GotSport,Soccer,U-12,SJ FUTBOL CLUB SOUNDERS 2013,TAR-KILL SOCCER CLUB TARKILL KNIGHTS 2013,SJFC - UPPER DEERFIELD RECREATION COMPLEX,,
03/30/2025,12:00,18755540,,GotSport,Soccer,U-11,MANTUA TOWNSHIP SA OUTLAWS 2014,MEDFORD SC CAROLINA 2014,MANTUA TWP,,
03/30/2025,12:00,18720842,,GotSport,Soccer,U-13,WINSLOW DYNAMO 2012,RANCOCAS VALLEY SC 2012 BOYS AVENGERS,,,
03/30/2025,12:00,18735665,,GotSport,Soccer,U-8,PITTSGROVE SOCCER CLUB PSC PREDATORS ‘17,MANTUA CHAOS 2017,PITTSGROVE-GREEN BRANCH,,
03/30/2025,12:00,18999197,,GotSport,Soccer,U-12,PENNSVILLE EAGLES 2013,WOODBURY SOCCER CLUB WOODBURY BISON 2013,PENNSVILLE,,
03/30/2025,12:00,18783566,,GotSport,Soccer,U-13,WEST DEPTFORD SC UNION 2012,DELRAN FC SOCCER GREY 2013B,W DEPTFORD-WD PARK,,
03/30/2025,12:00,18815164,,GotSport,Soccer,U-11,SWEDESBORO WOOLWICH SOCCER ASSOC. SWSA LIGHTNING 2014,WASHINGTON TWP SOCCER CLUB TERROR 2014,SW-Locke Avenue Park,,
03/30/2025,12:00,18685463,,GotSport,Soccer,U-16,DEPTFORD AVENGERS 2009,HIGHLAND YOUTH SOCCER CLUB BOYS 2009,DEPTFORD SC,,
03/30/2025,12:00,18760727,,GotSport,Soccer,U-9,HARRISON HORNETS 2016,RANCOCAS VALLEY SC 2016 BOYS PREMIER,HARRISON - William Wilt Soccer Complex,,
03/30/2025,12:00,18695874,,GotSport,Soccer,U-14,PITMAN SA PUMAS 2011,PENNS GROVE SC RAGE 2011,PITMAN - ALCYON LAKE,,
03/30/2025,12:00,18750896,,GotSport,Soccer,U-14,MEDFORD STRIKERS 2011 BOYS,MANTUA TOWNSHIP SA UNION 2011,MEDFORD STRIKERS - ARK ROAD COMPLEX,,
03/30/2025,12:00,18685426,,GotSport,Soccer,U-19,MILLVILLE PHANTOMS 2007,MAPLE SHADE AVENGERS 2007,MILLVILLE SOCCER COMPLEX,,
03/30/2025,12:15,18755542,,GotSport,Soccer,U-11,HADDON HEIGHTS SC 2014 MIGHTY TITANS,CHERRY HILL SC CHERRY HILL SC FORCE 2014,HADD HGTS - DEVON,,
03/30/2025,12:15,18793234,,GotSport,Soccer,U-11,NORTHERN BURLINGTON JACKALS 2015,GATEWAY UNITED SOCCER CLUB GU GREYHOUNDS 2014,NB- MANSFIELD TOWNSHIP ELEMENTARY SCHOOL,,
03/30/2025,12:30,18752615,,GotSport,Soccer,U-15,AUDUBON SOCCER YOUTH UNITED 2010,CHERRY HILL SC CHERRY HILL SC THUNDERBOLTS (2010-2011),AUDUBON - GREEN WAVE PARK,,
03/30/2025,12:30,18822532,,GotSport,Soccer,U-9,LOGAN SUPERNOVA 2016,CINNAMINSON SC TITANS 2016,LOGAN - TWP LINE,,
03/30/2025,12:30,18752462,,GotSport,Soccer,U-9,MOORESTOWN SC DRAGONS 2016,HADDONFIELD SC WHITE 2016,MOORESTOWN - MEMORIAL FIELDS,,
03/30/2025,12:30,18747959,,GotSport,Soccer,U-11,HARRISON STRIKERS 2014,CHERRY HILL SC CHERRY HILL SC WHITE (2014),HARRISON - William Wilt Soccer Complex,,
03/30/2025,12:30,18695875,,GotSport,Soccer,U-14,EGG HARBOR SC EAGLES 2011/2012 BLACK,CHERRY HILL FC 2011/2012 COBRAS,Egg Harbor Twp HS,,
03/30/2025,12:30,18695957,,GotSport,Soccer,U-11,HADDONFIELD SC RED 2014 B,MARLTON SC CHIEFS WHITE 2014,HADDONFIELD - CROWS WOODS,,
03/30/2025,12:30,18783446,,GotSport,Soccer,U-8,CHERRY HILL SC CHERRY HILL SC COBRAS 2017,MEDFORD SC 2017B WHITE (LIGHTNING),CHSC - UPPER CHAPEL TURF,,
03/30/2025,12:30,18791892,,GotSport,Soccer,U-10,MAPLE SHADE WILD 2015,CINNAMINSON SC BANDITS 2015,MAPLE SHADE - TURF FIELD,,
03/30/2025,12:30,18753513,,GotSport,Soccer,U-10,DEPTFORD SA LIGHTNING 2015,CHERRY HILL SC CHERRY HILL SC WARRIORS 2015,DEPTFORD SC,,
03/30/2025,12:30,18793236,,GotSport,Soccer,U-11,BURLINGTON TOWNSHIP SOCCER DYNAMITE 2014,PITTSGROVE SOCCER CLUB PSC MAVERICKS '14,BURLINGTON TWP - PINEWALD AVE,,
03/30/2025,12:30,18754973,,GotSport,Soccer,U-13,MEDFORD SC DESTROYERS 2012,FRANKLIN TOWNSHIP YOUTH SOCCER ASSOCIATION CRUSADERS 2012,MEDFORD - BENDE PARK,,
03/30/2025,12:30,18755365,,GotSport,Soccer,U-11,MOUNT LAUREL UNITED (MLU) COBRAS 2014,MONROE TOWNSHIP YS UNITED BOYS 2014 BLUE,MLU-TROTTERS,,
03/30/2025,12:30,18820559,,GotSport,Soccer,U-13,BERLIN SOCCER CLUB BALL BREAKERS 2012,CHERRY HILL SC ROYALS 2012,BERLIN SC - FRANKLIN FIELDS,,
03/30/2025,12:30,18730855,,GotSport,Soccer,U-11,UPPER TOWNSHIP SA HURRICANES GREEN 2014,TAR-KILL SOCCER CLUB TARKILL CHELSEA 2014,UPPER TWP-Amanda's Field Complex,,
03/30/2025,12:30,18783565,,GotSport,Soccer,U-13,LOGAN FUSION 2012,PALMYRA RIVERTON SC YOUNGBLOODS 2013,LOGAN - TWP LINE,,
03/30/2025,12:30,18819049,,GotSport,Soccer,U-14,MOORESTOWN SC LIGHTNING 2011,HADDONFIELD SC WHITE 2011,MOORESTOWN - MEMORIAL FIELDS,,
03/30/2025,12:30,18755572,,GotSport,Soccer,U-10,HADDONFIELD SC RED 2015 B,CINNAMINSON SC PRIME 2015,HADDONFIELD - CROWS WOODS,,
03/30/2025,12:30,18755571,,GotSport,Soccer,U-10,VOORHEES SA COBRAS 2015,AUDUBON SOCCER YOUTH BOYS 2015 - HAMMERS,VOORHEES-Echelon Complex,,
03/30/2025,12:30,18730856,,GotSport,Soccer,U-11,VOORHEES SA KNIGHTS 2014,TBAA REVOLUTION 2015,VOORHEES-Echelon Complex,,
03/30/2025,12:30,18696056,,GotSport,Soccer,U-9,EAST GREENWICH SA EGSA LIONS 2016,BARRINGTON SC STORM 2016,E GREENWICH - THOMPSON FAMILY PARK,,
03/30/2025,12:30,18756991,,GotSport,Soccer,U-10,VINELAND AVENGERS 2015,RANCOCAS VALLEY SC 2015 BOYS STEALTH,VINELAND SA,,
03/30/2025,12:30,18770971,,GotSport,Soccer,U-14,HARRISON SC ARSENAL 2011,PEMBERTON SC PUNISHERS 2011,HARRISON - William Wilt Soccer Complex,,
03/30/2025,12:30,18720844,,GotSport,Soccer,U-13,CINNAMINSON SC CHARGE 2012,HARRISON SC STRIKERS 2012,CINNAMINSON SC - MEMORIAL,,
03/30/2025,12:30,18720843,,GotSport,Soccer,U-13,PITTSGROVE SOCCER CLUB PSC WARRIORS '12,TAR-KILL SOCCER CLUB TARKILL LIVERPOOL 2012,PITTSGROVE-GREEN BRANCH,,
03/30/2025,12:30,18695889,,GotSport,Soccer,U-14,RANCOCAS VALLEY SC BOYS 2011 UNITED,MAINLAND UNITED SA MUSTANGS WHITE 2011-12 B,Rancocas Valley-LUMBERTON MUNICIPAL,,
03/30/2025,12:30,18700821,,GotSport,Soccer,U-12,MOORESTOWN SC DRAGONS 2013,MAPLE SHADE FORCE 2013,MOORESTOWN - SALEM RD/PRYOR PARK,,
03/30/2025,12:30,18770608,,GotSport,Soccer,U-10,BURLINGTON TOWNSHIP SOCCER PHOENIX 2015,LOGAN ARMADA BLACK 2015,BURLINGTON TWP - PINEWALD AVE,,
03/30/2025,12:30,18783591,,GotSport,Soccer,U-15,VOORHEES SA WARRIORS 2010,EAST GREENWICH SA EGSA BLAZE 2010,VOORHEES-EASTERN HS,,
03/30/2025,12:30,18720600,,GotSport,Soccer,U-9,CINNAMINSON SC LIGHTNING 2016,DELRAN FC SOCCER SHARKS 2016,CINNAMINSON SC - MEMORIAL,,
03/30/2025,12:30,18685464,,GotSport,Soccer,U-16,TAR-KILL SOCCER CLUB TARKILL BLUE DEVILS 2009,NORTHERN BURLINGTON SA BULLDOGS 2009,TARKILL-STERLING HS,,
03/30/2025,12:30,18769273,,GotSport,Soccer,U-13,VINELAND SA JERSEY BOYZ 2012,MAINLAND UNITED SA MUSTANGS RED 2012 B,VINELAND SA,,
03/30/2025,12:30,18720614,,GotSport,Soccer,U-9,HADDONFIELD SC RED 2016,MAINLAND UNITED SA MUSTANGS RED 2016 B,HADDONFIELD - CROWS WOODS,,
03/30/2025,12:30,18815459,,GotSport,Soccer,U-14,DELRAN FC BLAST 2011,MOORESTOWN SC BLACK KNIGHTS 2011,Delran Middle School,,
03/30/2025,12:30,18763784,,GotSport,Soccer,U-13,NORTHERN BURLINGTON CELTIC 2012,WEST DEPTFORD SC WARRIORS 2013,NB- MANSFIELD TOWNSHIP ELEMENTARY SCHOOL,,
03/30/2025,12:30,18763782,,GotSport,Soccer,U-13,HADDONFIELD SC BLACK 2012,EDGEWATER PARK ATHLETIC ASSOCIATION EP UNITED 2012,HADDONFIELD - CROWS WOODS,,
03/30/2025,12:30,18701098,,GotSport,Soccer,U-11,CINNAMINSON SC CHARGERS 2014,CAPE EXPRESS CE ENGINEERS 2014,CINNAMINSON SC - MEMORIAL,,
03/30/2025,12:45,18685440,,GotSport,Soccer,U-19,HIGHLAND YOUTH SOCCER CLUB HURRICANES 2008,WASHINGTON TWP SOCCER CLUB SPARTANS 2007,HIGHLAND - GLOUCESTER TWP PARK,,
03/30/2025,13:00,18742808,,GotSport,Soccer,U-10,SWEDESBORO WOOLWICH SOCCER ASSOC. SWSA HONEY BADGERS 2015,COHANSEY SC DYNAMO 2015,SW-Locke Avenue Park,,
03/30/2025,13:00,18822564,,GotSport,Soccer,U-9,UPPER TOWNSHIP SA BREAKERS 2016,COLLINGSWOOD OAKLYN SOCCER CLUB WARRIORS 2016,UPPER TWP-Amanda's Field Complex,,
03/30/2025,13:00,18761189,,GotSport,Soccer,U-8,SJ FUTBOL CLUB HAMMERS 2017,RANCOCAS VALLEY SC 2017 BOYS PREMIER,SJFC - UPPER DEERFIELD RECREATION COMPLEX,,
03/30/2025,13:15,18814502,,GotSport,Soccer,U-9,PITMAN SA BOBCATS 2016,SENECA UNITED SC RAPTORS 2016,PITMAN - Dell,,
03/30/2025,13:15,18770607,,GotSport,Soccer,U-10,HARRISON BLUE ARSENAL 2015,CINNAMINSON SC PIRATES SEA DOGS 2015,HARRISON - William Wilt Soccer Complex,,
03/30/2025,13:15,18762663,,GotSport,Soccer,U-10,MANTUA TOWNSHIP SA FROGS 2015,PENNSAUKEN YOUTH SOCCER CLUB LIONS 2015,MANTUA TWP,,
03/30/2025,13:15,18821225,,GotSport,Soccer,U-11,DELRAN FC COBRAS 2015,EGG HARBOR SC EAGLES 2014,DELRAN-DEUTSCH FIELD,,
03/30/2025,13:15,18687267,,GotSport,Soccer,U-12,MARLTON SC CHIEFS WHITE 2013,CHERRY HILL SC THUNDER 2013,MARLTON - MEMORIAL,,
03/30/2025,13:15,18822498,,GotSport,Soccer,U-11,PENNSVILLE EAGLES 2014,PALMYRA RIVERTON SC TORNADOES 2014,PENNSVILLE,,
03/30/2025,13:15,18802319,,GotSport,Soccer,U-9,WASHINGTON UNITED SOCCER CLUB WUSC 2016,EGG HARBOR SC EAGLES 2016 WHITE,WASHINGTON TWP. - Levy Fields (Virtua),,
03/30/2025,13:15,18793402,,GotSport,Soccer,U-10,MILLVILLE PREDATORS 2015,WASHINGTON TWP SOCCER CLUB RAPTORS 2015,MILLVILLE SOCCER COMPLEX,,
03/30/2025,13:15,18753943,,GotSport,Soccer,U-8,HARRISON UNITED 2017,EAST GREENWICH SA EGSA UNITED 2017,HARRISON - William Wilt Soccer Complex,,
03/30/2025,13:15,18758649,,GotSport,Soccer,U-8,PITTSGROVE SOCCER CLUB PSC RAPTORS ‘17,HADDONFIELD SC THUNDER 2017,PITTSGROVE-GREEN BRANCH,,
03/30/2025,13:15,18999196,,GotSport,Soccer,U-12,MAINLAND UNITED SA MUSTANGS WHITE 2013-14 B,MOORESTOWN SC THUNDER 2013,MAINLAND - MEMORIAL PARK,,
03/30/2025,13:15,18772000,,GotSport,Soccer,U-10,HIGHLAND YOUTH SOCCER CLUB LIGHTNING 2015,WEST DEPTFORD SC ANIMALS 2015,HIGHLAND - GLOUCESTER TWP PARK,,
03/30/2025,13:15,18793478,,GotSport,Soccer,U-9,HADDON TWP WHITE HAWKS 2016,AUDUBON 2016 BOYS,,,
03/30/2025,13:15,18792479,,GotSport,Soccer,U-8,MOUNT LAUREL UNITED (MLU) EAGLES 2017,HADDON TWP. WHITE HAWKS 2017,MLU-MARNE HWY,,
03/30/2025,13:30,18695958,,GotSport,Soccer,U-11,MEDFORD STRIKERS 2014 BOYS,PENNSAUKEN YOUTH SOCCER CLUB AVENGERS 2014,MEDFORD STRIKERS - ARK ROAD COMPLEX,,
03/30/2025,13:30,18793463,,GotSport,Soccer,U-9,NORTHERN BURLINGTON BOOM 2016,WASHINGTON TWP SOCCER CLUB THUNDER 2016,NB- MANSFIELD TOWNSHIP ELEMENTARY SCHOOL,,
03/30/2025,13:30,18793401,,GotSport,Soccer,U-10,CHERRY HILL FC 2015 JUNIORS BLACK,UPPER TOWNSHIP SA SUPER SONICS 2015,CHFC - DeCOU,,
03/30/2025,13:30,18748983,,GotSport,Soccer,U-8,WEST DEPTFORD SC WARRIORS 2017,PALMYRA RIVERTON SC RIPPERS 2017,W DEPTFORD-WD PARK,,
03/30/2025,13:30,19024860,,GotSport,Soccer,U-16,SJ FUTBOL CLUB RAPIDS 2009,WINSLOW VIPERS 2009,SJFC - UPPER DEERFIELD RECREATION COMPLEX,,
03/30/2025,13:30,18820561,,GotSport,Soccer,U-13,PITMAN SA JAGUARS 2012,TAR-KILL SOCCER CLUB TARKILL BARCELONA 2012,PITMAN - ALCYON LAKE,,
03/30/2025,13:30,18752614,,GotSport,Soccer,U-15,EAST GREENWICH SA EGSA CHARGERS 2010,CINNAMINSON SC PIRATES 2010,E GREENWICH - THOMPSON FAMILY PARK,,
03/30/2025,13:30,18685424,,GotSport,Soccer,U-19,SWEDESBORO WOOLWICH SOCCER ASSOC. SWSA SCORPIONS 2008,MEDFORD SC ,SW-Locke Avenue Park,,
03/30/2025,13:30,18818841,,GotSport,Soccer,U-15,WINSLOW SLAYERS 2010,PALMYRA RIVERTON SC UNION 2010,,,
03/30/2025,13:30,18762678,,GotSport,Soccer,U-8,HAMMONTON HEAT BOYS 2017,WASHINGTON TWP SOCCER CLUB WOLVES 2017,HAMMONTON - MOSS MILL RD PARK SOCCER COMPLEX,,
03/30/2025,13:40,19024861,,GotSport,Soccer,U-16,TBAA STORM 2009,SWEDESBORO WOOLWICH SOCCER ASSOC. SWSA FORCE 2009,TBAA-VALLEY BROOK,,
03/30/2025,13:45,18814273,,GotSport,Soccer,U-13,DEPTFORD SA THUNDER 2012,PITTSGROVE SOCCER CLUB PSC SPURS '12,DEPTFORD SC,,
03/30/2025,13:45,18793370,,GotSport,Soccer,U-12,WOODSTOWN WOLVERINES 2013,LOGAN FLASH 2013,WOODSTOWN,,
03/30/2025,13:45,18750897,,GotSport,Soccer,U-14,BORDENTOWN FC RENEGADES 2011,CHERRY HILL FC 2011 STALLIONS,BORDENTOWN - FRIENDSHIP FIELDS,,
03/30/2025,13:45,18814258,,GotSport,Soccer,U-13,WASHINGTON TWP SOCCER CLUB PREDATORS 2012,CAPE EXPRESS WHITE CAPS 2012,WASHINGTON TWP-WASH LAKE PARK,,
03/30/2025,13:45,18820560,,GotSport,Soccer,U-13,MILLVILLE LYNX 2012,SENECA UNITED SC PRIDE 2012,MILLVILLE SOCCER COMPLEX,,
03/30/2025,14:00,18755510,,GotSport,Soccer,U-12,MEDFORD SC MAYHEM 2013,PITTSGROVE SOCCER CLUB PSC PYTHONS '13,MEDFORD - BENDE PARK,,
03/30/2025,14:00,18760726,,GotSport,Soccer,U-9,MOORESTOWN SC WARRIORS 2016,MEDFORD SC COLUMBIA 2016,MOORESTOWN - MEMORIAL FIELDS,,
03/30/2025,14:00,18700819,,GotSport,Soccer,U-12,HADDONFIELD SC WHITE 2013,PALMYRA RIVERTON SC HURRICANES 2013,HADDONFIELD - CROWS WOODS,,
03/30/2025,14:00,18802321,,GotSport,Soccer,U-9,CHERRY HILL SC CHERRY HILL SC THUNDER (2016),MONROE UNITED 2016 BOYS,CHSC - UPPER CHAPEL TURF,,
03/30/2025,14:00,18696003,,GotSport,Soccer,U-12,HARRISON WOLFPACK 2013,CHERRY HILL FC 2013 RED HAWKS,HARRISON - William Wilt Soccer Complex,,
03/30/2025,14:00,18815461,,GotSport,Soccer,U-14,VINELAND SA STRIKERS 2011,MONROE TOWNSHIP YS UNITED BOYS 2011 BLUE,VINELAND SA,,
03/30/2025,14:00,18793369,,GotSport,Soccer,U-12,CINNAMINSON SC STRIKERS 2013,HADDONFIELD SC BLACK 2013,CINNAMINSON SC - MEMORIAL,,
03/30/2025,14:00,18752613,,GotSport,Soccer,U-15,HADDONFIELD SC WHITE 2010,TBAA DYNAMO 2010,HADDONFIELD - CROWS WOODS,,
03/30/2025,14:00,18734123,,GotSport,Soccer,U-14,MONROE TOWNSHIP YS UNITED WHITE 2011,SWEDESBORO WOOLWICH SOCCER ASSOC. SWSA RED FLAMES 2011,MONROE TWP - CORKERY LANE,,
03/30/2025,14:00,18754971,,GotSport,Soccer,U-13,NORTHERN BURLINGTON SA BLUES 2013,SWEDESBORO WOOLWICH SOCCER ASSOC. SWSA CYCLONES 2012/2013,NB- MANSFIELD TOWNSHIP ELEMENTARY SCHOOL,,
03/30/2025,14:00,18821224,,GotSport,Soccer,U-11,WASHINGTON TWP SOCCER CLUB WARRIORS 2014,VOORHEES SA VIKINGS 2014,WASHINGTON TWP-WASH LAKE PARK,,
03/30/2025,14:00,18821151,,GotSport,Soccer,U-12,MOORESTOWN SC RAPTORS 2013,FRANKLIN TOWNSHIP YOUTH SOCCER ASSOCIATION ENFORCERS 2013,MOORESTOWN - SALEM RD/PRYOR PARK,,
03/30/2025,14:00,18815489,,GotSport,Soccer,U-14,DELRAN FC FLASH 2011,CINNAMINSON SC STORM 2011,Delran Middle School,,
03/30/2025,14:00,18752461,,GotSport,Soccer,U-9,HADDONFIELD SC GREY 2016,HIGHLAND YOUTH SOCCER CLUB HAVOK 2016,HADDONFIELD - CROWS WOODS,,
03/30/2025,14:00,18755448,,GotSport,Soccer,U-13,AUDUBON SOCCER YOUTH BALLERS 2012,HADDONFIELD SC RED 2012,AUDUBON - GREEN WAVE PARK,,
03/30/2025,14:00,18772001,,GotSport,Soccer,U-10,EGG HARBOR SC EAGLES 2015 WHITE,UPPER TOWNSHIP SA COMETS GREEN 2015,Egg Harbor Twp HS,,
03/30/2025,14:00,18793400,,GotSport,Soccer,U-10,BERLIN SOCCER CLUB BERSERKERS 2015,HADDON TWP RED HAWKS 2015,BERLIN SC - FRANKLIN FIELDS,,
03/30/2025,14:00,18755570,,GotSport,Soccer,U-10,EAST GREENWICH SA EGSA BLACK KNIGHTS 2015,MOUNT LAUREL UNITED (MLU) KNIGHTS 2015 BOYS,E GREENWICH - THOMPSON FAMILY PARK,,
03/30/2025,14:00,18792477,,GotSport,Soccer,U-8,CINNAMINSON SC RAIDERS 2017,GATEWAY UNITED SOCCER CLUB GU GATORS B2017,CINNAMINSON SC - MEMORIAL,,
03/30/2025,14:00,18770970,,GotSport,Soccer,U-14,MOUNT LAUREL UNITED (MLU) WARRIORS 2011,MEDFORD SC COLUMBIA 2011,MLU-TROTTERS,,
03/30/2025,14:00,18754974,,GotSport,Soccer,U-13,CINNAMINSON SC SKULLS 2012,CHERRY HILL SC CHERRY HILL SC COBRAS 2012,CINNAMINSON SC - MEMORIAL,,
03/30/2025,14:00,18687250,,GotSport,Soccer,U-12,MOUNT LAUREL UNITED (MLU) TIGERS 2013,HIGHLAND YOUTH SOCCER CLUB CHAOS 2013,MLU-TROTTERS,,
03/30/2025,14:00,18783505,,GotSport,Soccer,U-9,LOGAN APOLLO 2016,ATLANTIC UNITED PREMIER RED 2016/2017 B,LOGAN - TWP LINE,,
03/30/2025,14:00,18815490,,GotSport,Soccer,U-14,BURLINGTON TOWNSHIP SOCCER REBELS 2011,WOODBURY SOCCER CLUB WOODBURY ARMORY 2011,BURLINGTON TWP - PINEWALD AVE,,
03/30/2025,14:00,18754972,,GotSport,Soccer,U-13,PITTSGROVE SOCCER CLUB PSC REVOLUTION '13,MARLTON SC CHIEFS BLACK 2012,PITTSGROVE-GREEN BRANCH,,
03/30/2025,14:00,18759182,,GotSport,Soccer,U-10,MOORESTOWN SC DEVIL RAYS 2015,MONROE TOWNSHIP YS 2015 UNITED BLUE,MOORESTOWN - MEMORIAL FIELDS,,
03/30/2025,14:00,18756954,,GotSport,Soccer,U-12,VINELAND SA UNITED 2013,CINNAMINSON SC THUNDERBIRDS 2013,VINELAND SA,,
03/30/2025,14:00,18759184,,GotSport,Soccer,U-10,BURLINGTON TOWNSHIP SOCCER THUNDER2015,MAINLAND UNITED SA MUSTANGS RED 2015 B,BURLINGTON TWP - PINEWALD AVE,,
03/30/2025,14:00,18783447,,GotSport,Soccer,U-8,HADDONFIELD SC REBELS 2017,CHERRY HILL FC 2017 JUNIOR BLACK,HADDONFIELD - CROWS WOODS,,
03/30/2025,14:00,18822534,,GotSport,Soccer,U-9,FRANKLIN TOWNSHIP YOUTH SOCCER ASSOCIATION UNITED 2016,COLLINGSWOOD OAKLYN SOCCER CLUB SPARTANS 2016,FRANKLIN TWP YOUTH COMPLEX,,
03/30/2025,14:00,18730854,,GotSport,Soccer,U-11,TBAA OUTLAWS 2014,MEDFORD SC AVENGERS 2014,TBAA-VALLEY BROOK,,
03/30/2025,14:00,18754811,,GotSport,Soccer,U-11,LOGAN CHARGE BLUE 2014,EAST GREENWICH SA EGSA EAGLES 2014,LOGAN - TWP LINE,,
03/30/2025,14:00,18793462,,GotSport,Soccer,U-9,MAPLE SHADE SHARKS 2016,SWEDESBORO WOOLWICH SOCCER ASSOC. SWSA VENOM 2016,MAPLE SHADE - TURF FIELD,,
03/30/2025,14:00,18683040,,GotSport,Soccer,U-19,HARRISON TITANS FÚTBOL ACADEMY,PALMYRA RIVERTON SC LEGACY 2006,HARRISON - William Wilt Soccer Complex,,
03/30/2025,14:00,18999195,,GotSport,Soccer,U-12,WINSLOW SHARKS,HADDON HEIGHTS SC 2013 BEAST BOYS,,,
03/30/2025,14:00,18815165,,GotSport,Soccer,U-11,VOORHEES SA LIGHTNING 2014,MARLTON SC CHIEFS ORANGE 2015,VOORHEES-Echelon Complex,,
03/30/2025,14:00,18783297,,GotSport,Soccer,U-9,GATEWAY UNITED SOCCER CLUB GUSC THUNDER B2016,MEDFORD SC WHITE 2016,GATEWAY UTD. - LANGSTON FIELD,,
03/30/2025,14:00,18695972,,GotSport,Soccer,U-11,RANCOCAS VALLEY SC RVSC '14 - CELTIC,MAINLAND UNITED SA MUSTANGS RED 2014 B,Rancocas Valley-LUMBERTON MUNICIPAL,,
03/30/2025,14:00,18814501,,GotSport,Soccer,U-9,VOORHEES SA DESTROYERS 2016,MARLTON SC CHIEFS WHITE 2016,VOORHEES-Echelon Complex,,
03/30/2025,14:00,18815521,,GotSport,Soccer,U-13,UPPER TOWNSHIP SA FORCE GREEN 2012,ATLANTIC UNITED PREMIER KICKERS 2013 B,UPPER TWP-Amanda's Field Complex,,
03/30/2025,14:00,18747958,,GotSport,Soccer,U-11,WATERFORD ATHLETIC ASSN WINGS 2014,MOORESTOWN SC WOLVERINES 2014,WATERFORD - BURNT MILL FIELD,,
03/30/2025,14:15,18758204,,GotSport,Soccer,U-14,VOORHEES SA ATTACK 2011,PENNSAUKEN YOUTH SOCCER CLUB WARRIORS 2011,VOORHEES-EASTERN HS,,
03/30/2025,14:15,18783507,,GotSport,Soccer,U-9,UPPER TOWNSHIP SA THUNDER 2016,MONROE UNITED 2016 BLUE,UPPER TWP-Amanda's Field Complex,,
03/30/2025,14:15,18761501,,GotSport,Soccer,U-10,SJ FUTBOL CLUB RAMS 2015,SENECA UNITED SC RAPTORS 2015,SJFC - UPPER DEERFIELD RECREATION COMPLEX,,
03/30/2025,14:30,18753514,,GotSport,Soccer,U-10,WASHINGTON UNITED SOCCER CLUB WUSC 2015,MOORESTOWN SC VIPERS 2015,WASHINGTON TWP. - Levy Fields (Virtua),,
03/30/2025,14:30,19024862,,GotSport,Soccer,U-16,PENNSVILLE EAGLES 2010/2009,BURLINGTON TOWNSHIP SOCCER FUSION 2009,PENNSVILLE,,
03/30/2025,14:30,18772717,,GotSport,Soccer,U-10,SWEDESBORO WOOLWICH SOCCER ASSOC. SWSA GUNNERS 2015,MOORESTOWN SC HORNETS 2015,SW-Locke Avenue Park,,
03/30/2025,14:30,18772748,,GotSport,Soccer,U-11,MARLTON SC CHIEFS BLACK 2014,EAST GREENWICH SA EGSA STARS 2014,MARLTON - MEMORIAL,,
03/30/2025,14:30,18791893,,GotSport,Soccer,U-10,MILLVILLE WARRIORS 2015,PITTSGROVE SOCCER CLUB PSC GALAXY '15,MILLVILLE SOCCER COMPLEX,,
03/30/2025,14:30,18700922,,GotSport,Soccer,U-9,MANTUA TOWNSHIP SA MAMBAS 2016,MOUNT LAUREL UNITED (MLU) GLADIATORS 2016,MANTUA TWP,,
03/30/2025,14:30,18783462,,GotSport,Soccer,U-8,BORDENTOWN FC REVOLUTION 2017,HADDON TWP. RED HAWKS 2017,BORDENTOWN - FRIENDSHIP FIELDS,,
03/30/2025,14:30,18760725,,GotSport,Soccer,U-9,HADDON TWP RED HAWKS 2016,HIGHLAND YOUTH SOCCER CLUB MAYHEM,,,
03/30/2025,14:30,18769274,,GotSport,Soccer,U-13,HIGHLAND YOUTH SOCCER CLUB FORCE 2012,LOGAN FORCE 2012,HIGHLAND - GLOUCESTER TWP PARK,,
03/30/2025,14:30,18762649,,GotSport,Soccer,U-10,MOUNT LAUREL UNITED (MLU) WOLFPACK 2015,PALMYRA RIVERTON SC NATIONALS 2015,MLU-MARNE HWY,,
03/30/2025,14:30,18762677,,GotSport,Soccer,U-8,HARRISON HURRICANES 2017,DEPTFORD SA SCORPIONS 2017,HARRISON - William Wilt Soccer Complex,,
03/30/2025,14:30,18822563,,GotSport,Soccer,U-9,HARRISON HURRICANES 2016,PALMYRA RIVERTON SC LEGENDARY 2016,HARRISON - William Wilt Soccer Complex,,
03/30/2025,14:30,18762617,,GotSport,Soccer,U-10,PITMAN SA WILDCATS 2015,PENNSVILLE EAGLES BLUE 2015,PITMAN - Dell,,
03/30/2025,14:30,18700892,,GotSport,Soccer,U-9,PITTSGROVE SOCCER CLUB PSC PRIME WHITE '16,CHERRY HILL SC CHERRY HILL SC 72S 2016,PITTSGROVE-GREEN BRANCH,,
03/30/2025,14:30,18720599,,GotSport,Soccer,U-9,MAINLAND UNITED SA MUSTANGS RED 2016 B,HADDONFIELD SC RED 2016,MAINLAND - MEMORIAL PARK,,
03/30/2025,14:30,18772716,,GotSport,Soccer,U-10,HIGHLAND YOUTH SOCCER CLUB STORM 2015,DEPTFORD SA THUNDER 2015,HIGHLAND - GLOUCESTER TWP PARK,,
03/30/2025,14:30,18747961,,GotSport,Soccer,U-11,TAR-KILL SOCCER CLUB TARKILL 2015 BLUE,TBAA REVOLUTION 2014,TARKILL-STERLING HS,,
03/30/2025,14:30,18760222,,GotSport,Soccer,U-8,DELRAN FC RAPTORS 2017,WEST DEPTFORD SC DRAGONS 2017,DELRAN-DEUTSCH FIELD,,
03/30/2025,14:45,18822533,,GotSport,Soccer,U-9,CHERRY HILL FC 2016 JUNIOR BLACK,TAR-KILL SOCCER CLUB TARKILL 2016 BOYS,CHFC - DeCOU,,
03/30/2025,14:45,18771388,,GotSport,Soccer,U-10,NORTHERN BURLINGTON STORM 2015,CHERRY HILL FC 2015 JUNIOR WHITE,NB- MANSFIELD TOWNSHIP ELEMENTARY SCHOOL,,
03/30/2025,14:45,18756953,,GotSport,Soccer,U-12,MEDFORD STRIKERS 2013 BOYS,PENNSAUKEN YOUTH SOCCER CLUB REBELS 2013,MEDFORD STRIKERS - ARK ROAD COMPLEX,,
03/30/2025,14:45,18822562,,GotSport,Soccer,U-9,HADDON HEIGHTS SC 2016 RUCKUS,WEST DEPTFORD SC TSUNAMI 2016,HADD HGTS - DEVON,,
03/30/2025,14:45,18814500,,GotSport,Soccer,U-9,WEST DEPTFORD SC WILDCATS 2016,EGG HARBOR SC EAGLES 2016 BLACK,W DEPTFORD-WD PARK,,
03/30/2025,14:45,18755511,,GotSport,Soccer,U-12,HAMMONTON HEAT BOYS 2013,EGG HARBOR SC EAGLES 2013 BLACK,HAMMONTON - MOSS MILL RD PARK SOCCER COMPLEX,,
03/30/2025,15:00,18793235,,GotSport,Soccer,U-11,WOODSTOWN WOLFPACK 2014,HARRISON WAVE 2014,WOODSTOWN,,
03/30/2025,15:15,18820562,,GotSport,Soccer,U-13,WINSLOW GREEN DRAGONS 2012,COLLINGSWOOD OAKLYN SOCCER CLUB KNIGHTS 2012,,,
03/30/2025,15:20,18783601,,GotSport,Soccer,U-15,SWEDESBORO WOOLWICH SOCCER ASSOC. SWSA BLACK MAMBAS 2011,HIGHLAND YOUTH SOCCER CLUB RAPTORS 2010,SW-Locke Avenue Park,,
03/30/2025,15:20,18818843,,GotSport,Soccer,U-15,MILLVILLE VENOM 2010,ATLANTIC UNITED PREMIER STRIKERS 2010/11 B,MILLVILLE SOCCER COMPLEX,,
03/30/2025,15:20,18685462,,GotSport,Soccer,U-16,EAST GREENWICH SA EGSA THUNDER 2009,BURLINGTON TOWNSHIP SOCCER CELTIC 2010,E GREENWICH - THOMPSON FAMILY PARK,,
03/30/2025,15:20,18685373,,GotSport,Soccer,U-15,SJ FUTBOL CLUB WOLVES,EDGEWATER PARK ATHLETIC ASSOCIATION EP WIZARDS 2010,SJFC - UPPER DEERFIELD RECREATION COMPLEX,,
03/30/2025,15:30,18758205,,GotSport,Soccer,U-14,UPPER TOWNSHIP SA TSUNAMIS 2011,CINNAMINSON SC VIPERS 2011,UPPER TWP-Amanda's Field Complex,,
03/30/2025,15:30,18756952,,GotSport,Soccer,U-12,MOORESTOWN SC GOLDEN EAGLES 2013,CAPE EXPRESS CE 2014 UNION,MOORESTOWN - SALEM RD/PRYOR PARK,,
03/30/2025,15:30,18754825,,GotSport,Soccer,U-11,RANCOCAS VALLEY SC RVSC - '14 FOREST,HAMILTON ELITE FC PREMIER 2015B,Rancocas Valley-LUMBERTON MUNICIPAL,,
03/30/2025,15:30,18783298,,GotSport,Soccer,U-9,TBAA KNIGHTS 2016,CAPE EXPRESS CE NOR'EASTERS 2016,TBAA-VALLEY BROOK,,
03/30/2025,15:30,18696057,,GotSport,Soccer,U-9,FRANKLIN TOWNSHIP YOUTH SOCCER ASSOCIATION JERSEY DEVILS 2016,CINNAMINSON SC CHAOS 2016,FRANKLIN TWP YOUTH COMPLEX,,
03/30/2025,15:30,18821166,,GotSport,Soccer,U-12,DEPTFORD SA TORNADOES 2013,UPPER TOWNSHIP SA CYCLONES 2013,DEPTFORD SC,,
03/30/2025,15:30,18696055,,GotSport,Soccer,U-9,WINSLOW KINGS 2016,PENNS GROVE SC DRAGONS 2016,,,
03/30/2025,15:30,18700893,,GotSport,Soccer,U-9,MOORESTOWN SC RENEGADES 2016,SENECA UNITED SC EAGLES 2016,MOORESTOWN - MEMORIAL FIELDS,,
03/30/2025,15:30,18747960,,GotSport,Soccer,U-11,HADDONFIELD SC BLACK 2014,BORDENTOWN FC UNION 2014,HADDONFIELD - CROWS WOODS,,
03/30/2025,15:30,18696004,,GotSport,Soccer,U-12,VINELAND TERMINATORS 2013,BURLINGTON TOWNSHIP SOCCER STRIKERS 2013,VINELAND SA,,
03/30/2025,15:30,18696002,,GotSport,Soccer,U-12,WASHINGTON TWP SOCCER CLUB DAREDEVILS 2013,PENNS GROVE WILD 2013,WASHINGTON TWP-WASH LAKE PARK,,
03/30/2025,15:30,18999194,,GotSport,Soccer,U-12,BERLIN SOCCER CLUB BULLDOGS 2013,WASHINGTON TWP SOCCER CLUB RAPTORS 2013,BERLIN SC - FRANKLIN FIELDS,,
03/30/2025,15:30,18685854,,GotSport,Soccer,U-14,MOUNT LAUREL UNITED (MLU) FLASH 2011,MAINLAND UNITED SA MUSTANGS RED 2011 B,MLU-TROTTERS,,
03/30/2025,15:30,18734124,,GotSport,Soccer,U-14,BORDENTOWN FC JAGUARS 2011,LOGAN BLAZE 2011,BORDENTOWN - FRIENDSHIP FIELDS,,
03/30/2025,15:30,18743090,,GotSport,Soccer,U-12,HARRISON SC LIGHTNING 2013,HADDONFIELD SC RED 2013,HARRISON - William Wilt Soccer Complex,,
03/30/2025,15:30,18815520,,GotSport,Soccer,U-13,BURLINGTON TOWNSHIP SOCCER DRAGONS 2012,MARLTON SC CHIEFS WHITE 2012,BURLINGTON TWP - PINEWALD AVE,,
03/30/2025,15:30,18760220,,GotSport,Soccer,U-8,CINNAMINSON SC UNION 2017,SWEDESBORO WOOLWICH SOCCER ASSOC. SWSA FIREBALLS 2017,CINNAMINSON SC - MEMORIAL,,
03/30/2025,15:30,18762616,,GotSport,Soccer,U-10,CLAYTON SA CLIPPERS 2015,WEST DEPTFORD SC COBRAS 2015,CLAYTON - BENTZ,,
03/30/2025,15:30,18772015,,GotSport,Soccer,U-10,CAPE EXPRESS CE SILVER STREAK 2015,MAINLAND UNITED SA MUSTANGS BLACK 2015 B,CAPE EX SOCCER COMPLEX At Ockie Wisting,,
03/30/2025,15:30,18815519,,GotSport,Soccer,U-13,VINELAND SA FURY 2012,VOORHEES SA PREDATORS 2013,VINELAND SA,,
03/30/2025,15:30,18748982,,GotSport,Soccer,U-8,MAPLE SHADE CHAOS 2017,WOODBURY WARRIORS,MAPLE SHADE - TURF FIELD,,
03/30/2025,15:30,18761500,,GotSport,Soccer,U-10,CHERRY HILL SC CHERRY HILL SC COMETS (2015),UPPER TOWNSHIP SA COMETS WHITE 2015,CHSC - UPPER CHAPEL TURF,,
03/30/2025,15:30,18821226,,GotSport,Soccer,U-11,CINNAMINSON SC AVENGERS 2014,COLLINGSWOOD OAKLYN SOCCER CLUB OUTLAWS 2014,CINNAMINSON SC - MEMORIAL,,
03/30/2025,15:30,18755366,,GotSport,Soccer,U-11,TBAA SYNDICATE 2014,HADDON TWP WHITE HAWKS 2015,TBAA-VALLEY BROOK,,
03/30/2025,15:30,18761436,,GotSport,Soccer,U-12,MOUNT LAUREL UNITED (MLU) LIGHTNING 2014,MONROE UNITED 2013,MLU-TROTTERS,,
03/30/2025,15:30,18758648,,GotSport,Soccer,U-8,EGG HARBOR SC EAGLES 2017,CAPE EXPRESS CE 2017 BARCA,Egg Harbor Twp HS,,
03/30/2025,15:30,18700891,,GotSport,Soccer,U-9,HADDONFIELD SC BLACK 2016 B,MEDFORD SC GOLD 2016,HADDONFIELD - CROWS WOODS,,
03/30/2025,15:30,18742806,,GotSport,Soccer,U-10,WATERFORD ATHLETIC ASSN WINGS 2015,EDGEWATER PARK ATHLETIC ASSOCIATION EP WARRIORS 2015,WATERFORD - BURNT MILL FIELD,,
03/30/2025,15:30,18771387,,GotSport,Soccer,U-10,AUDUBON BOYS 2015,WOODBURY BOLTS,AUDUBON - GREEN WAVE PARK,,
03/30/2025,15:30,18755446,,GotSport,Soccer,U-13,NORTHERN BURLINGTON SA RANGERS 2012,SWEDESBORO WOOLWICH SOCCER ASSOC. SWSA SHARKS 2012,NB- MANSFIELD TOWNSHIP ELEMENTARY SCHOOL,,
03/30/2025,15:30,18700820,,GotSport,Soccer,U-12,PITMAN SA TOMCATS 2013,BARRINGTON SC REVOLUTION 2013,PITMAN-LAMBS ROAD,,
03/30/2025,15:30,18760219,,GotSport,Soccer,U-8,MOORESTOWN SC HAWKS 2017,LOGAN BOOM 2017,MOORESTOWN - MEMORIAL FIELDS,,
03/30/2025,15:30,18755512,,GotSport,Soccer,U-12,AUDUBON SOCCER YOUTH WILD WINGS 2013,RANCOCAS VALLEY SC 2013 BOYS RONALDO,AUDUBON - GREEN WAVE PARK,,
03/30/2025,15:30,18772731,,GotSport,Soccer,U-10,EAST GREENWICH SA EGSA TIGERS 2015,MEDFORD SC GOLD 2015,E GREENWICH - THOMPSON FAMILY PARK,,
03/30/2025,15:30,18822499,,GotSport,Soccer,U-11,MEDFORD SC GOLD 2014,DELRAN FC HAWKS 2014,MEDFORD - BENDE PARK,,
03/30/2025,15:30,18762615,,GotSport,Soccer,U-10,LOGAN ARMADA BLUE 2015,DEPTFORD SA CYCLONES 2015,LOGAN - TWP LINE,,
03/30/2025,15:30,18770609,,GotSport,Soccer,U-10,HADDONFIELD SC WHITE 2015 B,PENNSVILLE EAGLES GOLD 2015,HADDONFIELD - CROWS WOODS,,
03/30/2025,15:30,18792478,,GotSport,Soccer,U-8,BURLINGTON TOWNSHIP SOCCER FIRE 2017,VOORHEES SA VENOM 2017,BURLINGTON TWP - PINEWALD AVE,,
03/30/2025,15:30,18821152,,GotSport,Soccer,U-12,VOORHEES SA RAPTORS 2013,EAST GREENWICH SA EGSA DYNAMO 2013,VOORHEES-Echelon Complex,,
03/30/2025,15:30,18815491,,GotSport,Soccer,U-14,WASHINGTON TWP SOCCER CLUB REGULATORS 2011,WEST DEPTFORD SC WOLFPACK 2011,WASHINGTON TWP-WASH LAKE PARK,,
03/30/2025,15:30,18783506,,GotSport,Soccer,U-9,GATEWAY UNITED SOCCER CLUB GUSC GATORS B2016/2017,VOORHEES SA TITANS 2016,GATEWAY UTD. - LANGSTON FIELD,,
03/30/2025,15:40,18685839,,GotSport,Soccer,U-14,HARRISON SC THUNDER 2011,PITTSGROVE SOCCER CLUB PSC WOLVES '11,HARRISON - William Wilt Soccer Complex,,
03/30/2025,15:40,18750895,,GotSport,Soccer,U-14,HADDONFIELD SC RED 2011,EGG HARBOR SC EAGLES BLACK 2011,HADDONFIELD - CROWS WOODS,,
03/30/2025,15:45,18701097,,GotSport,Soccer,U-11,PITTSGROVE SOCCER CLUB PSC PHANTOMS '14,FRANKLIN TOWNSHIP YOUTH SOCCER ASSOCIATION STORM 2014,PITTSGROVE-GREEN BRANCH,,
03/30/2025,15:45,18994520,,GotSport,Soccer,U-11,HADDON TWP RED HAWKS 2014,DEPTFORD PREMIER FC '15 BOYS FUSION,,,
03/30/2025,15:45,18772746,,GotSport,Soccer,U-11,HIGHLAND YOUTH SOCCER CLUB THUNDER 2014,WEST DEPTFORD SC EAGLES 2014,HIGHLAND - GLOUCESTER TWP PARK,,
03/30/2025,15:45,18771386,,GotSport,Soccer,U-10,MOUNT LAUREL UNITED (MLU) SHARKS 2015,EGG HARBOR SC EAGLES 2015 BLACK,MLU-MARNE HWY,,
03/30/2025,15:45,18735666,,GotSport,Soccer,U-8,SWEDESBORO WOOLWICH SOCCER ASSOC. SWSA PANTHERS 2017,TBAA REVOLUTION 2017,SW-Locke Avenue Park,,
03/30/2025,15:45,18762647,,GotSport,Soccer,U-10,HARRISON BLUE REBELS 2015,ATLANTIC UNITED PREMIER FIRE 2015 B,HARRISON - William Wilt Soccer Complex,,
03/30/2025,15:45,18700937,,GotSport,Soccer,U-9,HARRISON LEGENDS 2016,MOORESTOWN SC UNITED 2016,HARRISON - William Wilt Soccer Complex,,
03/30/2025,15:45,18791891,,GotSport,Soccer,U-10,MARLTON SC CHIEFS WHITE 2015,VOORHEES SA PYTHONS 2015,MARLTON - MEMORIAL,,
03/30/2025,15:45,18742822,,GotSport,Soccer,U-10,MANTUA VIPERS 2015-2016,MAINLAND UNITED SA MUSTANGS WHITE 2015-16 B,MANTUA TWP,,
03/30/2025,15:45,18753945,,GotSport,Soccer,U-8,WASHINGTON UNITED SOCCER CLUB WUSC 2017,MEDFORD SC 2017B NAVY (RENEGADES),WASHINGTON TWP. - Levy Fields (Virtua),,
03/30/2025,15:45,18753944,,GotSport,Soccer,U-8,MONROE TOWNSHIP YS 2017 MONROE UNITED,CHERRY HILL SC DYNAMO (2017),MONROE TWP - CORKERY LANE,,
03/30/2025,15:45,18700923,,GotSport,Soccer,U-9,PITTSGROVE SOCCER CLUB PSC PRIME BLACK '16,MARLTON SC CHIEFS ORANGE 2016,PITTSGROVE-GREEN BRANCH,,
03/30/2025,15:45,18758663,,GotSport,Soccer,U-8,MAINLAND UNITED SA MUSTANGS RED 2017 B,UPPER TOWNSHIP SA FLASH 2017,MAINLAND - MEMORIAL PARK,,
03/30/2025,15:45,18769275,,GotSport,Soccer,U-13,VOORHEES SA FORCE 2012,GATEWAY UNITED SOCCER CLUB GUSC STINGRAYS B2012,VOORHEES-EASTERN HS,,
03/30/2025,15:45,18701096,,GotSport,Soccer,U-11,UPPER TOWNSHIP SA HURRICANES WHITE 2014,ATLANTIC UNITED PREMIER KICKERS 2014 B,UPPER TWP-Amanda's Field Complex,,
03/30/2025,15:45,18761188,,GotSport,Soccer,U-8,DELRAN FC 2017 DEVILS,CINNAMINSON SC RED 2017,DELRAN-DEUTSCH FIELD,,
03/30/2025,15:45,18761438,,GotSport,Soccer,U-12,SJ FUTBOL CLUB FLYERS 2014,CAPE EXPRESS AVENGERS 2013,SJFC - UPPER DEERFIELD RECREATION COMPLEX,,
03/30/2025,15:45,18752463,,GotSport,Soccer,U-9,MILLVILLE THUNDER 2016,RANCOCAS VALLEY SC 2016 BOYS UNITED,MILLVILLE SOCCER COMPLEX,,
03/30/2025,15:45,18783313,,GotSport,Soccer,U-9,BORDENTOWN FC REVOLUTION 2016,SWEDESBORO WOOLWICH SOCCER ASSOC. SWSA HAVOC 2016,BORDENTOWN - FRIENDSHIP FIELDS,,
03/30/2025,15:45,18783480,,GotSport,Soccer,U-11,DELRAN FC SOCCER DELRAN FC KNIGHTS 2014,CHERRY HILL SC CHERRY HILL SC UNITED 2014,DELRAN-DEUTSCH FIELD,,
03/30/2025,15:45,18762679,,GotSport,Soccer,U-8,PITMAN SA PANTHERS 2017,MOORESTOWN SC PYTHONS 2017,PITMAN - Dell,,
03/30/2025,16:00,18763783,,GotSport,Soccer,U-13,HIGHLAND YOUTH SOCCER CLUB MUSTANGS 2012,PENNSAUKEN YOUTH SOCCER CLUB TITANS 2012,HIGHLAND - GLOUCESTER TWP PARK,,
03/30/2025,16:00,18756989,,GotSport,Soccer,U-10,HADDON HEIGHTS SC 2015 CHEETAHS,MEDFORD SC WHITE 2015,HADD HGTS - DEVON,,
03/30/2025,16:00,18792476,,GotSport,Soccer,U-8,NORTHERN BURLINGTON FORCE 2017,HADDON HEIGHTS SC 2017 HAVOC,NB- MANSFIELD TOWNSHIP ELEMENTARY SCHOOL,,
03/30/2025,16:00,18755541,,GotSport,Soccer,U-11,HAMMONTON HEAT BOYS 2014,AUDUBON ATTACK - BOYS 2014,HAMMONTON - MOSS MILL RD PARK SOCCER COMPLEX,,
03/30/2025,16:00,18755447,,GotSport,Soccer,U-13,PENNSVILLE EAGLES 2012,EAST GREENWICH SA EGSA VENOM 2012,PENNSVILLE,,
03/30/2025,16:00,18814274,,GotSport,Soccer,U-13,CHERRY HILL FC 2012 JUNIORS BLACK,DELRAN FC SOCCER DELRAN FC UNITED 2013,CHFC - DeCOU,,
03/30/2025,16:00,18756990,,GotSport,Soccer,U-10,MEDFORD STRIKERS 2015 BOYS,WINSLOW TITANS 2015,MEDFORD STRIKERS - ARK ROAD COMPLEX,,
03/30/2025,16:00,18754810,,GotSport,Soccer,U-11,WEST DEPTFORD SC AVALANCHE 2014,FRANKLIN TOWNSHIP YOUTH SOCCER ASSOCIATION KNIGHTS 2014,W DEPTFORD-WD PARK,,
03/30/2025,16:15,18759183,,GotSport,Soccer,U-10,WOODSTOWN WILD 2015,HADDONFIELD SC BLACK 2015 B,WOODSTOWN,,
03/30/2025,16:45,18760221,,GotSport,Soccer,U-8,AUDUBON BOYS 2017 TEAM 2,HIGHLAND YOUTH SOCCER CLUB BOYS 2017,AUDUBON - GREEN WAVE PARK,,
04/06/2025,10:00,18759186,,GotSport,Soccer,U-10,BURLINGTON TOWNSHIP SOCCER THUNDER2015,MOORESTOWN SC DEVIL RAYS 2015,BURLINGTON TWP - PINEWALD AVE,,
04/06/2025,11:00,18770974,,GotSport,Soccer,U-14,NORTHERN BURLINGTON SA HOOLIGANS 2011,MOUNT LAUREL UNITED (MLU) WARRIORS 2011,NB- MANSFIELD TOWNSHIP ELEMENTARY SCHOOL,,
04/06/2025,11:00,18761441,,GotSport,Soccer,U-12,MONROE UNITED 2013,MARLTON SC CHIEFS ORANGE 2014,MONROE TWP - CORKERY LANE,,
04/06/2025,11:00,18815152,,GotSport,Soccer,U-11,SWEDESBORO WOOLWICH SOCCER ASSOC. SWSA LIGHTNING 2014,DEPTFORD SA UNITED 2014,SW-Locke Avenue Park,,
04/06/2025,11:00,18999204,,GotSport,Soccer,U-12,PENNSVILLE EAGLES 2013,HADDON HEIGHTS SC 2013 BEAST BOYS,PENNSVILLE,,
04/06/2025,11:00,18752619,,GotSport,Soccer,U-15,MAPLE SHADE BEST ELEVEN 2010,AUDUBON SOCCER YOUTH UNITED 2010,MAPLE SHADE - TURF FIELD,,
04/06/2025,11:00,18695961,,GotSport,Soccer,U-11,MAINLAND UNITED SA MUSTANGS RED 2014 B,HADDONFIELD SC RED 2014 B,MAINLAND - MEMORIAL PARK,,
04/06/2025,11:00,18687240,,GotSport,Soccer,U-12,VOORHEES COSMOS 2013,CHERRY HILL SC CHERRY HILL SC FORCE 2013,VOORHEES-Echelon Complex,,
04/06/2025,11:00,18769276,,GotSport,Soccer,U-13,HIGHLAND YOUTH SOCCER CLUB FORCE 2012,GATEWAY UNITED SOCCER CLUB GUSC STINGRAYS B2012,HIGHLAND - GLOUCESTER TWP PARK,,
04/06/2025,11:00,18685427,,GotSport,Soccer,U-19,WASHINGTON TWP SOCCER CLUB SPARTANS 2007,MAPLE SHADE AVENGERS 2007,WASHINGTON TWP-WASH LAKE PARK,,
04/06/2025,11:00,18683046,,GotSport,Soccer,U-19,BORDENTOWN FC 2006,HIGHLAND YOUTH SOCCER CLUB GALAXY 2008,BORDENTOWN - FRIENDSHIP FIELDS,,
04/06/2025,12:00,18802322,,GotSport,Soccer,U-9,DELRAN FC UNION 2016,MONROE UNITED 2016 BOYS,DELRAN-DEUTSCH FIELD,,
04/06/2025,12:00,18772750,,GotSport,Soccer,U-11,MARLTON SC CHIEFS BLACK 2014,HIGHLAND YOUTH SOCCER CLUB THUNDER 2014,MARLTON - MEMORIAL,,
04/06/2025,12:00,18700925,,GotSport,Soccer,U-9,PITTSGROVE SOCCER CLUB PSC PRIME BLACK '16,HARRISON LEGENDS 2016,PITTSGROVE-GREEN BRANCH,,
04/06/2025,12:00,18683047,,GotSport,Soccer,U-19,PALMYRA RIVERTON SC LEGACY 2006,GATEWAY UNITED SOCCER CLUB GUSC WARRIORS B2006,PAL-RIV - LEGION FIELD 11v11,,
04/06/2025,12:00,18761191,,GotSport,Soccer,U-8,SJ FUTBOL CLUB HAMMERS 2017,WASHINGTON TWP SOCCER CLUB REBELS 2017,SJFC - UPPER DEERFIELD RECREATION COMPLEX,,
04/06/2025,12:00,18754976,,GotSport,Soccer,U-13,FRANKLIN TOWNSHIP YOUTH SOCCER ASSOCIATION CRUSADERS 2012,PITTSGROVE SOCCER CLUB PSC REVOLUTION '13,FRANKLIN TWP YOUTH COMPLEX,,
04/06/2025,12:00,18819050,,GotSport,Soccer,U-14,HAMMONTON HEAT BOYS 2011,HADDONFIELD SC WHITE 2011,HAMMONTON - MOSS MILL RD PARK SOCCER COMPLEX,,
04/06/2025,12:00,18755450,,GotSport,Soccer,U-13,AUDUBON SOCCER YOUTH BALLERS 2012,NORTHERN BURLINGTON SA RANGERS 2012,BARRINGTON-WOODLAND SCHOOL,,
04/06/2025,12:00,18747964,,GotSport,Soccer,U-11,TBAA REVOLUTION 2014,HADDONFIELD SC BLACK 2014,TBAA-VALLEY BROOK,,
04/06/2025,12:00,18752618,,GotSport,Soccer,U-15,CHERRY HILL SC CHERRY HILL SC THUNDERBOLTS (2010-2011),EAST GREENWICH SA EGSA CHARGERS 2010,CHSC - CH WEST HS,,
04/06/2025,12:00,18822535,,GotSport,Soccer,U-9,CHERRY HILL FC 2016 JUNIOR BLACK,COLLINGSWOOD OAKLYN SOCCER CLUB SPARTANS 2016,CHFC - DeCOU,,
04/06/2025,12:00,18750898,,GotSport,Soccer,U-14,MEDFORD STRIKERS 2011 BOYS,CHERRY HILL FC 2011 STALLIONS,MEDFORD STRIKERS - ARK ROAD COMPLEX,,
04/06/2025,12:00,18783449,,GotSport,Soccer,U-8,HADDONFIELD SC REBELS 2017,HADDON TWP. RED HAWKS 2017,HADDONFIELD - CROWS WOODS,,
04/06/2025,12:00,18685466,,GotSport,Soccer,U-16,TAR-KILL SOCCER CLUB TARKILL BLUE DEVILS 2009,EAST GREENWICH SA EGSA THUNDER 2009,TARKILL-STERLING HS,,
04/06/2025,12:00,18793373,,GotSport,Soccer,U-12,MILLVILLE REBELS 2013,CINNAMINSON SC STRIKERS 2013,MILLVILLE SOCCER COMPLEX,,
04/06/2025,12:00,18683045,,GotSport,Soccer,U-19,BURLINGTON TOWNSHIP SOCCER BULLS 2007-2008,MAINLAND UNITED SA MUSTANGS 2009 B,BURLINGTON TWP - PINEWALD AVE,,
04/06/2025,12:00,18814503,,GotSport,Soccer,U-9,VOORHEES SA DESTROYERS 2016,SENECA UNITED SC RAPTORS 2016,VOORHEES-Echelon Complex,,
04/06/2025,12:00,18753515,,GotSport,Soccer,U-10,DEPTFORD SA LIGHTNING 2015,MOORESTOWN SC VIPERS 2015,DEPTFORD SC,,
04/06/2025,12:00,18685428,,GotSport,Soccer,U-19,MILLVILLE PHANTOMS 2007,SWEDESBORO WOOLWICH SOCCER ASSOC. SWSA SCORPIONS 2008,MILLVILLE SOCCER COMPLEX,,
04/06/2025,12:00,18760225,,GotSport,Soccer,U-8,WEST DEPTFORD SC DRAGONS 2017,AUDUBON BOYS 2017 TEAM 2,W DEPTFORD-WD PARK,,
04/06/2025,12:00,18814505,,GotSport,Soccer,U-9,EGG HARBOR SC EAGLES 2016 BLACK,MARLTON SC CHIEFS WHITE 2016,Egg Harbor Twp HS,,
04/06/2025,12:00,19024863,,GotSport,Soccer,U-16,MARLTON SC CHIEFS ORANGE 2009,SJ FUTBOL CLUB RAPIDS 2009,MARLTON - MEMORIAL,,
04/06/2025,12:00,18742810,,GotSport,Soccer,U-10,SWEDESBORO WOOLWICH SOCCER ASSOC. SWSA HONEY BADGERS 2015,WATERFORD ATHLETIC ASSN WINGS 2015,SW-Locke Avenue Park,,
04/06/2025,12:00,19024864,,GotSport,Soccer,U-16,WINSLOW VIPERS 2009,PENNSVILLE EAGLES 2010/2009,,,
04/06/2025,12:15,18999203,,GotSport,Soccer,U-12,MAINLAND UNITED SA MUSTANGS WHITE 2013-14 B,WASHINGTON TWP SOCCER CLUB RAPTORS 2013,MAINLAND - MEMORIAL PARK,,
04/06/2025,12:15,18822500,,GotSport,Soccer,U-11,PENNSVILLE EAGLES 2014,DELRAN FC HAWKS 2014,PENNSVILLE,,
04/06/2025,12:15,18821229,,GotSport,Soccer,U-11,VOORHEES SA VIKINGS 2014,EGG HARBOR SC EAGLES 2014,VOORHEES-Echelon Complex,,
04/06/2025,12:15,18685465,,GotSport,Soccer,U-16,DEPTFORD AVENGERS 2009,NORTHERN BURLINGTON SA BULLDOGS 2009,DEPTFORD SC,,
04/06/2025,12:30,18700822,,GotSport,Soccer,U-12,PITMAN SA TOMCATS 2013,MAPLE SHADE FORCE 2013,PITMAN-LAMBS ROAD,,
04/06/2025,12:30,18760728,,GotSport,Soccer,U-9,MOORESTOWN SC WARRIORS 2016,RANCOCAS VALLEY SC 2016 BOYS PREMIER,MOORESTOWN - MEMORIAL FIELDS,,
04/06/2025,12:30,18783510,,GotSport,Soccer,U-9,ATLANTIC UNITED PREMIER RED 2016/2017 B,VOORHEES SA TITANS 2016,ATLANTIC - TARTAGLIO,,
04/06/2025,12:30,18783299,,GotSport,Soccer,U-9,GATEWAY UNITED SOCCER CLUB GUSC THUNDER B2016,CAPE EXPRESS CE NOR'EASTERS 2016,GATEWAY UTD. - LANGSTON FIELD,,
04/06/2025,12:30,18720846,,GotSport,Soccer,U-13,CINNAMINSON SC CHARGE 2012,WINSLOW DYNAMO 2012,CINNAMINSON SC - MEMORIAL,,
04/06/2025,12:30,18753516,,GotSport,Soccer,U-10,WASHINGTON UNITED SOCCER CLUB WUSC 2015,HARRISON STRIKERS 2015,WASHINGTON TWP. - Levy Fields (Virtua),,
04/06/2025,12:30,18753948,,GotSport,Soccer,U-8,EAST GREENWICH SA EGSA UNITED 2017,CHERRY HILL SC DYNAMO (2017),E GREENWICH - THOMPSON FAMILY PARK,,
04/06/2025,12:30,18754813,,GotSport,Soccer,U-11,LOGAN CHARGE BLUE 2014,RANCOCAS VALLEY SC RVSC - '14 FOREST,LOGAN - TWP LINE,,
04/06/2025,12:30,18756994,,GotSport,Soccer,U-10,MEDFORD SC WHITE 2015,WINSLOW TITANS 2015,MEDFORD SC - Bob Meyer Memorial Park,,
04/06/2025,12:30,18783584,,GotSport,Soccer,U-15,SWEDESBORO WOOLWICH SOCCER ASSOC. SWSA BLACK MAMBAS 2011,VOORHEES SA WARRIORS 2010,SW-Locke Avenue Park,,
04/06/2025,12:30,18760729,,GotSport,Soccer,U-9,HARRISON HORNETS 2016,HADDON TWP RED HAWKS 2016,HARRISON - William Wilt Soccer Complex,,
04/06/2025,12:30,18793224,,GotSport,Soccer,U-11,HARRISON WAVE 2014,GATEWAY UNITED SOCCER CLUB GU GREYHOUNDS 2014,HARRISON - William Wilt Soccer Complex,,
04/06/2025,12:30,18760730,,GotSport,Soccer,U-9,HIGHLAND YOUTH SOCCER CLUB MAYHEM,MEDFORD SC COLUMBIA 2016,HIGHLAND - GLOUCESTER TWP PARK,,
04/06/2025,12:30,18685843,,GotSport,Soccer,U-14,MAINLAND UNITED SA MUSTANGS RED 2011 B,HARRISON SC THUNDER 2011,MAINLAND - MEMORIAL PARK,,
04/06/2025,12:30,18730857,,GotSport,Soccer,U-11,UPPER TOWNSHIP SA HURRICANES GREEN 2014,TBAA REVOLUTION 2015,UPPER TWP-Amanda's Field Complex,,
04/06/2025,12:30,18792482,,GotSport,Soccer,U-8,HADDON TWP. WHITE HAWKS 2017,BURLINGTON TOWNSHIP SOCCER FIRE 2017,,,
04/06/2025,12:30,18720602,,GotSport,Soccer,U-9,CINNAMINSON SC LIGHTNING 2016,MOUNT LAUREL UNITED (MLU) REVOLUTION 2016,CINNAMINSON SC - MEMORIAL,,
04/06/2025,12:30,18770975,,GotSport,Soccer,U-14,MEDFORD SC COLUMBIA 2011,PEMBERTON SC PUNISHERS 2011,MEDFORD - BENDE PARK,,
04/06/2025,12:30,18822501,,GotSport,Soccer,U-11,MEDFORD SC GOLD 2014,HADDON TWP WHITE HAWKS 2014,MEDFORD - BENDE PARK,,
04/06/2025,12:30,18759187,,GotSport,Soccer,U-10,MONROE TOWNSHIP YS 2015 UNITED BLUE,HADDONFIELD SC BLACK 2015 B,MONROE TWP - CORKERY LANE,,
04/06/2025,12:30,18761439,,GotSport,Soccer,U-12,EGG HARBOR SC EAGLES WHITE 2013,CAPE EXPRESS AVENGERS 2013,Egg Harbor Twp HS,,
04/06/2025,12:30,18696060,,GotSport,Soccer,U-9,PENNS GROVE SC DRAGONS 2016,BARRINGTON SC STORM 2016,PG-CP-PED- Carney's Point Rec Center,,
04/06/2025,12:30,18742811,,GotSport,Soccer,U-10,EDGEWATER PARK ATHLETIC ASSOCIATION EP WARRIORS 2015,MANTUA VIPERS 2015-2016,,,
04/06/2025,12:30,18753932,,GotSport,Soccer,U-8,MEDFORD SC 2017B NAVY (RENEGADES),MONROE TOWNSHIP YS 2017 MONROE UNITED,MEDFORD - BENDE PARK,,
04/06/2025,12:30,18793237,,GotSport,Soccer,U-11,WOODSTOWN WOLFPACK 2014,PITTSGROVE SOCCER CLUB PSC MAVERICKS '14,WOODSTOWN,,
04/06/2025,12:30,18783509,,GotSport,Soccer,U-9,UPPER TOWNSHIP SA THUNDER 2016,LOGAN APOLLO 2016,UPPER TWP-Amanda's Field Complex,,
04/06/2025,12:30,18763785,,GotSport,Soccer,U-13,HIGHLAND YOUTH SOCCER CLUB MUSTANGS 2012,WEST DEPTFORD SC WARRIORS 2013,HIGHLAND - GLOUCESTER TWP PARK,,
04/06/2025,12:30,18685844,,GotSport,Soccer,U-14,PITTSGROVE SOCCER CLUB PSC WOLVES '11,CHERRY HILL SC CHAOS 2011,PITTSGROVE-GREEN BRANCH,,
04/06/2025,12:30,18755575,,GotSport,Soccer,U-10,MOUNT LAUREL UNITED (MLU) KNIGHTS 2015 BOYS,AUDUBON SOCCER YOUTH BOYS 2015 - HAMMERS,MLU-MARNE HWY,,
04/06/2025,12:30,18750883,,GotSport,Soccer,U-14,HADDONFIELD SC RED 2011,BORDENTOWN FC RENEGADES 2011,HADDONFIELD - CROWS WOODS,,
04/06/2025,12:30,18762681,,GotSport,Soccer,U-8,PITMAN SA PANTHERS 2017,HARRISON HURRICANES 2017,PITMAN - Dell,,
04/06/2025,12:30,18763786,,GotSport,Soccer,U-13,NORTHERN BURLINGTON CELTIC 2012,HADDONFIELD SC BLACK 2012,NB- MANSFIELD TOWNSHIP ELEMENTARY SCHOOL,,
04/06/2025,12:30,18815464,,GotSport,Soccer,U-14,MOORESTOWN SC BLACK KNIGHTS 2011,WINSLOW WILDCATS 2011,MOORESTOWN - MEMORIAL FIELDS,,
04/06/2025,12:30,18755367,,GotSport,Soccer,U-11,MOUNT LAUREL UNITED (MLU) COBRAS 2014,HADDON TWP WHITE HAWKS 2015,MLU-TROTTERS,,
04/06/2025,12:30,18747962,,GotSport,Soccer,U-11,CHERRY HILL SC CHERRY HILL SC WHITE (2014),WATERFORD ATHLETIC ASSN WINGS 2014,CHSC - UPPER CHAPEL TURF,,
04/06/2025,12:30,18815463,,GotSport,Soccer,U-14,VINELAND SA STRIKERS 2011,DELRAN FC BLAST 2011,VINELAND SA,,
04/06/2025,12:30,18772751,,GotSport,Soccer,U-11,WEST DEPTFORD SC EAGLES 2014,LOGAN CHARGE BLACK 2014,W DEPTFORD-WD PARK,,
04/06/2025,12:30,18720847,,GotSport,Soccer,U-13,RANCOCAS VALLEY SC 2012 BOYS AVENGERS,TAR-KILL SOCCER CLUB TARKILL LIVERPOOL 2012,Rancocas Valley-LUMBERTON MUNICIPAL,,
04/06/2025,12:30,18700823,,GotSport,Soccer,U-12,MOORESTOWN SC DRAGONS 2013,HADDONFIELD SC WHITE 2013,MOORESTOWN - SALEM RD/PRYOR PARK,,
04/06/2025,12:30,18821228,,GotSport,Soccer,U-11,CINNAMINSON SC AVENGERS 2014,WASHINGTON TWP SOCCER CLUB WARRIORS 2014,CINNAMINSON SC - MEMORIAL,,
04/06/2025,12:30,18792483,,GotSport,Soccer,U-8,HADDON HEIGHTS SC 2017 HAVOC,MOUNT LAUREL UNITED (MLU) EAGLES 2017,HADD HGTS - DEVON,,
04/06/2025,12:30,18758208,,GotSport,Soccer,U-14,CAPE EXPRESS SURGE 2011,PENNSAUKEN YOUTH SOCCER CLUB WARRIORS 2011,CAPE EX SOCCER COMPLEX At Ockie Wisting,,
04/06/2025,12:30,18696006,,GotSport,Soccer,U-12,VINELAND TERMINATORS 2013,WASHINGTON TWP SOCCER CLUB DAREDEVILS 2013,VINELAND SA,,
04/06/2025,12:30,18815524,,GotSport,Soccer,U-13,VOORHEES SA PREDATORS 2013,MARLTON SC CHIEFS WHITE 2012,VOORHEES-EASTERN HS,,
04/06/2025,12:30,18815508,,GotSport,Soccer,U-13,ATLANTIC UNITED PREMIER KICKERS 2013 B,BURLINGTON TOWNSHIP SOCCER DRAGONS 2012,ATLANTIC - TARTAGLIO,,
04/06/2025,12:40,18734126,,GotSport,Soccer,U-14,BORDENTOWN FC JAGUARS 2011,TBAA TITANS 2011,BORDENTOWN - FRIENDSHIP FIELDS,,
04/06/2025,12:40,18685376,,GotSport,Soccer,U-15,WASHINGTON TWP SOCCER CLUB RENEGADES 2010,MOUNT LAUREL UNITED (MLU) FORCE 2010,WASHINGTON TWP-WASH LAKE PARK,,
04/06/2025,13:00,18793464,,GotSport,Soccer,U-9,MAPLE SHADE SHARKS 2016,WASHINGTON TWP SOCCER CLUB THUNDER 2016,MAPLE SHADE - TURF FIELD,,
04/06/2025,13:15,18772721,,GotSport,Soccer,U-10,DEPTFORD SA THUNDER 2015,MOORESTOWN SC HORNETS 2015,DEPTFORD SC,,
04/06/2025,13:15,18735668,,GotSport,Soccer,U-8,SWEDESBORO WOOLWICH SOCCER ASSOC. SWSA PANTHERS 2017,AUDUBON CROSSFIRE,SW-Locke Avenue Park,,
04/06/2025,13:15,18821227,,GotSport,Soccer,U-11,DELRAN FC COBRAS 2015,COLLINGSWOOD OAKLYN SOCCER CLUB OUTLAWS 2014,DELRAN-DEUTSCH FIELD,,
04/06/2025,13:15,18783300,,GotSport,Soccer,U-9,TBAA KNIGHTS 2016,SWEDESBORO WOOLWICH SOCCER ASSOC. SWSA HAVOC 2016,TBAA-VALLEY BROOK,,
04/06/2025,13:15,18783434,,GotSport,Soccer,U-8,CHERRY HILL FC 2017 JUNIOR BLACK,CHERRY HILL SC CHERRY HILL SC COBRAS 2017,CHFC - DeCOU,,
04/06/2025,13:15,18791896,,GotSport,Soccer,U-10,VOORHEES SA PYTHONS 2015,CINNAMINSON SC BANDITS 2015,VOORHEES-Echelon Complex,,
04/06/2025,13:15,18791895,,GotSport,Soccer,U-10,MILLVILLE WARRIORS 2015,MARLTON SC CHIEFS WHITE 2015,MILLVILLE SOCCER COMPLEX,,
04/06/2025,13:15,18695962,,GotSport,Soccer,U-11,MARLTON SC CHIEFS WHITE 2014,PENNSAUKEN YOUTH SOCCER CLUB AVENGERS 2014,MARLTON - MEMORIAL,,
04/06/2025,13:15,18770611,,GotSport,Soccer,U-10,HADDONFIELD SC WHITE 2015 B,HARRISON BLUE ARSENAL 2015,HADDONFIELD - CROWS WOODS,,
04/06/2025,13:15,18761440,,GotSport,Soccer,U-12,SJ FUTBOL CLUB FLYERS 2014,MOUNT LAUREL UNITED (MLU) LIGHTNING 2014,SJFC - UPPER DEERFIELD RECREATION COMPLEX,,
04/06/2025,13:15,18802324,,GotSport,Soccer,U-9,EGG HARBOR SC EAGLES 2016 WHITE,EAST GREENWICH SA EGSA CHAOS 2016,Egg Harbor Twp HS,,
04/06/2025,13:15,18735667,,GotSport,Soccer,U-8,PITTSGROVE SOCCER CLUB PSC PREDATORS ‘17,TBAA REVOLUTION 2017,PITTSGROVE-GREEN BRANCH,,
04/06/2025,13:15,18772005,,GotSport,Soccer,U-10,WEST DEPTFORD SC ANIMALS 2015,UPPER TOWNSHIP SA COMETS GREEN 2015,W DEPTFORD-WD PARK,,
04/06/2025,13:30,18770596,,GotSport,Soccer,U-10,PENNSVILLE EAGLES GOLD 2015,BURLINGTON TOWNSHIP SOCCER PHOENIX 2015,PENNSVILLE,,
04/06/2025,13:30,18756992,,GotSport,Soccer,U-10,MEDFORD STRIKERS 2015 BOYS,RANCOCAS VALLEY SC 2015 BOYS STEALTH,MEDFORD STRIKERS - ARK ROAD COMPLEX,,
04/06/2025,13:30,18772004,,GotSport,Soccer,U-10,MAINLAND UNITED SA MUSTANGS BLACK 2015 B,HIGHLAND YOUTH SOCCER CLUB LIGHTNING 2015,MAINLAND - MEMORIAL PARK,,
04/06/2025,13:30,18754815,,GotSport,Soccer,U-11,FRANKLIN TOWNSHIP YOUTH SOCCER ASSOCIATION KNIGHTS 2014,EAST GREENWICH SA EGSA EAGLES 2014,FRANKLIN TWP YOUTH COMPLEX,,
04/06/2025,13:30,18762680,,GotSport,Soccer,U-8,HAMMONTON HEAT BOYS 2017,MOORESTOWN SC PYTHONS 2017,HAMMONTON - MOSS MILL RD PARK SOCCER COMPLEX,,
04/06/2025,13:30,18815167,,GotSport,Soccer,U-11,VOORHEES SA LIGHTNING 2014,SENECA UNITED SC THUNDER 2014,VOORHEES-Echelon Complex,,
04/06/2025,13:40,19024865,,GotSport,Soccer,U-16,BURLINGTON TOWNSHIP SOCCER FUSION 2009,TBAA STORM 2009,BURLINGTON TWP - PINEWALD AVE,,
04/06/2025,13:45,18820578,,GotSport,Soccer,U-13,WINSLOW GREEN DRAGONS 2012,PITMAN SA JAGUARS 2012,,,
04/06/2025,13:45,18818845,,GotSport,Soccer,U-15,MILLVILLE VENOM 2010,WINSLOW SLAYERS 2010,MILLVILLE SOCCER COMPLEX,,
04/06/2025,13:45,18754975,,GotSport,Soccer,U-13,MARLTON SC CHIEFS BLACK 2012,NORTHERN BURLINGTON SA BLUES 2013,MARLTON - MEMORIAL,,
04/06/2025,13:45,18820576,,GotSport,Soccer,U-13,TAR-KILL SOCCER CLUB TARKILL BARCELONA 2012,SENECA UNITED SC PRIDE 2012,TARKILL-STERLING HS,,
04/06/2025,13:45,18818846,,GotSport,Soccer,U-15,PALMYRA RIVERTON SC UNION 2010,MARLTON SC CHIEFS WHITE 2010,PAL-RIV - LEGION FIELD 11v11,,
04/06/2025,13:45,18754977,,GotSport,Soccer,U-13,CHERRY HILL SC CHERRY HILL SC COBRAS 2012,MEDFORD SC DESTROYERS 2012,CHSC - CH WEST HS,,
04/06/2025,14:00,18763787,,GotSport,Soccer,U-13,EDGEWATER PARK ATHLETIC ASSOCIATION EP UNITED 2012,PENNSAUKEN YOUTH SOCCER CLUB TITANS 2012,,,
04/06/2025,14:00,18743095,,GotSport,Soccer,U-12,HADDONFIELD SC RED 2013,MANTUA TOWNSHIP SA MTSA ELITE 2014,HADDONFIELD - CROWS WOODS,,
04/06/2025,14:00,18758652,,GotSport,Soccer,U-8,UPPER TOWNSHIP SA FLASH 2017,EGG HARBOR SC EAGLES 2017,UPPER TWP-Amanda's Field Complex,,
04/06/2025,14:00,18701100,,GotSport,Soccer,U-11,CINNAMINSON SC CHARGERS 2014,UPPER TOWNSHIP SA HURRICANES WHITE 2014,CINNAMINSON SC - MEMORIAL,,
04/06/2025,14:00,18755544,,GotSport,Soccer,U-11,HADDON HEIGHTS SC 2014 MIGHTY TITANS,MANTUA TOWNSHIP SA OUTLAWS 2014,HADD HGTS - DEVON,,
04/06/2025,14:00,18815507,,GotSport,Soccer,U-13,VINELAND SA FURY 2012,UPPER TOWNSHIP SA FORCE GREEN 2012,VINELAND SA,,
04/06/2025,14:00,18695879,,GotSport,Soccer,U-14,PENNS GROVE SC RAGE 2011,CHERRY HILL FC 2011/2012 COBRAS,PG-CP-PED- Carney's Point Rec Center,,
04/06/2025,14:00,18815462,,GotSport,Soccer,U-14,VOORHEES SA BLUES 2011,MONROE TOWNSHIP YS UNITED BOYS 2011 BLUE,VOORHEES-EASTERN HS,,
04/06/2025,14:00,18700927,,GotSport,Soccer,U-9,MOUNT LAUREL UNITED (MLU) GLADIATORS 2016,MARLTON SC CHIEFS ORANGE 2016,MLU-MARNE HWY,,
04/06/2025,14:00,18802323,,GotSport,Soccer,U-9,CHERRY HILL SC CHERRY HILL SC THUNDER (2016),WASHINGTON UNITED SOCCER CLUB WUSC 2016,CHSC - UPPER CHAPEL TURF,,
04/06/2025,14:00,18701101,,GotSport,Soccer,U-11,ATLANTIC UNITED PREMIER KICKERS 2014 B,FRANKLIN TOWNSHIP YOUTH SOCCER ASSOCIATION STORM 2014,ATLANTIC - TARTAGLIO,,
04/06/2025,14:00,18752464,,GotSport,Soccer,U-9,MOORESTOWN SC DRAGONS 2016,RANCOCAS VALLEY SC 2016 BOYS UNITED,MOORESTOWN - MEMORIAL FIELDS,,
04/06/2025,14:00,18700896,,GotSport,Soccer,U-9,MEDFORD SC GOLD 2016,CHERRY HILL SC CHERRY HILL SC 72S 2016,MEDFORD SC - Bob Meyer Memorial Park,,
04/06/2025,14:00,18752466,,GotSport,Soccer,U-9,HIGHLAND YOUTH SOCCER CLUB HAVOK 2016,HADDONFIELD SC WHITE 2016,HIGHLAND - GLOUCESTER TWP PARK,,
04/06/2025,14:00,18822537,,GotSport,Soccer,U-9,CINNAMINSON SC TITANS 2016,TAR-KILL SOCCER CLUB TARKILL 2016 BOYS,CINNAMINSON SC - MEMORIAL,,
04/06/2025,14:00,18753947,,GotSport,Soccer,U-8,WASHINGTON UNITED SOCCER CLUB WUSC 2017,HARRISON UNITED 2017,WASHINGTON TWP. - Levy Fields (Virtua),,
04/06/2025,14:00,18815494,,GotSport,Soccer,U-14,CINNAMINSON SC STORM 2011,WOODBURY SOCCER CLUB WOODBURY ARMORY 2011,CINNAMINSON SC - MEMORIAL,,
04/06/2025,14:00,18770973,,GotSport,Soccer,U-14,HARRISON SC ARSENAL 2011,GATEWAY UNITED SOCCER CLUB GUSC WILDCATS B2011,HARRISON - William Wilt Soccer Complex,,
04/06/2025,14:00,18762652,,GotSport,Soccer,U-10,ATLANTIC UNITED PREMIER FIRE 2015 B,MANTUA TOWNSHIP SA FROGS 2015,ATLANTIC - TARTAGLIO,,
04/06/2025,14:00,18783508,,GotSport,Soccer,U-9,GATEWAY UNITED SOCCER CLUB GUSC GATORS B2016/2017,MONROE UNITED 2016 BLUE,GATEWAY UTD. - LANGSTON FIELD,,
04/06/2025,14:00,18687239,,GotSport,Soccer,U-12,HIGHLAND YOUTH SOCCER CLUB CHAOS 2013,EAST GREENWICH SA EGSA PANTHERS 2013,HIGHLAND - GLOUCESTER TWP PARK,,
04/06/2025,14:00,18762619,,GotSport,Soccer,U-10,PITMAN SA WILDCATS 2015,LOGAN ARMADA BLUE 2015,PITMAN - Dell,,
04/06/2025,14:00,18685842,,GotSport,Soccer,U-14,DEPTFORD SA TORNADOES 2011,MOUNT LAUREL UNITED (MLU) FLASH 2011,DEPTFORD SC,,
04/06/2025,14:00,18756957,,GotSport,Soccer,U-12,CAPE EXPRESS CE 2014 UNION,PENNSAUKEN YOUTH SOCCER CLUB REBELS 2013,CAPE EX SOCCER COMPLEX At Ockie Wisting,,
04/06/2025,14:00,18756956,,GotSport,Soccer,U-12,VINELAND SA UNITED 2013,MOORESTOWN SC GOLDEN EAGLES 2013,VINELAND SA,,
04/06/2025,14:00,18747965,,GotSport,Soccer,U-11,MOORESTOWN SC WOLVERINES 2014,TAR-KILL SOCCER CLUB TARKILL 2015 BLUE,MOORESTOWN - SALEM RD/PRYOR PARK,,
04/06/2025,14:00,18793405,,GotSport,Soccer,U-10,HADDON TWP RED HAWKS 2015,UPPER TOWNSHIP SA SUPER SONICS 2015,,,
04/06/2025,14:00,18814248,,GotSport,Soccer,U-13,CHERRY HILL FC 2012 JUNIORS BLACK,CAPE EXPRESS WHITE CAPS 2012,CHFC - DeCOU,,
04/06/2025,14:00,18819051,,GotSport,Soccer,U-14,MOORESTOWN SC LIGHTNING 2011,WASHINGTON TWP SOCCER CLUB CHAOS 11/12,MOORESTOWN - MEMORIAL FIELDS,,
04/06/2025,14:00,18695877,,GotSport,Soccer,U-14,EGG HARBOR SC EAGLES 2011/2012 BLACK,RANCOCAS VALLEY SC BOYS 2011 UNITED,Egg Harbor Twp HS,,
04/06/2025,14:00,18755545,,GotSport,Soccer,U-11,MEDFORD SC CAROLINA 2014,AUDUBON ATTACK - BOYS 2014,MEDFORD - BENDE PARK,,
04/06/2025,14:00,18999205,,GotSport,Soccer,U-12,MOUNT LAUREL UNITED (MLU) GALAXY 2013,MOORESTOWN SC THUNDER 2013,MLU-TROTTERS,,
04/06/2025,14:00,18793238,,GotSport,Soccer,U-11,BURLINGTON TOWNSHIP SOCCER DYNAMITE 2014,NORTHERN BURLINGTON JACKALS 2015,BURLINGTON TWP - PINEWALD AVE,,
04/06/2025,14:00,18701099,,GotSport,Soccer,U-11,PITTSGROVE SOCCER CLUB PSC PHANTOMS '14,CAPE EXPRESS CE ENGINEERS 2014,PITTSGROVE-GREEN BRANCH,,
04/06/2025,14:00,18772749,,GotSport,Soccer,U-11,PITMAN SA BENGALS 2014,EAST GREENWICH SA EGSA STARS 2014,PITMAN-LAMBS ROAD,,
04/06/2025,14:00,18783568,,GotSport,Soccer,U-13,WEST DEPTFORD SC UNION 2012,HADDON TWP WHITE HAWKS 2012,W DEPTFORD-WD PARK,,
04/06/2025,14:00,18755514,,GotSport,Soccer,U-12,AUDUBON SOCCER YOUTH WILD WINGS 2013,MEDFORD SC MAYHEM 2013,AUDUBON PARK FIELD,,
04/06/2025,14:00,18734125,,GotSport,Soccer,U-14,MONROE TOWNSHIP YS UNITED WHITE 2011,LOGAN BLAZE 2011,MONROE TWP - CORKERY LANE,,
04/06/2025,14:00,18734127,,GotSport,Soccer,U-14,MEDFORD SC RENEGADES 2011,SWEDESBORO WOOLWICH SOCCER ASSOC. SWSA RED FLAMES 2011,MEDFORD - BENDE PARK,,
04/06/2025,14:00,18696058,,GotSport,Soccer,U-9,EAST GREENWICH SA EGSA LIONS 2016,CINNAMINSON SC CHAOS 2016,E GREENWICH - THOMPSON FAMILY PARK,,
04/06/2025,14:00,18793372,,GotSport,Soccer,U-12,WOODSTOWN WOLVERINES 2013,COLLINGSWOOD OAKLYN SOCCER CLUB TITANS 2013,WOODSTOWN,,
04/06/2025,14:00,18760226,,GotSport,Soccer,U-8,LOGAN BOOM 2017,DELRAN FC RAPTORS 2017,LOGAN - TWP LINE,,
04/06/2025,14:00,18822565,,GotSport,Soccer,U-9,HARRISON HURRICANES 2016,COLLINGSWOOD OAKLYN SOCCER CLUB WARRIORS 2016,HARRISON - William Wilt Soccer Complex,,
04/06/2025,14:00,18783435,,GotSport,Soccer,U-8,MEDFORD SC 2017B WHITE (LIGHTNING),BORDENTOWN FC REVOLUTION 2017,MEDFORD - BENDE PARK,,
04/06/2025,14:00,18758207,,GotSport,Soccer,U-14,UPPER TOWNSHIP SA TSUNAMIS 2011,CHERRY HILL FC 2011 AVENGERS,UPPER TWP-Amanda's Field Complex,,
04/06/2025,14:00,18783594,,GotSport,Soccer,U-15,HIGHLAND YOUTH SOCCER CLUB RAPTORS 2010,HARRISON SC STORM 2010,HIGHLAND - GLOUCESTER TWP PARK,,
04/06/2025,14:00,18720845,,GotSport,Soccer,U-13,PITTSGROVE SOCCER CLUB PSC WARRIORS '12,HARRISON SC STRIKERS 2012,PITTSGROVE-GREEN BRANCH,,
04/06/2025,14:00,18762636,,GotSport,Soccer,U-10,PALMYRA RIVERTON SC NATIONALS 2015,PENNSAUKEN YOUTH SOCCER CLUB LIONS 2015,PAL-RIV CHARLES STREET SCHOOL Spring Season,,
04/06/2025,14:00,18769278,,GotSport,Soccer,U-13,MAINLAND UNITED SA MUSTANGS RED 2012 B,LOGAN FORCE 2012,MAINLAND - MEMORIAL PARK,,
04/06/2025,14:00,18994510,,GotSport,Soccer,U-11,CHERRY HILL SC CHERRY HILL SC UNITED 2014,DEPTFORD PREMIER FC '15 BOYS FUSION,CHSC - UPPER CHAPEL TURF,,
04/06/2025,14:15,18771390,,GotSport,Soccer,U-10,NORTHERN BURLINGTON STORM 2015,MOUNT LAUREL UNITED (MLU) SHARKS 2015,NB- MANSFIELD TOWNSHIP ELEMENTARY SCHOOL,,
04/06/2025,14:15,18747963,,GotSport,Soccer,U-11,BORDENTOWN FC UNION 2014,HARRISON STRIKERS 2014,BORDENTOWN - FRIENDSHIP FIELDS,,
04/06/2025,14:15,18754978,,GotSport,Soccer,U-13,SWEDESBORO WOOLWICH SOCCER ASSOC. SWSA CYCLONES 2012/2013,CINNAMINSON SC SKULLS 2012,SW-Locke Avenue Park,,
04/06/2025,14:20,18815493,,GotSport,Soccer,U-14,WASHINGTON TWP SOCCER CLUB REGULATORS 2011,DELRAN FC FLASH 2011,WASHINGTON TWP-WASH LAKE PARK,,
04/06/2025,14:30,18761192,,GotSport,Soccer,U-8,VOORHEES SA BLUE DEVILS 2017,CINNAMINSON SC RED 2017,VOORHEES-Echelon Complex,,
04/06/2025,14:30,18720587,,GotSport,Soccer,U-9,DELRAN FC SOCCER SHARKS 2016,MAINLAND UNITED SA MUSTANGS RED 2016 B,DELRAN-DEUTSCH FIELD,,
04/06/2025,14:30,18748984,,GotSport,Soccer,U-8,MAPLE SHADE CHAOS 2017,PALMYRA RIVERTON SC RIPPERS 2017,MAPLE SHADE - TURF FIELD,,
04/06/2025,14:30,18771375,,GotSport,Soccer,U-10,CHERRY HILL FC 2015 JUNIOR WHITE,AUDUBON BOYS 2015,CHFC - DeCOU,,
04/06/2025,14:30,18771391,,GotSport,Soccer,U-10,EGG HARBOR SC EAGLES 2015 BLACK,WOODBURY BOLTS,Egg Harbor Twp HS,,
04/06/2025,14:30,18822567,,GotSport,Soccer,U-9,WEST DEPTFORD SC TSUNAMI 2016,PALMYRA RIVERTON SC LEGENDARY 2016,W DEPTFORD-WD PARK,,
04/06/2025,14:30,18758651,,GotSport,Soccer,U-8,PITTSGROVE SOCCER CLUB PSC RAPTORS ‘17,MAINLAND UNITED SA MUSTANGS RED 2017 B,PITTSGROVE-GREEN BRANCH,,
04/06/2025,14:30,18760223,,GotSport,Soccer,U-8,SWEDESBORO WOOLWICH SOCCER ASSOC. SWSA FIREBALLS 2017,MOORESTOWN SC HAWKS 2017,SW-Locke Avenue Park,,
04/06/2025,14:30,18752620,,GotSport,Soccer,U-15,TBAA DYNAMO 2010,FRANKLIN TOWNSHIP YOUTH SOCCER ASSOCIATION STORM 2010,TBAA-VALLEY BROOK,,
04/06/2025,14:30,18793404,,GotSport,Soccer,U-10,MILLVILLE PREDATORS 2015,BERLIN SOCCER CLUB BERSERKERS 2015,MILLVILLE SOCCER COMPLEX,,
04/06/2025,14:30,18822502,,GotSport,Soccer,U-11,MARLTON SC CHIEFS SILVER 2014,PALMYRA RIVERTON SC TORNADOES 2014,MARLTON - MEMORIAL,,
04/06/2025,14:30,18762620,,GotSport,Soccer,U-10,DEPTFORD SA CYCLONES 2015,WEST DEPTFORD SC COBRAS 2015,DEPTFORD SC,,
04/06/2025,14:30,18687254,,GotSport,Soccer,U-12,SJ FUTBOL CLUB SOUNDERS 2013,MAINLAND UNITED SA MUSTANGS RED 2013 B,SJFC - UPPER DEERFIELD RECREATION COMPLEX,,
04/06/2025,14:30,18755574,,GotSport,Soccer,U-10,HADDONFIELD SC RED 2015 B,EAST GREENWICH SA EGSA BLACK KNIGHTS 2015,HADDONFIELD - CROWS WOODS,,
04/06/2025,14:45,18821154,,GotSport,Soccer,U-12,VOORHEES SA RAPTORS 2013,DEPTFORD SA TORNADOES 2013,VOORHEES-Echelon Complex,,
04/06/2025,14:45,18742809,,GotSport,Soccer,U-10,MAINLAND UNITED SA MUSTANGS WHITE 2015-16 B,COHANSEY SC DYNAMO 2015,MAINLAND - MEMORIAL PARK,,
04/06/2025,14:45,18762604,,GotSport,Soccer,U-10,PENNSVILLE EAGLES BLUE 2015,CLAYTON SA CLIPPERS 2015,PENNSVILLE,,
04/06/2025,14:45,18755543,,GotSport,Soccer,U-11,HAMMONTON HEAT BOYS 2014,CHERRY HILL SC CHERRY HILL SC FORCE 2014,HAMMONTON - MOSS MILL RD PARK SOCCER COMPLEX,,
04/06/2025,14:45,18756955,,GotSport,Soccer,U-12,MEDFORD STRIKERS 2013 BOYS,CINNAMINSON SC THUNDERBIRDS 2013,MEDFORD STRIKERS - ARK ROAD COMPLEX,,
04/06/2025,14:45,18821156,,GotSport,Soccer,U-12,FRANKLIN TOWNSHIP YOUTH SOCCER ASSOCIATION ENFORCERS 2013,EAST GREENWICH SA EGSA DYNAMO 2013,FRANKLIN TWP YOUTH COMPLEX,,
04/06/2025,15:20,18818844,,GotSport,Soccer,U-15,WOODSTOWN WOLVERINES 2010,ATLANTIC UNITED PREMIER STRIKERS 2010/11 B,WOODSTOWN,,
04/06/2025,15:20,18685467,,GotSport,Soccer,U-16,BURLINGTON TOWNSHIP SOCCER CELTIC 2010,HIGHLAND YOUTH SOCCER CLUB BOYS 2009,BURLINGTON TWP - PINEWALD AVE,,
04/06/2025,15:30,18792480,,GotSport,Soccer,U-8,GATEWAY UNITED SOCCER CLUB GU GATORS B2017,NORTHERN BURLINGTON FORCE 2017,GATEWAY UTD. - LANGSTON FIELD,,
04/06/2025,15:30,18687269,,GotSport,Soccer,U-12,MARLTON SC CHIEFS WHITE 2013,MEDFORD SC BLUE DEVILS 2013,MARLTON - MEMORIAL,,
04/06/2025,15:30,18783570,,GotSport,Soccer,U-13,PALMYRA RIVERTON SC YOUNGBLOODS 2013,DELRAN FC SOCCER GREY 2013B,PAL-RIV - LEGION FIELD 11v11,,
04/06/2025,15:30,18783569,,GotSport,Soccer,U-13,HARRISON WILDCATS 2012,LOGAN FUSION 2012,HARRISON - William Wilt Soccer Complex,,
04/06/2025,15:30,18822566,,GotSport,Soccer,U-9,UPPER TOWNSHIP SA BREAKERS 2016,HADDON HEIGHTS SC 2016 RUCKUS,UPPER TWP-Amanda's Field Complex,,
04/06/2025,15:30,18743094,,GotSport,Soccer,U-12,HADDON HEIGHTS SC 2013 YOUNG BOYS,HARRISON SC LIGHTNING 2013,HADD HGTS - DEVON,,
04/06/2025,15:30,18752617,,GotSport,Soccer,U-15,CINNAMINSON SC PIRATES 2010,HADDONFIELD SC WHITE 2010,CINNAMINSON SC - MEMORIAL,,
04/06/2025,15:30,18743093,,GotSport,Soccer,U-12,HIGHLAND YOUTH SOCCER CLUB FURY 2013,MONROE TOWNSHIP YS UNITED BOYS 2013 BLUE,HIGHLAND - GLOUCESTER TWP PARK,,
04/06/2025,15:30,18822520,,GotSport,Soccer,U-9,LOGAN SUPERNOVA 2016,FRANKLIN TOWNSHIP YOUTH SOCCER ASSOCIATION UNITED 2016,LOGAN - TWP LINE,,
04/06/2025,15:30,18754814,,GotSport,Soccer,U-11,HAMILTON ELITE FC PREMIER 2015B,WEST DEPTFORD SC AVALANCHE 2014,HAMILTON ELITE FC - HICKORY FIELDS,,
04/06/2025,15:30,18999202,,GotSport,Soccer,U-12,WINSLOW SHARKS,BERLIN SOCCER CLUB BULLDOGS 2013,,,
04/06/2025,15:30,18821155,,GotSport,Soccer,U-12,UPPER TOWNSHIP SA CYCLONES 2013,MOORESTOWN SC RAPTORS 2013,UPPER TWP-Amanda's Field Complex,,
04/06/2025,15:30,18755369,,GotSport,Soccer,U-11,MOORESTOWN SC GUARDIANS 2014,MONROE TOWNSHIP YS UNITED BOYS 2014 BLUE,MOORESTOWN - SALEM RD/PRYOR PARK,,
04/06/2025,15:30,18755515,,GotSport,Soccer,U-12,PITTSGROVE SOCCER CLUB PSC PYTHONS '13,EGG HARBOR SC EAGLES 2013 BLACK,PITTSGROVE-GREEN BRANCH,,
04/06/2025,15:30,18820577,,GotSport,Soccer,U-13,MILLVILLE LYNX 2012,BERLIN SOCCER CLUB BALL BREAKERS 2012,MILLVILLE SOCCER COMPLEX,,
04/06/2025,15:30,18730859,,GotSport,Soccer,U-11,MEDFORD SC AVENGERS 2014,TAR-KILL SOCCER CLUB TARKILL CHELSEA 2014,MEDFORD - BENDE PARK,,
04/06/2025,15:30,18820575,,GotSport,Soccer,U-13,CHERRY HILL SC ROYALS 2012,COLLINGSWOOD OAKLYN SOCCER CLUB KNIGHTS 2012,CHSC - CH WEST HS,,
04/06/2025,15:30,18756993,,GotSport,Soccer,U-10,VINELAND AVENGERS 2015,HADDON HEIGHTS SC 2015 CHEETAHS,VINELAND SA,,
04/06/2025,15:30,18758206,,GotSport,Soccer,U-14,VOORHEES SA ATTACK 2011,CINNAMINSON SC VIPERS 2011,VOORHEES-EASTERN HS,,
04/06/2025,15:30,18750900,,GotSport,Soccer,U-14,EGG HARBOR SC EAGLES BLACK 2011,MANTUA TOWNSHIP SA UNION 2011,Egg Harbor Twp HS,,
04/06/2025,15:30,18758653,,GotSport,Soccer,U-8,CAPE EXPRESS CE 2017 BARCA,HADDONFIELD SC THUNDER 2017,CAPE EX SOCCER COMPLEX At Ockie Wisting,,
04/06/2025,15:30,18720603,,GotSport,Soccer,U-9,ATLANTIC UNITED PREMIER BLACK 2016 B,HADDONFIELD SC RED 2016,ATLANTIC - TARTAGLIO,,
04/06/2025,15:30,18815478,,GotSport,Soccer,U-14,WEST DEPTFORD SC WOLFPACK 2011,BURLINGTON TOWNSHIP SOCCER REBELS 2011,W DEPTFORD-WD PARK,,
04/06/2025,15:30,18685378,,GotSport,Soccer,U-15,EDGEWATER PARK ATHLETIC ASSOCIATION EP WIZARDS 2010,PENNSAUKEN YOUTH SOCCER CLUB CYCLONES 2010,,,
04/06/2025,15:30,18685377,,GotSport,Soccer,U-15,BORDENTOWN FC PANTHERS 2010,SJ FUTBOL CLUB WOLVES,BORDENTOWN - FRIENDSHIP FIELDS,,
04/06/2025,15:30,18760224,,GotSport,Soccer,U-8,HIGHLAND YOUTH SOCCER CLUB BOYS 2017,CINNAMINSON SC UNION 2017,HIGHLAND - GLOUCESTER TWP PARK,,
04/06/2025,15:30,18685429,,GotSport,Soccer,U-19,MEDFORD SC ,HIGHLAND YOUTH SOCCER CLUB HURRICANES 2008,MEDFORD - BENDE PARK,,
04/06/2025,15:30,18761502,,GotSport,Soccer,U-10,CHERRY HILL SC CHERRY HILL SC COMETS (2015),SENECA UNITED SC RAPTORS 2015,CHSC - UPPER CHAPEL TURF,,
04/06/2025,15:30,18814504,,GotSport,Soccer,U-9,PITMAN SA BOBCATS 2016,WEST DEPTFORD SC WILDCATS 2016,PITMAN - Dell,,
04/06/2025,15:30,18814261,,GotSport,Soccer,U-13,DELRAN FC SOCCER DELRAN FC UNITED 2013,DEPTFORD SA THUNDER 2012,Delran Middle School,,
04/06/2025,15:30,18700926,,GotSport,Soccer,U-9,MOORESTOWN SC UNITED 2016,MANTUA TOWNSHIP SA MAMBAS 2016,MOORESTOWN - MEMORIAL FIELDS,,
04/06/2025,15:30,18700895,,GotSport,Soccer,U-9,MOORESTOWN SC RENEGADES 2016,HADDONFIELD SC BLACK 2016 B,MOORESTOWN - MEMORIAL FIELDS,,
04/06/2025,15:30,18814262,,GotSport,Soccer,U-13,PITTSGROVE SOCCER CLUB PSC SPURS '12,WASHINGTON TWP SOCCER CLUB PREDATORS 2012,PITTSGROVE-GREEN BRANCH,,
04/06/2025,15:30,18762651,,GotSport,Soccer,U-10,MOUNT LAUREL UNITED (MLU) WOLFPACK 2015,HARRISON BLUE REBELS 2015,MLU-MARNE HWY,,
04/06/2025,15:30,18770612,,GotSport,Soccer,U-10,CINNAMINSON SC PIRATES SEA DOGS 2015,LOGAN ARMADA BLACK 2015,CINNAMINSON SC - MEMORIAL,,
04/06/2025,15:30,18769261,,GotSport,Soccer,U-13,VINELAND SA JERSEY BOYZ 2012,VOORHEES SA FORCE 2012,VINELAND SA,,
04/06/2025,15:30,18793466,,GotSport,Soccer,U-9,HADDON TWP WHITE HAWKS 2016,SWEDESBORO WOOLWICH SOCCER ASSOC. SWSA VENOM 2016,,,
04/06/2025,15:30,18793374,,GotSport,Soccer,U-12,HADDONFIELD SC BLACK 2013,LOGAN FLASH 2013,HADDONFIELD - CROWS WOODS,,
04/06/2025,15:30,18695991,,GotSport,Soccer,U-12,BURLINGTON TOWNSHIP SOCCER STRIKERS 2013,HARRISON WOLFPACK 2013,BURLINGTON TWP - PINEWALD AVE,,
04/06/2025,15:30,18772720,,GotSport,Soccer,U-10,MEDFORD SC GOLD 2015,HIGHLAND YOUTH SOCCER CLUB STORM 2015,MEDFORD SC - Bob Meyer Memorial Park,,
04/06/2025,15:30,18783286,,GotSport,Soccer,U-9,MEDFORD SC WHITE 2016,BORDENTOWN FC REVOLUTION 2016,MEDFORD - BENDE PARK,,
04/06/2025,15:30,18696007,,GotSport,Soccer,U-12,PENNS GROVE WILD 2013,CHERRY HILL FC 2013 RED HAWKS,PG-CP-PED- Carney's Point Rec Center,,
04/06/2025,15:30,18783483,,GotSport,Soccer,U-11,CHERRY HILL SC CHERRY HILL SC UNION 2015,HADDON TWP RED HAWKS 2014,CHSC - UPPER CHAPEL TURF,,
04/06/2025,15:30,18687271,,GotSport,Soccer,U-12,TAR-KILL SOCCER CLUB TARKILL KNIGHTS 2013,CHERRY HILL SC THUNDER 2013,TARKILL-STERLING HS,,
04/06/2025,15:30,18695878,,GotSport,Soccer,U-14,MAINLAND UNITED SA MUSTANGS WHITE 2011-12 B,PITMAN SA PUMAS 2011,MAINLAND - MEMORIAL PARK,,
04/06/2025,15:30,18772705,,GotSport,Soccer,U-10,EAST GREENWICH SA EGSA TIGERS 2015,SWEDESBORO WOOLWICH SOCCER ASSOC. SWSA GUNNERS 2015,E GREENWICH - THOMPSON FAMILY PARK,,
04/06/2025,15:40,18683044,,GotSport,Soccer,U-19,HIGHLAND YOUTH SOCCER CLUB FUSION,HARRISON TITANS FÚTBOL ACADEMY,HIGHLAND - GLOUCESTER TWP PARK,,
04/06/2025,15:45,18761190,,GotSport,Soccer,U-8,DELRAN FC 2017 DEVILS,RANCOCAS VALLEY SC 2017 BOYS PREMIER,DELRAN-DEUTSCH FIELD,,
04/06/2025,15:45,18762682,,GotSport,Soccer,U-8,DEPTFORD SA SCORPIONS 2017,WASHINGTON TWP SOCCER CLUB WOLVES 2017,DEPTFORD SC,,
04/06/2025,15:45,18748985,,GotSport,Soccer,U-8,WEST DEPTFORD SC WARRIORS 2017,WATERFORD ATHLETIC ASSN WINGS 2017,W DEPTFORD-WD PARK,,
04/06/2025,15:45,18735669,,GotSport,Soccer,U-8,HADDONFIELD SC FIRE 2017,MANTUA CHAOS 2017,HADDONFIELD - CROWS WOODS,,
04/06/2025,15:45,18791894,,GotSport,Soccer,U-10,MAPLE SHADE WILD 2015,PITTSGROVE SOCCER CLUB PSC GALAXY '15,MAPLE SHADE - TURF FIELD,,
04/06/2025,15:45,18700894,,GotSport,Soccer,U-9,PITTSGROVE SOCCER CLUB PSC PRIME WHITE '16,SENECA UNITED SC EAGLES 2016,PITTSGROVE-GREEN BRANCH,,
04/06/2025,15:45,18687238,,GotSport,Soccer,U-12,MARLTON SC CHIEFS BLACK 2013,MOUNT LAUREL UNITED (MLU) TIGERS 2013,MARLTON - MEMORIAL,,
04/06/2025,15:45,18792481,,GotSport,Soccer,U-8,VOORHEES SA VENOM 2017,CINNAMINSON SC RAIDERS 2017,VOORHEES-Echelon Complex,,
04/06/2025,15:45,18700824,,GotSport,Soccer,U-12,PALMYRA RIVERTON SC HURRICANES 2013,BARRINGTON SC REVOLUTION 2013,PAL-RIV CHARLES STREET SCHOOL Spring Season,,
04/06/2025,15:45,18755451,,GotSport,Soccer,U-13,SWEDESBORO WOOLWICH SOCCER ASSOC. SWSA SHARKS 2012,EAST GREENWICH SA EGSA VENOM 2012,SW-Locke Avenue Park,,
04/06/2025,15:45,18761503,,GotSport,Soccer,U-10,SJ FUTBOL CLUB RAMS 2015,MEDFORD SC COLUMBIA 2015,SJFC - UPPER DEERFIELD RECREATION COMPLEX,,
04/06/2025,15:45,18752465,,GotSport,Soccer,U-9,MILLVILLE THUNDER 2016,HADDONFIELD SC GREY 2016,MILLVILLE SOCCER COMPLEX,,
04/06/2025,15:45,18783473,,GotSport,Soccer,U-11,CHERRY HILL FC 2015 JUNIOR RED,DELRAN FC SOCCER DELRAN FC KNIGHTS 2014,CHFC - DeCOU,,
04/06/2025,15:45,18793465,,GotSport,Soccer,U-9,NORTHERN BURLINGTON BOOM 2016,AUDUBON 2016 BOYS,NB- MANSFIELD TOWNSHIP ELEMENTARY SCHOOL,,
04/06/2025,15:45,18793403,,GotSport,Soccer,U-10,CHERRY HILL FC 2015 JUNIORS BLACK,WASHINGTON TWP SOCCER CLUB RAPTORS 2015,CHFC - DeCOU,,
04/06/2025,15:45,18772003,,GotSport,Soccer,U-10,EGG HARBOR SC EAGLES 2015 WHITE,CAPE EXPRESS CE SILVER STREAK 2015,Egg Harbor Twp HS,,
04/06/2025,15:45,18753517,,GotSport,Soccer,U-10,SWEDESBORO WOOLWICH SOCCER ASSOC. SWSA STRIKERS 2015,CHERRY HILL SC CHERRY HILL SC WARRIORS 2015,SW-Locke Avenue Park,,
04/06/2025,16:00,18696059,,GotSport,Soccer,U-9,FRANKLIN TOWNSHIP YOUTH SOCCER ASSOCIATION JERSEY DEVILS 2016,WINSLOW KINGS 2016,FRANKLIN TWP YOUTH COMPLEX,,
04/06/2025,16:00,18695960,,GotSport,Soccer,U-11,MEDFORD STRIKERS 2014 BOYS,RANCOCAS VALLEY SC RVSC '14 - CELTIC,MEDFORD STRIKERS - ARK ROAD COMPLEX,,
04/06/2025,16:00,18755449,,GotSport,Soccer,U-13,PENNSVILLE EAGLES 2012,HADDONFIELD SC RED 2012,PENNSVILLE,,
04/06/2025,16:00,18815169,,GotSport,Soccer,U-11,WASHINGTON TWP SOCCER CLUB TERROR 2014,MARLTON SC CHIEFS ORANGE 2015,WASHINGTON TWP-WASH LAKE PARK,,
04/06/2025,16:00,18730858,,GotSport,Soccer,U-11,VOORHEES SA KNIGHTS 2014,TBAA OUTLAWS 2014,VOORHEES-Echelon Complex,,
04/06/2025,16:00,18759171,,GotSport,Soccer,U-10,MAINLAND UNITED SA MUSTANGS RED 2015 B,WOODSTOWN WILD 2015,MAINLAND - MEMORIAL PARK,,
04/06/2025,16:00,18755513,,GotSport,Soccer,U-12,HAMMONTON HEAT BOYS 2013,RANCOCAS VALLEY SC 2013 BOYS RONALDO,HAMMONTON - MOSS MILL RD PARK SOCCER COMPLEX,,
04/06/2025,16:15,18755368,,GotSport,Soccer,U-11,TBAA SYNDICATE 2014,NORTHERN BURLINGTON BLUE DEVILS 2014,TBAA-VALLEY BROOK,,
04/13/2025,11:00,18743098,,GotSport,Soccer,U-12,HADDON HEIGHTS SC 2013 YOUNG BOYS,HADDONFIELD SC RED 2013,HADD HGTS - DEVON,,
04/13/2025,11:00,18815495,,GotSport,Soccer,U-14,DELRAN FC FLASH 2011,BURLINGTON TOWNSHIP SOCCER REBELS 2011,Delran Middle School,,
04/13/2025,11:00,18772008,,GotSport,Soccer,U-10,MAINLAND UNITED SA MUSTANGS BLACK 2015 B,WEST DEPTFORD SC ANIMALS 2015,MAINLAND - MEMORIAL PARK,,
04/13/2025,11:00,18822505,,GotSport,Soccer,U-11,MEDFORD SC GOLD 2014,MARLTON SC CHIEFS SILVER 2014,MEDFORD - BENDE PARK,,
04/13/2025,11:00,18783436,,GotSport,Soccer,U-8,MEDFORD SC 2017B WHITE (LIGHTNING),CHERRY HILL FC 2017 JUNIOR BLACK,MEDFORD SC - Bob Meyer Memorial Park,,
04/13/2025,11:00,18761195,,GotSport,Soccer,U-8,SJ FUTBOL CLUB HAMMERS 2017,VOORHEES SA BLUE DEVILS 2017,SJFC - UPPER DEERFIELD RECREATION COMPLEX,,
04/13/2025,11:00,18783595,,GotSport,Soccer,U-15,HARRISON SC STORM 2010,VOORHEES SA WARRIORS 2010,HARRISON - William Wilt Soccer Complex,,
04/13/2025,11:00,18696061,,GotSport,Soccer,U-9,WINSLOW KINGS 2016,EAST GREENWICH SA EGSA LIONS 2016,,,
04/13/2025,11:00,18819053,,GotSport,Soccer,U-14,HADDONFIELD SC WHITE 2011,PALMYRA RIVERTON SC WARRIORS 2011,HADDONFIELD - CROWS WOODS,,
04/13/2025,11:00,18755547,,GotSport,Soccer,U-11,CHERRY HILL SC CHERRY HILL SC FORCE 2014,AUDUBON ATTACK - BOYS 2014,CHSC - UPPER CHAPEL TURF,,
04/13/2025,11:00,18685847,,GotSport,Soccer,U-14,MAINLAND UNITED SA MUSTANGS RED 2011 B,PITTSGROVE SOCCER CLUB PSC WOLVES '11,MAINLAND - MEMORIAL PARK,,
04/13/2025,11:00,18730847,,GotSport,Soccer,U-11,MEDFORD SC AVENGERS 2014,VOORHEES SA KNIGHTS 2014,MEDFORD - BENDE PARK,,
04/13/2025,12:00,18999216,,GotSport,Soccer,U-12,BERLIN SOCCER CLUB BULLDOGS 2013,MOUNT LAUREL UNITED (MLU) GALAXY 2013,BERLIN SC - FRANKLIN FIELDS,,
04/13/2025,12:00,18755518,,GotSport,Soccer,U-12,AUDUBON SOCCER YOUTH WILD WINGS 2013,PITTSGROVE SOCCER CLUB PSC PYTHONS '13,AUDUBON PARK FIELD,,
04/13/2025,12:00,18815170,,GotSport,Soccer,U-11,SWEDESBORO WOOLWICH SOCCER ASSOC. SWSA LIGHTNING 2014,VOORHEES SA LIGHTNING 2014,SW-Locke Avenue Park,,
04/13/2025,12:00,18762623,,GotSport,Soccer,U-10,PITMAN SA WILDCATS 2015,DEPTFORD SA CYCLONES 2015,PITMAN - Dell,,
04/13/2025,12:00,18815171,,GotSport,Soccer,U-11,SENECA UNITED SC THUNDER 2014,MARLTON SC CHIEFS ORANGE 2015,SENECA - STONEY CREEK FIELDS,,
04/13/2025,12:00,18685468,,GotSport,Soccer,U-16,EAST GREENWICH SA EGSA THUNDER 2009,DEPTFORD AVENGERS 2009,E GREENWICH - THOMPSON FAMILY PARK,,
04/13/2025,12:00,18820543,,GotSport,Soccer,U-13,COLLINGSWOOD OAKLYN SOCCER CLUB KNIGHTS 2012,TAR-KILL SOCCER CLUB TARKILL BARCELONA 2012,WOODBURY,,
04/13/2025,12:00,18772753,,GotSport,Soccer,U-11,EAST GREENWICH SA EGSA STARS 2014,LOGAN CHARGE BLACK 2014,E GREENWICH - THOMPSON FAMILY PARK,,
04/13/2025,12:00,18769280,,GotSport,Soccer,U-13,GATEWAY UNITED SOCCER CLUB GUSC STINGRAYS B2012,LOGAN FORCE 2012,GATEWAY UTD. - WESTVILLE,,
04/13/2025,12:00,18793376,,GotSport,Soccer,U-12,COLLINGSWOOD OAKLYN SOCCER CLUB TITANS 2013,LOGAN FLASH 2013,COSC- Oaklyn Public School,,
04/13/2025,12:00,19024868,,GotSport,Soccer,U-16,PENNSVILLE EAGLES 2010/2009,MARLTON SC CHIEFS ORANGE 2009,PENNSVILLE,,
04/13/2025,12:00,18743096,,GotSport,Soccer,U-12,HARRISON SC LIGHTNING 2013,HIGHLAND YOUTH SOCCER CLUB FURY 2013,HARRISON - William Wilt Soccer Complex,,
04/13/2025,12:00,18760733,,GotSport,Soccer,U-9,HARRISON HORNETS 2016,HIGHLAND YOUTH SOCCER CLUB MAYHEM,HARRISON - William Wilt Soccer Complex,,
04/13/2025,12:00,19024866,,GotSport,Soccer,U-16,SWEDESBORO WOOLWICH SOCCER ASSOC. SWSA FORCE 2009,BURLINGTON TOWNSHIP SOCCER FUSION 2009,SW-Locke Avenue Park,,
04/13/2025,12:00,18696010,,GotSport,Soccer,U-12,VINELAND TERMINATORS 2013,PENNS GROVE WILD 2013,VINELAND SA,,
04/13/2025,12:00,18752624,,GotSport,Soccer,U-15,FRANKLIN TOWNSHIP YOUTH SOCCER ASSOCIATION STORM 2010,CINNAMINSON SC PIRATES 2010,FRANKLIN TWP YOUTH COMPLEX,,
04/13/2025,12:00,18753519,,GotSport,Soccer,U-10,MOORESTOWN SC VIPERS 2015,CHERRY HILL SC CHERRY HILL SC WARRIORS 2015,MOORESTOWN - MEMORIAL FIELDS,,
04/13/2025,12:00,18818848,,GotSport,Soccer,U-15,ATLANTIC UNITED PREMIER STRIKERS 2010/11 B,MARLTON SC CHIEFS WHITE 2010,ATLANTIC - TARTAGLIO,,
04/13/2025,12:00,18700827,,GotSport,Soccer,U-12,MOORESTOWN SC DRAGONS 2013,PALMYRA RIVERTON SC HURRICANES 2013,MOORESTOWN - SALEM RD/PRYOR PARK,,
04/13/2025,12:00,18730845,,GotSport,Soccer,U-11,TAR-KILL SOCCER CLUB TARKILL CHELSEA 2014,TBAA REVOLUTION 2015,TARKILL-STERLING HS,,
04/13/2025,12:00,18685431,,GotSport,Soccer,U-19,MAPLE SHADE AVENGERS 2007,HIGHLAND YOUTH SOCCER CLUB HURRICANES 2008,MAPLE SHADE - TURF FIELD,,
04/13/2025,12:00,18770976,,GotSport,Soccer,U-14,MOUNT LAUREL UNITED (MLU) WARRIORS 2011,HARRISON SC ARSENAL 2011,MLU-TROTTERS,,
04/13/2025,12:00,18685432,,GotSport,Soccer,U-19,MILLVILLE PHANTOMS 2007,MEDFORD SC ,MILLVILLE SOCCER COMPLEX,,
04/13/2025,12:00,18753520,,GotSport,Soccer,U-10,WASHINGTON UNITED SOCCER CLUB WUSC 2015,SWEDESBORO WOOLWICH SOCCER ASSOC. SWSA STRIKERS 2015,WASHINGTON TWP. - Levy Fields (Virtua),,
04/13/2025,12:00,18793377,,GotSport,Soccer,U-12,MILLVILLE REBELS 2013,HADDONFIELD SC BLACK 2013,MILLVILLE SOCCER COMPLEX,,
04/13/2025,12:00,18700928,,GotSport,Soccer,U-9,MANTUA TOWNSHIP SA MAMBAS 2016,PITTSGROVE SOCCER CLUB PSC PRIME BLACK '16,MANTUA TWP,,
04/13/2025,12:15,18755548,,GotSport,Soccer,U-11,HADDON HEIGHTS SC 2014 MIGHTY TITANS,MEDFORD SC CAROLINA 2014,HADD HGTS - DEVON,,
04/13/2025,12:15,18742798,,GotSport,Soccer,U-10,MAINLAND UNITED SA MUSTANGS WHITE 2015-16 B,WATERFORD ATHLETIC ASSN WINGS 2015,MAINLAND - MEMORIAL PARK,,
04/13/2025,12:20,18685379,,GotSport,Soccer,U-15,SJ FUTBOL CLUB WOLVES,WASHINGTON TWP SOCCER CLUB RENEGADES 2010,SJFC - UPPER DEERFIELD RECREATION COMPLEX,,
04/13/2025,12:30,18815465,,GotSport,Soccer,U-14,DELRAN FC BLAST 2011,VOORHEES SA BLUES 2011,Delran Middle School,,
04/13/2025,12:30,18685469,,GotSport,Soccer,U-16,NORTHERN BURLINGTON SA BULLDOGS 2009,HIGHLAND YOUTH SOCCER CLUB BOYS 2009,NB- MANSFIELD TOWNSHIP ELEMENTARY SCHOOL,,
04/13/2025,12:30,18761178,,GotSport,Soccer,U-8,CINNAMINSON SC RED 2017,RANCOCAS VALLEY SC 2017 BOYS PREMIER,CINNAMINSON SC - MEMORIAL,,
04/13/2025,12:30,18814264,,GotSport,Soccer,U-13,WASHINGTON TWP SOCCER CLUB PREDATORS 2012,DELRAN FC SOCCER DELRAN FC UNITED 2013,WASHINGTON TWP-WASH LAKE PARK,,
04/13/2025,12:30,18783511,,GotSport,Soccer,U-9,LOGAN APOLLO 2016,GATEWAY UNITED SOCCER CLUB GUSC GATORS B2016/2017,LOGAN - TWP LINE,,
04/13/2025,12:30,18763789,,GotSport,Soccer,U-13,WEST DEPTFORD SC WARRIORS 2013,PENNSAUKEN YOUTH SOCCER CLUB TITANS 2012,W DEPTFORD-WD PARK,,
04/13/2025,12:30,18701102,,GotSport,Soccer,U-11,UPPER TOWNSHIP SA HURRICANES WHITE 2014,PITTSGROVE SOCCER CLUB PSC PHANTOMS '14,UPPER TWP-Amanda's Field Complex,,
04/13/2025,12:30,18802327,,GotSport,Soccer,U-9,CHERRY HILL SC CHERRY HILL SC THUNDER (2016),EGG HARBOR SC EAGLES 2016 WHITE,CHSC - UPPER CHAPEL TURF,,
04/13/2025,12:30,18700884,,GotSport,Soccer,U-9,MEDFORD SC GOLD 2016,MOORESTOWN SC RENEGADES 2016,MEDFORD SC - Bob Meyer Memorial Park,,
04/13/2025,12:30,18760716,,GotSport,Soccer,U-9,MEDFORD SC COLUMBIA 2016,RANCOCAS VALLEY SC 2016 BOYS PREMIER,MEDFORD - BENDE PARK,,
04/13/2025,12:30,18720605,,GotSport,Soccer,U-9,DELRAN FC SOCCER SHARKS 2016,HADDONFIELD SC RED 2016,DELRAN-DEUTSCH FIELD,,
04/13/2025,12:30,18720604,,GotSport,Soccer,U-9,MOUNT LAUREL UNITED (MLU) REVOLUTION 2016,MAINLAND UNITED SA MUSTANGS RED 2016 B,MLU-MARNE HWY,,
04/13/2025,12:30,18770615,,GotSport,Soccer,U-10,HADDONFIELD SC WHITE 2015 B,CINNAMINSON SC PIRATES SEA DOGS 2015,HADDONFIELD - CROWS WOODS,,
04/13/2025,12:30,18759190,,GotSport,Soccer,U-10,BURLINGTON TOWNSHIP SOCCER THUNDER2015,MONROE TOWNSHIP YS 2015 UNITED BLUE,BURLINGTON TWP - PINEWALD AVE,,
04/13/2025,12:30,18720850,,GotSport,Soccer,U-13,CINNAMINSON SC CHARGE 2012,RANCOCAS VALLEY SC 2012 BOYS AVENGERS,CINNAMINSON SC - MEMORIAL,,
04/13/2025,12:30,18793407,,GotSport,Soccer,U-10,WASHINGTON TWP SOCCER CLUB RAPTORS 2015,UPPER TOWNSHIP SA SUPER SONICS 2015,WASHINGTON TWP- H.S.,,
04/13/2025,12:30,18695881,,GotSport,Soccer,U-14,RANCOCAS VALLEY SC BOYS 2011 UNITED,CHERRY HILL FC 2011/2012 COBRAS,Rancocas Valley-LUMBERTON MUNICIPAL,,
04/13/2025,12:30,18769266,,GotSport,Soccer,U-13,MAINLAND UNITED SA MUSTANGS RED 2012 B,VOORHEES SA FORCE 2012,MAINLAND - MEMORIAL PARK,,
04/13/2025,12:30,18758211,,GotSport,Soccer,U-14,UPPER TOWNSHIP SA TSUNAMIS 2011,CAPE EXPRESS SURGE 2011,UPPER TWP-Amanda's Field Complex,,
04/13/2025,12:30,18758209,,GotSport,Soccer,U-14,CHERRY HILL FC 2011 AVENGERS,VOORHEES SA ATTACK 2011,CHFC - DeCOU,,
04/13/2025,12:30,18700929,,GotSport,Soccer,U-9,HARRISON LEGENDS 2016,MARLTON SC CHIEFS ORANGE 2016,HARRISON - William Wilt Soccer Complex,,
04/13/2025,12:30,18756959,,GotSport,Soccer,U-12,CINNAMINSON SC THUNDERBIRDS 2013,PENNSAUKEN YOUTH SOCCER CLUB REBELS 2013,CINNAMINSON SC - MEMORIAL,,
04/13/2025,12:30,18815172,,GotSport,Soccer,U-11,DEPTFORD SA UNITED 2014,WASHINGTON TWP SOCCER CLUB TERROR 2014,DEPTFORD SC,,
04/13/2025,12:30,18696062,,GotSport,Soccer,U-9,CINNAMINSON SC CHAOS 2016,BARRINGTON SC STORM 2016,CINNAMINSON SC - MEMORIAL,,
04/13/2025,12:30,18695963,,GotSport,Soccer,U-11,HADDONFIELD SC RED 2014 B,MEDFORD STRIKERS 2014 BOYS,HADDONFIELD - CROWS WOODS,,
04/13/2025,12:30,18695964,,GotSport,Soccer,U-11,RANCOCAS VALLEY SC RVSC '14 - CELTIC,PENNSAUKEN YOUTH SOCCER CLUB AVENGERS 2014,Rancocas Valley-LUMBERTON MUNICIPAL,,
04/13/2025,12:30,18755578,,GotSport,Soccer,U-10,HADDONFIELD SC RED 2015 B,MOUNT LAUREL UNITED (MLU) KNIGHTS 2015 BOYS,HADDONFIELD - CROWS WOODS,,
04/13/2025,12:30,18734114,,GotSport,Soccer,U-14,MONROE TOWNSHIP YS UNITED WHITE 2011,TBAA TITANS 2011,MONROE TWP - CORKERY LANE,,
04/13/2025,12:30,18771394,,GotSport,Soccer,U-10,NORTHERN BURLINGTON STORM 2015,EGG HARBOR SC EAGLES 2015 BLACK,NB- MANSFIELD TOWNSHIP ELEMENTARY SCHOOL,,
04/13/2025,12:30,18734129,,GotSport,Soccer,U-14,LOGAN BLAZE 2011,SWEDESBORO WOOLWICH SOCCER ASSOC. SWSA RED FLAMES 2011,LOGAN - TWP LINE,,
04/13/2025,12:30,18696009,,GotSport,Soccer,U-12,BURLINGTON TOWNSHIP SOCCER STRIKERS 2013,CHERRY HILL FC 2013 RED HAWKS,BURLINGTON TWP - PINEWALD AVE,,
04/13/2025,12:30,18734130,,GotSport,Soccer,U-14,BORDENTOWN FC JAGUARS 2011,MEDFORD SC RENEGADES 2011,BORDENTOWN - FRIENDSHIP FIELDS,,
04/13/2025,12:30,18755516,,GotSport,Soccer,U-12,MEDFORD SC MAYHEM 2013,HAMMONTON HEAT BOYS 2013,MEDFORD - BENDE PARK,,
04/13/2025,12:30,18772007,,GotSport,Soccer,U-10,CAPE EXPRESS CE SILVER STREAK 2015,UPPER TOWNSHIP SA COMETS GREEN 2015,CAPE EX SOCCER COMPLEX At Ockie Wisting,,
04/13/2025,12:30,18755453,,GotSport,Soccer,U-13,HADDONFIELD SC RED 2012,EAST GREENWICH SA EGSA VENOM 2012,HADDONFIELD - CROWS WOODS,,
04/13/2025,12:30,18687242,,GotSport,Soccer,U-12,MOUNT LAUREL UNITED (MLU) TIGERS 2013,CHERRY HILL SC CHERRY HILL SC FORCE 2013,MLU-TROTTERS,,
04/13/2025,12:30,18772006,,GotSport,Soccer,U-10,HIGHLAND YOUTH SOCCER CLUB LIGHTNING 2015,EGG HARBOR SC EAGLES 2015 WHITE,HIGHLAND - GLOUCESTER TWP PARK,,
04/13/2025,12:30,18743081,,GotSport,Soccer,U-12,MANTUA TOWNSHIP SA MTSA ELITE 2014,MONROE TOWNSHIP YS UNITED BOYS 2013 BLUE,MANTUA TWP,,
04/13/2025,12:30,18755371,,GotSport,Soccer,U-11,HADDON TWP WHITE HAWKS 2015,MONROE TOWNSHIP YS UNITED BOYS 2014 BLUE,,,
04/13/2025,12:30,18755370,,GotSport,Soccer,U-11,NORTHERN BURLINGTON BLUE DEVILS 2014,MOUNT LAUREL UNITED (MLU) COBRAS 2014,NB- MANSFIELD TOWNSHIP ELEMENTARY SCHOOL,,
04/13/2025,12:30,18754980,,GotSport,Soccer,U-13,PITTSGROVE SOCCER CLUB PSC REVOLUTION '13,CHERRY HILL SC CHERRY HILL SC COBRAS 2012,PITTSGROVE-GREEN BRANCH,,
04/13/2025,12:30,18783498,,GotSport,Soccer,U-9,ATLANTIC UNITED PREMIER RED 2016/2017 B,UPPER TOWNSHIP SA THUNDER 2016,ATLANTIC - TARTAGLIO,,
04/13/2025,12:30,18999217,,GotSport,Soccer,U-12,WINSLOW SHARKS,PENNSVILLE EAGLES 2013,,,
04/13/2025,12:40,18783573,,GotSport,Soccer,U-13,HARRISON WILDCATS 2012,PALMYRA RIVERTON SC YOUNGBLOODS 2013,HARRISON - William Wilt Soccer Complex,,
04/13/2025,13:00,18814507,,GotSport,Soccer,U-9,SENECA UNITED SC RAPTORS 2016,MARLTON SC CHIEFS WHITE 2016,SENECA - STONEY CREEK FIELDS,,
04/13/2025,13:15,18762638,,GotSport,Soccer,U-10,MANTUA TOWNSHIP SA FROGS 2015,PALMYRA RIVERTON SC NATIONALS 2015,MANTUA TWP,,
04/13/2025,13:15,18753951,,GotSport,Soccer,U-8,WASHINGTON UNITED SOCCER CLUB WUSC 2017,EAST GREENWICH SA EGSA UNITED 2017,WASHINGTON TWP. - Levy Fields (Virtua),,
04/13/2025,13:15,18793225,,GotSport,Soccer,U-11,HARRISON WAVE 2014,PITTSGROVE SOCCER CLUB PSC MAVERICKS '14,HARRISON - William Wilt Soccer Complex,,
04/13/2025,13:15,18815467,,GotSport,Soccer,U-14,VINELAND SA STRIKERS 2011,MOORESTOWN SC BLACK KNIGHTS 2011,VINELAND SA,,
04/13/2025,13:15,18760227,,GotSport,Soccer,U-8,MOORESTOWN SC HAWKS 2017,HIGHLAND YOUTH SOCCER CLUB BOYS 2017,MOORESTOWN - MEMORIAL FIELDS,,
04/13/2025,13:15,18755576,,GotSport,Soccer,U-10,EAST GREENWICH SA EGSA BLACK KNIGHTS 2015,VOORHEES SA COBRAS 2015,E GREENWICH - THOMPSON FAMILY PARK,,
04/13/2025,13:15,18720833,,GotSport,Soccer,U-13,TAR-KILL SOCCER CLUB TARKILL LIVERPOOL 2012,HARRISON SC STRIKERS 2012,TARKILL-STERLING HS,,
04/13/2025,13:15,18821231,,GotSport,Soccer,U-11,COLLINGSWOOD OAKLYN SOCCER CLUB OUTLAWS 2014,EGG HARBOR SC EAGLES 2014,COSC- Oaklyn Public School,,
04/13/2025,13:15,18793408,,GotSport,Soccer,U-10,MILLVILLE PREDATORS 2015,HADDON TWP RED HAWKS 2015,MILLVILLE SOCCER COMPLEX,,
04/13/2025,13:15,18762653,,GotSport,Soccer,U-10,HARRISON BLUE REBELS 2015,PENNSAUKEN YOUTH SOCCER CLUB LIONS 2015,HARRISON - William Wilt Soccer Complex,,
04/13/2025,13:15,18793467,,GotSport,Soccer,U-9,AUDUBON 2016 BOYS,MAPLE SHADE SHARKS 2016,AUDUBON PARK FIELD,,
04/13/2025,13:15,18742814,,GotSport,Soccer,U-10,SWEDESBORO WOOLWICH SOCCER ASSOC. SWSA HONEY BADGERS 2015,EDGEWATER PARK ATHLETIC ASSOCIATION EP WARRIORS 2015,SW-Locke Avenue Park,,
04/13/2025,13:15,18821157,,GotSport,Soccer,U-12,MOORESTOWN SC RAPTORS 2013,VOORHEES SA RAPTORS 2013,MOORESTOWN - SALEM RD/PRYOR PARK,,
04/13/2025,13:15,18762685,,GotSport,Soccer,U-8,PITMAN SA PANTHERS 2017,DEPTFORD SA SCORPIONS 2017,PITMAN - Dell,,
04/13/2025,13:30,18820545,,GotSport,Soccer,U-13,BERLIN SOCCER CLUB BALL BREAKERS 2012,WINSLOW GREEN DRAGONS 2012,BERLIN SC - FRANKLIN FIELDS,,
04/13/2025,13:30,18820580,,GotSport,Soccer,U-13,SENECA UNITED SC PRIDE 2012,CHERRY HILL SC ROYALS 2012,SENECA - STONEY CREEK FIELDS,,
04/13/2025,13:30,18999214,,GotSport,Soccer,U-12,HADDON HEIGHTS SC 2013 BEAST BOYS,MOORESTOWN SC THUNDER 2013,HADD HGTS - DEVON,,
04/13/2025,13:30,18695965,,GotSport,Soccer,U-11,MAINLAND UNITED SA MUSTANGS RED 2014 B,MARLTON SC CHIEFS WHITE 2014,MAINLAND - MEMORIAL PARK,,
04/13/2025,13:40,18752622,,GotSport,Soccer,U-15,EAST GREENWICH SA EGSA CHARGERS 2010,MAPLE SHADE BEST ELEVEN 2010,E GREENWICH - THOMPSON FAMILY PARK,,
04/13/2025,13:40,18685430,,GotSport,Soccer,U-19,SWEDESBORO WOOLWICH SOCCER ASSOC. SWSA SCORPIONS 2008,WASHINGTON TWP SOCCER CLUB SPARTANS 2007,SW-Locke Avenue Park,,
04/13/2025,13:45,18818847,,GotSport,Soccer,U-15,WINSLOW SLAYERS 2010,WOODSTOWN WOLVERINES 2010,,,
04/13/2025,13:45,18818849,,GotSport,Soccer,U-15,MILLVILLE VENOM 2010,PALMYRA RIVERTON SC UNION 2010,MILLVILLE SOCCER COMPLEX,,
04/13/2025,13:45,18772722,,GotSport,Soccer,U-10,HIGHLAND YOUTH SOCCER CLUB STORM 2015,SWEDESBORO WOOLWICH SOCCER ASSOC. SWSA GUNNERS 2015,HIGHLAND - GLOUCESTER TWP PARK,,
04/13/2025,13:45,18683051,,GotSport,Soccer,U-19,GATEWAY UNITED SOCCER CLUB GUSC WARRIORS B2006,HIGHLAND YOUTH SOCCER CLUB FUSION,GATEWAY UTD. - WESTVILLE,,
04/13/2025,13:45,18685380,,GotSport,Soccer,U-15,MOUNT LAUREL UNITED (MLU) FORCE 2010,PENNSAUKEN YOUTH SOCCER CLUB CYCLONES 2010,MLU-TROTTERS,,
04/13/2025,13:45,18752623,,GotSport,Soccer,U-15,AUDUBON SOCCER YOUTH UNITED 2010,TBAA DYNAMO 2010,BARRINGTON-WOODLAND SCHOOL,,
04/13/2025,14:00,18822570,,GotSport,Soccer,U-9,UPPER TOWNSHIP SA BREAKERS 2016,WEST DEPTFORD SC TSUNAMI 2016,UPPER TWP-Amanda's Field Complex,,
04/13/2025,14:00,18760230,,GotSport,Soccer,U-8,DELRAN FC RAPTORS 2017,SWEDESBORO WOOLWICH SOCCER ASSOC. SWSA FIREBALLS 2017,DELRAN-DEUTSCH FIELD,,
04/13/2025,14:00,18792486,,GotSport,Soccer,U-8,BURLINGTON TOWNSHIP SOCCER FIRE 2017,HADDON HEIGHTS SC 2017 HAVOC,BURLINGTON TWP - PINEWALD AVE,,
04/13/2025,14:00,18750901,,GotSport,Soccer,U-14,HADDONFIELD SC RED 2011,MEDFORD STRIKERS 2011 BOYS,HADDONFIELD - CROWS WOODS,,
04/13/2025,14:00,18754982,,GotSport,Soccer,U-13,CINNAMINSON SC SKULLS 2012,MARLTON SC CHIEFS BLACK 2012,CINNAMINSON SC - MEMORIAL,,
04/13/2025,14:00,18783571,,GotSport,Soccer,U-13,LOGAN FUSION 2012,WEST DEPTFORD SC UNION 2012,LOGAN - TWP LINE,,
04/13/2025,14:00,18683049,,GotSport,Soccer,U-19,MAINLAND UNITED SA MUSTANGS 2009 B,BORDENTOWN FC 2006,MAINLAND - MEMORIAL PARK,,
04/13/2025,14:00,18762622,,GotSport,Soccer,U-10,PENNSVILLE EAGLES BLUE 2015,WEST DEPTFORD SC COBRAS 2015,PENNSVILLE,,
04/13/2025,14:00,18792485,,GotSport,Soccer,U-8,CINNAMINSON SC RAIDERS 2017,HADDON TWP. WHITE HAWKS 2017,CINNAMINSON SC - MEMORIAL,,
04/13/2025,14:00,18814266,,GotSport,Soccer,U-13,PITTSGROVE SOCCER CLUB PSC SPURS '12,CAPE EXPRESS WHITE CAPS 2012,PITTSGROVE-GREEN BRANCH,,
04/13/2025,14:00,18752467,,GotSport,Soccer,U-9,HADDONFIELD SC GREY 2016,MOORESTOWN SC DRAGONS 2016,HADDONFIELD - CROWS WOODS,,
04/13/2025,14:00,18754981,,GotSport,Soccer,U-13,MEDFORD SC DESTROYERS 2012,SWEDESBORO WOOLWICH SOCCER ASSOC. SWSA CYCLONES 2012/2013,MEDFORD - BENDE PARK,,
04/13/2025,14:00,18756996,,GotSport,Soccer,U-10,RANCOCAS VALLEY SC 2015 BOYS STEALTH,WINSLOW TITANS 2015,Rancocas Valley-LUMBERTON MUNICIPAL,,
04/13/2025,14:00,18756982,,GotSport,Soccer,U-10,MEDFORD SC WHITE 2015,VINELAND AVENGERS 2015,MEDFORD SC - Bob Meyer Memorial Park,,
04/13/2025,14:00,18760228,,GotSport,Soccer,U-8,CINNAMINSON SC UNION 2017,WEST DEPTFORD SC DRAGONS 2017,CINNAMINSON SC - MEMORIAL,,
04/13/2025,14:00,18815466,,GotSport,Soccer,U-14,MONROE TOWNSHIP YS UNITED BOYS 2011 BLUE,WINSLOW WILDCATS 2011,MONROE TWP - CORKERY LANE,,
04/13/2025,14:00,18748986,,GotSport,Soccer,U-8,WATERFORD ATHLETIC ASSN WINGS 2017,MAPLE SHADE CHAOS 2017,WATERFORD - BURNT MILL FIELD,,
04/13/2025,14:00,18754816,,GotSport,Soccer,U-11,WEST DEPTFORD SC AVALANCHE 2014,LOGAN CHARGE BLUE 2014,W DEPTFORD-WD PARK,,
04/13/2025,14:00,18760731,,GotSport,Soccer,U-9,HADDON TWP RED HAWKS 2016,MOORESTOWN SC WARRIORS 2016,,,
04/13/2025,14:00,18771392,,GotSport,Soccer,U-10,MOUNT LAUREL UNITED (MLU) SHARKS 2015,AUDUBON BOYS 2015,MLU-MARNE HWY,,
04/13/2025,14:00,18750903,,GotSport,Soccer,U-14,BORDENTOWN FC RENEGADES 2011,EGG HARBOR SC EAGLES BLACK 2011,BORDENTOWN - FRIENDSHIP FIELDS,,
04/13/2025,14:00,18755546,,GotSport,Soccer,U-11,MANTUA TOWNSHIP SA OUTLAWS 2014,HAMMONTON HEAT BOYS 2014,MANTUA TWP,,
04/13/2025,14:00,18783453,,GotSport,Soccer,U-8,HADDONFIELD SC REBELS 2017,BORDENTOWN FC REVOLUTION 2017,HADDONFIELD - CROWS WOODS,,
04/13/2025,14:00,18822540,,GotSport,Soccer,U-9,FRANKLIN TOWNSHIP YOUTH SOCCER ASSOCIATION UNITED 2016,CINNAMINSON SC TITANS 2016,FRANKLIN TWP YOUTH COMPLEX,,
04/13/2025,14:00,18763790,,GotSport,Soccer,U-13,NORTHERN BURLINGTON CELTIC 2012,EDGEWATER PARK ATHLETIC ASSOCIATION EP UNITED 2012,Northern Burlington-Mansfield Community Park,,
04/13/2025,14:00,18753518,,GotSport,Soccer,U-10,HARRISON STRIKERS 2015,DEPTFORD SA LIGHTNING 2015,HARRISON - William Wilt Soccer Complex,,
04/13/2025,14:00,18793242,,GotSport,Soccer,U-11,BURLINGTON TOWNSHIP SOCCER DYNAMITE 2014,GATEWAY UNITED SOCCER CLUB GU GREYHOUNDS 2014,BURLINGTON TWP - PINEWALD AVE,,
04/13/2025,14:00,18761442,,GotSport,Soccer,U-12,MOUNT LAUREL UNITED (MLU) LIGHTNING 2014,EGG HARBOR SC EAGLES WHITE 2013,MLU-TROTTERS,,
04/13/2025,14:00,18793375,,GotSport,Soccer,U-12,CINNAMINSON SC STRIKERS 2013,WOODSTOWN WOLVERINES 2013,CINNAMINSON SC - MEMORIAL,,
04/13/2025,14:00,18791883,,GotSport,Soccer,U-10,MAPLE SHADE WILD 2015,MARLTON SC CHIEFS WHITE 2015,MAPLE SHADE - TURF FIELD,,
04/13/2025,14:00,18994528,,GotSport,Soccer,U-11,CHERRY HILL SC CHERRY HILL SC UNION 2015,DEPTFORD PREMIER FC '15 BOYS FUSION,CHSC - UPPER CHAPEL TURF,,
04/13/2025,14:00,18762621,,GotSport,Soccer,U-10,LOGAN ARMADA BLUE 2015,CLAYTON SA CLIPPERS 2015,LOGAN - TWP LINE,,
04/13/2025,14:00,18762668,,GotSport,Soccer,U-8,WASHINGTON TWP SOCCER CLUB WOLVES 2017,MOORESTOWN SC PYTHONS 2017,WASHINGTON TWP- H.S.,,
04/13/2025,14:00,18762640,,GotSport,Soccer,U-10,ATLANTIC UNITED PREMIER FIRE 2015 B,MOUNT LAUREL UNITED (MLU) WOLFPACK 2015,ATLANTIC - TARTAGLIO,,
04/13/2025,14:00,18814249,,GotSport,Soccer,U-13,CHERRY HILL FC 2012 JUNIORS BLACK,DEPTFORD SA THUNDER 2012,CHFC - DeCOU,,
04/13/2025,14:00,18822504,,GotSport,Soccer,U-11,DELRAN FC HAWKS 2014,PALMYRA RIVERTON SC TORNADOES 2014,DELRAN-DEUTSCH FIELD,,
04/13/2025,14:00,18783303,,GotSport,Soccer,U-9,CAPE EXPRESS CE NOR'EASTERS 2016,MEDFORD SC WHITE 2016,CAPE EX SOCCER COMPLEX At Ockie Wisting,,
04/13/2025,14:00,18761504,,GotSport,Soccer,U-10,MEDFORD SC COLUMBIA 2015,CHERRY HILL SC CHERRY HILL SC COMETS (2015),MEDFORD - BENDE PARK,,
04/13/2025,14:00,18822503,,GotSport,Soccer,U-11,HADDON TWP WHITE HAWKS 2014,PENNSVILLE EAGLES 2014,,,
04/13/2025,14:00,18701089,,GotSport,Soccer,U-11,ATLANTIC UNITED PREMIER KICKERS 2014 B,CINNAMINSON SC CHARGERS 2014,ATLANTIC - TARTAGLIO,,
04/13/2025,14:00,18754817,,GotSport,Soccer,U-11,RANCOCAS VALLEY SC RVSC - '14 FOREST,EAST GREENWICH SA EGSA EAGLES 2014,Rancocas Valley-LUMBERTON MUNICIPAL,,
04/13/2025,14:00,18815497,,GotSport,Soccer,U-14,WASHINGTON TWP SOCCER CLUB REGULATORS 2011,CINNAMINSON SC STORM 2011,WASHINGTON TWP-WASH LAKE PARK,,
04/13/2025,14:00,18821158,,GotSport,Soccer,U-12,DEPTFORD SA TORNADOES 2013,EAST GREENWICH SA EGSA DYNAMO 2013,DEPTFORD SC,,
04/13/2025,14:00,18815496,,GotSport,Soccer,U-14,WEST DEPTFORD SC WOLFPACK 2011,WOODBURY SOCCER CLUB WOODBURY ARMORY 2011,W DEPTFORD-WD PARK,,
04/13/2025,14:00,18687272,,GotSport,Soccer,U-12,SJ FUTBOL CLUB SOUNDERS 2013,MARLTON SC CHIEFS WHITE 2013,SJFC - UPPER DEERFIELD RECREATION COMPLEX,,
04/13/2025,14:00,18700825,,GotSport,Soccer,U-12,HADDONFIELD SC WHITE 2013,PITMAN SA TOMCATS 2013,HADDONFIELD - CROWS WOODS,,
04/13/2025,14:00,18821159,,GotSport,Soccer,U-12,UPPER TOWNSHIP SA CYCLONES 2013,FRANKLIN TOWNSHIP YOUTH SOCCER ASSOCIATION ENFORCERS 2013,UPPER TWP-Amanda's Field Complex,,
04/13/2025,14:00,18999215,,GotSport,Soccer,U-12,WASHINGTON TWP SOCCER CLUB RAPTORS 2013,WOODBURY SOCCER CLUB WOODBURY BISON 2013,WASHINGTON TWP-WASH LAKE PARK,,
04/13/2025,14:00,18793240,,GotSport,Soccer,U-11,NORTHERN BURLINGTON JACKALS 2015,WOODSTOWN WOLFPACK 2014,NB- MANSFIELD TOWNSHIP ELEMENTARY SCHOOL,,
04/13/2025,14:00,18793469,,GotSport,Soccer,U-9,NORTHERN BURLINGTON BOOM 2016,HADDON TWP WHITE HAWKS 2016,NB- MANSFIELD TOWNSHIP ELEMENTARY SCHOOL,,
04/13/2025,14:10,18685845,,GotSport,Soccer,U-14,HARRISON SC THUNDER 2011,DEPTFORD SA TORNADOES 2011,HARRISON - William Wilt Soccer Complex,,
04/13/2025,14:10,18755452,,GotSport,Soccer,U-13,NORTHERN BURLINGTON SA RANGERS 2012,PENNSVILLE EAGLES 2012,NB- MANSFIELD TOWNSHIP ELEMENTARY SCHOOL,,
04/13/2025,14:30,18814508,,GotSport,Soccer,U-9,PITMAN SA BOBCATS 2016,EGG HARBOR SC EAGLES 2016 BLACK,PITMAN - Dell,,
04/13/2025,14:30,18700898,,GotSport,Soccer,U-9,SENECA UNITED SC EAGLES 2016,CHERRY HILL SC CHERRY HILL SC 72S 2016,SENECA - STONEY CREEK FIELDS,,
04/13/2025,14:30,18760229,,GotSport,Soccer,U-8,AUDUBON BOYS 2017 TEAM 2,LOGAN BOOM 2017,AUDUBON PARK FIELD,,
04/13/2025,14:30,18761193,,GotSport,Soccer,U-8,WASHINGTON TWP SOCCER CLUB REBELS 2017,DELRAN FC 2017 DEVILS,WASHINGTON TWP. - Levy Fields (Virtua),,
04/13/2025,14:30,18700930,,GotSport,Soccer,U-9,MOORESTOWN SC UNITED 2016,MOUNT LAUREL UNITED (MLU) GLADIATORS 2016,MOORESTOWN - MEMORIAL FIELDS,,
04/13/2025,14:30,18742797,,GotSport,Soccer,U-10,MANTUA VIPERS 2015-2016,COHANSEY SC DYNAMO 2015,MANTUA TWP,,
04/13/2025,14:30,18762683,,GotSport,Soccer,U-8,HARRISON HURRICANES 2017,HAMMONTON HEAT BOYS 2017,HARRISON - William Wilt Soccer Complex,,
04/13/2025,14:30,18822539,,GotSport,Soccer,U-9,COLLINGSWOOD OAKLYN SOCCER CLUB SPARTANS 2016,TAR-KILL SOCCER CLUB TARKILL 2016 BOYS,COSC- Oaklyn Public School,,
04/13/2025,14:30,18791899,,GotSport,Soccer,U-10,MILLVILLE WARRIORS 2015,VOORHEES SA PYTHONS 2015,MILLVILLE SOCCER COMPLEX,,
04/13/2025,14:30,18772723,,GotSport,Soccer,U-10,EAST GREENWICH SA EGSA TIGERS 2015,MOORESTOWN SC HORNETS 2015,E GREENWICH - THOMPSON FAMILY PARK,,
04/13/2025,14:30,18735672,,GotSport,Soccer,U-8,SWEDESBORO WOOLWICH SOCCER ASSOC. SWSA PANTHERS 2017,HADDONFIELD SC FIRE 2017,SW-Locke Avenue Park,,
04/13/2025,14:30,18755357,,GotSport,Soccer,U-11,MOORESTOWN SC GUARDIANS 2014,TBAA SYNDICATE 2014,MOORESTOWN - SALEM RD/PRYOR PARK,,
04/13/2025,14:30,18695994,,GotSport,Soccer,U-12,HARRISON WOLFPACK 2013,WASHINGTON TWP SOCCER CLUB DAREDEVILS 2013,HARRISON - William Wilt Soccer Complex,,
04/13/2025,14:45,18759189,,GotSport,Soccer,U-10,MAINLAND UNITED SA MUSTANGS RED 2015 B,HADDONFIELD SC BLACK 2015 B,MAINLAND - MEMORIAL PARK,,
04/13/2025,14:45,18815525,,GotSport,Soccer,U-13,VINELAND SA FURY 2012,BURLINGTON TOWNSHIP SOCCER DRAGONS 2012,VINELAND SA,,
04/13/2025,14:45,18687259,,GotSport,Soccer,U-12,TAR-KILL SOCCER CLUB TARKILL KNIGHTS 2013,MAINLAND UNITED SA MUSTANGS RED 2013 B,TARKILL-STERLING HS,,
04/13/2025,15:00,18822568,,GotSport,Soccer,U-9,HADDON HEIGHTS SC 2016 RUCKUS,HARRISON HURRICANES 2016,HADD HGTS - DEVON,,
04/13/2025,15:15,18793406,,GotSport,Soccer,U-10,BERLIN SOCCER CLUB BERSERKERS 2015,CHERRY HILL FC 2015 JUNIORS BLACK,BERLIN SC - FRANKLIN FIELDS,,
04/13/2025,15:20,18685455,,GotSport,Soccer,U-16,BURLINGTON TOWNSHIP SOCCER CELTIC 2010,TAR-KILL SOCCER CLUB TARKILL BLUE DEVILS 2009,BURLINGTON TWP - PINEWALD AVE,,
04/13/2025,15:20,18783596,,GotSport,Soccer,U-15,SWEDESBORO WOOLWICH SOCCER ASSOC. SWSA BLACK MAMBAS 2011,EAST GREENWICH SA EGSA BLAZE 2010,SW-Locke Avenue Park,,
04/13/2025,15:30,18687241,,GotSport,Soccer,U-12,EAST GREENWICH SA EGSA PANTHERS 2013,MARLTON SC CHIEFS BLACK 2013,E GREENWICH - THOMPSON FAMILY PARK,,
04/13/2025,15:30,18822538,,GotSport,Soccer,U-9,LOGAN SUPERNOVA 2016,CHERRY HILL FC 2016 JUNIOR BLACK,LOGAN - TWP LINE,,
04/13/2025,15:30,18783484,,GotSport,Soccer,U-11,HADDON TWP RED HAWKS 2014,DELRAN FC SOCCER DELRAN FC KNIGHTS 2014,,,
04/13/2025,15:30,18754818,,GotSport,Soccer,U-11,HAMILTON ELITE FC PREMIER 2015B,FRANKLIN TOWNSHIP YOUTH SOCCER ASSOCIATION KNIGHTS 2014,HAMILTON ELITE FC - HICKORY FIELDS,,
04/13/2025,15:30,18792487,,GotSport,Soccer,U-8,MOUNT LAUREL UNITED (MLU) EAGLES 2017,GATEWAY UNITED SOCCER CLUB GU GATORS B2017,MLU-MARNE HWY,,
04/13/2025,15:30,18783451,,GotSport,Soccer,U-8,HADDON TWP. RED HAWKS 2017,CHERRY HILL SC CHERRY HILL SC COBRAS 2017,,,
04/13/2025,15:30,18783474,,GotSport,Soccer,U-11,CHERRY HILL SC CHERRY HILL SC UNITED 2014,CHERRY HILL FC 2015 JUNIOR RED,CHSC - UPPER CHAPEL TURF,,
04/13/2025,15:30,18755517,,GotSport,Soccer,U-12,RANCOCAS VALLEY SC 2013 BOYS RONALDO,EGG HARBOR SC EAGLES 2013 BLACK,Rancocas Valley-LUMBERTON MUNICIPAL,,
04/13/2025,15:30,18772752,,GotSport,Soccer,U-11,HIGHLAND YOUTH SOCCER CLUB THUNDER 2014,PITMAN SA BENGALS 2014,HIGHLAND - GLOUCESTER TWP PARK,,
04/13/2025,15:30,18793468,,GotSport,Soccer,U-9,WASHINGTON TWP SOCCER CLUB THUNDER 2016,SWEDESBORO WOOLWICH SOCCER ASSOC. SWSA VENOM 2016,WASHINGTON TWP- H.S.,,
04/13/2025,15:30,18770977,,GotSport,Soccer,U-14,GATEWAY UNITED SOCCER CLUB GUSC WILDCATS B2011,PEMBERTON SC PUNISHERS 2011,GATEWAY UTD. - WESTVILLE,,
04/13/2025,15:30,19024867,,GotSport,Soccer,U-16,TBAA STORM 2009,WINSLOW VIPERS 2009,TBAA-VALLEY BROOK,,
04/13/2025,15:30,18814506,,GotSport,Soccer,U-9,WEST DEPTFORD SC WILDCATS 2016,VOORHEES SA DESTROYERS 2016,W DEPTFORD-WD PARK,,
04/13/2025,15:30,18820546,,GotSport,Soccer,U-13,MILLVILLE LYNX 2012,PITMAN SA JAGUARS 2012,MILLVILLE SOCCER COMPLEX,,
04/13/2025,15:30,18755454,,GotSport,Soccer,U-13,AUDUBON SOCCER YOUTH BALLERS 2012,SWEDESBORO WOOLWICH SOCCER ASSOC. SWSA SHARKS 2012,BARRINGTON-WOODLAND SCHOOL,,
04/13/2025,15:30,18700897,,GotSport,Soccer,U-9,HADDONFIELD SC BLACK 2016 B,PITTSGROVE SOCCER CLUB PSC PRIME WHITE '16,HADDONFIELD - CROWS WOODS,,
04/13/2025,15:30,18700826,,GotSport,Soccer,U-12,MAPLE SHADE FORCE 2013,BARRINGTON SC REVOLUTION 2013,MAPLE SHADE - TURF FIELD,,
04/13/2025,15:30,18758210,,GotSport,Soccer,U-14,CINNAMINSON SC VIPERS 2011,PENNSAUKEN YOUTH SOCCER CLUB WARRIORS 2011,CINNAMINSON SC - MEMORIAL,,
04/13/2025,15:30,18701103,,GotSport,Soccer,U-11,CAPE EXPRESS CE ENGINEERS 2014,FRANKLIN TOWNSHIP YOUTH SOCCER ASSOCIATION STORM 2014,CAPE EX SOCCER COMPLEX At Ockie Wisting,,
04/13/2025,15:30,18783572,,GotSport,Soccer,U-13,HADDON TWP WHITE HAWKS 2012,DELRAN FC SOCCER GREY 2013B,HADDON TWP - RECCHINO FIELDS,,
04/13/2025,15:30,18821232,,GotSport,Soccer,U-11,CINNAMINSON SC AVENGERS 2014,VOORHEES SA VIKINGS 2014,CINNAMINSON SC - MEMORIAL,,
04/13/2025,15:30,18821230,,GotSport,Soccer,U-11,WASHINGTON TWP SOCCER CLUB WARRIORS 2014,DELRAN FC COBRAS 2015,WASHINGTON TWP-WASH LAKE PARK,,
04/13/2025,15:30,18720848,,GotSport,Soccer,U-13,WINSLOW DYNAMO 2012,PITTSGROVE SOCCER CLUB PSC WARRIORS '12,,,
04/13/2025,15:30,18758654,,GotSport,Soccer,U-8,EGG HARBOR SC EAGLES 2017,PITTSGROVE SOCCER CLUB PSC RAPTORS ‘17,Egg Harbor Twp HS,,
04/13/2025,15:30,18753950,,GotSport,Soccer,U-8,MEDFORD SC 2017B NAVY (RENEGADES),CHERRY HILL SC DYNAMO (2017),MEDFORD SC - Bob Meyer Memorial Park,,
04/13/2025,15:30,18755577,,GotSport,Soccer,U-10,CINNAMINSON SC PRIME 2015,AUDUBON SOCCER YOUTH BOYS 2015 - HAMMERS,CINNAMINSON SC - MEMORIAL,,
04/13/2025,15:30,18685381,,GotSport,Soccer,U-15,BORDENTOWN FC PANTHERS 2010,EDGEWATER PARK ATHLETIC ASSOCIATION EP WIZARDS 2010,BORDENTOWN - FRIENDSHIP FIELDS,,
04/13/2025,15:30,18747968,,GotSport,Soccer,U-11,HADDONFIELD SC BLACK 2014,MOORESTOWN SC WOLVERINES 2014,HADDONFIELD - CROWS WOODS,,
04/13/2025,15:30,18770978,,GotSport,Soccer,U-14,NORTHERN BURLINGTON SA HOOLIGANS 2011,MEDFORD SC COLUMBIA 2011,Northern Burlington-Mansfield Community Park,,
04/13/2025,15:30,18772724,,GotSport,Soccer,U-10,MEDFORD SC GOLD 2015,DEPTFORD SA THUNDER 2015,MEDFORD - BENDE PARK,,
04/13/2025,15:30,18750886,,GotSport,Soccer,U-14,MANTUA TOWNSHIP SA UNION 2011,CHERRY HILL FC 2011 STALLIONS,MANTUA TWP,,
04/13/2025,15:30,18696063,,GotSport,Soccer,U-9,FRANKLIN TOWNSHIP YOUTH SOCCER ASSOCIATION JERSEY DEVILS 2016,PENNS GROVE SC DRAGONS 2016,FRANKLIN TWP YOUTH COMPLEX,,
04/13/2025,15:30,18752452,,GotSport,Soccer,U-9,HADDONFIELD SC WHITE 2016,RANCOCAS VALLEY SC 2016 BOYS UNITED,HADDONFIELD - CROWS WOODS,,
04/13/2025,15:30,18792484,,GotSport,Soccer,U-8,NORTHERN BURLINGTON FORCE 2017,VOORHEES SA VENOM 2017,NB- MANSFIELD TOWNSHIP ELEMENTARY SCHOOL,,
04/13/2025,15:30,18815512,,GotSport,Soccer,U-13,VOORHEES SA PREDATORS 2013,UPPER TOWNSHIP SA FORCE GREEN 2012,VOORHEES-EASTERN HS,,
04/13/2025,15:30,18730846,,GotSport,Soccer,U-11,UPPER TOWNSHIP SA HURRICANES GREEN 2014,TBAA OUTLAWS 2014,UPPER TWP-Amanda's Field Complex,,
04/13/2025,15:30,18819052,,GotSport,Soccer,U-14,WASHINGTON TWP SOCCER CLUB CHAOS 11/12,HAMMONTON HEAT BOYS 2011,WASHINGTON TWP-WASH LAKE PARK,,
04/13/2025,15:30,18791882,,GotSport,Soccer,U-10,CINNAMINSON SC BANDITS 2015,PITTSGROVE SOCCER CLUB PSC GALAXY '15,CINNAMINSON SC - MEMORIAL,,
04/13/2025,15:30,18770614,,GotSport,Soccer,U-10,PENNSVILLE EAGLES GOLD 2015,LOGAN ARMADA BLACK 2015,PENNSVILLE,,
04/13/2025,15:30,18815526,,GotSport,Soccer,U-13,ATLANTIC UNITED PREMIER KICKERS 2013 B,MARLTON SC CHIEFS WHITE 2012,ATLANTIC - TARTAGLIO,,
04/13/2025,15:30,18747966,,GotSport,Soccer,U-11,WATERFORD ATHLETIC ASSN WINGS 2014,BORDENTOWN FC UNION 2014,WATERFORD - BURNT MILL FIELD,,
04/13/2025,15:30,18753949,,GotSport,Soccer,U-8,HARRISON UNITED 2017,MONROE TOWNSHIP YS 2017 MONROE UNITED,HARRISON - William Wilt Soccer Complex,,
04/13/2025,15:30,18720591,,GotSport,Soccer,U-9,ATLANTIC UNITED PREMIER BLACK 2016 B,CINNAMINSON SC LIGHTNING 2016,ATLANTIC - TARTAGLIO,,
04/13/2025,15:30,18748987,,GotSport,Soccer,U-8,PALMYRA RIVERTON SC RIPPERS 2017,WOODBURY WARRIORS,PAL-RIV CHARLES STREET SCHOOL Spring Season,,
04/13/2025,15:30,18685846,,GotSport,Soccer,U-14,MOUNT LAUREL UNITED (MLU) FLASH 2011,CHERRY HILL SC CHAOS 2011,MLU-TROTTERS,,
04/13/2025,15:30,18758656,,GotSport,Soccer,U-8,UPPER TOWNSHIP SA FLASH 2017,CAPE EXPRESS CE 2017 BARCA,UPPER TWP-Amanda's Field Complex,,
04/13/2025,15:30,18752621,,GotSport,Soccer,U-15,HADDONFIELD SC WHITE 2010,CHERRY HILL SC CHERRY HILL SC THUNDERBOLTS (2010-2011),HADDONFIELD - CROWS WOODS,,
04/13/2025,15:30,18761444,,GotSport,Soccer,U-12,SJ FUTBOL CLUB FLYERS 2014,MONROE UNITED 2013,SJFC - UPPER DEERFIELD RECREATION COMPLEX,,
04/13/2025,15:40,18683048,,GotSport,Soccer,U-19,HARRISON TITANS FÚTBOL ACADEMY,BURLINGTON TOWNSHIP SOCCER BULLS 2007-2008,HARRISON - William Wilt Soccer Complex,,
04/13/2025,15:40,18695882,,GotSport,Soccer,U-14,MAINLAND UNITED SA MUSTANGS WHITE 2011-12 B,PENNS GROVE SC RAGE 2011,MAINLAND - MEMORIAL PARK,,
04/13/2025,15:40,18754979,,GotSport,Soccer,U-13,NORTHERN BURLINGTON SA BLUES 2013,FRANKLIN TOWNSHIP YOUTH SOCCER ASSOCIATION CRUSADERS 2012,NB- MANSFIELD TOWNSHIP ELEMENTARY SCHOOL,,
04/13/2025,15:45,18759188,,GotSport,Soccer,U-10,MOORESTOWN SC DEVIL RAYS 2015,WOODSTOWN WILD 2015,MOORESTOWN - MEMORIAL FIELDS,,
04/13/2025,15:45,18802325,,GotSport,Soccer,U-9,WASHINGTON UNITED SOCCER CLUB WUSC 2016,DELRAN FC UNION 2016,WASHINGTON TWP. - Levy Fields (Virtua),,
04/13/2025,15:45,18802310,,GotSport,Soccer,U-9,EAST GREENWICH SA EGSA CHAOS 2016,MONROE UNITED 2016 BOYS,E GREENWICH - THOMPSON FAMILY PARK,,
04/13/2025,15:45,18771393,,GotSport,Soccer,U-10,CHERRY HILL FC 2015 JUNIOR WHITE,WOODBURY BOLTS,CHFC - DeCOU,,
04/13/2025,15:45,18772739,,GotSport,Soccer,U-11,WEST DEPTFORD SC EAGLES 2014,MARLTON SC CHIEFS BLACK 2014,W DEPTFORD-WD PARK,,
04/13/2025,15:45,18756958,,GotSport,Soccer,U-12,MOORESTOWN SC GOLDEN EAGLES 2013,MEDFORD STRIKERS 2013 BOYS,MOORESTOWN - SALEM RD/PRYOR PARK,,
04/13/2025,15:45,18747967,,GotSport,Soccer,U-11,HARRISON STRIKERS 2014,TBAA REVOLUTION 2014,HARRISON - William Wilt Soccer Complex,,
04/13/2025,15:45,18735670,,GotSport,Soccer,U-8,AUDUBON CROSSFIRE,PITTSGROVE SOCCER CLUB PSC PREDATORS ‘17,AUDUBON PARK FIELD,,
04/13/2025,15:45,18783302,,GotSport,Soccer,U-9,SWEDESBORO WOOLWICH SOCCER ASSOC. SWSA HAVOC 2016,GATEWAY UNITED SOCCER CLUB GUSC THUNDER B2016,SW-Locke Avenue Park,,
04/13/2025,15:45,18752469,,GotSport,Soccer,U-9,MILLVILLE THUNDER 2016,HIGHLAND YOUTH SOCCER CLUB HAVOK 2016,MILLVILLE SOCCER COMPLEX,,
04/13/2025,15:45,18783512,,GotSport,Soccer,U-9,MONROE UNITED 2016 BLUE,VOORHEES SA TITANS 2016,MONROE TWP - CORKERY LANE,,
04/13/2025,15:45,18770613,,GotSport,Soccer,U-10,HARRISON BLUE ARSENAL 2015,BURLINGTON TOWNSHIP SOCCER PHOENIX 2015,HARRISON - William Wilt Soccer Complex,,
04/13/2025,15:45,18822569,,GotSport,Soccer,U-9,COLLINGSWOOD OAKLYN SOCCER CLUB WARRIORS 2016,PALMYRA RIVERTON SC LEGENDARY 2016,COSC- Oaklyn Public School,,
04/13/2025,15:45,18761505,,GotSport,Soccer,U-10,SENECA UNITED SC RAPTORS 2015,UPPER TOWNSHIP SA COMETS WHITE 2015,SENECA - STONEY CREEK FIELDS,,
04/13/2025,15:45,18687273,,GotSport,Soccer,U-12,MEDFORD SC BLUE DEVILS 2013,CHERRY HILL SC THUNDER 2013,MEDFORD - BENDE PARK,,
04/13/2025,15:45,18735655,,GotSport,Soccer,U-8,MANTUA CHAOS 2017,TBAA REVOLUTION 2017,MANTUA TWP,,
04/13/2025,16:00,18758655,,GotSport,Soccer,U-8,MAINLAND UNITED SA MUSTANGS RED 2017 B,HADDONFIELD SC THUNDER 2017,MAINLAND - MEMORIAL PARK,,
04/13/2025,16:00,18695880,,GotSport,Soccer,U-14,PITMAN SA PUMAS 2011,EGG HARBOR SC EAGLES 2011/2012 BLACK,PITMAN - ALCYON LAKE,,
04/13/2025,16:00,18747969,,GotSport,Soccer,U-11,TAR-KILL SOCCER CLUB TARKILL 2015 BLUE,CHERRY HILL SC CHERRY HILL SC WHITE (2014),TARKILL-STERLING HS,,
04/13/2025,16:15,18756960,,GotSport,Soccer,U-12,VINELAND SA UNITED 2013,CAPE EXPRESS CE 2014 UNION,VINELAND SA,,
04/13/2025,16:15,18756995,,GotSport,Soccer,U-10,HADDON HEIGHTS SC 2015 CHEETAHS,MEDFORD STRIKERS 2015 BOYS,HADD HGTS - DEVON,,
04/27/2025,11:00,18735675,,GotSport,Soccer,U-8,HADDONFIELD SC FIRE 2017,TBAA REVOLUTION 2017,HADDONFIELD - CROWS WOODS,,
04/27/2025,11:00,18700900,,GotSport,Soccer,U-9,CHERRY HILL SC CHERRY HILL SC 72S 2016,HADDONFIELD SC BLACK 2016 B,CHSC - UPPER CHAPEL TURF,,
04/27/2025,11:00,18750891,,GotSport,Soccer,U-14,BORDENTOWN FC RENEGADES 2011,MEDFORD STRIKERS 2011 BOYS,BORDENTOWN - FRIENDSHIP FIELDS,,
04/27/2025,11:00,18772710,,GotSport,Soccer,U-10,HIGHLAND YOUTH SOCCER CLUB STORM 2015,MOORESTOWN SC HORNETS 2015,HIGHLAND - GLOUCESTER TWP PARK,,
04/27/2025,11:00,18994531,,GotSport,Soccer,U-11,DEPTFORD PREMIER FC '15 BOYS FUSION,CHERRY HILL FC 2015 JUNIOR RED,DEPTFORD SC,,
04/27/2025,11:00,18685418,,GotSport,Soccer,U-19,SWEDESBORO WOOLWICH SOCCER ASSOC. SWSA SCORPIONS 2008,HIGHLAND YOUTH SOCCER CLUB HURRICANES 2008,SW-Locke Avenue Park,,
04/27/2025,11:00,18761445,,GotSport,Soccer,U-12,MARLTON SC CHIEFS ORANGE 2014,MOUNT LAUREL UNITED (MLU) LIGHTNING 2014,MARLTON - MEMORIAL,,
04/27/2025,11:00,18687276,,GotSport,Soccer,U-12,MARLTON SC CHIEFS WHITE 2013,MAINLAND UNITED SA MUSTANGS RED 2013 B,MARLTON - MEMORIAL,,
04/27/2025,11:00,18695870,,GotSport,Soccer,U-14,MAINLAND UNITED SA MUSTANGS WHITE 2011-12 B,EGG HARBOR SC EAGLES 2011/2012 BLACK,MAINLAND - MEMORIAL PARK,,
04/27/2025,11:00,18815175,,GotSport,Soccer,U-11,WASHINGTON TWP SOCCER CLUB TERROR 2014,SENECA UNITED SC THUNDER 2014,WASHINGTON TWP-WASH LAKE PARK,,
04/27/2025,11:00,18783487,,GotSport,Soccer,U-11,DELRAN FC SOCCER DELRAN FC KNIGHTS 2014,CHERRY HILL SC CHERRY HILL SC UNION 2015,DELRAN-DEUTSCH FIELD,,
04/27/2025,11:00,18770603,,GotSport,Soccer,U-10,HADDONFIELD SC WHITE 2015 B,BURLINGTON TOWNSHIP SOCCER PHOENIX 2015,HADDONFIELD - CROWS WOODS,,
04/27/2025,11:30,18815498,,GotSport,Soccer,U-14,WOODBURY SOCCER CLUB WOODBURY ARMORY 2011,DELRAN FC FLASH 2011,WOODBURY,,
04/27/2025,12:00,18761196,,GotSport,Soccer,U-8,CINNAMINSON SC RED 2017,WASHINGTON TWP SOCCER CLUB REBELS 2017,CINNAMINSON SC - MEMORIAL,,
04/27/2025,12:00,18999219,,GotSport,Soccer,U-12,MOUNT LAUREL UNITED (MLU) GALAXY 2013,WINSLOW SHARKS,MLU-TROTTERS,,
04/27/2025,12:00,18755373,,GotSport,Soccer,U-11,MONROE TOWNSHIP YS UNITED BOYS 2014 BLUE,NORTHERN BURLINGTON BLUE DEVILS 2014,MONROE TWP - CORKERY LANE,,
04/27/2025,12:00,18735674,,GotSport,Soccer,U-8,PITTSGROVE SOCCER CLUB PSC PREDATORS ‘17,SWEDESBORO WOOLWICH SOCCER ASSOC. SWSA PANTHERS 2017,PITTSGROVE-GREEN BRANCH,,
04/27/2025,12:00,18772712,,GotSport,Soccer,U-10,MEDFORD SC GOLD 2015,SWEDESBORO WOOLWICH SOCCER ASSOC. SWSA GUNNERS 2015,MEDFORD - BENDE PARK,,
04/27/2025,12:00,18753522,,GotSport,Soccer,U-10,DEPTFORD SA LIGHTNING 2015,WASHINGTON UNITED SOCCER CLUB WUSC 2015,DEPTFORD SC,,
04/27/2025,12:00,18793379,,GotSport,Soccer,U-12,WOODSTOWN WOLVERINES 2013,MILLVILLE REBELS 2013,WOODSTOWN,,
04/27/2025,12:00,18755520,,GotSport,Soccer,U-12,HAMMONTON HEAT BOYS 2013,AUDUBON SOCCER YOUTH WILD WINGS 2013,HAMMONTON - MOSS MILL RD PARK SOCCER COMPLEX,,
04/27/2025,12:00,18743099,,GotSport,Soccer,U-12,MANTUA TOWNSHIP SA MTSA ELITE 2014,HARRISON SC LIGHTNING 2013,MANTUA TWP,,
04/27/2025,12:00,18752630,,GotSport,Soccer,U-15,CHERRY HILL SC CHERRY HILL SC THUNDERBOLTS (2010-2011),CINNAMINSON SC PIRATES 2010,CHSC - CH WEST HS,,
04/27/2025,12:00,18818836,,GotSport,Soccer,U-15,ATLANTIC UNITED PREMIER STRIKERS 2010/11 B,PALMYRA RIVERTON SC UNION 2010,ATLANTIC - TARTAGLIO,,
04/27/2025,12:00,18730863,,GotSport,Soccer,U-11,TAR-KILL SOCCER CLUB TARKILL CHELSEA 2014,TBAA OUTLAWS 2014,TARKILL-STERLING HS,,
04/27/2025,12:00,18814267,,GotSport,Soccer,U-13,CHERRY HILL FC 2012 JUNIORS BLACK,WASHINGTON TWP SOCCER CLUB PREDATORS 2012,CHFC - DeCOU,,
04/27/2025,12:00,18770980,,GotSport,Soccer,U-14,HARRISON SC ARSENAL 2011,NORTHERN BURLINGTON SA HOOLIGANS 2011,HARRISON - William Wilt Soccer Complex,,
04/27/2025,12:00,18757000,,GotSport,Soccer,U-10,MEDFORD SC WHITE 2015,RANCOCAS VALLEY SC 2015 BOYS STEALTH,MEDFORD SC - Bob Meyer Memorial Park,,
04/27/2025,12:00,18683057,,GotSport,Soccer,U-19,BURLINGTON TOWNSHIP SOCCER BULLS 2007-2008,HIGHLAND YOUTH SOCCER CLUB FUSION,BURLINGTON TWP - PINEWALD AVE,,
04/27/2025,12:00,18758659,,GotSport,Soccer,U-8,CAPE EXPRESS CE 2017 BARCA,MAINLAND UNITED SA MUSTANGS RED 2017 B,CAPE EX SOCCER COMPLEX At Ockie Wisting,,
04/27/2025,12:00,18815174,,GotSport,Soccer,U-11,VOORHEES SA LIGHTNING 2014,DEPTFORD SA UNITED 2014,VOORHEES-Echelon Complex,,
04/27/2025,12:00,18752632,,GotSport,Soccer,U-15,FRANKLIN TOWNSHIP YOUTH SOCCER ASSOCIATION STORM 2010,AUDUBON SOCCER YOUTH UNITED 2010,FRANKLIN TWP YOUTH COMPLEX,,
04/27/2025,12:00,18685471,,GotSport,Soccer,U-16,HIGHLAND YOUTH SOCCER CLUB BOYS 2009,EAST GREENWICH SA EGSA THUNDER 2009,HIGHLAND - GLOUCESTER TWP PARK,,
04/27/2025,12:00,18759177,,GotSport,Soccer,U-10,MAINLAND UNITED SA MUSTANGS RED 2015 B,MONROE TOWNSHIP YS 2015 UNITED BLUE,MAINLAND - MEMORIAL PARK,,
04/27/2025,12:00,18685382,,GotSport,Soccer,U-15,PENNSAUKEN YOUTH SOCCER CLUB CYCLONES 2010,SJ FUTBOL CLUB WOLVES,Pennsauken Community Recreation Facility,,
04/27/2025,12:00,18685435,,GotSport,Soccer,U-19,MEDFORD SC ,MAPLE SHADE AVENGERS 2007,MEDFORD - BENDE PARK,,
04/27/2025,12:15,18771994,,GotSport,Soccer,U-10,HIGHLAND YOUTH SOCCER CLUB LIGHTNING 2015,UPPER TOWNSHIP SA COMETS GREEN 2015,HIGHLAND - GLOUCESTER TWP PARK,,
04/27/2025,12:15,18761507,,GotSport,Soccer,U-10,CHERRY HILL SC CHERRY HILL SC COMETS (2015),SJ FUTBOL CLUB RAMS 2015,CHSC - UPPER CHAPEL TURF,,
04/27/2025,12:30,18755504,,GotSport,Soccer,U-12,MEDFORD SC MAYHEM 2013,EGG HARBOR SC EAGLES 2013 BLACK,MEDFORD - BENDE PARK,,
04/27/2025,12:30,18793411,,GotSport,Soccer,U-10,HADDON TWP RED HAWKS 2015,WASHINGTON TWP SOCCER CLUB RAPTORS 2015,,,
04/27/2025,12:30,18743101,,GotSport,Soccer,U-12,HADDONFIELD SC RED 2013,MONROE TOWNSHIP YS UNITED BOYS 2013 BLUE,HADDONFIELD - CROWS WOODS,,
04/27/2025,12:30,18685835,,GotSport,Soccer,U-14,MAINLAND UNITED SA MUSTANGS RED 2011 B,DEPTFORD SA TORNADOES 2011,MAINLAND - MEMORIAL PARK,,
04/27/2025,12:30,18755549,,GotSport,Soccer,U-11,AUDUBON ATTACK - BOYS 2014,MANTUA TOWNSHIP SA OUTLAWS 2014,AUDUBON PARK FIELD,,
04/27/2025,12:30,18687245,,GotSport,Soccer,U-12,MARLTON SC CHIEFS BLACK 2013,HIGHLAND YOUTH SOCCER CLUB CHAOS 2013,MARLTON - MEMORIAL,,
04/27/2025,12:30,18685850,,GotSport,Soccer,U-14,PITTSGROVE SOCCER CLUB PSC WOLVES '11,MOUNT LAUREL UNITED (MLU) FLASH 2011,PITTSGROVE-GREEN BRANCH,,
04/27/2025,12:30,18821234,,GotSport,Soccer,U-11,DELRAN FC COBRAS 2015,CINNAMINSON SC AVENGERS 2014,DELRAN-DEUTSCH FIELD,,
04/27/2025,12:30,18747976,,GotSport,Soccer,U-11,HARRISON STRIKERS 2014,WATERFORD ATHLETIC ASSN WINGS 2014,HARRISON - William Wilt Soccer Complex,,
04/27/2025,12:30,18822508,,GotSport,Soccer,U-11,MARLTON SC CHIEFS SILVER 2014,DELRAN FC HAWKS 2014,MARLTON - MEMORIAL,,
04/27/2025,12:30,18822541,,GotSport,Soccer,U-9,TAR-KILL SOCCER CLUB TARKILL 2016 BOYS,LOGAN SUPERNOVA 2016,TARKILL-STERLING HS,,
04/27/2025,12:30,18821160,,GotSport,Soccer,U-12,EAST GREENWICH SA EGSA DYNAMO 2013,MOORESTOWN SC RAPTORS 2013,E GREENWICH - THOMPSON FAMILY PARK,,
04/27/2025,12:30,18791902,,GotSport,Soccer,U-10,VOORHEES SA PYTHONS 2015,PITTSGROVE SOCCER CLUB PSC GALAXY '15,VOORHEES-Echelon Complex,,
04/27/2025,12:30,18761446,,GotSport,Soccer,U-12,EGG HARBOR SC EAGLES WHITE 2013,SJ FUTBOL CLUB FLYERS 2014,Egg Harbor Twp HS,,
04/27/2025,12:30,18687244,,GotSport,Soccer,U-12,CHERRY HILL SC CHERRY HILL SC FORCE 2013,EAST GREENWICH SA EGSA PANTHERS 2013,CHSC - UPPER CHAPEL TURF,,
04/27/2025,12:30,18683032,,GotSport,Soccer,U-19,BORDENTOWN FC 2006,PALMYRA RIVERTON SC LEGACY 2006,BORDENTOWN - FRIENDSHIP FIELDS,,
04/27/2025,12:30,18695885,,GotSport,Soccer,U-14,PENNS GROVE SC RAGE 2011,RANCOCAS VALLEY SC BOYS 2011 UNITED,PG-CP-PED- Carney's Point Rec Center,,
04/27/2025,12:30,18754821,,GotSport,Soccer,U-11,FRANKLIN TOWNSHIP YOUTH SOCCER ASSOCIATION KNIGHTS 2014,RANCOCAS VALLEY SC RVSC - '14 FOREST,FRANKLIN TWP YOUTH COMPLEX,,
04/27/2025,12:30,18793471,,GotSport,Soccer,U-9,MAPLE SHADE SHARKS 2016,NORTHERN BURLINGTON BOOM 2016,MAPLE SHADE - TURF FIELD,,
04/27/2025,12:30,18815528,,GotSport,Soccer,U-13,MARLTON SC CHIEFS WHITE 2012,VINELAND SA FURY 2012,MARLTON - MEMORIAL,,
04/27/2025,12:30,18783516,,GotSport,Soccer,U-9,ATLANTIC UNITED PREMIER RED 2016/2017 B,MONROE UNITED 2016 BLUE,ATLANTIC - TARTAGLIO,,
04/27/2025,12:30,18783576,,GotSport,Soccer,U-13,PALMYRA RIVERTON SC YOUNGBLOODS 2013,HADDON TWP WHITE HAWKS 2012,PAL-RIV - LEGION FIELD 11v11,,
04/27/2025,12:30,18783575,,GotSport,Soccer,U-13,WEST DEPTFORD SC UNION 2012,HARRISON WILDCATS 2012,W DEPTFORD-WD PARK,,
04/27/2025,12:30,18700830,,GotSport,Soccer,U-12,PALMYRA RIVERTON SC HURRICANES 2013,MAPLE SHADE FORCE 2013,PAL-RIV CHARLES STREET SCHOOL Spring Season,,
04/27/2025,12:30,18759191,,GotSport,Soccer,U-10,HADDONFIELD SC BLACK 2015 B,MOORESTOWN SC DEVIL RAYS 2015,HADDONFIELD - CROWS WOODS,,
04/27/2025,12:30,18742817,,GotSport,Soccer,U-10,EDGEWATER PARK ATHLETIC ASSOCIATION EP WARRIORS 2015,COHANSEY SC DYNAMO 2015,,,
04/27/2025,12:30,18743100,,GotSport,Soccer,U-12,HIGHLAND YOUTH SOCCER CLUB FURY 2013,HADDON HEIGHTS SC 2013 YOUNG BOYS,HIGHLAND - GLOUCESTER TWP PARK,,
04/27/2025,12:30,18814511,,GotSport,Soccer,U-9,EGG HARBOR SC EAGLES 2016 BLACK,SENECA UNITED SC RAPTORS 2016,Egg Harbor Twp HS,,
04/27/2025,12:30,18700829,,GotSport,Soccer,U-12,PITMAN SA TOMCATS 2013,MOORESTOWN SC DRAGONS 2013,PITMAN-LAMBS ROAD,,
04/27/2025,12:30,18815469,,GotSport,Soccer,U-14,VOORHEES SA BLUES 2011,VINELAND SA STRIKERS 2011,VOORHEES-EASTERN HS,,
04/27/2025,12:30,18802328,,GotSport,Soccer,U-9,EAST GREENWICH SA EGSA CHAOS 2016,WASHINGTON UNITED SOCCER CLUB WUSC 2016,E GREENWICH - THOMPSON FAMILY PARK,,
04/27/2025,12:30,18822573,,GotSport,Soccer,U-9,WEST DEPTFORD SC TSUNAMI 2016,COLLINGSWOOD OAKLYN SOCCER CLUB WARRIORS 2016,W DEPTFORD-WD PARK,,
04/27/2025,12:30,18760235,,GotSport,Soccer,U-8,LOGAN BOOM 2017,WEST DEPTFORD SC DRAGONS 2017,LOGAN - TWP LINE,,
04/27/2025,12:30,18815470,,GotSport,Soccer,U-14,MOORESTOWN SC BLACK KNIGHTS 2011,MONROE TOWNSHIP YS UNITED BOYS 2011 BLUE,MOORESTOWN - MEMORIAL FIELDS,,
04/27/2025,12:30,18701106,,GotSport,Soccer,U-11,PITTSGROVE SOCCER CLUB PSC PHANTOMS '14,CINNAMINSON SC CHARGERS 2014,PITTSGROVE-GREEN BRANCH,,
04/27/2025,12:30,18802329,,GotSport,Soccer,U-9,DELRAN FC UNION 2016,CHERRY HILL SC CHERRY HILL SC THUNDER (2016),DELRAN-DEUTSCH FIELD,,
04/27/2025,12:30,18755375,,GotSport,Soccer,U-11,MOORESTOWN SC GUARDIANS 2014,HADDON TWP WHITE HAWKS 2015,MOORESTOWN - SALEM RD/PRYOR PARK,,
04/27/2025,12:30,18754990,,GotSport,Soccer,U-13,CINNAMINSON SC SKULLS 2012,MEDFORD SC DESTROYERS 2012,CINNAMINSON SC - MEMORIAL,,
04/27/2025,12:30,18783514,,GotSport,Soccer,U-9,VOORHEES SA TITANS 2016,LOGAN APOLLO 2016,VOORHEES-Echelon Complex,,
04/27/2025,12:30,18695998,,GotSport,Soccer,U-12,VINELAND TERMINATORS 2013,HARRISON WOLFPACK 2013,VINELAND SA,,
04/27/2025,12:30,18753523,,GotSport,Soccer,U-10,SWEDESBORO WOOLWICH SOCCER ASSOC. SWSA STRIKERS 2015,MOORESTOWN SC VIPERS 2015,SW-Locke Avenue Park,,
04/27/2025,12:30,18695966,,GotSport,Soccer,U-11,PENNSAUKEN YOUTH SOCCER CLUB AVENGERS 2014,HADDONFIELD SC RED 2014 B,Pennsauken Community Recreation Facility,,
04/27/2025,12:30,18792494,,GotSport,Soccer,U-8,CINNAMINSON SC RAIDERS 2017,NORTHERN BURLINGTON FORCE 2017,CINNAMINSON SC - MEMORIAL,,
04/27/2025,12:30,18762686,,GotSport,Soccer,U-8,WASHINGTON TWP SOCCER CLUB WOLVES 2017,HARRISON HURRICANES 2017,WASHINGTON TWP. - Levy Fields (Virtua),,
04/27/2025,12:30,18685472,,GotSport,Soccer,U-16,DEPTFORD AVENGERS 2009,TAR-KILL SOCCER CLUB TARKILL BLUE DEVILS 2009,DEPTFORD SC,,
04/27/2025,12:30,18762656,,GotSport,Soccer,U-10,MANTUA TOWNSHIP SA FROGS 2015,HARRISON BLUE REBELS 2015,MANTUA TWP,,
04/27/2025,12:30,18769282,,GotSport,Soccer,U-13,LOGAN FORCE 2012,VINELAND SA JERSEY BOYZ 2012,LOGAN - TWP LINE,,
04/27/2025,12:30,18815515,,GotSport,Soccer,U-13,UPPER TOWNSHIP SA FORCE GREEN 2012,BURLINGTON TOWNSHIP SOCCER DRAGONS 2012,UPPER TWP-Amanda's Field Complex,,
04/27/2025,12:40,18755457,,GotSport,Soccer,U-13,SWEDESBORO WOOLWICH SOCCER ASSOC. SWSA SHARKS 2012,HADDONFIELD SC RED 2012,SW-Locke Avenue Park,,
04/27/2025,12:40,18820550,,GotSport,Soccer,U-13,WINSLOW GREEN DRAGONS 2012,MILLVILLE LYNX 2012,,,
04/27/2025,12:45,18822507,,GotSport,Soccer,U-11,PENNSVILLE EAGLES 2014,MEDFORD SC GOLD 2014,PENNSVILLE,,
04/27/2025,13:00,18747975,,GotSport,Soccer,U-11,BORDENTOWN FC UNION 2014,CHERRY HILL SC CHERRY HILL SC WHITE (2014),BORDENTOWN - FRIENDSHIP FIELDS,,
04/27/2025,13:00,18999220,,GotSport,Soccer,U-12,WOODBURY SOCCER CLUB WOODBURY BISON 2013,BERLIN SOCCER CLUB BULLDOGS 2013,WOODBURY,,
04/27/2025,13:15,18772727,,GotSport,Soccer,U-10,DEPTFORD SA THUNDER 2015,EAST GREENWICH SA EGSA TIGERS 2015,DEPTFORD SC,,
04/27/2025,13:15,18700932,,GotSport,Soccer,U-9,PITTSGROVE SOCCER CLUB PSC PRIME BLACK '16,MOORESTOWN SC UNITED 2016,PITTSGROVE-GREEN BRANCH,,
04/27/2025,13:15,18756963,,GotSport,Soccer,U-12,CAPE EXPRESS CE 2014 UNION,CINNAMINSON SC THUNDERBIRDS 2013,CAPE EX SOCCER COMPLEX At Ockie Wisting,,
04/27/2025,13:15,18720594,,GotSport,Soccer,U-9,CINNAMINSON SC LIGHTNING 2016,MAINLAND UNITED SA MUSTANGS RED 2016 B,CINNAMINSON SC - MEMORIAL,,
04/27/2025,13:15,18761447,,GotSport,Soccer,U-12,MONROE UNITED 2013,CAPE EXPRESS AVENGERS 2013,MONROE TWP - CORKERY LANE,,
04/27/2025,13:15,18755550,,GotSport,Soccer,U-11,HAMMONTON HEAT BOYS 2014,HADDON HEIGHTS SC 2014 MIGHTY TITANS,HAMMONTON - MOSS MILL RD PARK SOCCER COMPLEX,,
04/27/2025,13:15,18753938,,GotSport,Soccer,U-8,MEDFORD SC 2017B NAVY (RENEGADES),EAST GREENWICH SA EGSA UNITED 2017,MEDFORD SC - Bob Meyer Memorial Park,,
04/27/2025,13:15,18742816,,GotSport,Soccer,U-10,MAINLAND UNITED SA MUSTANGS WHITE 2015-16 B,SWEDESBORO WOOLWICH SOCCER ASSOC. SWSA HONEY BADGERS 2015,MAINLAND - MEMORIAL PARK,,
04/27/2025,13:15,18821161,,GotSport,Soccer,U-12,VOORHEES SA RAPTORS 2013,UPPER TOWNSHIP SA CYCLONES 2013,VOORHEES-Echelon Complex,,
04/27/2025,13:15,18760734,,GotSport,Soccer,U-9,MEDFORD SC COLUMBIA 2016,HADDON TWP RED HAWKS 2016,MEDFORD - BENDE PARK,,
04/27/2025,13:15,18818851,,GotSport,Soccer,U-15,WOODSTOWN WOLVERINES 2010,MILLVILLE VENOM 2010,WOODSTOWN,,
04/27/2025,13:30,18792495,,GotSport,Soccer,U-8,MOUNT LAUREL UNITED (MLU) EAGLES 2017,BURLINGTON TOWNSHIP SOCCER FIRE 2017,MLU-MARNE HWY,,
04/27/2025,13:30,18760736,,GotSport,Soccer,U-9,HIGHLAND YOUTH SOCCER CLUB MAYHEM,RANCOCAS VALLEY SC 2016 BOYS PREMIER,HIGHLAND - GLOUCESTER TWP PARK,,
04/27/2025,13:30,18687277,,GotSport,Soccer,U-12,TAR-KILL SOCCER CLUB TARKILL KNIGHTS 2013,MEDFORD SC BLUE DEVILS 2013,TARKILL-STERLING HS,,
04/27/2025,13:30,18750904,,GotSport,Soccer,U-14,MANTUA TOWNSHIP SA UNION 2011,HADDONFIELD SC RED 2011,MANTUA TWP,,
04/27/2025,13:30,18783455,,GotSport,Soccer,U-8,CHERRY HILL SC CHERRY HILL SC COBRAS 2017,HADDONFIELD SC REBELS 2017,CHSC - UPPER CHAPEL TURF,,
04/27/2025,13:30,18783587,,GotSport,Soccer,U-15,HARRISON SC STORM 2010,EAST GREENWICH SA EGSA BLAZE 2010,HARRISON - William Wilt Soccer Complex,,
04/27/2025,13:45,18734133,,GotSport,Soccer,U-14,MEDFORD SC RENEGADES 2011,LOGAN BLAZE 2011,MEDFORD - BENDE PARK,,
04/27/2025,13:45,18685434,,GotSport,Soccer,U-19,WASHINGTON TWP SOCCER CLUB SPARTANS 2007,MILLVILLE PHANTOMS 2007,WASHINGTON TWP-WASH LAKE PARK,,
04/27/2025,13:45,18696011,,GotSport,Soccer,U-12,CHERRY HILL FC 2013 RED HAWKS,WASHINGTON TWP SOCCER CLUB DAREDEVILS 2013,CHFC - DeCOU,,
04/27/2025,13:45,18769283,,GotSport,Soccer,U-13,HIGHLAND YOUTH SOCCER CLUB FORCE 2012,VOORHEES SA FORCE 2012,HIGHLAND - GLOUCESTER TWP PARK,,
04/27/2025,13:45,18758212,,GotSport,Soccer,U-14,PENNSAUKEN YOUTH SOCCER CLUB WARRIORS 2011,CHERRY HILL FC 2011 AVENGERS,Pennsauken Community Recreation Facility,,
04/27/2025,13:45,18685848,,GotSport,Soccer,U-14,CHERRY HILL SC CHAOS 2011,HARRISON SC THUNDER 2011,CHSC - CH WEST HS,,
04/27/2025,13:45,18754988,,GotSport,Soccer,U-13,FRANKLIN TOWNSHIP YOUTH SOCCER ASSOCIATION CRUSADERS 2012,MARLTON SC CHIEFS BLACK 2012,FRANKLIN TWP YOUTH COMPLEX,,
04/27/2025,14:00,18754989,,GotSport,Soccer,U-13,PITTSGROVE SOCCER CLUB PSC REVOLUTION '13,NORTHERN BURLINGTON SA BLUES 2013,PITTSGROVE-GREEN BRANCH,,
04/27/2025,14:00,18747974,,GotSport,Soccer,U-11,MOORESTOWN SC WOLVERINES 2014,TBAA REVOLUTION 2014,MOORESTOWN - SALEM RD/PRYOR PARK,,
04/27/2025,14:00,18742815,,GotSport,Soccer,U-10,MANTUA VIPERS 2015-2016,WATERFORD ATHLETIC ASSN WINGS 2015,MANTUA TWP,,
04/27/2025,14:00,18756961,,GotSport,Soccer,U-12,PENNSAUKEN YOUTH SOCCER CLUB REBELS 2013,MOORESTOWN SC GOLDEN EAGLES 2013,Pennsauken Community Recreation Facility,,
04/27/2025,14:00,18755360,,GotSport,Soccer,U-11,TBAA SYNDICATE 2014,MOUNT LAUREL UNITED (MLU) COBRAS 2014,TBAA-VALLEY BROOK,,
04/27/2025,14:00,18755455,,GotSport,Soccer,U-13,EAST GREENWICH SA EGSA VENOM 2012,NORTHERN BURLINGTON SA RANGERS 2012,E GREENWICH - THOMPSON FAMILY PARK,,
04/27/2025,14:00,18755521,,GotSport,Soccer,U-12,PITTSGROVE SOCCER CLUB PSC PYTHONS '13,RANCOCAS VALLEY SC 2013 BOYS RONALDO,PITTSGROVE-GREEN BRANCH,,
04/27/2025,14:00,18755551,,GotSport,Soccer,U-11,MEDFORD SC CAROLINA 2014,CHERRY HILL SC CHERRY HILL SC FORCE 2014,MEDFORD - BENDE PARK,,
04/27/2025,14:00,18755580,,GotSport,Soccer,U-10,VOORHEES SA COBRAS 2015,HADDONFIELD SC RED 2015 B,VOORHEES-Echelon Complex,,
04/27/2025,14:00,18755579,,GotSport,Soccer,U-10,AUDUBON SOCCER YOUTH BOYS 2015 - HAMMERS,EAST GREENWICH SA EGSA BLACK KNIGHTS 2015,AUDUBON PARK FIELD,,
04/27/2025,14:00,18730864,,GotSport,Soccer,U-11,UPPER TOWNSHIP SA HURRICANES GREEN 2014,VOORHEES SA KNIGHTS 2014,UPPER TWP-Amanda's Field Complex,,
04/27/2025,14:00,18756948,,GotSport,Soccer,U-12,VINELAND SA UNITED 2013,MEDFORD STRIKERS 2013 BOYS,VINELAND SA,,
04/27/2025,14:00,18758213,,GotSport,Soccer,U-14,VOORHEES SA ATTACK 2011,UPPER TOWNSHIP SA TSUNAMIS 2011,VOORHEES-EASTERN HS,,
04/27/2025,14:00,18758657,,GotSport,Soccer,U-8,HADDONFIELD SC THUNDER 2017,EGG HARBOR SC EAGLES 2017,HADDONFIELD - CROWS WOODS,,
04/27/2025,14:00,18760238,,GotSport,Soccer,U-8,DELRAN FC RAPTORS 2017,AUDUBON BOYS 2017 TEAM 2,DELRAN-DEUTSCH FIELD,,
04/27/2025,14:00,18760735,,GotSport,Soccer,U-9,MOORESTOWN SC WARRIORS 2016,HARRISON HORNETS 2016,MOORESTOWN - MEMORIAL FIELDS,,
04/27/2025,14:00,18701107,,GotSport,Soccer,U-11,ATLANTIC UNITED PREMIER KICKERS 2014 B,CAPE EXPRESS CE ENGINEERS 2014,ATLANTIC - TARTAGLIO,,
04/27/2025,14:00,18701105,,GotSport,Soccer,U-11,FRANKLIN TOWNSHIP YOUTH SOCCER ASSOCIATION STORM 2014,UPPER TOWNSHIP SA HURRICANES WHITE 2014,FRANKLIN TWP YOUTH COMPLEX,,
04/27/2025,14:00,18762624,,GotSport,Soccer,U-10,WEST DEPTFORD SC COBRAS 2015,LOGAN ARMADA BLUE 2015,W DEPTFORD-WD PARK,,
04/27/2025,14:00,18762658,,GotSport,Soccer,U-10,ATLANTIC UNITED PREMIER FIRE 2015 B,PALMYRA RIVERTON SC NATIONALS 2015,ATLANTIC - TARTAGLIO,,
04/27/2025,14:00,18700931,,GotSport,Soccer,U-9,MARLTON SC CHIEFS ORANGE 2016,MANTUA TOWNSHIP SA MAMBAS 2016,MARLTON - MEMORIAL,,
04/27/2025,14:00,18763793,,GotSport,Soccer,U-13,EDGEWATER PARK ATHLETIC ASSOCIATION EP UNITED 2012,WEST DEPTFORD SC WARRIORS 2013,,,
04/27/2025,14:00,18770616,,GotSport,Soccer,U-10,LOGAN ARMADA BLACK 2015,HARRISON BLUE ARSENAL 2015,LOGAN - TWP LINE,,
04/27/2025,14:00,18770618,,GotSport,Soccer,U-10,CINNAMINSON SC PIRATES SEA DOGS 2015,PENNSVILLE EAGLES GOLD 2015,CINNAMINSON SC - MEMORIAL,,
04/27/2025,14:00,18769284,,GotSport,Soccer,U-13,MAINLAND UNITED SA MUSTANGS RED 2012 B,GATEWAY UNITED SOCCER CLUB GUSC STINGRAYS B2012,MAINLAND - MEMORIAL PARK,,
04/27/2025,14:00,18696065,,GotSport,Soccer,U-9,EAST GREENWICH SA EGSA LIONS 2016,FRANKLIN TOWNSHIP YOUTH SOCCER ASSOCIATION JERSEY DEVILS 2016,E GREENWICH - THOMPSON FAMILY PARK,,
04/27/2025,14:00,18696064,,GotSport,Soccer,U-9,BARRINGTON SC STORM 2016,WINSLOW KINGS 2016,BARRINGTON-DEERE FIELD,,
04/27/2025,14:00,18696066,,GotSport,Soccer,U-9,PENNS GROVE SC DRAGONS 2016,CINNAMINSON SC CHAOS 2016,PG-CP-PED- Carney's Point Rec Center,,
04/27/2025,14:00,18771397,,GotSport,Soccer,U-10,EGG HARBOR SC EAGLES 2015 BLACK,CHERRY HILL FC 2015 JUNIOR WHITE,Egg Harbor Twp HS,,
04/27/2025,14:00,18772756,,GotSport,Soccer,U-11,PITMAN SA BENGALS 2014,MARLTON SC CHIEFS BLACK 2014,PITMAN-LAMBS ROAD,,
04/27/2025,14:00,18772757,,GotSport,Soccer,U-11,WEST DEPTFORD SC EAGLES 2014,EAST GREENWICH SA EGSA STARS 2014,W DEPTFORD-WD PARK,,
04/27/2025,14:00,18772740,,GotSport,Soccer,U-11,HIGHLAND YOUTH SOCCER CLUB THUNDER 2014,LOGAN CHARGE BLACK 2014,HIGHLAND - GLOUCESTER TWP PARK,,
04/27/2025,14:00,18695868,,GotSport,Soccer,U-14,PITMAN SA PUMAS 2011,CHERRY HILL FC 2011/2012 COBRAS,PITMAN - ALCYON LAKE,,
04/27/2025,14:00,18687275,,GotSport,Soccer,U-12,CHERRY HILL SC THUNDER 2013,SJ FUTBOL CLUB SOUNDERS 2013,CHSC - UPPER CHAPEL TURF,,
04/27/2025,14:00,18783515,,GotSport,Soccer,U-9,GATEWAY UNITED SOCCER CLUB GUSC GATORS B2016/2017,UPPER TOWNSHIP SA THUNDER 2016,GATEWAY UTD. - LANGSTON FIELD,,
04/27/2025,14:00,18791901,,GotSport,Soccer,U-10,MAPLE SHADE WILD 2015,MILLVILLE WARRIORS 2015,MAPLE SHADE - TURF FIELD,,
04/27/2025,14:00,18792493,,GotSport,Soccer,U-8,VOORHEES SA VENOM 2017,GATEWAY UNITED SOCCER CLUB GU GATORS B2017,VOORHEES-Echelon Complex,,
04/27/2025,14:00,18793245,,GotSport,Soccer,U-11,GATEWAY UNITED SOCCER CLUB GU GREYHOUNDS 2014,PITTSGROVE SOCCER CLUB PSC MAVERICKS '14,GATEWAY UTD. - WESTVILLE,,
04/27/2025,14:00,18793380,,GotSport,Soccer,U-12,HADDONFIELD SC BLACK 2013,COLLINGSWOOD OAKLYN SOCCER CLUB TITANS 2013,HADDONFIELD - CROWS WOODS,,
04/27/2025,14:00,18793378,,GotSport,Soccer,U-12,LOGAN FLASH 2013,CINNAMINSON SC STRIKERS 2013,LOGAN - TWP LINE,,
04/27/2025,14:00,18793470,,GotSport,Soccer,U-9,SWEDESBORO WOOLWICH SOCCER ASSOC. SWSA VENOM 2016,AUDUBON 2016 BOYS,SW-Locke Avenue Park,,
04/27/2025,14:00,18793472,,GotSport,Soccer,U-9,HADDON TWP WHITE HAWKS 2016,WASHINGTON TWP SOCCER CLUB THUNDER 2016,,,
04/27/2025,14:00,18814268,,GotSport,Soccer,U-13,DELRAN FC SOCCER DELRAN FC UNITED 2013,PITTSGROVE SOCCER CLUB PSC SPURS '12,Delran Middle School,,
04/27/2025,14:00,18815173,,GotSport,Soccer,U-11,MARLTON SC CHIEFS ORANGE 2015,SWEDESBORO WOOLWICH SOCCER ASSOC. SWSA LIGHTNING 2014,MARLTON - MEMORIAL,,
04/27/2025,14:00,18815500,,GotSport,Soccer,U-14,CINNAMINSON SC STORM 2011,WEST DEPTFORD SC WOLFPACK 2011,CINNAMINSON SC - MEMORIAL,,
04/27/2025,14:00,18820548,,GotSport,Soccer,U-13,TAR-KILL SOCCER CLUB TARKILL BARCELONA 2012,CHERRY HILL SC ROYALS 2012,TARKILL-STERLING HS,,
04/27/2025,14:00,18818850,,GotSport,Soccer,U-15,MARLTON SC CHIEFS WHITE 2010,WINSLOW SLAYERS 2010,MARLTON - MEMORIAL,,
04/27/2025,14:00,18819054,,GotSport,Soccer,U-14,PALMYRA RIVERTON SC WARRIORS 2011,WASHINGTON TWP SOCCER CLUB CHAOS 11/12,PAL-RIV - LEGION FIELD 11v11,,
04/27/2025,14:00,18999218,,GotSport,Soccer,U-12,PENNSVILLE EAGLES 2013,MAINLAND UNITED SA MUSTANGS WHITE 2013-14 B,PENNSVILLE,,
04/27/2025,14:00,18821233,,GotSport,Soccer,U-11,EGG HARBOR SC EAGLES 2014,WASHINGTON TWP SOCCER CLUB WARRIORS 2014,Egg Harbor Twp HS,,
04/27/2025,14:00,18822506,,GotSport,Soccer,U-11,PALMYRA RIVERTON SC TORNADOES 2014,HADDON TWP WHITE HAWKS 2014,PAL-RIV CHARLES STREET SCHOOL Spring Season,,
04/27/2025,14:00,18822572,,GotSport,Soccer,U-9,HARRISON HURRICANES 2016,UPPER TOWNSHIP SA BREAKERS 2016,HARRISON - William Wilt Soccer Complex,,
04/27/2025,14:10,18685369,,GotSport,Soccer,U-15,BORDENTOWN FC PANTHERS 2010,WASHINGTON TWP SOCCER CLUB RENEGADES 2010,BORDENTOWN - FRIENDSHIP FIELDS,,
04/27/2025,14:10,18815468,,GotSport,Soccer,U-14,WINSLOW WILDCATS 2011,DELRAN FC BLAST 2011,,,
04/27/2025,14:10,18734131,,GotSport,Soccer,U-14,SWEDESBORO WOOLWICH SOCCER ASSOC. SWSA RED FLAMES 2011,TBAA TITANS 2011,SW-Locke Avenue Park,,
04/27/2025,14:30,18791900,,GotSport,Soccer,U-10,CINNAMINSON SC BANDITS 2015,MARLTON SC CHIEFS WHITE 2015,CINNAMINSON SC - MEMORIAL,,
04/27/2025,14:30,18758658,,GotSport,Soccer,U-8,PITTSGROVE SOCCER CLUB PSC RAPTORS ‘17,UPPER TOWNSHIP SA FLASH 2017,PITTSGROVE-GREEN BRANCH,,
04/27/2025,14:30,18819055,,GotSport,Soccer,U-14,HAMMONTON HEAT BOYS 2011,MOORESTOWN SC LIGHTNING 2011,HAMMONTON - MOSS MILL RD PARK SOCCER COMPLEX,,
04/27/2025,14:30,18771395,,GotSport,Soccer,U-10,WOODBURY BOLTS,MOUNT LAUREL UNITED (MLU) SHARKS 2015,WOODBURY,,
04/27/2025,14:30,18814269,,GotSport,Soccer,U-13,CAPE EXPRESS WHITE CAPS 2012,DEPTFORD SA THUNDER 2012,CAPE EX SOCCER COMPLEX At Ockie Wisting,,
04/27/2025,14:30,18820571,,GotSport,Soccer,U-13,COLLINGSWOOD OAKLYN SOCCER CLUB KNIGHTS 2012,SENECA UNITED SC PRIDE 2012,WOODBURY,,
04/27/2025,14:30,18783454,,GotSport,Soccer,U-8,MEDFORD SC 2017B WHITE (LIGHTNING),HADDON TWP. RED HAWKS 2017,MEDFORD - BENDE PARK,,
04/27/2025,14:30,18771996,,GotSport,Soccer,U-10,MAINLAND UNITED SA MUSTANGS BLACK 2015 B,EGG HARBOR SC EAGLES 2015 WHITE,MAINLAND - MEMORIAL PARK,,
04/27/2025,14:30,18783456,,GotSport,Soccer,U-8,BORDENTOWN FC REVOLUTION 2017,CHERRY HILL FC 2017 JUNIOR BLACK,BORDENTOWN - FRIENDSHIP FIELDS,,
04/27/2025,14:30,18762626,,GotSport,Soccer,U-10,DEPTFORD SA CYCLONES 2015,PENNSVILLE EAGLES BLUE 2015,DEPTFORD SC,,
04/27/2025,14:30,18783305,,GotSport,Soccer,U-9,MEDFORD SC WHITE 2016,SWEDESBORO WOOLWICH SOCCER ASSOC. SWSA HAVOC 2016,MEDFORD SC - Bob Meyer Memorial Park,,
04/27/2025,14:30,18821235,,GotSport,Soccer,U-11,VOORHEES SA VIKINGS 2014,COLLINGSWOOD OAKLYN SOCCER CLUB OUTLAWS 2014,VOORHEES-Echelon Complex,,
04/27/2025,14:45,18752472,,GotSport,Soccer,U-9,HIGHLAND YOUTH SOCCER CLUB HAVOK 2016,RANCOCAS VALLEY SC 2016 BOYS UNITED,HIGHLAND - GLOUCESTER TWP PARK,,
04/27/2025,14:45,18753952,,GotSport,Soccer,U-8,CHERRY HILL SC DYNAMO (2017),HARRISON UNITED 2017,CHSC - UPPER CHAPEL TURF,,
04/27/2025,14:45,18753953,,GotSport,Soccer,U-8,MONROE TOWNSHIP YS 2017 MONROE UNITED,WASHINGTON UNITED SOCCER CLUB WUSC 2017,MONROE TWP - CORKERY LANE,,
04/27/2025,14:45,18755581,,GotSport,Soccer,U-10,MOUNT LAUREL UNITED (MLU) KNIGHTS 2015 BOYS,CINNAMINSON SC PRIME 2015,MLU-MARNE HWY,,
04/27/2025,15:00,18793244,,GotSport,Soccer,U-11,WOODSTOWN WOLFPACK 2014,BURLINGTON TOWNSHIP SOCCER DYNAMITE 2014,WOODSTOWN,,
04/27/2025,15:00,18822542,,GotSport,Soccer,U-9,CHERRY HILL FC 2016 JUNIOR BLACK,FRANKLIN TOWNSHIP YOUTH SOCCER ASSOCIATION UNITED 2016,CHFC - DeCOU,,
04/27/2025,15:00,18747977,,GotSport,Soccer,U-11,TAR-KILL SOCCER CLUB TARKILL 2015 BLUE,HADDONFIELD SC BLACK 2014,TARKILL-STERLING HS,,
04/27/2025,15:15,18720837,,GotSport,Soccer,U-13,HARRISON SC STRIKERS 2012,RANCOCAS VALLEY SC 2012 BOYS AVENGERS,HARRISON - William Wilt Soccer Complex,,
04/27/2025,15:20,18683059,,GotSport,Soccer,U-19,GATEWAY UNITED SOCCER CLUB GUSC WARRIORS B2006,HIGHLAND YOUTH SOCCER CLUB GALAXY 2008,GATEWAY UTD. - WESTVILLE,,
04/27/2025,15:20,18685473,,GotSport,Soccer,U-16,BURLINGTON TOWNSHIP SOCCER CELTIC 2010,NORTHERN BURLINGTON SA BULLDOGS 2009,BURLINGTON TWP - PINEWALD AVE,,
04/27/2025,15:20,18752629,,GotSport,Soccer,U-15,TBAA DYNAMO 2010,MAPLE SHADE BEST ELEVEN 2010,TBAA-VALLEY BROOK,,
04/27/2025,15:30,18720851,,GotSport,Soccer,U-13,TAR-KILL SOCCER CLUB TARKILL LIVERPOOL 2012,WINSLOW DYNAMO 2012,TARKILL-STERLING HS,,
04/27/2025,15:30,18750906,,GotSport,Soccer,U-14,EGG HARBOR SC EAGLES BLACK 2011,CHERRY HILL FC 2011 STALLIONS,Egg Harbor Twp HS,,
04/27/2025,15:30,18683058,,GotSport,Soccer,U-19,MAINLAND UNITED SA MUSTANGS 2009 B,HARRISON TITANS FÚTBOL ACADEMY,MAINLAND - MEMORIAL PARK,,
04/27/2025,15:30,18783574,,GotSport,Soccer,U-13,DELRAN FC SOCCER GREY 2013B,LOGAN FUSION 2012,Delran Middle School,,
04/27/2025,15:30,18756985,,GotSport,Soccer,U-10,VINELAND AVENGERS 2015,MEDFORD STRIKERS 2015 BOYS,VINELAND SA,,
04/27/2025,15:30,18783486,,GotSport,Soccer,U-11,CHERRY HILL SC CHERRY HILL SC UNITED 2014,HADDON TWP RED HAWKS 2014,CHSC - UPPER CHAPEL TURF,,
04/27/2025,15:30,18822543,,GotSport,Soccer,U-9,CINNAMINSON SC TITANS 2016,COLLINGSWOOD OAKLYN SOCCER CLUB SPARTANS 2016,CINNAMINSON SC - MEMORIAL,,
04/27/2025,15:30,18815514,,GotSport,Soccer,U-13,ATLANTIC UNITED PREMIER KICKERS 2013 B,VOORHEES SA PREDATORS 2013,ATLANTIC - TARTAGLIO,,
04/27/2025,15:30,18820549,,GotSport,Soccer,U-13,PITMAN SA JAGUARS 2012,BERLIN SOCCER CLUB BALL BREAKERS 2012,PITMAN - ALCYON LAKE,,
04/27/2025,15:30,18720852,,GotSport,Soccer,U-13,PITTSGROVE SOCCER CLUB PSC WARRIORS '12,CINNAMINSON SC CHARGE 2012,PITTSGROVE-GREEN BRANCH,,
04/27/2025,15:30,18752631,,GotSport,Soccer,U-15,EAST GREENWICH SA EGSA CHARGERS 2010,HADDONFIELD SC WHITE 2010,E GREENWICH - THOMPSON FAMILY PARK,,
04/27/2025,15:30,18815485,,GotSport,Soccer,U-14,WASHINGTON TWP SOCCER CLUB REGULATORS 2011,BURLINGTON TOWNSHIP SOCCER REBELS 2011,WASHINGTON TWP-WASH LAKE PARK,,
04/27/2025,15:30,18720609,,GotSport,Soccer,U-9,ATLANTIC UNITED PREMIER BLACK 2016 B,DELRAN FC SOCCER SHARKS 2016,ATLANTIC - TARTAGLIO,,
04/27/2025,15:30,18695968,,GotSport,Soccer,U-11,MARLTON SC CHIEFS WHITE 2014,RANCOCAS VALLEY SC RVSC '14 - CELTIC,MARLTON - MEMORIAL,,
04/27/2025,15:30,18999221,,GotSport,Soccer,U-12,MOORESTOWN SC THUNDER 2013,WASHINGTON TWP SOCCER CLUB RAPTORS 2013,MOORESTOWN - SALEM RD/PRYOR PARK,,
04/27/2025,15:30,18783598,,GotSport,Soccer,U-15,VOORHEES SA WARRIORS 2010,HIGHLAND YOUTH SOCCER CLUB RAPTORS 2010,VOORHEES-EASTERN HS,,
04/27/2025,15:30,18755456,,GotSport,Soccer,U-13,PENNSVILLE EAGLES 2012,AUDUBON SOCCER YOUTH BALLERS 2012,PENNSVILLE,,
04/27/2025,15:30,18720607,,GotSport,Soccer,U-9,HADDONFIELD SC RED 2016,MOUNT LAUREL UNITED (MLU) REVOLUTION 2016,HADDONFIELD - CROWS WOODS,,
04/27/2025,15:30,18685384,,GotSport,Soccer,U-15,EDGEWATER PARK ATHLETIC ASSOCIATION EP WIZARDS 2010,MOUNT LAUREL UNITED (MLU) FORCE 2010,,,
04/27/2025,15:30,18792492,,GotSport,Soccer,U-8,HADDON HEIGHTS SC 2017 HAVOC,HADDON TWP. WHITE HAWKS 2017,HADD HGTS - DEVON,,
04/27/2025,15:30,18783306,,GotSport,Soccer,U-9,GATEWAY UNITED SOCCER CLUB GUSC THUNDER B2016,TBAA KNIGHTS 2016,GATEWAY UTD. - LANGSTON FIELD,,
04/27/2025,15:30,18761198,,GotSport,Soccer,U-8,VOORHEES SA BLUE DEVILS 2017,RANCOCAS VALLEY SC 2017 BOYS PREMIER,VOORHEES-Echelon Complex,,
04/27/2025,15:30,18735673,,GotSport,Soccer,U-8,MANTUA CHAOS 2017,AUDUBON CROSSFIRE,MANTUA TWP,,
04/27/2025,15:30,18802330,,GotSport,Soccer,U-9,EGG HARBOR SC EAGLES 2016 WHITE,MONROE UNITED 2016 BOYS,Egg Harbor Twp HS,,
04/27/2025,15:30,18752471,,GotSport,Soccer,U-9,MOORESTOWN SC DRAGONS 2016,MILLVILLE THUNDER 2016,MOORESTOWN - MEMORIAL FIELDS,,
04/27/2025,15:30,18748989,,GotSport,Soccer,U-8,MAPLE SHADE CHAOS 2017,WEST DEPTFORD SC WARRIORS 2017,MAPLE SHADE - TURF FIELD,,
04/27/2025,15:30,18696013,,GotSport,Soccer,U-12,PENNS GROVE WILD 2013,BURLINGTON TOWNSHIP SOCCER STRIKERS 2013,PG-CP-PED- Carney's Point Rec Center,,
04/27/2025,15:30,18814510,,GotSport,Soccer,U-9,VOORHEES SA DESTROYERS 2016,PITMAN SA BOBCATS 2016,VOORHEES-Echelon Complex,,
04/27/2025,15:30,18814509,,GotSport,Soccer,U-9,MARLTON SC CHIEFS WHITE 2016,WEST DEPTFORD SC WILDCATS 2016,MARLTON - MEMORIAL,,
04/27/2025,15:30,18754963,,GotSport,Soccer,U-13,CHERRY HILL SC CHERRY HILL SC COBRAS 2012,SWEDESBORO WOOLWICH SOCCER ASSOC. SWSA CYCLONES 2012/2013,CHSC - CH WEST HS,,
04/27/2025,15:30,18761197,,GotSport,Soccer,U-8,DELRAN FC 2017 DEVILS,SJ FUTBOL CLUB HAMMERS 2017,DELRAN-DEUTSCH FIELD,,
04/27/2025,15:30,18730865,,GotSport,Soccer,U-11,MEDFORD SC AVENGERS 2014,TBAA REVOLUTION 2015,MEDFORD - BENDE PARK,,
04/27/2025,15:30,18762625,,GotSport,Soccer,U-10,CLAYTON SA CLIPPERS 2015,PITMAN SA WILDCATS 2015,CLAYTON - BENTZ,,
04/27/2025,15:30,18822571,,GotSport,Soccer,U-9,PALMYRA RIVERTON SC LEGENDARY 2016,HADDON HEIGHTS SC 2016 RUCKUS,PAL-RIV CHARLES STREET SCHOOL Spring Season,,
04/27/2025,15:30,18821162,,GotSport,Soccer,U-12,FRANKLIN TOWNSHIP YOUTH SOCCER ASSOCIATION ENFORCERS 2013,DEPTFORD SA TORNADOES 2013,FRANKLIN TWP YOUTH COMPLEX,,
04/27/2025,15:30,18762657,,GotSport,Soccer,U-10,PENNSAUKEN YOUTH SOCCER CLUB LIONS 2015,MOUNT LAUREL UNITED (MLU) WOLFPACK 2015,Pennsauken Community Recreation Facility,,
04/27/2025,15:30,18754820,,GotSport,Soccer,U-11,LOGAN CHARGE BLUE 2014,HAMILTON ELITE FC PREMIER 2015B,LOGAN - TWP LINE,,
04/27/2025,15:30,18754819,,GotSport,Soccer,U-11,EAST GREENWICH SA EGSA EAGLES 2014,WEST DEPTFORD SC AVALANCHE 2014,E GREENWICH - THOMPSON FAMILY PARK,,
04/27/2025,15:30,18763791,,GotSport,Soccer,U-13,PENNSAUKEN YOUTH SOCCER CLUB TITANS 2012,HADDONFIELD SC BLACK 2012,Pennsauken Community Recreation Facility,,
04/27/2025,15:30,18793243,,GotSport,Soccer,U-11,HARRISON WAVE 2014,NORTHERN BURLINGTON JACKALS 2015,HARRISON - William Wilt Soccer Complex,,
04/27/2025,15:30,18752470,,GotSport,Soccer,U-9,HADDONFIELD SC WHITE 2016,HADDONFIELD SC GREY 2016,HADDONFIELD - CROWS WOODS,,
04/27/2025,15:30,18763792,,GotSport,Soccer,U-13,HIGHLAND YOUTH SOCCER CLUB MUSTANGS 2012,NORTHERN BURLINGTON CELTIC 2012,HIGHLAND - GLOUCESTER TWP PARK,,
04/27/2025,15:30,18772011,,GotSport,Soccer,U-10,WEST DEPTFORD SC ANIMALS 2015,CAPE EXPRESS CE SILVER STREAK 2015,W DEPTFORD-WD PARK,,
04/27/2025,15:30,18700828,,GotSport,Soccer,U-12,BARRINGTON SC REVOLUTION 2013,HADDONFIELD SC WHITE 2013,BARRINGTON-DEERE FIELD,,
04/27/2025,15:30,18770979,,GotSport,Soccer,U-14,PEMBERTON SC PUNISHERS 2011,MOUNT LAUREL UNITED (MLU) WARRIORS 2011,PEMBERTON - HIGH SCHOOL,,
04/27/2025,15:30,18793409,,GotSport,Soccer,U-10,UPPER TOWNSHIP SA SUPER SONICS 2015,BERLIN SOCCER CLUB BERSERKERS 2015,UPPER TWP-Amanda's Field Complex,,
04/27/2025,15:30,18770981,,GotSport,Soccer,U-14,MEDFORD SC COLUMBIA 2011,GATEWAY UNITED SOCCER CLUB GUSC WILDCATS B2011,MEDFORD - BENDE PARK,,
04/27/2025,15:30,18771396,,GotSport,Soccer,U-10,AUDUBON BOYS 2015,NORTHERN BURLINGTON STORM 2015,AUDUBON PARK FIELD,,
04/27/2025,15:45,18700901,,GotSport,Soccer,U-9,PITTSGROVE SOCCER CLUB PSC PRIME WHITE '16,MOORESTOWN SC RENEGADES 2016,PITTSGROVE-GREEN BRANCH,,
04/27/2025,15:45,18700902,,GotSport,Soccer,U-9,MEDFORD SC GOLD 2016,SENECA UNITED SC EAGLES 2016,MEDFORD SC - Bob Meyer Memorial Park,,
04/27/2025,15:45,18761496,,GotSport,Soccer,U-10,MEDFORD SC COLUMBIA 2015,UPPER TOWNSHIP SA COMETS WHITE 2015,MEDFORD - BENDE PARK,,
04/27/2025,15:45,18783307,,GotSport,Soccer,U-9,BORDENTOWN FC REVOLUTION 2016,CAPE EXPRESS CE NOR'EASTERS 2016,BORDENTOWN - FRIENDSHIP FIELDS,,
04/27/2025,15:45,18687246,,GotSport,Soccer,U-12,VOORHEES COSMOS 2013,MOUNT LAUREL UNITED (MLU) TIGERS 2013,VOORHEES-Echelon Complex,,
04/27/2025,15:45,18756998,,GotSport,Soccer,U-10,WINSLOW TITANS 2015,HADDON HEIGHTS SC 2015 CHEETAHS,,,
04/27/2025,15:45,18760237,,GotSport,Soccer,U-8,CINNAMINSON SC UNION 2017,MOORESTOWN SC HAWKS 2017,CINNAMINSON SC - MEMORIAL,,
04/27/2025,15:45,18762688,,GotSport,Soccer,U-8,DEPTFORD SA SCORPIONS 2017,MOORESTOWN SC PYTHONS 2017,DEPTFORD SC,,
04/27/2025,15:45,18748988,,GotSport,Soccer,U-8,WOODBURY WARRIORS,WATERFORD ATHLETIC ASSN WINGS 2017,WOODBURY,,
04/27/2025,15:45,18695953,,GotSport,Soccer,U-11,MAINLAND UNITED SA MUSTANGS RED 2014 B,MEDFORD STRIKERS 2014 BOYS,MAINLAND - MEMORIAL PARK,,
04/27/2025,15:50,18734118,,GotSport,Soccer,U-14,BORDENTOWN FC JAGUARS 2011,MONROE TOWNSHIP YS UNITED WHITE 2011,BORDENTOWN - FRIENDSHIP FIELDS,,
04/27/2025,16:00,18700933,,GotSport,Soccer,U-9,MOUNT LAUREL UNITED (MLU) GLADIATORS 2016,HARRISON LEGENDS 2016,MLU-MARNE HWY,,
04/27/2025,16:00,18758214,,GotSport,Soccer,U-14,CAPE EXPRESS SURGE 2011,CINNAMINSON SC VIPERS 2011,CAPE EX SOCCER COMPLEX At Ockie Wisting,,
04/27/2025,16:00,18762687,,GotSport,Soccer,U-8,HAMMONTON HEAT BOYS 2017,PITMAN SA PANTHERS 2017,HAMMONTON - MOSS MILL RD PARK SOCCER COMPLEX,,
04/27/2025,16:00,18760236,,GotSport,Soccer,U-8,HIGHLAND YOUTH SOCCER CLUB BOYS 2017,SWEDESBORO WOOLWICH SOCCER ASSOC. SWSA FIREBALLS 2017,HIGHLAND - GLOUCESTER TWP PARK,,
04/27/2025,16:00,18753521,,GotSport,Soccer,U-10,CHERRY HILL SC CHERRY HILL SC WARRIORS 2015,HARRISON STRIKERS 2015,CHSC - UPPER CHAPEL TURF,,
04/27/2025,16:15,18759192,,GotSport,Soccer,U-10,WOODSTOWN WILD 2015,BURLINGTON TOWNSHIP SOCCER THUNDER2015,WOODSTOWN,,
04/27/2025,16:15,18793410,,GotSport,Soccer,U-10,CHERRY HILL FC 2015 JUNIORS BLACK,MILLVILLE PREDATORS 2015,CHFC - DeCOU,,
05/04/2025,11:00,18757001,,GotSport,Soccer,U-10,HADDON HEIGHTS SC 2015 CHEETAHS,RANCOCAS VALLEY SC 2015 BOYS STEALTH,HADD HGTS - DEVON,,
05/04/2025,11:00,18822544,,GotSport,Soccer,U-9,LOGAN SUPERNOVA 2016,COLLINGSWOOD OAKLYN SOCCER CLUB SPARTANS 2016,LOGAN - TWP LINE,,
05/04/2025,11:00,18772014,,GotSport,Soccer,U-10,MAINLAND UNITED SA MUSTANGS BLACK 2015 B,UPPER TOWNSHIP SA COMETS GREEN 2015,MAINLAND - MEMORIAL PARK,,
05/04/2025,11:00,18999222,,GotSport,Soccer,U-12,WASHINGTON TWP SOCCER CLUB RAPTORS 2013,HADDON HEIGHTS SC 2013 BEAST BOYS,WASHINGTON TWP-WASH LAKE PARK,,
05/04/2025,11:00,18770983,,GotSport,Soccer,U-14,HARRISON SC ARSENAL 2011,MEDFORD SC COLUMBIA 2011,HARRISON - William Wilt Soccer Complex,,
05/04/2025,11:00,18685436,,GotSport,Soccer,U-19,SWEDESBORO WOOLWICH SOCCER ASSOC. SWSA SCORPIONS 2008,MAPLE SHADE AVENGERS 2007,SW-Locke Avenue Park,,
05/04/2025,11:00,18755584,,GotSport,Soccer,U-10,HADDONFIELD SC RED 2015 B,AUDUBON SOCCER YOUTH BOYS 2015 - HAMMERS,HADDONFIELD - CROWS WOODS,,
05/04/2025,11:00,18720856,,GotSport,Soccer,U-13,CINNAMINSON SC CHARGE 2012,TAR-KILL SOCCER CLUB TARKILL LIVERPOOL 2012,CINNAMINSON SC - MEMORIAL,,
05/04/2025,11:00,18783489,,GotSport,Soccer,U-11,CHERRY HILL SC CHERRY HILL SC UNION 2015,CHERRY HILL SC CHERRY HILL SC UNITED 2014,CHSC - UPPER CHAPEL TURF,,
05/04/2025,11:00,18753525,,GotSport,Soccer,U-10,DEPTFORD SA LIGHTNING 2015,SWEDESBORO WOOLWICH SOCCER ASSOC. SWSA STRIKERS 2015,DEPTFORD SC,,
05/04/2025,11:00,18793246,,GotSport,Soccer,U-11,NORTHERN BURLINGTON JACKALS 2015,PITTSGROVE SOCCER CLUB PSC MAVERICKS '14,NB- MANSFIELD TOWNSHIP ELEMENTARY SCHOOL,,
05/04/2025,11:00,18994533,,GotSport,Soccer,U-11,DELRAN FC SOCCER DELRAN FC KNIGHTS 2014,DEPTFORD PREMIER FC '15 BOYS FUSION,DELRAN-DEUTSCH FIELD,,
05/04/2025,11:00,18815177,,GotSport,Soccer,U-11,VOORHEES SA LIGHTNING 2014,WASHINGTON TWP SOCCER CLUB TERROR 2014,VOORHEES-Echelon Complex,,
05/04/2025,11:00,18750909,,GotSport,Soccer,U-14,BORDENTOWN FC RENEGADES 2011,MANTUA TOWNSHIP SA UNION 2011,BORDENTOWN - FRIENDSHIP FIELDS,,
05/04/2025,11:00,18769285,,GotSport,Soccer,U-13,VINELAND SA JERSEY BOYZ 2012,GATEWAY UNITED SOCCER CLUB GUSC STINGRAYS B2012,VINELAND SA,,
05/04/2025,11:00,18769272,,GotSport,Soccer,U-13,MAINLAND UNITED SA MUSTANGS RED 2012 B,HIGHLAND YOUTH SOCCER CLUB FORCE 2012,MAINLAND - MEMORIAL PARK,,
05/04/2025,11:00,18754985,,GotSport,Soccer,U-13,NORTHERN BURLINGTON SA BLUES 2013,MEDFORD SC DESTROYERS 2012,NB- MANSFIELD TOWNSHIP ELEMENTARY SCHOOL,,
05/04/2025,11:00,18815503,,GotSport,Soccer,U-14,WASHINGTON TWP SOCCER CLUB REGULATORS 2011,WOODBURY SOCCER CLUB WOODBURY ARMORY 2011,WASHINGTON TWP-WASH LAKE PARK,,
05/04/2025,11:30,18687247,,GotSport,Soccer,U-12,EAST GREENWICH SA EGSA PANTHERS 2013,MOUNT LAUREL UNITED (MLU) TIGERS 2013,E GREENWICH - THOMPSON FAMILY PARK,,
05/04/2025,11:30,18685385,,GotSport,Soccer,U-15,SJ FUTBOL CLUB WOLVES,MOUNT LAUREL UNITED (MLU) FORCE 2010,SJFC - UPPER DEERFIELD RECREATION COMPLEX,,
05/04/2025,12:00,18756965,,GotSport,Soccer,U-12,MEDFORD STRIKERS 2013 BOYS,CAPE EXPRESS CE 2014 UNION,MEDFORD STRIKERS - ARK ROAD COMPLEX,,
05/04/2025,12:00,18683053,,GotSport,Soccer,U-19,PALMYRA RIVERTON SC LEGACY 2006,BURLINGTON TOWNSHIP SOCCER BULLS 2007-2008,PAL-RIV - LEGION FIELD 11v11,,
05/04/2025,12:00,18700833,,GotSport,Soccer,U-12,MOORESTOWN SC DRAGONS 2013,BARRINGTON SC REVOLUTION 2013,MOORESTOWN - SALEM RD/PRYOR PARK,,
05/04/2025,12:00,18761199,,GotSport,Soccer,U-8,WASHINGTON TWP SOCCER CLUB REBELS 2017,RANCOCAS VALLEY SC 2017 BOYS PREMIER,WASHINGTON TWP. - Levy Fields (Virtua),,
05/04/2025,12:00,18818838,,GotSport,Soccer,U-15,ATLANTIC UNITED PREMIER STRIKERS 2010/11 B,WINSLOW SLAYERS 2010,ATLANTIC - TARTAGLIO,,
05/04/2025,12:00,18695887,,GotSport,Soccer,U-14,EGG HARBOR SC EAGLES 2011/2012 BLACK,PENNS GROVE SC RAGE 2011,Egg Harbor Twp HS,,
05/04/2025,12:00,18685459,,GotSport,Soccer,U-16,NORTHERN BURLINGTON SA BULLDOGS 2009,EAST GREENWICH SA EGSA THUNDER 2009,NB- MANSFIELD TOWNSHIP ELEMENTARY SCHOOL,,
05/04/2025,12:00,18761508,,GotSport,Soccer,U-10,MEDFORD SC COLUMBIA 2015,SENECA UNITED SC RAPTORS 2015,MEDFORD SC - Bob Meyer Memorial Park,,
05/04/2025,12:00,18818854,,GotSport,Soccer,U-15,WOODSTOWN WOLVERINES 2010,PALMYRA RIVERTON SC UNION 2010,WOODSTOWN,,
05/04/2025,12:00,18685438,,GotSport,Soccer,U-19,MILLVILLE PHANTOMS 2007,HIGHLAND YOUTH SOCCER CLUB HURRICANES 2008,MILLVILLE SOCCER COMPLEX,,
05/04/2025,12:00,18772729,,GotSport,Soccer,U-10,SWEDESBORO WOOLWICH SOCCER ASSOC. SWSA GUNNERS 2015,DEPTFORD SA THUNDER 2015,SW-Locke Avenue Park,,
05/04/2025,12:00,18752625,,GotSport,Soccer,U-15,MAPLE SHADE BEST ELEVEN 2010,CINNAMINSON SC PIRATES 2010,MAPLE SHADE - TURF FIELD,,
05/04/2025,12:00,18685476,,GotSport,Soccer,U-16,TAR-KILL SOCCER CLUB TARKILL BLUE DEVILS 2009,HIGHLAND YOUTH SOCCER CLUB BOYS 2009,TARKILL-STERLING HS,,
05/04/2025,12:00,18735676,,GotSport,Soccer,U-8,AUDUBON CROSSFIRE,TBAA REVOLUTION 2017,AUDUBON PARK FIELD,,
05/04/2025,12:00,18750907,,GotSport,Soccer,U-14,HADDONFIELD SC RED 2011,CHERRY HILL FC 2011 STALLIONS,HADDONFIELD - CROWS WOODS,,
05/04/2025,12:00,18793413,,GotSport,Soccer,U-10,CHERRY HILL FC 2015 JUNIORS BLACK,HADDON TWP RED HAWKS 2015,CHFC - DeCOU,,
05/04/2025,12:00,18772012,,GotSport,Soccer,U-10,HIGHLAND YOUTH SOCCER CLUB LIGHTNING 2015,CAPE EXPRESS CE SILVER STREAK 2015,HIGHLAND - GLOUCESTER TWP PARK,,
05/04/2025,12:00,18762690,,GotSport,Soccer,U-8,HAMMONTON HEAT BOYS 2017,DEPTFORD SA SCORPIONS 2017,HAMMONTON - MOSS MILL RD PARK SOCCER COMPLEX,,
05/04/2025,12:15,18792489,,GotSport,Soccer,U-8,HADDON HEIGHTS SC 2017 HAVOC,VOORHEES SA VENOM 2017,HADD HGTS - DEVON,,
05/04/2025,12:15,18793475,,GotSport,Soccer,U-9,NORTHERN BURLINGTON BOOM 2016,SWEDESBORO WOOLWICH SOCCER ASSOC. SWSA VENOM 2016,NB- MANSFIELD TOWNSHIP ELEMENTARY SCHOOL,,
05/04/2025,12:15,18759179,,GotSport,Soccer,U-10,MAINLAND UNITED SA MUSTANGS RED 2015 B,MOORESTOWN SC DEVIL RAYS 2015,MAINLAND - MEMORIAL PARK,,
05/04/2025,12:30,18760232,,GotSport,Soccer,U-8,LOGAN BOOM 2017,HIGHLAND YOUTH SOCCER CLUB BOYS 2017,LOGAN - TWP LINE,,
05/04/2025,12:30,18755569,,GotSport,Soccer,U-10,MOUNT LAUREL UNITED (MLU) KNIGHTS 2015 BOYS,VOORHEES SA COBRAS 2015,MLU-MARNE HWY,,
05/04/2025,12:30,18815473,,GotSport,Soccer,U-14,VINELAND SA STRIKERS 2011,WINSLOW WILDCATS 2011,VINELAND SA,,
05/04/2025,12:30,18783579,,GotSport,Soccer,U-13,HARRISON WILDCATS 2012,DELRAN FC SOCCER GREY 2013B,HARRISON - William Wilt Soccer Complex,,
05/04/2025,12:30,18762629,,GotSport,Soccer,U-10,PITMAN SA WILDCATS 2015,WEST DEPTFORD SC COBRAS 2015,PITMAN - Dell,,
05/04/2025,12:30,18687279,,GotSport,Soccer,U-12,MARLTON SC CHIEFS WHITE 2013,TAR-KILL SOCCER CLUB TARKILL KNIGHTS 2013,MARLTON - MEMORIAL,,
05/04/2025,12:30,18999224,,GotSport,Soccer,U-12,WINSLOW SHARKS,WOODBURY SOCCER CLUB WOODBURY BISON 2013,,,
05/04/2025,12:30,18793414,,GotSport,Soccer,U-10,MILLVILLE PREDATORS 2015,UPPER TOWNSHIP SA SUPER SONICS 2015,MILLVILLE SOCCER COMPLEX,,
05/04/2025,12:30,18815176,,GotSport,Soccer,U-11,SWEDESBORO WOOLWICH SOCCER ASSOC. SWSA LIGHTNING 2014,SENECA UNITED SC THUNDER 2014,SW-Locke Avenue Park,,
05/04/2025,12:30,18819056,,GotSport,Soccer,U-14,WASHINGTON TWP SOCCER CLUB CHAOS 11/12,HADDONFIELD SC WHITE 2011,WASHINGTON TWP-WASH LAKE PARK,,
05/04/2025,12:30,18755460,,GotSport,Soccer,U-13,AUDUBON SOCCER YOUTH BALLERS 2012,EAST GREENWICH SA EGSA VENOM 2012,BARRINGTON-WOODLAND SCHOOL,,
05/04/2025,12:30,18720841,,GotSport,Soccer,U-13,RANCOCAS VALLEY SC 2012 BOYS AVENGERS,PITTSGROVE SOCCER CLUB PSC WARRIORS '12,Rancocas Valley-LUMBERTON MUNICIPAL,,
05/04/2025,12:30,18700936,,GotSport,Soccer,U-9,MOORESTOWN SC UNITED 2016,MARLTON SC CHIEFS ORANGE 2016,MOORESTOWN - MEMORIAL FIELDS,,
05/04/2025,12:30,18683052,,GotSport,Soccer,U-19,BORDENTOWN FC 2006,HIGHLAND YOUTH SOCCER CLUB FUSION,BORDENTOWN - FRIENDSHIP FIELDS,,
05/04/2025,12:30,18815472,,GotSport,Soccer,U-14,VOORHEES SA BLUES 2011,MOORESTOWN SC BLACK KNIGHTS 2011,VOORHEES-EASTERN HS,,
05/04/2025,12:30,18754823,,GotSport,Soccer,U-11,LOGAN CHARGE BLUE 2014,FRANKLIN TOWNSHIP YOUTH SOCCER ASSOCIATION KNIGHTS 2014,LOGAN - TWP LINE,,
05/04/2025,12:30,18821164,,GotSport,Soccer,U-12,VOORHEES SA RAPTORS 2013,FRANKLIN TOWNSHIP YOUTH SOCCER ASSOCIATION ENFORCERS 2013,VOORHEES-Echelon Complex,,
05/04/2025,12:30,18687249,,GotSport,Soccer,U-12,HIGHLAND YOUTH SOCCER CLUB CHAOS 2013,CHERRY HILL SC CHERRY HILL SC FORCE 2013,HIGHLAND - GLOUCESTER TWP PARK,,
05/04/2025,12:30,18747970,,GotSport,Soccer,U-11,TBAA REVOLUTION 2014,CHERRY HILL SC CHERRY HILL SC WHITE (2014),TBAA-VALLEY BROOK,,
05/04/2025,12:30,18783577,,GotSport,Soccer,U-13,LOGAN FUSION 2012,HADDON TWP WHITE HAWKS 2012,LOGAN - TWP LINE,,
05/04/2025,12:30,18720612,,GotSport,Soccer,U-9,CINNAMINSON SC LIGHTNING 2016,HADDONFIELD SC RED 2016,CINNAMINSON SC - MEMORIAL,,
05/04/2025,12:30,18758662,,GotSport,Soccer,U-8,UPPER TOWNSHIP SA FLASH 2017,HADDONFIELD SC THUNDER 2017,UPPER TWP-Amanda's Field Complex,,
05/04/2025,12:30,18695886,,GotSport,Soccer,U-14,PITMAN SA PUMAS 2011,RANCOCAS VALLEY SC BOYS 2011 UNITED,PITMAN - ALCYON LAKE,,
05/04/2025,12:30,18700890,,GotSport,Soccer,U-9,MEDFORD SC GOLD 2016,PITTSGROVE SOCCER CLUB PSC PRIME WHITE '16,MEDFORD - BENDE PARK,,
05/04/2025,12:30,18821238,,GotSport,Soccer,U-11,CINNAMINSON SC AVENGERS 2014,EGG HARBOR SC EAGLES 2014,CINNAMINSON SC - MEMORIAL,,
05/04/2025,12:30,18730867,,GotSport,Soccer,U-11,UPPER TOWNSHIP SA HURRICANES GREEN 2014,MEDFORD SC AVENGERS 2014,UPPER TWP-Amanda's Field Complex,,
05/04/2025,12:30,18747972,,GotSport,Soccer,U-11,WATERFORD ATHLETIC ASSN WINGS 2014,HADDONFIELD SC BLACK 2014,WATERFORD - BURNT MILL FIELD,,
05/04/2025,12:30,18735677,,GotSport,Soccer,U-8,PITTSGROVE SOCCER CLUB PSC PREDATORS ‘17,HADDONFIELD SC FIRE 2017,PITTSGROVE-GREEN BRANCH,,
05/04/2025,12:30,18793412,,GotSport,Soccer,U-10,BERLIN SOCCER CLUB BERSERKERS 2015,WASHINGTON TWP SOCCER CLUB RAPTORS 2015,BERLIN SC - FRANKLIN FIELDS,,
05/04/2025,12:30,18783457,,GotSport,Soccer,U-8,HADDON TWP. RED HAWKS 2017,CHERRY HILL FC 2017 JUNIOR BLACK,,,
05/04/2025,12:30,18753524,,GotSport,Soccer,U-10,HARRISON STRIKERS 2015,MOORESTOWN SC VIPERS 2015,HARRISON - William Wilt Soccer Complex,,
05/04/2025,12:30,18755459,,GotSport,Soccer,U-13,PENNSVILLE EAGLES 2012,SWEDESBORO WOOLWICH SOCCER ASSOC. SWSA SHARKS 2012,PENNSVILLE,,
05/04/2025,12:30,18821237,,GotSport,Soccer,U-11,DELRAN FC COBRAS 2015,VOORHEES SA VIKINGS 2014,DELRAN-DEUTSCH FIELD,,
05/04/2025,12:30,18770984,,GotSport,Soccer,U-14,NORTHERN BURLINGTON SA HOOLIGANS 2011,PEMBERTON SC PUNISHERS 2011,NB- MANSFIELD TOWNSHIP ELEMENTARY SCHOOL,,
05/04/2025,12:30,18695969,,GotSport,Soccer,U-11,HADDONFIELD SC RED 2014 B,RANCOCAS VALLEY SC RVSC '14 - CELTIC,HADDONFIELD - CROWS WOODS,,
05/04/2025,12:30,18815502,,GotSport,Soccer,U-14,BURLINGTON TOWNSHIP SOCCER REBELS 2011,CINNAMINSON SC STORM 2011,BURLINGTON TWP - PINEWALD AVE,,
05/04/2025,12:30,18815178,,GotSport,Soccer,U-11,DEPTFORD SA UNITED 2014,MARLTON SC CHIEFS ORANGE 2015,DEPTFORD SC,,
05/04/2025,12:30,18720610,,GotSport,Soccer,U-9,MOUNT LAUREL UNITED (MLU) REVOLUTION 2016,DELRAN FC SOCCER SHARKS 2016,MLU-MARNE HWY,,
05/04/2025,12:30,18696015,,GotSport,Soccer,U-12,HARRISON WOLFPACK 2013,PENNS GROVE WILD 2013,HARRISON - William Wilt Soccer Complex,,
05/04/2025,12:30,18822575,,GotSport,Soccer,U-9,HARRISON HURRICANES 2016,WEST DEPTFORD SC TSUNAMI 2016,HARRISON - William Wilt Soccer Complex,,
05/04/2025,12:30,18685853,,GotSport,Soccer,U-14,MAINLAND UNITED SA MUSTANGS RED 2011 B,CHERRY HILL SC CHAOS 2011,MAINLAND - MEMORIAL PARK,,
05/04/2025,12:30,18687278,,GotSport,Soccer,U-12,SJ FUTBOL CLUB SOUNDERS 2013,MEDFORD SC BLUE DEVILS 2013,SJFC - UPPER DEERFIELD RECREATION COMPLEX,,
05/04/2025,12:30,18819057,,GotSport,Soccer,U-14,MOORESTOWN SC LIGHTNING 2011,PALMYRA RIVERTON SC WARRIORS 2011,MOORESTOWN - MEMORIAL FIELDS,,
05/04/2025,12:30,18685437,,GotSport,Soccer,U-19,WASHINGTON TWP SOCCER CLUB SPARTANS 2007,MEDFORD SC ,WASHINGTON TWP-WASH LAKE PARK,,
05/04/2025,12:30,18753956,,GotSport,Soccer,U-8,MONROE TOWNSHIP YS 2017 MONROE UNITED,EAST GREENWICH SA EGSA UNITED 2017,MONROE TWP - CORKERY LANE,,
05/04/2025,12:30,18814271,,GotSport,Soccer,U-13,DELRAN FC SOCCER DELRAN FC UNITED 2013,CAPE EXPRESS WHITE CAPS 2012,Delran Middle School,,
05/04/2025,12:30,18814512,,GotSport,Soccer,U-9,WEST DEPTFORD SC WILDCATS 2016,SENECA UNITED SC RAPTORS 2016,W DEPTFORD-WD PARK,,
05/04/2025,12:30,18783458,,GotSport,Soccer,U-8,CHERRY HILL SC CHERRY HILL SC COBRAS 2017,BORDENTOWN FC REVOLUTION 2017,CHSC - UPPER CHAPEL TURF,,
05/04/2025,12:30,18820570,,GotSport,Soccer,U-13,WINSLOW GREEN DRAGONS 2012,SENECA UNITED SC PRIDE 2012,,,
05/04/2025,12:30,18770621,,GotSport,Soccer,U-10,HADDONFIELD SC WHITE 2015 B,LOGAN ARMADA BLACK 2015,HADDONFIELD - CROWS WOODS,,
05/04/2025,12:30,18770982,,GotSport,Soccer,U-14,MOUNT LAUREL UNITED (MLU) WARRIORS 2011,GATEWAY UNITED SOCCER CLUB GUSC WILDCATS B2011,MLU-TROTTERS,,
05/04/2025,13:00,18752628,,GotSport,Soccer,U-15,EAST GREENWICH SA EGSA CHARGERS 2010,FRANKLIN TOWNSHIP YOUTH SOCCER ASSOCIATION STORM 2010,E GREENWICH - THOMPSON FAMILY PARK,,
05/04/2025,13:15,18771399,,GotSport,Soccer,U-10,AUDUBON BOYS 2015,EGG HARBOR SC EAGLES 2015 BLACK,AUDUBON PARK FIELD,,
05/04/2025,13:15,18822545,,GotSport,Soccer,U-9,CHERRY HILL FC 2016 JUNIOR BLACK,CINNAMINSON SC TITANS 2016,CHFC - DeCOU,,
05/04/2025,13:15,18742820,,GotSport,Soccer,U-10,SWEDESBORO WOOLWICH SOCCER ASSOC. SWSA HONEY BADGERS 2015,MANTUA VIPERS 2015-2016,SW-Locke Avenue Park,,
05/04/2025,13:15,18755553,,GotSport,Soccer,U-11,HAMMONTON HEAT BOYS 2014,MEDFORD SC CAROLINA 2014,HAMMONTON - MOSS MILL RD PARK SOCCER COMPLEX,,
05/04/2025,13:15,18753940,,GotSport,Soccer,U-8,MEDFORD SC 2017B NAVY (RENEGADES),HARRISON UNITED 2017,MEDFORD SC - Bob Meyer Memorial Park,,
05/04/2025,13:15,18695970,,GotSport,Soccer,U-11,MEDFORD STRIKERS 2014 BOYS,MARLTON SC CHIEFS WHITE 2014,MEDFORD STRIKERS - ARK ROAD COMPLEX,,
05/04/2025,13:15,18772728,,GotSport,Soccer,U-10,HIGHLAND YOUTH SOCCER CLUB STORM 2015,EAST GREENWICH SA EGSA TIGERS 2015,HIGHLAND - GLOUCESTER TWP PARK,,
05/04/2025,13:15,18756964,,GotSport,Soccer,U-12,MOORESTOWN SC GOLDEN EAGLES 2013,CINNAMINSON SC THUNDERBIRDS 2013,MOORESTOWN - SALEM RD/PRYOR PARK,,
05/04/2025,13:15,18802331,,GotSport,Soccer,U-9,WASHINGTON UNITED SOCCER CLUB WUSC 2016,MONROE UNITED 2016 BOYS,WASHINGTON TWP. - Levy Fields (Virtua),,
05/04/2025,13:30,18771400,,GotSport,Soccer,U-10,NORTHERN BURLINGTON STORM 2015,WOODBURY BOLTS,NB- MANSFIELD TOWNSHIP ELEMENTARY SCHOOL,,
05/04/2025,13:30,18761449,,GotSport,Soccer,U-12,EGG HARBOR SC EAGLES WHITE 2013,MONROE UNITED 2013,Egg Harbor Twp HS,,
05/04/2025,13:30,18822574,,GotSport,Soccer,U-9,HADDON HEIGHTS SC 2016 RUCKUS,COLLINGSWOOD OAKLYN SOCCER CLUB WARRIORS 2016,HADD HGTS - DEVON,,
05/04/2025,13:30,18742819,,GotSport,Soccer,U-10,MAINLAND UNITED SA MUSTANGS WHITE 2015-16 B,EDGEWATER PARK ATHLETIC ASSOCIATION EP WARRIORS 2015,MAINLAND - MEMORIAL PARK,,
05/04/2025,13:45,18783600,,GotSport,Soccer,U-15,HIGHLAND YOUTH SOCCER CLUB RAPTORS 2010,EAST GREENWICH SA EGSA BLAZE 2010,HIGHLAND - GLOUCESTER TWP PARK,,
05/04/2025,13:45,18763794,,GotSport,Soccer,U-13,HADDONFIELD SC BLACK 2012,WEST DEPTFORD SC WARRIORS 2013,HADDONFIELD - CROWS WOODS,,
05/04/2025,13:45,18820568,,GotSport,Soccer,U-13,MILLVILLE LYNX 2012,COLLINGSWOOD OAKLYN SOCCER CLUB KNIGHTS 2012,MILLVILLE SOCCER COMPLEX,,
05/04/2025,13:45,18734134,,GotSport,Soccer,U-14,TBAA TITANS 2011,LOGAN BLAZE 2011,TBAA-VALLEY BROOK,,
05/04/2025,13:45,18685852,,GotSport,Soccer,U-14,DEPTFORD SA TORNADOES 2011,PITTSGROVE SOCCER CLUB PSC WOLVES '11,DEPTFORD SC,,
05/04/2025,13:45,18815516,,GotSport,Soccer,U-13,ATLANTIC UNITED PREMIER KICKERS 2013 B,VINELAND SA FURY 2012,ATLANTIC - TARTAGLIO,,
05/04/2025,13:45,18793382,,GotSport,Soccer,U-12,WOODSTOWN WOLVERINES 2013,HADDONFIELD SC BLACK 2013,WOODSTOWN,,
05/04/2025,14:00,18814514,,GotSport,Soccer,U-9,PITMAN SA BOBCATS 2016,MARLTON SC CHIEFS WHITE 2016,PITMAN - Dell,,
05/04/2025,14:00,18754983,,GotSport,Soccer,U-13,CHERRY HILL SC CHERRY HILL SC COBRAS 2012,MARLTON SC CHIEFS BLACK 2012,CHSC - CH WEST HS,,
05/04/2025,14:00,18783578,,GotSport,Soccer,U-13,WEST DEPTFORD SC UNION 2012,PALMYRA RIVERTON SC YOUNGBLOODS 2013,W DEPTFORD-WD PARK,,
05/04/2025,14:00,18761201,,GotSport,Soccer,U-8,SJ FUTBOL CLUB HAMMERS 2017,CINNAMINSON SC RED 2017,SJFC - UPPER DEERFIELD RECREATION COMPLEX,,
05/04/2025,14:00,18754986,,GotSport,Soccer,U-13,PITTSGROVE SOCCER CLUB PSC REVOLUTION '13,CINNAMINSON SC SKULLS 2012,PITTSGROVE-GREEN BRANCH,,
05/04/2025,14:00,18760231,,GotSport,Soccer,U-8,WEST DEPTFORD SC DRAGONS 2017,SWEDESBORO WOOLWICH SOCCER ASSOC. SWSA FIREBALLS 2017,W DEPTFORD-WD PARK,,
05/04/2025,14:00,18687248,,GotSport,Soccer,U-12,MARLTON SC CHIEFS BLACK 2013,VOORHEES COSMOS 2013,MARLTON - MEMORIAL,,
05/04/2025,14:00,18755377,,GotSport,Soccer,U-11,MOUNT LAUREL UNITED (MLU) COBRAS 2014,MOORESTOWN SC GUARDIANS 2014,MLU-TROTTERS,,
05/04/2025,14:00,18701110,,GotSport,Soccer,U-11,CINNAMINSON SC CHARGERS 2014,FRANKLIN TOWNSHIP YOUTH SOCCER ASSOCIATION STORM 2014,CINNAMINSON SC - MEMORIAL,,
05/04/2025,14:00,18999223,,GotSport,Soccer,U-12,BERLIN SOCCER CLUB BULLDOGS 2013,MOORESTOWN SC THUNDER 2013,BERLIN SC - FRANKLIN FIELDS,,
05/04/2025,14:00,18791904,,GotSport,Soccer,U-10,MAPLE SHADE WILD 2015,VOORHEES SA PYTHONS 2015,MAPLE SHADE - TURF FIELD,,
05/04/2025,14:00,18755378,,GotSport,Soccer,U-11,TBAA SYNDICATE 2014,MONROE TOWNSHIP YS UNITED BOYS 2014 BLUE,TBAA-VALLEY BROOK,,
05/04/2025,14:00,18760738,,GotSport,Soccer,U-9,MOORESTOWN SC WARRIORS 2016,HIGHLAND YOUTH SOCCER CLUB MAYHEM,MOORESTOWN - MEMORIAL FIELDS,,
05/04/2025,14:00,18756966,,GotSport,Soccer,U-12,VINELAND SA UNITED 2013,PENNSAUKEN YOUTH SOCCER CLUB REBELS 2013,VINELAND SA,,
05/04/2025,14:00,18685851,,GotSport,Soccer,U-14,HARRISON SC THUNDER 2011,MOUNT LAUREL UNITED (MLU) FLASH 2011,HARRISON - William Wilt Soccer Complex,,
05/04/2025,14:00,18820569,,GotSport,Soccer,U-13,PITMAN SA JAGUARS 2012,CHERRY HILL SC ROYALS 2012,PITMAN - ALCYON LAKE,,
05/04/2025,14:00,18748990,,GotSport,Soccer,U-8,WATERFORD ATHLETIC ASSN WINGS 2017,PALMYRA RIVERTON SC RIPPERS 2017,WATERFORD - BURNT MILL FIELD,,
05/04/2025,14:00,18783519,,GotSport,Soccer,U-9,UPPER TOWNSHIP SA THUNDER 2016,VOORHEES SA TITANS 2016,UPPER TWP-Amanda's Field Complex,,
05/04/2025,14:00,18822511,,GotSport,Soccer,U-11,MEDFORD SC GOLD 2014,PALMYRA RIVERTON SC TORNADOES 2014,MEDFORD - BENDE PARK,,
05/04/2025,14:00,18771398,,GotSport,Soccer,U-10,MOUNT LAUREL UNITED (MLU) SHARKS 2015,CHERRY HILL FC 2015 JUNIOR WHITE,MLU-MARNE HWY,,
05/04/2025,14:00,18756987,,GotSport,Soccer,U-10,WINSLOW TITANS 2015,VINELAND AVENGERS 2015,,,
05/04/2025,14:00,18822509,,GotSport,Soccer,U-11,HADDON TWP WHITE HAWKS 2014,DELRAN FC HAWKS 2014,,,
05/04/2025,14:00,18770620,,GotSport,Soccer,U-10,BURLINGTON TOWNSHIP SOCCER PHOENIX 2015,CINNAMINSON SC PIRATES SEA DOGS 2015,BURLINGTON TWP - PINEWALD AVE,,
05/04/2025,14:00,18683055,,GotSport,Soccer,U-19,MAINLAND UNITED SA MUSTANGS 2009 B,GATEWAY UNITED SOCCER CLUB GUSC WARRIORS B2006,MAINLAND - MEMORIAL PARK,,
05/04/2025,14:00,18772730,,GotSport,Soccer,U-10,MEDFORD SC GOLD 2015,MOORESTOWN SC HORNETS 2015,MEDFORD - BENDE PARK,,
05/04/2025,14:00,18792491,,GotSport,Soccer,U-8,CINNAMINSON SC RAIDERS 2017,MOUNT LAUREL UNITED (MLU) EAGLES 2017,CINNAMINSON SC - MEMORIAL,,
05/04/2025,14:00,18769287,,GotSport,Soccer,U-13,VOORHEES SA FORCE 2012,LOGAN FORCE 2012,VOORHEES-EASTERN HS,,
05/04/2025,14:00,18700905,,GotSport,Soccer,U-9,MOORESTOWN SC RENEGADES 2016,CHERRY HILL SC CHERRY HILL SC 72S 2016,MOORESTOWN - MEMORIAL FIELDS,,
05/04/2025,14:00,18802333,,GotSport,Soccer,U-9,CHERRY HILL SC CHERRY HILL SC THUNDER (2016),EAST GREENWICH SA EGSA CHAOS 2016,CHSC - UPPER CHAPEL TURF,,
05/04/2025,14:00,18815532,,GotSport,Soccer,U-13,BURLINGTON TOWNSHIP SOCCER DRAGONS 2012,VOORHEES SA PREDATORS 2013,BURLINGTON TWP - PINEWALD AVE,,
05/04/2025,14:00,18758217,,GotSport,Soccer,U-14,UPPER TOWNSHIP SA TSUNAMIS 2011,PENNSAUKEN YOUTH SOCCER CLUB WARRIORS 2011,UPPER TWP-Amanda's Field Complex,,
05/04/2025,14:00,18772759,,GotSport,Soccer,U-11,PITMAN SA BENGALS 2014,WEST DEPTFORD SC EAGLES 2014,PITMAN-LAMBS ROAD,,
05/04/2025,14:00,18802332,,GotSport,Soccer,U-9,DELRAN FC UNION 2016,EGG HARBOR SC EAGLES 2016 WHITE,DELRAN-DEUTSCH FIELD,,
05/04/2025,14:00,18758661,,GotSport,Soccer,U-8,PITTSGROVE SOCCER CLUB PSC RAPTORS ‘17,CAPE EXPRESS CE 2017 BARCA,PITTSGROVE-GREEN BRANCH,,
05/04/2025,14:00,18760737,,GotSport,Soccer,U-9,HADDON TWP RED HAWKS 2016,RANCOCAS VALLEY SC 2016 BOYS PREMIER,,,
05/04/2025,14:00,18762659,,GotSport,Soccer,U-10,HARRISON BLUE REBELS 2015,PALMYRA RIVERTON SC NATIONALS 2015,HARRISON - William Wilt Soccer Complex,,
05/04/2025,14:00,18700831,,GotSport,Soccer,U-12,HADDONFIELD SC WHITE 2013,MAPLE SHADE FORCE 2013,HADDONFIELD - CROWS WOODS,,
05/04/2025,14:00,18821236,,GotSport,Soccer,U-11,WASHINGTON TWP SOCCER CLUB WARRIORS 2014,COLLINGSWOOD OAKLYN SOCCER CLUB OUTLAWS 2014,WASHINGTON TWP-WASH LAKE PARK,,
05/04/2025,14:00,18720854,,GotSport,Soccer,U-13,WINSLOW DYNAMO 2012,HARRISON SC STRIKERS 2012,,,
05/04/2025,14:00,18814270,,GotSport,Soccer,U-13,WASHINGTON TWP SOCCER CLUB PREDATORS 2012,DEPTFORD SA THUNDER 2012,WASHINGTON TWP-WASH LAKE PARK,,
05/04/2025,14:00,18793383,,GotSport,Soccer,U-12,MILLVILLE REBELS 2013,LOGAN FLASH 2013,MILLVILLE SOCCER COMPLEX,,
05/04/2025,14:00,18700919,,GotSport,Soccer,U-9,HARRISON LEGENDS 2016,MANTUA TOWNSHIP SA MAMBAS 2016,HARRISON - William Wilt Soccer Complex,,
05/04/2025,14:00,18720597,,GotSport,Soccer,U-9,ATLANTIC UNITED PREMIER BLACK 2016 B,MAINLAND UNITED SA MUSTANGS RED 2016 B,ATLANTIC - TARTAGLIO,,
05/04/2025,14:00,18762661,,GotSport,Soccer,U-10,MOUNT LAUREL UNITED (MLU) WOLFPACK 2015,MANTUA TOWNSHIP SA FROGS 2015,MLU-MARNE HWY,,
05/04/2025,14:00,18752475,,GotSport,Soccer,U-9,MILLVILLE THUNDER 2016,HADDONFIELD SC WHITE 2016,MILLVILLE SOCCER COMPLEX,,
05/04/2025,14:00,18822546,,GotSport,Soccer,U-9,FRANKLIN TOWNSHIP YOUTH SOCCER ASSOCIATION UNITED 2016,TAR-KILL SOCCER CLUB TARKILL 2016 BOYS,FRANKLIN TWP YOUTH COMPLEX,,
05/04/2025,14:00,18821165,,GotSport,Soccer,U-12,UPPER TOWNSHIP SA CYCLONES 2013,EAST GREENWICH SA EGSA DYNAMO 2013,UPPER TWP-Amanda's Field Complex,,
05/04/2025,14:00,18815471,,GotSport,Soccer,U-14,DELRAN FC BLAST 2011,MONROE TOWNSHIP YS UNITED BOYS 2011 BLUE,Delran Middle School,,
05/04/2025,14:00,18762627,,GotSport,Soccer,U-10,LOGAN ARMADA BLUE 2015,PENNSVILLE EAGLES BLUE 2015,LOGAN - TWP LINE,,
05/04/2025,14:00,18743102,,GotSport,Soccer,U-12,HARRISON SC LIGHTNING 2013,MONROE TOWNSHIP YS UNITED BOYS 2013 BLUE,HARRISON - William Wilt Soccer Complex,,
05/04/2025,14:00,18755458,,GotSport,Soccer,U-13,NORTHERN BURLINGTON SA RANGERS 2012,HADDONFIELD SC RED 2012,NB- MANSFIELD TOWNSHIP ELEMENTARY SCHOOL,,
05/04/2025,14:00,18752473,,GotSport,Soccer,U-9,HADDONFIELD SC GREY 2016,RANCOCAS VALLEY SC 2016 BOYS UNITED,HADDONFIELD - CROWS WOODS,,
05/04/2025,14:00,18814513,,GotSport,Soccer,U-9,VOORHEES SA DESTROYERS 2016,EGG HARBOR SC EAGLES 2016 BLACK,VOORHEES-Echelon Complex,,
05/04/2025,14:15,18685387,,GotSport,Soccer,U-15,BORDENTOWN FC PANTHERS 2010,PENNSAUKEN YOUTH SOCCER CLUB CYCLONES 2010,BORDENTOWN - FRIENDSHIP FIELDS,,
05/04/2025,14:20,18783589,,GotSport,Soccer,U-15,SWEDESBORO WOOLWICH SOCCER ASSOC. SWSA BLACK MAMBAS 2011,HARRISON SC STORM 2010,SW-Locke Avenue Park,,
05/04/2025,14:30,18747971,,GotSport,Soccer,U-11,MOORESTOWN SC WOLVERINES 2014,BORDENTOWN FC UNION 2014,MOORESTOWN - SALEM RD/PRYOR PARK,,
05/04/2025,14:30,18814256,,GotSport,Soccer,U-13,CHERRY HILL FC 2012 JUNIORS BLACK,PITTSGROVE SOCCER CLUB PSC SPURS '12,CHFC - DeCOU,,
05/04/2025,14:30,18757002,,GotSport,Soccer,U-10,MEDFORD STRIKERS 2015 BOYS,MEDFORD SC WHITE 2015,MEDFORD STRIKERS - ARK ROAD COMPLEX,,
05/04/2025,14:30,18753957,,GotSport,Soccer,U-8,WASHINGTON UNITED SOCCER CLUB WUSC 2017,CHERRY HILL SC DYNAMO (2017),WASHINGTON TWP. - Levy Fields (Virtua),,
05/04/2025,14:30,18783518,,GotSport,Soccer,U-9,GATEWAY UNITED SOCCER CLUB GUSC GATORS B2016/2017,ATLANTIC UNITED PREMIER RED 2016/2017 B,GATEWAY UTD. - LANGSTON FIELD,,
05/04/2025,14:30,18735678,,GotSport,Soccer,U-8,SWEDESBORO WOOLWICH SOCCER ASSOC. SWSA PANTHERS 2017,MANTUA CHAOS 2017,SW-Locke Avenue Park,,
05/04/2025,14:30,18783443,,GotSport,Soccer,U-8,MEDFORD SC 2017B WHITE (LIGHTNING),HADDONFIELD SC REBELS 2017,MEDFORD SC - Bob Meyer Memorial Park,,
05/04/2025,14:30,18793473,,GotSport,Soccer,U-9,AUDUBON 2016 BOYS,WASHINGTON TWP SOCCER CLUB THUNDER 2016,AUDUBON PARK FIELD,,
05/04/2025,14:30,18743103,,GotSport,Soccer,U-12,HIGHLAND YOUTH SOCCER CLUB FURY 2013,HADDONFIELD SC RED 2013,HIGHLAND - GLOUCESTER TWP PARK,,
05/04/2025,14:30,18755523,,GotSport,Soccer,U-12,HAMMONTON HEAT BOYS 2013,PITTSGROVE SOCCER CLUB PSC PYTHONS '13,HAMMONTON - MOSS MILL RD PARK SOCCER COMPLEX,,
05/04/2025,14:45,18772013,,GotSport,Soccer,U-10,EGG HARBOR SC EAGLES 2015 WHITE,WEST DEPTFORD SC ANIMALS 2015,Egg Harbor Twp HS,,
05/04/2025,14:45,18755554,,GotSport,Soccer,U-11,HADDON HEIGHTS SC 2014 MIGHTY TITANS,AUDUBON ATTACK - BOYS 2014,HADD HGTS - DEVON,,
05/04/2025,14:45,18695971,,GotSport,Soccer,U-11,MAINLAND UNITED SA MUSTANGS RED 2014 B,PENNSAUKEN YOUTH SOCCER CLUB AVENGERS 2014,MAINLAND - MEMORIAL PARK,,
05/04/2025,14:45,18755582,,GotSport,Soccer,U-10,EAST GREENWICH SA EGSA BLACK KNIGHTS 2015,CINNAMINSON SC PRIME 2015,E GREENWICH - THOMPSON FAMILY PARK,,
05/04/2025,14:45,18792490,,GotSport,Soccer,U-8,NORTHERN BURLINGTON FORCE 2017,BURLINGTON TOWNSHIP SOCCER FIRE 2017,NB- MANSFIELD TOWNSHIP ELEMENTARY SCHOOL,,
05/04/2025,15:00,18793247,,GotSport,Soccer,U-11,WOODSTOWN WOLFPACK 2014,GATEWAY UNITED SOCCER CLUB GU GREYHOUNDS 2014,WOODSTOWN,,
05/04/2025,15:00,18761450,,GotSport,Soccer,U-12,SJ FUTBOL CLUB FLYERS 2014,MARLTON SC CHIEFS ORANGE 2014,SJFC - UPPER DEERFIELD RECREATION COMPLEX,,
05/04/2025,15:20,18685475,,GotSport,Soccer,U-16,DEPTFORD AVENGERS 2009,BURLINGTON TOWNSHIP SOCCER CELTIC 2010,DEPTFORD SC,,
05/04/2025,15:20,18752627,,GotSport,Soccer,U-15,HADDONFIELD SC WHITE 2010,AUDUBON SOCCER YOUTH UNITED 2010,HADDONFIELD - CROWS WOODS,,
05/04/2025,15:20,18752626,,GotSport,Soccer,U-15,TBAA DYNAMO 2010,CHERRY HILL SC CHERRY HILL SC THUNDERBOLTS (2010-2011),TBAA-VALLEY BROOK,,
05/04/2025,15:20,18818855,,GotSport,Soccer,U-15,MILLVILLE VENOM 2010,MARLTON SC CHIEFS WHITE 2010,MILLVILLE SOCCER COMPLEX,,
05/04/2025,15:30,18752474,,GotSport,Soccer,U-9,MOORESTOWN SC DRAGONS 2016,HIGHLAND YOUTH SOCCER CLUB HAVOK 2016,MOORESTOWN - MEMORIAL FIELDS,,
05/04/2025,15:30,18793381,,GotSport,Soccer,U-12,CINNAMINSON SC STRIKERS 2013,COLLINGSWOOD OAKLYN SOCCER CLUB TITANS 2013,CINNAMINSON SC - MEMORIAL,,
05/04/2025,15:30,18696067,,GotSport,Soccer,U-9,WINSLOW KINGS 2016,CINNAMINSON SC CHAOS 2016,,,
05/04/2025,15:30,18696014,,GotSport,Soccer,U-12,WASHINGTON TWP SOCCER CLUB DAREDEVILS 2013,BURLINGTON TOWNSHIP SOCCER STRIKERS 2013,WASHINGTON TWP-WASH LAKE PARK,,
05/04/2025,15:30,18696069,,GotSport,Soccer,U-9,FRANKLIN TOWNSHIP YOUTH SOCCER ASSOCIATION JERSEY DEVILS 2016,BARRINGTON SC STORM 2016,FRANKLIN TWP YOUTH COMPLEX,,
05/04/2025,15:30,18701095,,GotSport,Soccer,U-11,ATLANTIC UNITED PREMIER KICKERS 2014 B,PITTSGROVE SOCCER CLUB PSC PHANTOMS '14,ATLANTIC - TARTAGLIO,,
05/04/2025,15:30,18696016,,GotSport,Soccer,U-12,VINELAND TERMINATORS 2013,CHERRY HILL FC 2013 RED HAWKS,VINELAND SA,,
05/04/2025,15:30,18763795,,GotSport,Soccer,U-13,HIGHLAND YOUTH SOCCER CLUB MUSTANGS 2012,EDGEWATER PARK ATHLETIC ASSOCIATION EP UNITED 2012,HIGHLAND - GLOUCESTER TWP PARK,,
05/04/2025,15:30,18793474,,GotSport,Soccer,U-9,MAPLE SHADE SHARKS 2016,HADDON TWP WHITE HAWKS 2016,MAPLE SHADE - TURF FIELD,,
05/04/2025,15:30,18791903,,GotSport,Soccer,U-10,MARLTON SC CHIEFS WHITE 2015,PITTSGROVE SOCCER CLUB PSC GALAXY '15,MARLTON - MEMORIAL,,
05/04/2025,15:30,18822510,,GotSport,Soccer,U-11,PENNSVILLE EAGLES 2014,MARLTON SC CHIEFS SILVER 2014,PENNSVILLE,,
05/04/2025,15:30,18770619,,GotSport,Soccer,U-10,HARRISON BLUE ARSENAL 2015,PENNSVILLE EAGLES GOLD 2015,HARRISON - William Wilt Soccer Complex,,
05/04/2025,15:30,18754822,,GotSport,Soccer,U-11,WEST DEPTFORD SC AVALANCHE 2014,RANCOCAS VALLEY SC RVSC - '14 FOREST,W DEPTFORD-WD PARK,,
05/04/2025,15:30,18700832,,GotSport,Soccer,U-12,PITMAN SA TOMCATS 2013,PALMYRA RIVERTON SC HURRICANES 2013,PITMAN-LAMBS ROAD,,
05/04/2025,15:30,18742818,,GotSport,Soccer,U-10,WATERFORD ATHLETIC ASSN WINGS 2015,COHANSEY SC DYNAMO 2015,WATERFORD - BURNT MILL FIELD,,
05/04/2025,15:30,18763796,,GotSport,Soccer,U-13,NORTHERN BURLINGTON CELTIC 2012,PENNSAUKEN YOUTH SOCCER CLUB TITANS 2012,NB- MANSFIELD TOWNSHIP ELEMENTARY SCHOOL,,
05/04/2025,15:30,18762689,,GotSport,Soccer,U-8,HARRISON HURRICANES 2017,MOORESTOWN SC PYTHONS 2017,HARRISON - William Wilt Soccer Complex,,
05/04/2025,15:30,18762691,,GotSport,Soccer,U-8,PITMAN SA PANTHERS 2017,WASHINGTON TWP SOCCER CLUB WOLVES 2017,PITMAN - Dell,,
05/04/2025,15:30,18754824,,GotSport,Soccer,U-11,HAMILTON ELITE FC PREMIER 2015B,EAST GREENWICH SA EGSA EAGLES 2014,HAMILTON ELITE FC - HICKORY FIELDS,,
05/04/2025,15:30,18793248,,GotSport,Soccer,U-11,BURLINGTON TOWNSHIP SOCCER DYNAMITE 2014,HARRISON WAVE 2014,BURLINGTON TWP - PINEWALD AVE,,
05/04/2025,15:30,18700903,,GotSport,Soccer,U-9,HADDONFIELD SC BLACK 2016 B,SENECA UNITED SC EAGLES 2016,HADDONFIELD - CROWS WOODS,,
05/04/2025,15:30,18762646,,GotSport,Soccer,U-10,ATLANTIC UNITED PREMIER FIRE 2015 B,PENNSAUKEN YOUTH SOCCER CLUB LIONS 2015,ATLANTIC - TARTAGLIO,,
05/04/2025,15:30,18772760,,GotSport,Soccer,U-11,MARLTON SC CHIEFS BLACK 2014,LOGAN CHARGE BLACK 2014,MARLTON - MEMORIAL,,
05/04/2025,15:30,18761448,,GotSport,Soccer,U-12,MOUNT LAUREL UNITED (MLU) LIGHTNING 2014,CAPE EXPRESS AVENGERS 2013,MLU-TROTTERS,,
05/04/2025,15:30,18762628,,GotSport,Soccer,U-10,CLAYTON SA CLIPPERS 2015,DEPTFORD SA CYCLONES 2015,CLAYTON - BENTZ,,
05/04/2025,15:30,18748991,,GotSport,Soccer,U-8,WEST DEPTFORD SC WARRIORS 2017,WOODBURY WARRIORS,W DEPTFORD-WD PARK,,
05/04/2025,15:30,18822576,,GotSport,Soccer,U-9,UPPER TOWNSHIP SA BREAKERS 2016,PALMYRA RIVERTON SC LEGENDARY 2016,UPPER TWP-Amanda's Field Complex,,
05/04/2025,15:30,18747973,,GotSport,Soccer,U-11,HARRISON STRIKERS 2014,TAR-KILL SOCCER CLUB TARKILL 2015 BLUE,HARRISON - William Wilt Soccer Complex,,
05/04/2025,15:30,18761509,,GotSport,Soccer,U-10,SJ FUTBOL CLUB RAMS 2015,UPPER TOWNSHIP SA COMETS WHITE 2015,SJFC - UPPER DEERFIELD RECREATION COMPLEX,,
05/04/2025,15:30,18701108,,GotSport,Soccer,U-11,UPPER TOWNSHIP SA HURRICANES WHITE 2014,CAPE EXPRESS CE ENGINEERS 2014,UPPER TWP-Amanda's Field Complex,,
05/04/2025,15:30,18700921,,GotSport,Soccer,U-9,MOUNT LAUREL UNITED (MLU) GLADIATORS 2016,PITTSGROVE SOCCER CLUB PSC PRIME BLACK '16,MLU-MARNE HWY,,
05/04/2025,15:30,18761200,,GotSport,Soccer,U-8,DELRAN FC 2017 DEVILS,VOORHEES SA BLUE DEVILS 2017,DELRAN-DEUTSCH FIELD,,
05/04/2025,15:30,18760234,,GotSport,Soccer,U-8,CINNAMINSON SC UNION 2017,DELRAN FC RAPTORS 2017,CINNAMINSON SC - MEMORIAL,,
05/04/2025,15:30,18760233,,GotSport,Soccer,U-8,MOORESTOWN SC HAWKS 2017,AUDUBON BOYS 2017 TEAM 2,MOORESTOWN - MEMORIAL FIELDS,,
05/04/2025,15:30,18760723,,GotSport,Soccer,U-9,MEDFORD SC COLUMBIA 2016,HARRISON HORNETS 2016,MEDFORD - BENDE PARK,,
05/04/2025,15:30,18730866,,GotSport,Soccer,U-11,TBAA OUTLAWS 2014,TBAA REVOLUTION 2015,TBAA-VALLEY BROOK,,
05/04/2025,15:30,18791905,,GotSport,Soccer,U-10,MILLVILLE WARRIORS 2015,CINNAMINSON SC BANDITS 2015,MILLVILLE SOCCER COMPLEX,,
05/04/2025,15:30,18759196,,GotSport,Soccer,U-10,BURLINGTON TOWNSHIP SOCCER THUNDER2015,HADDONFIELD SC BLACK 2015 B,BURLINGTON TWP - PINEWALD AVE,,
05/04/2025,15:30,18815501,,GotSport,Soccer,U-14,DELRAN FC FLASH 2011,WEST DEPTFORD SC WOLFPACK 2011,Delran Middle School,,
05/04/2025,15:30,18734135,,GotSport,Soccer,U-14,MONROE TOWNSHIP YS UNITED WHITE 2011,MEDFORD SC RENEGADES 2011,MONROE TWP - CORKERY LANE,,
05/04/2025,15:30,18685386,,GotSport,Soccer,U-15,WASHINGTON TWP SOCCER CLUB RENEGADES 2010,EDGEWATER PARK ATHLETIC ASSOCIATION EP WIZARDS 2010,WASHINGTON TWP-WASH LAKE PARK,,
05/04/2025,15:30,18758216,,GotSport,Soccer,U-14,VOORHEES SA ATTACK 2011,CAPE EXPRESS SURGE 2011,VOORHEES-EASTERN HS,,
05/04/2025,15:30,18815533,,GotSport,Soccer,U-13,UPPER TOWNSHIP SA FORCE GREEN 2012,MARLTON SC CHIEFS WHITE 2012,UPPER TWP-Amanda's Field Complex,,
05/04/2025,15:30,18755522,,GotSport,Soccer,U-12,MEDFORD SC MAYHEM 2013,RANCOCAS VALLEY SC 2013 BOYS RONALDO,MEDFORD - BENDE PARK,,
05/04/2025,15:30,18783488,,GotSport,Soccer,U-11,HADDON TWP RED HAWKS 2014,CHERRY HILL FC 2015 JUNIOR RED,,,
05/04/2025,15:30,18792488,,GotSport,Soccer,U-8,HADDON TWP. WHITE HAWKS 2017,GATEWAY UNITED SOCCER CLUB GU GATORS B2017,,,
05/04/2025,15:30,18683054,,GotSport,Soccer,U-19,HARRISON TITANS FÚTBOL ACADEMY,HIGHLAND YOUTH SOCCER CLUB GALAXY 2008,HARRISON - William Wilt Soccer Complex,,
05/04/2025,15:30,18783517,,GotSport,Soccer,U-9,LOGAN APOLLO 2016,MONROE UNITED 2016 BLUE,LOGAN - TWP LINE,,
05/04/2025,15:30,18820567,,GotSport,Soccer,U-13,BERLIN SOCCER CLUB BALL BREAKERS 2012,TAR-KILL SOCCER CLUB TARKILL BARCELONA 2012,BERLIN SC - FRANKLIN FIELDS,,
05/04/2025,15:30,18730868,,GotSport,Soccer,U-11,VOORHEES SA KNIGHTS 2014,TAR-KILL SOCCER CLUB TARKILL CHELSEA 2014,VOORHEES-Echelon Complex,,
05/04/2025,15:40,18695888,,GotSport,Soccer,U-14,MAINLAND UNITED SA MUSTANGS WHITE 2011-12 B,CHERRY HILL FC 2011/2012 COBRAS,MAINLAND - MEMORIAL PARK,,
05/04/2025,15:45,18783309,,GotSport,Soccer,U-9,GATEWAY UNITED SOCCER CLUB GUSC THUNDER B2016,BORDENTOWN FC REVOLUTION 2016,GATEWAY UTD. - LANGSTON FIELD,,
05/04/2025,15:45,18783308,,GotSport,Soccer,U-9,SWEDESBORO WOOLWICH SOCCER ASSOC. SWSA HAVOC 2016,CAPE EXPRESS CE NOR'EASTERS 2016,SW-Locke Avenue Park,,
05/04/2025,15:45,18821163,,GotSport,Soccer,U-12,MOORESTOWN SC RAPTORS 2013,DEPTFORD SA TORNADOES 2013,MOORESTOWN - SALEM RD/PRYOR PARK,,
05/04/2025,15:45,18783294,,GotSport,Soccer,U-9,MEDFORD SC WHITE 2016,TBAA KNIGHTS 2016,MEDFORD SC - Bob Meyer Memorial Park,,
05/04/2025,15:45,18755537,,GotSport,Soccer,U-11,CHERRY HILL SC CHERRY HILL SC FORCE 2014,MANTUA TOWNSHIP SA OUTLAWS 2014,CHSC - UPPER CHAPEL TURF,,
05/04/2025,15:45,18753526,,GotSport,Soccer,U-10,WASHINGTON UNITED SOCCER CLUB WUSC 2015,CHERRY HILL SC CHERRY HILL SC WARRIORS 2015,WASHINGTON TWP. - Levy Fields (Virtua),,
05/04/2025,15:45,18772758,,GotSport,Soccer,U-11,HIGHLAND YOUTH SOCCER CLUB THUNDER 2014,EAST GREENWICH SA EGSA STARS 2014,HIGHLAND - GLOUCESTER TWP PARK,,
05/04/2025,15:45,18755524,,GotSport,Soccer,U-12,AUDUBON SOCCER YOUTH WILD WINGS 2013,EGG HARBOR SC EAGLES 2013 BLACK,AUDUBON PARK FIELD,,
05/04/2025,15:45,18750908,,GotSport,Soccer,U-14,MEDFORD STRIKERS 2011 BOYS,EGG HARBOR SC EAGLES BLACK 2011,MEDFORD STRIKERS - ARK ROAD COMPLEX,,
05/04/2025,16:00,18755376,,GotSport,Soccer,U-11,NORTHERN BURLINGTON BLUE DEVILS 2014,HADDON TWP WHITE HAWKS 2015,NB- MANSFIELD TOWNSHIP ELEMENTARY SCHOOL,,
05/04/2025,16:00,18758660,,GotSport,Soccer,U-8,EGG HARBOR SC EAGLES 2017,MAINLAND UNITED SA MUSTANGS RED 2017 B,Egg Harbor Twp HS,,
05/04/2025,16:00,18758215,,GotSport,Soccer,U-14,CHERRY HILL FC 2011 AVENGERS,CINNAMINSON SC VIPERS 2011,CHFC - DeCOU,,
05/04/2025,16:00,18687280,,GotSport,Soccer,U-12,MAINLAND UNITED SA MUSTANGS RED 2013 B,CHERRY HILL SC THUNDER 2013,MAINLAND - MEMORIAL PARK,,
05/04/2025,16:00,18696068,,GotSport,Soccer,U-9,EAST GREENWICH SA EGSA LIONS 2016,PENNS GROVE SC DRAGONS 2016,E GREENWICH - THOMPSON FAMILY PARK,,
05/04/2025,16:00,18743104,,GotSport,Soccer,U-12,HADDON HEIGHTS SC 2013 YOUNG BOYS,MANTUA TOWNSHIP SA MTSA ELITE 2014,HADD HGTS - DEVON,,
05/04/2025,16:00,18734136,,GotSport,Soccer,U-14,BORDENTOWN FC JAGUARS 2011,SWEDESBORO WOOLWICH SOCCER ASSOC. SWSA RED FLAMES 2011,BORDENTOWN - FRIENDSHIP FIELDS,,
05/04/2025,16:00,18754984,,GotSport,Soccer,U-13,SWEDESBORO WOOLWICH SOCCER ASSOC. SWSA CYCLONES 2012/2013,FRANKLIN TOWNSHIP YOUTH SOCCER ASSOCIATION CRUSADERS 2012,SW-Locke Avenue Park,,
05/04/2025,16:15,18759195,,GotSport,Soccer,U-10,WOODSTOWN WILD 2015,MONROE TOWNSHIP YS 2015 UNITED BLUE,WOODSTOWN,,
05/11/2025,11:00,18783491,,GotSport,Soccer,U-11,CHERRY HILL SC CHERRY HILL SC UNITED 2014,DELRAN FC SOCCER DELRAN FC KNIGHTS 2014,CHSC - UPPER CHAPEL TURF,,
05/11/2025,11:00,18815474,,GotSport,Soccer,U-14,MONROE TOWNSHIP YS UNITED BOYS 2011 BLUE,VINELAND SA STRIKERS 2011,MONROE TWP - CORKERY LANE,,
05/11/2025,11:00,18783490,,GotSport,Soccer,U-11,CHERRY HILL FC 2015 JUNIOR RED,CHERRY HILL SC CHERRY HILL SC UNION 2015,CHFC - DeCOU,,
05/11/2025,11:00,18793251,,GotSport,Soccer,U-11,GATEWAY UNITED SOCCER CLUB GU GREYHOUNDS 2014,NORTHERN BURLINGTON JACKALS 2015,GATEWAY UTD. - WESTVILLE,,
05/11/2025,11:00,18687237,,GotSport,Soccer,U-12,HIGHLAND YOUTH SOCCER CLUB CHAOS 2013,MOUNT LAUREL UNITED (MLU) TIGERS 2013,HIGHLAND - GLOUCESTER TWP PARK,,
05/11/2025,11:00,18755585,,GotSport,Soccer,U-10,CINNAMINSON SC PRIME 2015,HADDONFIELD SC RED 2015 B,CINNAMINSON SC - MEMORIAL,,
05/11/2025,11:00,18815506,,GotSport,Soccer,U-14,CINNAMINSON SC STORM 2011,DELRAN FC FLASH 2011,CINNAMINSON SC - MEMORIAL,,
05/11/2025,11:00,18683025,,GotSport,Soccer,U-19,PALMYRA RIVERTON SC LEGACY 2006,HIGHLAND YOUTH SOCCER CLUB FUSION,PAL-RIV - LEGION FIELD 11v11,,
05/11/2025,11:00,18683027,,GotSport,Soccer,U-19,MAINLAND UNITED SA MUSTANGS 2009 B,HIGHLAND YOUTH SOCCER CLUB GALAXY 2008,MAINLAND - MEMORIAL PARK,,
05/11/2025,11:00,18822514,,GotSport,Soccer,U-11,MARLTON SC CHIEFS SILVER 2014,HADDON TWP WHITE HAWKS 2014,MARLTON - MEMORIAL,,
05/11/2025,11:00,18772016,,GotSport,Soccer,U-10,UPPER TOWNSHIP SA COMETS GREEN 2015,EGG HARBOR SC EAGLES 2015 WHITE,UPPER TWP-Amanda's Field Complex,,
05/11/2025,11:00,18792499,,GotSport,Soccer,U-8,BURLINGTON TOWNSHIP SOCCER FIRE 2017,CINNAMINSON SC RAIDERS 2017,BURLINGTON TWP - PINEWALD AVE,,
05/11/2025,12:00,18994537,,GotSport,Soccer,U-11,DEPTFORD PREMIER FC '15 BOYS FUSION,HADDON TWP RED HAWKS 2014,DEPTFORD SC,,
05/11/2025,12:00,18695959,,GotSport,Soccer,U-11,MAINLAND UNITED SA MUSTANGS RED 2014 B,RANCOCAS VALLEY SC RVSC '14 - CELTIC,MAINLAND - MEMORIAL PARK,,
05/11/2025,12:00,18760740,,GotSport,Soccer,U-9,RANCOCAS VALLEY SC 2016 BOYS PREMIER,HARRISON HORNETS 2016,Rancocas Valley-LUMBERTON MUNICIPAL,,
05/11/2025,12:00,18685388,,GotSport,Soccer,U-15,MOUNT LAUREL UNITED (MLU) FORCE 2010,BORDENTOWN FC PANTHERS 2010,MLU-TROTTERS,,
05/11/2025,12:00,18783521,,GotSport,Soccer,U-9,VOORHEES SA TITANS 2016,GATEWAY UNITED SOCCER CLUB GUSC GATORS B2016/2017,VOORHEES-Echelon Complex,,
05/11/2025,12:00,18685855,,GotSport,Soccer,U-14,CHERRY HILL SC CHAOS 2011,DEPTFORD SA TORNADOES 2011,CHSC - CH WEST HS,,
05/11/2025,12:00,18770987,,GotSport,Soccer,U-14,MEDFORD SC COLUMBIA 2011,MOUNT LAUREL UNITED (MLU) WARRIORS 2011,MEDFORD - BENDE PARK,,
05/11/2025,12:00,18822579,,GotSport,Soccer,U-9,WEST DEPTFORD SC TSUNAMI 2016,HADDON HEIGHTS SC 2016 RUCKUS,W DEPTFORD-WD PARK,,
05/11/2025,12:00,18685389,,GotSport,Soccer,U-15,PENNSAUKEN YOUTH SOCCER CLUB CYCLONES 2010,WASHINGTON TWP SOCCER CLUB RENEGADES 2010,Pennsauken Community Recreation Facility,,
05/11/2025,12:00,18815505,,GotSport,Soccer,U-14,WOODBURY SOCCER CLUB WOODBURY ARMORY 2011,BURLINGTON TOWNSHIP SOCCER REBELS 2011,WOODBURY,,
05/11/2025,12:00,18700924,,GotSport,Soccer,U-9,MOORESTOWN SC UNITED 2016,HARRISON LEGENDS 2016,MOORESTOWN - MEMORIAL FIELDS,,
05/11/2025,12:00,18685390,,GotSport,Soccer,U-15,EDGEWATER PARK ATHLETIC ASSOCIATION EP WIZARDS 2010,SJ FUTBOL CLUB WOLVES,,,
05/11/2025,12:00,18754826,,GotSport,Soccer,U-11,EAST GREENWICH SA EGSA EAGLES 2014,LOGAN CHARGE BLUE 2014,E GREENWICH - THOMPSON FAMILY PARK,,
05/11/2025,12:00,18760240,,GotSport,Soccer,U-8,SWEDESBORO WOOLWICH SOCCER ASSOC. SWSA FIREBALLS 2017,LOGAN BOOM 2017,SW-Locke Avenue Park,,
05/11/2025,12:00,18815475,,GotSport,Soccer,U-14,WINSLOW WILDCATS 2011,VOORHEES SA BLUES 2011,,,
05/11/2025,12:00,18783461,,GotSport,Soccer,U-8,MEDFORD SC 2017B WHITE (LIGHTNING),CHERRY HILL SC CHERRY HILL SC COBRAS 2017,MEDFORD SC - Bob Meyer Memorial Park,,
05/11/2025,12:00,18685477,,GotSport,Soccer,U-16,NORTHERN BURLINGTON SA BULLDOGS 2009,TAR-KILL SOCCER CLUB TARKILL BLUE DEVILS 2009,NB- MANSFIELD TOWNSHIP ELEMENTARY SCHOOL,,
05/11/2025,12:00,18755556,,GotSport,Soccer,U-11,AUDUBON ATTACK - BOYS 2014,HAMMONTON HEAT BOYS 2014,AUDUBON PARK FIELD,,
05/11/2025,12:00,18793384,,GotSport,Soccer,U-12,COLLINGSWOOD OAKLYN SOCCER CLUB TITANS 2013,MILLVILLE REBELS 2013,COSC- Oaklyn Public School,,
05/11/2025,12:15,18758650,,GotSport,Soccer,U-8,UPPER TOWNSHIP SA FLASH 2017,MAINLAND UNITED SA MUSTANGS RED 2017 B,UPPER TWP-Amanda's Field Complex,,
05/11/2025,12:15,18687251,,GotSport,Soccer,U-12,CHERRY HILL SC CHERRY HILL SC FORCE 2013,MARLTON SC CHIEFS BLACK 2013,CHSC - UPPER CHAPEL TURF,,
05/11/2025,12:30,18770624,,GotSport,Soccer,U-10,CINNAMINSON SC PIRATES SEA DOGS 2015,HARRISON BLUE ARSENAL 2015,CINNAMINSON SC - MEMORIAL,,
05/11/2025,12:30,18685439,,GotSport,Soccer,U-19,MAPLE SHADE AVENGERS 2007,MILLVILLE PHANTOMS 2007,MAPLE SHADE - TURF FIELD,,
05/11/2025,12:30,18755462,,GotSport,Soccer,U-13,EAST GREENWICH SA EGSA VENOM 2012,PENNSVILLE EAGLES 2012,E GREENWICH - THOMPSON FAMILY PARK,,
05/11/2025,12:30,18793250,,GotSport,Soccer,U-11,HARRISON WAVE 2014,WOODSTOWN WOLFPACK 2014,HARRISON - William Wilt Soccer Complex,,
05/11/2025,12:30,18755463,,GotSport,Soccer,U-13,SWEDESBORO WOOLWICH SOCCER ASSOC. SWSA SHARKS 2012,NORTHERN BURLINGTON SA RANGERS 2012,SW-Locke Avenue Park,,
05/11/2025,12:30,18685856,,GotSport,Soccer,U-14,PITTSGROVE SOCCER CLUB PSC WOLVES '11,HARRISON SC THUNDER 2011,PITTSGROVE-GREEN BRANCH,,
05/11/2025,12:30,18814515,,GotSport,Soccer,U-9,SENECA UNITED SC RAPTORS 2016,PITMAN SA BOBCATS 2016,SENECA - STONEY CREEK FIELDS,,
05/11/2025,12:30,18752477,,GotSport,Soccer,U-9,HADDONFIELD SC WHITE 2016,MOORESTOWN SC DRAGONS 2016,HADDONFIELD - CROWS WOODS,,
05/11/2025,12:30,18759199,,GotSport,Soccer,U-10,MONROE TOWNSHIP YS 2015 UNITED BLUE,MOORESTOWN SC DEVIL RAYS 2015,MONROE TWP - CORKERY LANE,,
05/11/2025,12:30,18783460,,GotSport,Soccer,U-8,CHERRY HILL FC 2017 JUNIOR BLACK,HADDONFIELD SC REBELS 2017,CHFC - DeCOU,,
05/11/2025,12:30,18762662,,GotSport,Soccer,U-10,PALMYRA RIVERTON SC NATIONALS 2015,MOUNT LAUREL UNITED (MLU) WOLFPACK 2015,PAL-RIV CHARLES STREET SCHOOL Spring Season,,
05/11/2025,12:30,18762648,,GotSport,Soccer,U-10,PENNSAUKEN YOUTH SOCCER CLUB LIONS 2015,MANTUA TOWNSHIP SA FROGS 2015,Pennsauken Community Recreation Facility,,
05/11/2025,12:30,18783445,,GotSport,Soccer,U-8,HADDON TWP. RED HAWKS 2017,BORDENTOWN FC REVOLUTION 2017,,,
05/11/2025,12:30,18750910,,GotSport,Soccer,U-14,CHERRY HILL FC 2011 STALLIONS,BORDENTOWN FC RENEGADES 2011,CHFC - DeCOU,,
05/11/2025,12:30,18814259,,GotSport,Soccer,U-13,DELRAN FC SOCCER DELRAN FC UNITED 2013,CHERRY HILL FC 2012 JUNIORS BLACK,Delran Middle School,,
05/11/2025,12:30,18755587,,GotSport,Soccer,U-10,MOUNT LAUREL UNITED (MLU) KNIGHTS 2015 BOYS,EAST GREENWICH SA EGSA BLACK KNIGHTS 2015,MLU-MARNE HWY,,
05/11/2025,12:30,18762693,,GotSport,Soccer,U-8,WASHINGTON TWP SOCCER CLUB WOLVES 2017,HAMMONTON HEAT BOYS 2017,WASHINGTON TWP. - Levy Fields (Virtua),,
05/11/2025,12:30,18730869,,GotSport,Soccer,U-11,TBAA REVOLUTION 2015,VOORHEES SA KNIGHTS 2014,TBAA-VALLEY BROOK,,
05/11/2025,12:30,18792497,,GotSport,Soccer,U-8,GATEWAY UNITED SOCCER CLUB GU GATORS B2017,HADDON HEIGHTS SC 2017 HAVOC,GATEWAY UTD. - LANGSTON FIELD,,
05/11/2025,12:30,18743105,,GotSport,Soccer,U-12,MONROE TOWNSHIP YS UNITED BOYS 2013 BLUE,HADDON HEIGHTS SC 2013 YOUNG BOYS,MONROE TWP - CORKERY LANE,,
05/11/2025,12:30,18752634,,GotSport,Soccer,U-15,CINNAMINSON SC PIRATES 2010,TBAA DYNAMO 2010,CINNAMINSON SC - MEMORIAL,,
05/11/2025,12:30,18700908,,GotSport,Soccer,U-9,MEDFORD SC GOLD 2016,HADDONFIELD SC BLACK 2016 B,MEDFORD - BENDE PARK,,
05/11/2025,12:30,18772763,,GotSport,Soccer,U-11,WEST DEPTFORD SC EAGLES 2014,HIGHLAND YOUTH SOCCER CLUB THUNDER 2014,W DEPTFORD-WD PARK,,
05/11/2025,12:30,18772762,,GotSport,Soccer,U-11,LOGAN CHARGE BLACK 2014,PITMAN SA BENGALS 2014,LOGAN - TWP LINE,,
05/11/2025,12:30,18758220,,GotSport,Soccer,U-14,CAPE EXPRESS SURGE 2011,CHERRY HILL FC 2011 AVENGERS,CAPE EX SOCCER COMPLEX At Ockie Wisting,,
05/11/2025,12:30,18687281,,GotSport,Soccer,U-12,MEDFORD SC BLUE DEVILS 2013,MAINLAND UNITED SA MUSTANGS RED 2013 B,MEDFORD - BENDE PARK,,
05/11/2025,12:30,18761203,,GotSport,Soccer,U-8,CINNAMINSON SC RED 2017,DELRAN FC 2017 DEVILS,CINNAMINSON SC - MEMORIAL,,
05/11/2025,12:30,18822548,,GotSport,Soccer,U-9,TAR-KILL SOCCER CLUB TARKILL 2016 BOYS,CHERRY HILL FC 2016 JUNIOR BLACK,TARKILL-STERLING HS,,
05/11/2025,12:30,18755526,,GotSport,Soccer,U-12,EGG HARBOR SC EAGLES 2013 BLACK,HAMMONTON HEAT BOYS 2013,Egg Harbor Twp HS,,
05/11/2025,12:30,18815536,,GotSport,Soccer,U-13,VOORHEES SA PREDATORS 2013,VINELAND SA FURY 2012,VOORHEES-EASTERN HS,,
05/11/2025,12:30,18755527,,GotSport,Soccer,U-12,PITTSGROVE SOCCER CLUB PSC PYTHONS '13,MEDFORD SC MAYHEM 2013,PITTSGROVE-GREEN BRANCH,,
05/11/2025,12:30,18802336,,GotSport,Soccer,U-9,EGG HARBOR SC EAGLES 2016 WHITE,WASHINGTON UNITED SOCCER CLUB WUSC 2016,Egg Harbor Twp HS,,
05/11/2025,12:30,18770985,,GotSport,Soccer,U-14,GATEWAY UNITED SOCCER CLUB GUSC WILDCATS B2011,NORTHERN BURLINGTON SA HOOLIGANS 2011,GATEWAY UTD. - WESTVILLE,,
05/11/2025,12:30,18743107,,GotSport,Soccer,U-12,HADDONFIELD SC RED 2013,HARRISON SC LIGHTNING 2013,HADDONFIELD - CROWS WOODS,,
05/11/2025,12:30,18753959,,GotSport,Soccer,U-8,CHERRY HILL SC DYNAMO (2017),MONROE TOWNSHIP YS 2017 MONROE UNITED,CHSC - UPPER CHAPEL TURF,,
05/11/2025,12:30,18685478,,GotSport,Soccer,U-16,HIGHLAND YOUTH SOCCER CLUB BOYS 2009,DEPTFORD AVENGERS 2009,HIGHLAND - GLOUCESTER TWP PARK,,
05/11/2025,12:30,18769289,,GotSport,Soccer,U-13,LOGAN FORCE 2012,HIGHLAND YOUTH SOCCER CLUB FORCE 2012,LOGAN - TWP LINE,,
05/11/2025,12:30,18815179,,GotSport,Soccer,U-11,SENECA UNITED SC THUNDER 2014,DEPTFORD SA UNITED 2014,SENECA - STONEY CREEK FIELDS,,
05/11/2025,12:30,18770622,,GotSport,Soccer,U-10,PENNSVILLE EAGLES GOLD 2015,HADDONFIELD SC WHITE 2015 B,PENNSVILLE,,
05/11/2025,12:30,18822512,,GotSport,Soccer,U-11,DELRAN FC HAWKS 2014,MEDFORD SC GOLD 2014,DELRAN-DEUTSCH FIELD,,
05/11/2025,12:30,18683060,,GotSport,Soccer,U-19,BURLINGTON TOWNSHIP SOCCER BULLS 2007-2008,BORDENTOWN FC 2006,BURLINGTON TWP - PINEWALD AVE,,
05/11/2025,12:30,18750911,,GotSport,Soccer,U-14,MANTUA TOWNSHIP SA UNION 2011,MEDFORD STRIKERS 2011 BOYS,MANTUA TWP,,
05/11/2025,12:30,18700835,,GotSport,Soccer,U-12,BARRINGTON SC REVOLUTION 2013,PITMAN SA TOMCATS 2013,BARRINGTON-DEERE FIELD,,
05/11/2025,12:30,18783522,,GotSport,Soccer,U-9,ATLANTIC UNITED PREMIER RED 2016/2017 B,LOGAN APOLLO 2016,ATLANTIC - TARTAGLIO,,
05/11/2025,12:30,18695891,,GotSport,Soccer,U-14,PENNS GROVE SC RAGE 2011,PITMAN SA PUMAS 2011,PG-CP-PED- Carney's Point Rec Center,,
05/11/2025,12:30,18701112,,GotSport,Soccer,U-11,FRANKLIN TOWNSHIP YOUTH SOCCER ASSOCIATION STORM 2014,PITTSGROVE SOCCER CLUB PSC PHANTOMS '14,FRANKLIN TWP YOUTH COMPLEX,,
05/11/2025,12:30,18747980,,GotSport,Soccer,U-11,TAR-KILL SOCCER CLUB TARKILL 2015 BLUE,WATERFORD ATHLETIC ASSN WINGS 2014,TARKILL-STERLING HS,,
05/11/2025,12:30,18695974,,GotSport,Soccer,U-11,MARLTON SC CHIEFS WHITE 2014,HADDONFIELD SC RED 2014 B,MARLTON - MEMORIAL,,
05/11/2025,12:30,18700938,,GotSport,Soccer,U-9,MARLTON SC CHIEFS ORANGE 2016,PITTSGROVE SOCCER CLUB PSC PRIME BLACK '16,MARLTON - MEMORIAL,,
05/11/2025,12:30,18701113,,GotSport,Soccer,U-11,ATLANTIC UNITED PREMIER KICKERS 2014 B,UPPER TOWNSHIP SA HURRICANES WHITE 2014,ATLANTIC - TARTAGLIO,,
05/11/2025,12:30,18761451,,GotSport,Soccer,U-12,CAPE EXPRESS AVENGERS 2013,SJ FUTBOL CLUB FLYERS 2014,CAPE EX SOCCER COMPLEX At Ockie Wisting,,
05/11/2025,12:30,18755461,,GotSport,Soccer,U-13,HADDONFIELD SC RED 2012,AUDUBON SOCCER YOUTH BALLERS 2012,HADDONFIELD - CROWS WOODS,,
05/11/2025,12:30,18760239,,GotSport,Soccer,U-8,HIGHLAND YOUTH SOCCER CLUB BOYS 2017,WEST DEPTFORD SC DRAGONS 2017,HIGHLAND - GLOUCESTER TWP PARK,,
05/11/2025,12:40,18769290,,GotSport,Soccer,U-13,MAINLAND UNITED SA MUSTANGS RED 2012 B,VINELAND SA JERSEY BOYZ 2012,MAINLAND - MEMORIAL PARK,,
05/11/2025,12:40,18818858,,GotSport,Soccer,U-15,PALMYRA RIVERTON SC UNION 2010,WINSLOW SLAYERS 2010,PAL-RIV - LEGION FIELD 11v11,,
05/11/2025,13:15,18791908,,GotSport,Soccer,U-10,VOORHEES SA PYTHONS 2015,MARLTON SC CHIEFS WHITE 2015,VOORHEES-Echelon Complex,,
05/11/2025,13:15,18753527,,GotSport,Soccer,U-10,MOORESTOWN SC VIPERS 2015,WASHINGTON UNITED SOCCER CLUB WUSC 2015,MOORESTOWN - MEMORIAL FIELDS,,
05/11/2025,13:15,18762694,,GotSport,Soccer,U-8,DEPTFORD SA SCORPIONS 2017,HARRISON HURRICANES 2017,DEPTFORD SC,,
05/11/2025,13:15,18772761,,GotSport,Soccer,U-11,EAST GREENWICH SA EGSA STARS 2014,MARLTON SC CHIEFS BLACK 2014,E GREENWICH - THOMPSON FAMILY PARK,,
05/11/2025,13:15,18793477,,GotSport,Soccer,U-9,SWEDESBORO WOOLWICH SOCCER ASSOC. SWSA VENOM 2016,MAPLE SHADE SHARKS 2016,SW-Locke Avenue Park,,
05/11/2025,13:15,18761202,,GotSport,Soccer,U-8,RANCOCAS VALLEY SC 2017 BOYS PREMIER,SJ FUTBOL CLUB HAMMERS 2017,Rancocas Valley-LUMBERTON MUNICIPAL,,
05/11/2025,13:15,18757006,,GotSport,Soccer,U-10,MEDFORD SC WHITE 2015,HADDON HEIGHTS SC 2015 CHEETAHS,MEDFORD SC - Bob Meyer Memorial Park,,
05/11/2025,13:15,18999225,,GotSport,Soccer,U-12,MAINLAND UNITED SA MUSTANGS WHITE 2013-14 B,MOUNT LAUREL UNITED (MLU) GALAXY 2013,MAINLAND - MEMORIAL PARK,,
05/11/2025,13:15,18821239,,GotSport,Soccer,U-11,COLLINGSWOOD OAKLYN SOCCER CLUB OUTLAWS 2014,CINNAMINSON SC AVENGERS 2014,COSC- Oaklyn Public School,,
05/11/2025,13:30,18757005,,GotSport,Soccer,U-10,WINSLOW TITANS 2015,MEDFORD STRIKERS 2015 BOYS,,,
05/11/2025,13:30,18772017,,GotSport,Soccer,U-10,WEST DEPTFORD SC ANIMALS 2015,HIGHLAND YOUTH SOCCER CLUB LIGHTNING 2015,W DEPTFORD-WD PARK,,
05/11/2025,13:30,18761511,,GotSport,Soccer,U-10,UPPER TOWNSHIP SA COMETS WHITE 2015,CHERRY HILL SC CHERRY HILL SC COMETS (2015),UPPER TWP-Amanda's Field Complex,,
05/11/2025,13:30,18755586,,GotSport,Soccer,U-10,AUDUBON SOCCER YOUTH BOYS 2015 - HAMMERS,VOORHEES SA COBRAS 2015,AUDUBON PARK FIELD,,
05/11/2025,13:30,18820565,,GotSport,Soccer,U-13,COLLINGSWOOD OAKLYN SOCCER CLUB KNIGHTS 2012,PITMAN SA JAGUARS 2012,WOODBURY,,
05/11/2025,13:30,18687282,,GotSport,Soccer,U-12,CHERRY HILL SC THUNDER 2013,MARLTON SC CHIEFS WHITE 2013,CHSC - UPPER CHAPEL TURF,,
05/11/2025,13:40,18818857,,GotSport,Soccer,U-15,MARLTON SC CHIEFS WHITE 2010,WOODSTOWN WOLVERINES 2010,MARLTON - MEMORIAL,,
05/11/2025,13:45,18752633,,GotSport,Soccer,U-15,CHERRY HILL SC CHERRY HILL SC THUNDERBOLTS (2010-2011),MAPLE SHADE BEST ELEVEN 2010,CHSC - CH WEST HS,,
05/11/2025,13:45,18763799,,GotSport,Soccer,U-13,EDGEWATER PARK ATHLETIC ASSOCIATION EP UNITED 2012,HADDONFIELD SC BLACK 2012,,,
05/11/2025,13:45,18685441,,GotSport,Soccer,U-19,MEDFORD SC ,SWEDESBORO WOOLWICH SOCCER ASSOC. SWSA SCORPIONS 2008,MEDFORD - BENDE PARK,,
05/11/2025,13:45,18758219,,GotSport,Soccer,U-14,PENNSAUKEN YOUTH SOCCER CLUB WARRIORS 2011,VOORHEES SA ATTACK 2011,Pennsauken Community Recreation Facility,,
05/11/2025,14:00,18793385,,GotSport,Soccer,U-12,LOGAN FLASH 2013,WOODSTOWN WOLVERINES 2013,LOGAN - TWP LINE,,
05/11/2025,14:00,18814275,,GotSport,Soccer,U-13,CAPE EXPRESS WHITE CAPS 2012,WASHINGTON TWP SOCCER CLUB PREDATORS 2012,CAPE EX SOCCER COMPLEX At Ockie Wisting,,
05/11/2025,14:00,18748992,,GotSport,Soccer,U-8,PALMYRA RIVERTON SC RIPPERS 2017,WEST DEPTFORD SC WARRIORS 2017,PAL-RIV CHARLES STREET SCHOOL Spring Season,,
05/11/2025,14:00,18815534,,GotSport,Soccer,U-13,ATLANTIC UNITED PREMIER KICKERS 2013 B,UPPER TOWNSHIP SA FORCE GREEN 2012,ATLANTIC - TARTAGLIO,,
05/11/2025,14:00,18821240,,GotSport,Soccer,U-11,EGG HARBOR SC EAGLES 2014,DELRAN FC COBRAS 2015,Egg Harbor Twp HS,,
05/11/2025,14:00,18821241,,GotSport,Soccer,U-11,VOORHEES SA VIKINGS 2014,WASHINGTON TWP SOCCER CLUB WARRIORS 2014,VOORHEES-Echelon Complex,,
05/11/2025,14:00,18819058,,GotSport,Soccer,U-14,HADDONFIELD SC WHITE 2011,MOORESTOWN SC LIGHTNING 2011,HADDONFIELD - CROWS WOODS,,
05/11/2025,14:00,18820563,,GotSport,Soccer,U-13,SENECA UNITED SC PRIDE 2012,BERLIN SOCCER CLUB BALL BREAKERS 2012,SENECA - STONEY CREEK FIELDS,,
05/11/2025,14:00,18700906,,GotSport,Soccer,U-9,SENECA UNITED SC EAGLES 2016,MOORESTOWN SC RENEGADES 2016,SENECA - STONEY CREEK FIELDS,,
05/11/2025,14:00,18743106,,GotSport,Soccer,U-12,MANTUA TOWNSHIP SA MTSA ELITE 2014,HIGHLAND YOUTH SOCCER CLUB FURY 2013,MANTUA TWP,,
05/11/2025,14:00,18771401,,GotSport,Soccer,U-10,CHERRY HILL FC 2015 JUNIOR WHITE,NORTHERN BURLINGTON STORM 2015,CHFC - DeCOU,,
05/11/2025,14:00,18793417,,GotSport,Soccer,U-10,HADDON TWP RED HAWKS 2015,BERLIN SOCCER CLUB BERSERKERS 2015,,,
05/11/2025,14:00,18756968,,GotSport,Soccer,U-12,PENNSAUKEN YOUTH SOCCER CLUB REBELS 2013,MEDFORD STRIKERS 2013 BOYS,Pennsauken Community Recreation Facility,,
05/11/2025,14:00,18762630,,GotSport,Soccer,U-10,PENNSVILLE EAGLES BLUE 2015,PITMAN SA WILDCATS 2015,PENNSVILLE,,
05/11/2025,14:00,18720859,,GotSport,Soccer,U-13,RANCOCAS VALLEY SC 2012 BOYS AVENGERS,WINSLOW DYNAMO 2012,Rancocas Valley-LUMBERTON MUNICIPAL,,
05/11/2025,14:00,18783602,,GotSport,Soccer,U-15,EAST GREENWICH SA EGSA BLAZE 2010,VOORHEES SA WARRIORS 2010,E GREENWICH - THOMPSON FAMILY PARK,,
05/11/2025,14:00,18769288,,GotSport,Soccer,U-13,GATEWAY UNITED SOCCER CLUB GUSC STINGRAYS B2012,VOORHEES SA FORCE 2012,GATEWAY UTD. - WESTVILLE,,
05/11/2025,14:00,18756969,,GotSport,Soccer,U-12,CAPE EXPRESS CE 2014 UNION,MOORESTOWN SC GOLDEN EAGLES 2013,CAPE EX SOCCER COMPLEX At Ockie Wisting,,
05/11/2025,14:00,18793476,,GotSport,Soccer,U-9,WASHINGTON TWP SOCCER CLUB THUNDER 2016,NORTHERN BURLINGTON BOOM 2016,WASHINGTON TWP. - Levy Fields (Virtua),,
05/11/2025,14:00,18791907,,GotSport,Soccer,U-10,CINNAMINSON SC BANDITS 2015,MAPLE SHADE WILD 2015,CINNAMINSON SC - MEMORIAL,,
05/11/2025,14:00,18822513,,GotSport,Soccer,U-11,PALMYRA RIVERTON SC TORNADOES 2014,PENNSVILLE EAGLES 2014,PAL-RIV CHARLES STREET SCHOOL Spring Season,,
05/11/2025,14:00,18720857,,GotSport,Soccer,U-13,HARRISON SC STRIKERS 2012,CINNAMINSON SC CHARGE 2012,HARRISON - William Wilt Soccer Complex,,
05/11/2025,14:00,18753528,,GotSport,Soccer,U-10,CHERRY HILL SC CHERRY HILL SC WARRIORS 2015,DEPTFORD SA LIGHTNING 2015,CHSC - UPPER CHAPEL TURF,,
05/11/2025,14:00,18734137,,GotSport,Soccer,U-14,LOGAN BLAZE 2011,BORDENTOWN FC JAGUARS 2011,LOGAN - TWP LINE,,
05/11/2025,14:00,18696071,,GotSport,Soccer,U-9,BARRINGTON SC STORM 2016,EAST GREENWICH SA EGSA LIONS 2016,BARRINGTON-DEERE FIELD,,
05/11/2025,14:00,18734138,,GotSport,Soccer,U-14,SWEDESBORO WOOLWICH SOCCER ASSOC. SWSA RED FLAMES 2011,MONROE TOWNSHIP YS UNITED WHITE 2011,SW-Locke Avenue Park,,
05/11/2025,14:00,18820564,,GotSport,Soccer,U-13,TAR-KILL SOCCER CLUB TARKILL BARCELONA 2012,MILLVILLE LYNX 2012,TARKILL-STERLING HS,,
05/11/2025,14:00,18815504,,GotSport,Soccer,U-14,WEST DEPTFORD SC WOLFPACK 2011,WASHINGTON TWP SOCCER CLUB REGULATORS 2011,W DEPTFORD-WD PARK,,
05/11/2025,14:00,18754958,,GotSport,Soccer,U-13,PITTSGROVE SOCCER CLUB PSC REVOLUTION '13,MEDFORD SC DESTROYERS 2012,PITTSGROVE-GREEN BRANCH,,
05/11/2025,14:00,18754991,,GotSport,Soccer,U-13,FRANKLIN TOWNSHIP YOUTH SOCCER ASSOCIATION CRUSADERS 2012,CHERRY HILL SC CHERRY HILL SC COBRAS 2012,FRANKLIN TWP YOUTH COMPLEX,,
05/11/2025,14:00,18783581,,GotSport,Soccer,U-13,DELRAN FC SOCCER GREY 2013B,WEST DEPTFORD SC UNION 2012,Delran Middle School,,
05/11/2025,14:00,18821168,,GotSport,Soccer,U-12,FRANKLIN TOWNSHIP YOUTH SOCCER ASSOCIATION ENFORCERS 2013,MOORESTOWN SC RAPTORS 2013,FRANKLIN TWP YOUTH COMPLEX,,
05/11/2025,14:00,18747981,,GotSport,Soccer,U-11,HADDONFIELD SC BLACK 2014,HARRISON STRIKERS 2014,HADDONFIELD - CROWS WOODS,,
05/11/2025,14:00,18783311,,GotSport,Soccer,U-9,CAPE EXPRESS CE NOR'EASTERS 2016,TBAA KNIGHTS 2016,CAPE EX SOCCER COMPLEX At Ockie Wisting,,
05/11/2025,14:00,18700939,,GotSport,Soccer,U-9,MOUNT LAUREL UNITED (MLU) GLADIATORS 2016,MANTUA TOWNSHIP SA MAMBAS 2016,MLU-MARNE HWY,,
05/11/2025,14:00,18695890,,GotSport,Soccer,U-14,CHERRY HILL FC 2011/2012 COBRAS,EGG HARBOR SC EAGLES 2011/2012 BLACK,CHFC - DeCOU,,
05/11/2025,14:00,18696017,,GotSport,Soccer,U-12,BURLINGTON TOWNSHIP SOCCER STRIKERS 2013,VINELAND TERMINATORS 2013,BURLINGTON TWP - PINEWALD AVE,,
05/11/2025,14:00,18730871,,GotSport,Soccer,U-11,MEDFORD SC AVENGERS 2014,TBAA OUTLAWS 2014,MEDFORD - BENDE PARK,,
05/11/2025,14:00,18720615,,GotSport,Soccer,U-9,ATLANTIC UNITED PREMIER BLACK 2016 B,MOUNT LAUREL UNITED (MLU) REVOLUTION 2016,ATLANTIC - TARTAGLIO,,
05/11/2025,14:00,18783520,,GotSport,Soccer,U-9,MONROE UNITED 2016 BLUE,UPPER TOWNSHIP SA THUNDER 2016,MONROE TWP - CORKERY LANE,,
05/11/2025,14:00,18720613,,GotSport,Soccer,U-9,DELRAN FC SOCCER SHARKS 2016,CINNAMINSON SC LIGHTNING 2016,DELRAN-DEUTSCH FIELD,,
05/11/2025,14:00,18696019,,GotSport,Soccer,U-12,PENNS GROVE WILD 2013,WASHINGTON TWP SOCCER CLUB DAREDEVILS 2013,PG-CP-PED- Carney's Point Rec Center,,
05/11/2025,14:00,18793249,,GotSport,Soccer,U-11,PITTSGROVE SOCCER CLUB PSC MAVERICKS '14,BURLINGTON TOWNSHIP SOCCER DYNAMITE 2014,PITTSGROVE-GREEN BRANCH,,
05/11/2025,14:00,18814516,,GotSport,Soccer,U-9,MARLTON SC CHIEFS WHITE 2016,VOORHEES SA DESTROYERS 2016,MARLTON - MEMORIAL,,
05/11/2025,14:00,18814517,,GotSport,Soccer,U-9,EGG HARBOR SC EAGLES 2016 BLACK,WEST DEPTFORD SC WILDCATS 2016,Egg Harbor Twp HS,,
05/11/2025,14:00,18760741,,GotSport,Soccer,U-9,MEDFORD SC COLUMBIA 2016,MOORESTOWN SC WARRIORS 2016,MEDFORD - BENDE PARK,,
05/11/2025,14:00,18735679,,GotSport,Soccer,U-8,TBAA REVOLUTION 2017,SWEDESBORO WOOLWICH SOCCER ASSOC. SWSA PANTHERS 2017,TBAA-VALLEY BROOK,,
05/11/2025,14:00,18730870,,GotSport,Soccer,U-11,TAR-KILL SOCCER CLUB TARKILL CHELSEA 2014,UPPER TOWNSHIP SA HURRICANES GREEN 2014,TARKILL-STERLING HS,,
05/11/2025,14:00,18735681,,GotSport,Soccer,U-8,HADDONFIELD SC FIRE 2017,AUDUBON CROSSFIRE,HADDONFIELD - CROWS WOODS,,
05/11/2025,14:00,18822549,,GotSport,Soccer,U-9,CINNAMINSON SC TITANS 2016,LOGAN SUPERNOVA 2016,CINNAMINSON SC - MEMORIAL,,
05/11/2025,14:00,18755381,,GotSport,Soccer,U-11,MOORESTOWN SC GUARDIANS 2014,NORTHERN BURLINGTON BLUE DEVILS 2014,MOORESTOWN - SALEM RD/PRYOR PARK,,
05/11/2025,14:00,18755380,,GotSport,Soccer,U-11,MONROE TOWNSHIP YS UNITED BOYS 2014 BLUE,MOUNT LAUREL UNITED (MLU) COBRAS 2014,MONROE TWP - CORKERY LANE,,
05/11/2025,14:00,18760742,,GotSport,Soccer,U-9,HIGHLAND YOUTH SOCCER CLUB MAYHEM,HADDON TWP RED HAWKS 2016,HIGHLAND - GLOUCESTER TWP PARK,,
05/11/2025,14:00,18815180,,GotSport,Soccer,U-11,MARLTON SC CHIEFS ORANGE 2015,VOORHEES SA LIGHTNING 2014,MARLTON - MEMORIAL,,
05/11/2025,14:00,18815181,,GotSport,Soccer,U-11,WASHINGTON TWP SOCCER CLUB TERROR 2014,SWEDESBORO WOOLWICH SOCCER ASSOC. SWSA LIGHTNING 2014,WASHINGTON TWP-WASH LAKE PARK,,
05/11/2025,14:10,18685841,,GotSport,Soccer,U-14,MAINLAND UNITED SA MUSTANGS RED 2011 B,MOUNT LAUREL UNITED (MLU) FLASH 2011,MAINLAND - MEMORIAL PARK,,
05/11/2025,14:10,18758218,,GotSport,Soccer,U-14,CINNAMINSON SC VIPERS 2011,UPPER TOWNSHIP SA TSUNAMIS 2011,CINNAMINSON SC - MEMORIAL,,
05/11/2025,14:15,18783592,,GotSport,Soccer,U-15,HIGHLAND YOUTH SOCCER CLUB RAPTORS 2010,SWEDESBORO WOOLWICH SOCCER ASSOC. SWSA BLACK MAMBAS 2011,HIGHLAND - GLOUCESTER TWP PARK,,
05/11/2025,14:20,18819059,,GotSport,Soccer,U-14,PALMYRA RIVERTON SC WARRIORS 2011,HAMMONTON HEAT BOYS 2011,PAL-RIV - LEGION FIELD 11v11,,
05/11/2025,14:30,18700834,,GotSport,Soccer,U-12,MAPLE SHADE FORCE 2013,MOORESTOWN SC DRAGONS 2013,MAPLE SHADE - TURF FIELD,,
05/11/2025,14:30,18761204,,GotSport,Soccer,U-8,VOORHEES SA BLUE DEVILS 2017,WASHINGTON TWP SOCCER CLUB REBELS 2017,VOORHEES-Echelon Complex,,
05/11/2025,14:30,18757004,,GotSport,Soccer,U-10,RANCOCAS VALLEY SC 2015 BOYS STEALTH,VINELAND AVENGERS 2015,Rancocas Valley-LUMBERTON MUNICIPAL,,
05/11/2025,14:30,18759197,,GotSport,Soccer,U-10,MAINLAND UNITED SA MUSTANGS RED 2015 B,BURLINGTON TOWNSHIP SOCCER THUNDER2015,MAINLAND - MEMORIAL PARK,,
05/11/2025,14:30,18822577,,GotSport,Soccer,U-9,COLLINGSWOOD OAKLYN SOCCER CLUB WARRIORS 2016,UPPER TOWNSHIP SA BREAKERS 2016,COSC- Oaklyn Public School,,
05/11/2025,14:30,18783296,,GotSport,Soccer,U-9,SWEDESBORO WOOLWICH SOCCER ASSOC. SWSA HAVOC 2016,BORDENTOWN FC REVOLUTION 2016,SW-Locke Avenue Park,,
05/11/2025,14:30,18762632,,GotSport,Soccer,U-10,DEPTFORD SA CYCLONES 2015,LOGAN ARMADA BLUE 2015,DEPTFORD SC,,
05/11/2025,14:30,18772732,,GotSport,Soccer,U-10,MOORESTOWN SC HORNETS 2015,SWEDESBORO WOOLWICH SOCCER ASSOC. SWSA GUNNERS 2015,MOORESTOWN - MEMORIAL FIELDS,,
05/11/2025,14:30,18753958,,GotSport,Soccer,U-8,MEDFORD SC 2017B NAVY (RENEGADES),WASHINGTON UNITED SOCCER CLUB WUSC 2017,MEDFORD SC - Bob Meyer Memorial Park,,
05/11/2025,14:30,18753960,,GotSport,Soccer,U-8,EAST GREENWICH SA EGSA UNITED 2017,HARRISON UNITED 2017,E GREENWICH - THOMPSON FAMILY PARK,,
05/11/2025,14:45,18793416,,GotSport,Soccer,U-10,UPPER TOWNSHIP SA SUPER SONICS 2015,CHERRY HILL FC 2015 JUNIORS BLACK,UPPER TWP-Amanda's Field Complex,,
05/11/2025,14:45,18755555,,GotSport,Soccer,U-11,CHERRY HILL SC CHERRY HILL SC FORCE 2014,HADDON HEIGHTS SC 2014 MIGHTY TITANS,CHSC - UPPER CHAPEL TURF,,
05/11/2025,14:45,18760242,,GotSport,Soccer,U-8,AUDUBON BOYS 2017 TEAM 2,CINNAMINSON SC UNION 2017,AUDUBON PARK FIELD,,
05/11/2025,15:00,18762631,,GotSport,Soccer,U-10,WEST DEPTFORD SC COBRAS 2015,CLAYTON SA CLIPPERS 2015,W DEPTFORD-WD PARK,,
05/11/2025,15:00,18771402,,GotSport,Soccer,U-10,WOODBURY BOLTS,AUDUBON BOYS 2015,WOODBURY,,
05/11/2025,15:20,18685425,,GotSport,Soccer,U-19,WASHINGTON TWP SOCCER CLUB SPARTANS 2007,HIGHLAND YOUTH SOCCER CLUB HURRICANES 2008,WASHINGTON TWP-WASH LAKE PARK,,
05/11/2025,15:20,18752636,,GotSport,Soccer,U-15,AUDUBON SOCCER YOUTH UNITED 2010,EAST GREENWICH SA EGSA CHARGERS 2010,BARRINGTON-WOODLAND SCHOOL,,
05/11/2025,15:20,18685479,,GotSport,Soccer,U-16,BURLINGTON TOWNSHIP SOCCER CELTIC 2010,EAST GREENWICH SA EGSA THUNDER 2009,BURLINGTON TWP - PINEWALD AVE,,
05/11/2025,15:30,18814260,,GotSport,Soccer,U-13,PITTSGROVE SOCCER CLUB PSC SPURS '12,DEPTFORD SA THUNDER 2012,PITTSGROVE-GREEN BRANCH,,
05/11/2025,15:30,18783580,,GotSport,Soccer,U-13,HADDON TWP WHITE HAWKS 2012,HARRISON WILDCATS 2012,HADDON TWP - RECCHINO FIELDS,,
05/11/2025,15:30,18818856,,GotSport,Soccer,U-15,ATLANTIC UNITED PREMIER STRIKERS 2010/11 B,MILLVILLE VENOM 2010,ATLANTIC - TARTAGLIO,,
05/11/2025,15:30,18756967,,GotSport,Soccer,U-12,CINNAMINSON SC THUNDERBIRDS 2013,VINELAND SA UNITED 2013,CINNAMINSON SC - MEMORIAL,,
05/11/2025,15:30,18820566,,GotSport,Soccer,U-13,CHERRY HILL SC ROYALS 2012,WINSLOW GREEN DRAGONS 2012,CHSC - CH WEST HS,,
05/11/2025,15:30,18683062,,GotSport,Soccer,U-19,GATEWAY UNITED SOCCER CLUB GUSC WARRIORS B2006,HARRISON TITANS FÚTBOL ACADEMY,GATEWAY UTD. - WESTVILLE,,
05/11/2025,15:30,18815535,,GotSport,Soccer,U-13,MARLTON SC CHIEFS WHITE 2012,BURLINGTON TOWNSHIP SOCCER DRAGONS 2012,MARLTON - MEMORIAL,,
05/11/2025,15:30,18755525,,GotSport,Soccer,U-12,RANCOCAS VALLEY SC 2013 BOYS RONALDO,AUDUBON SOCCER YOUTH WILD WINGS 2013,Rancocas Valley-LUMBERTON MUNICIPAL,,
05/11/2025,15:30,18758665,,GotSport,Soccer,U-8,CAPE EXPRESS CE 2017 BARCA,EGG HARBOR SC EAGLES 2017,CAPE EX SOCCER COMPLEX At Ockie Wisting,,
05/11/2025,15:30,18758664,,GotSport,Soccer,U-8,HADDONFIELD SC THUNDER 2017,PITTSGROVE SOCCER CLUB PSC RAPTORS ‘17,HADDONFIELD - CROWS WOODS,,
05/11/2025,15:30,18720858,,GotSport,Soccer,U-13,TAR-KILL SOCCER CLUB TARKILL LIVERPOOL 2012,PITTSGROVE SOCCER CLUB PSC WARRIORS '12,TARKILL-STERLING HS,,
05/11/2025,15:30,18734139,,GotSport,Soccer,U-14,MEDFORD SC RENEGADES 2011,TBAA TITANS 2011,MEDFORD - BENDE PARK,,
05/11/2025,15:30,18759198,,GotSport,Soccer,U-10,HADDONFIELD SC BLACK 2015 B,WOODSTOWN WILD 2015,HADDONFIELD - CROWS WOODS,,
05/11/2025,15:30,18815476,,GotSport,Soccer,U-14,MOORESTOWN SC BLACK KNIGHTS 2011,DELRAN FC BLAST 2011,MOORESTOWN - MEMORIAL FIELDS,,
05/11/2025,15:30,18760241,,GotSport,Soccer,U-8,DELRAN FC RAPTORS 2017,MOORESTOWN SC HAWKS 2017,DELRAN-DEUTSCH FIELD,,
05/11/2025,15:30,18735680,,GotSport,Soccer,U-8,MANTUA CHAOS 2017,PITTSGROVE SOCCER CLUB PSC PREDATORS ‘17,MANTUA TWP,,
05/11/2025,15:30,18755379,,GotSport,Soccer,U-11,HADDON TWP WHITE HAWKS 2015,TBAA SYNDICATE 2014,,,
05/11/2025,15:30,18701111,,GotSport,Soccer,U-11,CAPE EXPRESS CE ENGINEERS 2014,CINNAMINSON SC CHARGERS 2014,CAPE EX SOCCER COMPLEX At Ockie Wisting,,
05/11/2025,15:30,18761452,,GotSport,Soccer,U-12,MARLTON SC CHIEFS ORANGE 2014,EGG HARBOR SC EAGLES WHITE 2013,MARLTON - MEMORIAL,,
05/11/2025,15:30,18761453,,GotSport,Soccer,U-12,MONROE UNITED 2013,MOUNT LAUREL UNITED (MLU) LIGHTNING 2014,MONROE TWP - CORKERY LANE,,
05/11/2025,15:30,18754956,,GotSport,Soccer,U-13,SWEDESBORO WOOLWICH SOCCER ASSOC. SWSA CYCLONES 2012/2013,MARLTON SC CHIEFS BLACK 2012,SW-Locke Avenue Park,,
05/11/2025,15:30,18761510,,GotSport,Soccer,U-10,SENECA UNITED SC RAPTORS 2015,SJ FUTBOL CLUB RAMS 2015,SENECA - STONEY CREEK FIELDS,,
05/11/2025,15:30,18742823,,GotSport,Soccer,U-10,EDGEWATER PARK ATHLETIC ASSOCIATION EP WARRIORS 2015,WATERFORD ATHLETIC ASSN WINGS 2015,,,
05/11/2025,15:30,18742821,,GotSport,Soccer,U-10,COHANSEY SC DYNAMO 2015,SWEDESBORO WOOLWICH SOCCER ASSOC. SWSA HONEY BADGERS 2015,Cohansey - Cumberland County Tech School,,
05/11/2025,15:30,18754827,,GotSport,Soccer,U-11,FRANKLIN TOWNSHIP YOUTH SOCCER ASSOCIATION KNIGHTS 2014,WEST DEPTFORD SC AVALANCHE 2014,FRANKLIN TWP YOUTH COMPLEX,,
05/11/2025,15:30,18700836,,GotSport,Soccer,U-12,PALMYRA RIVERTON SC HURRICANES 2013,HADDONFIELD SC WHITE 2013,PAL-RIV CHARLES STREET SCHOOL Spring Season,,
05/11/2025,15:30,18755557,,GotSport,Soccer,U-11,MEDFORD SC CAROLINA 2014,MANTUA TOWNSHIP SA OUTLAWS 2014,MEDFORD - BENDE PARK,,
05/11/2025,15:30,18762664,,GotSport,Soccer,U-10,ATLANTIC UNITED PREMIER FIRE 2015 B,HARRISON BLUE REBELS 2015,ATLANTIC - TARTAGLIO,,
05/11/2025,15:30,18700907,,GotSport,Soccer,U-9,CHERRY HILL SC CHERRY HILL SC 72S 2016,PITTSGROVE SOCCER CLUB PSC PRIME WHITE '16,CHSC - UPPER CHAPEL TURF,,
05/11/2025,15:30,18802334,,GotSport,Soccer,U-9,MONROE UNITED 2016 BOYS,CHERRY HILL SC CHERRY HILL SC THUNDER (2016),MONROE TWP - CORKERY LANE,,
05/11/2025,15:30,18754812,,GotSport,Soccer,U-11,HAMILTON ELITE FC PREMIER 2015B,RANCOCAS VALLEY SC RVSC - '14 FOREST,HAMILTON ELITE FC - HICKORY FIELDS,,
05/11/2025,15:30,18770623,,GotSport,Soccer,U-10,LOGAN ARMADA BLACK 2015,BURLINGTON TOWNSHIP SOCCER PHOENIX 2015,LOGAN - TWP LINE,,
05/11/2025,15:30,18793415,,GotSport,Soccer,U-10,WASHINGTON TWP SOCCER CLUB RAPTORS 2015,MILLVILLE PREDATORS 2015,WASHINGTON TWP. - Levy Fields (Virtua),,
05/11/2025,15:30,18763797,,GotSport,Soccer,U-13,WEST DEPTFORD SC WARRIORS 2013,NORTHERN BURLINGTON CELTIC 2012,W DEPTFORD-WD PARK,,
05/11/2025,15:30,18763798,,GotSport,Soccer,U-13,PENNSAUKEN YOUTH SOCCER CLUB TITANS 2012,HIGHLAND YOUTH SOCCER CLUB MUSTANGS 2012,Pennsauken Community Recreation Facility,,
05/11/2025,15:30,18696072,,GotSport,Soccer,U-9,PENNS GROVE SC DRAGONS 2016,WINSLOW KINGS 2016,PG-CP-PED- Carney's Point Rec Center,,
05/11/2025,15:30,18770986,,GotSport,Soccer,U-14,PEMBERTON SC PUNISHERS 2011,HARRISON SC ARSENAL 2011,PEMBERTON - HIGH SCHOOL,,
05/11/2025,15:30,18696070,,GotSport,Soccer,U-9,CINNAMINSON SC CHAOS 2016,FRANKLIN TOWNSHIP YOUTH SOCCER ASSOCIATION JERSEY DEVILS 2016,CINNAMINSON SC - MEMORIAL,,
05/11/2025,15:30,18771403,,GotSport,Soccer,U-10,EGG HARBOR SC EAGLES 2015 BLACK,MOUNT LAUREL UNITED (MLU) SHARKS 2015,Egg Harbor Twp HS,,
05/11/2025,15:30,18793386,,GotSport,Soccer,U-12,HADDONFIELD SC BLACK 2013,CINNAMINSON SC STRIKERS 2013,HADDONFIELD - CROWS WOODS,,
05/11/2025,15:30,18750912,,GotSport,Soccer,U-14,EGG HARBOR SC EAGLES BLACK 2011,HADDONFIELD SC RED 2011,Egg Harbor Twp HS,,
05/11/2025,15:30,18752635,,GotSport,Soccer,U-15,FRANKLIN TOWNSHIP YOUTH SOCCER ASSOCIATION STORM 2010,HADDONFIELD SC WHITE 2010,FRANKLIN TWP YOUTH COMPLEX,,
05/11/2025,15:30,18791906,,GotSport,Soccer,U-10,PITTSGROVE SOCCER CLUB PSC GALAXY '15,MILLVILLE WARRIORS 2015,PITTSGROVE-GREEN BRANCH,,
05/11/2025,15:30,18822578,,GotSport,Soccer,U-9,PALMYRA RIVERTON SC LEGENDARY 2016,HARRISON HURRICANES 2016,PAL-RIV CHARLES STREET SCHOOL Spring Season,,
05/11/2025,15:30,18752478,,GotSport,Soccer,U-9,HIGHLAND YOUTH SOCCER CLUB HAVOK 2016,HADDONFIELD SC GREY 2016,HIGHLAND - GLOUCESTER TWP PARK,,
05/11/2025,15:30,18747942,,GotSport,Soccer,U-11,TBAA REVOLUTION 2014,BORDENTOWN FC UNION 2014,TBAA-VALLEY BROOK,,
05/11/2025,15:30,18687252,,GotSport,Soccer,U-12,VOORHEES COSMOS 2013,EAST GREENWICH SA EGSA PANTHERS 2013,VOORHEES-Echelon Complex,,
05/11/2025,15:30,18695973,,GotSport,Soccer,U-11,PENNSAUKEN YOUTH SOCCER CLUB AVENGERS 2014,MEDFORD STRIKERS 2014 BOYS,Pennsauken Community Recreation Facility,,
05/11/2025,15:30,18792498,,GotSport,Soccer,U-8,MOUNT LAUREL UNITED (MLU) EAGLES 2017,NORTHERN BURLINGTON FORCE 2017,MLU-MARNE HWY,,
05/11/2025,15:30,18772718,,GotSport,Soccer,U-10,MEDFORD SC GOLD 2015,EAST GREENWICH SA EGSA TIGERS 2015,MEDFORD - BENDE PARK,,
05/11/2025,15:30,18687283,,GotSport,Soccer,U-12,TAR-KILL SOCCER CLUB TARKILL KNIGHTS 2013,SJ FUTBOL CLUB SOUNDERS 2013,TARKILL-STERLING HS,,
05/11/2025,15:40,18695876,,GotSport,Soccer,U-14,MAINLAND UNITED SA MUSTANGS WHITE 2011-12 B,RANCOCAS VALLEY SC BOYS 2011 UNITED,MAINLAND - MEMORIAL PARK,,
05/11/2025,15:40,18754993,,GotSport,Soccer,U-13,CINNAMINSON SC SKULLS 2012,NORTHERN BURLINGTON SA BLUES 2013,CINNAMINSON SC - MEMORIAL,,
05/11/2025,15:45,18752476,,GotSport,Soccer,U-9,RANCOCAS VALLEY SC 2016 BOYS UNITED,MILLVILLE THUNDER 2016,Rancocas Valley-LUMBERTON MUNICIPAL,,
05/11/2025,15:45,18821167,,GotSport,Soccer,U-12,EAST GREENWICH SA EGSA DYNAMO 2013,VOORHEES SA RAPTORS 2013,E GREENWICH - THOMPSON FAMILY PARK,,
05/11/2025,15:45,18802335,,GotSport,Soccer,U-9,EAST GREENWICH SA EGSA CHAOS 2016,DELRAN FC UNION 2016,E GREENWICH - THOMPSON FAMILY PARK,,
05/11/2025,15:45,18772002,,GotSport,Soccer,U-10,MAINLAND UNITED SA MUSTANGS BLACK 2015 B,CAPE EXPRESS CE SILVER STREAK 2015,MAINLAND - MEMORIAL PARK,,
05/11/2025,15:45,18772733,,GotSport,Soccer,U-10,DEPTFORD SA THUNDER 2015,HIGHLAND YOUTH SOCCER CLUB STORM 2015,DEPTFORD SC,,
05/11/2025,15:45,18753529,,GotSport,Soccer,U-10,SWEDESBORO WOOLWICH SOCCER ASSOC. SWSA STRIKERS 2015,HARRISON STRIKERS 2015,SW-Locke Avenue Park,,
05/11/2025,15:45,18696018,,GotSport,Soccer,U-12,CHERRY HILL FC 2013 RED HAWKS,HARRISON WOLFPACK 2013,CHFC - DeCOU,,
05/11/2025,15:45,18792496,,GotSport,Soccer,U-8,VOORHEES SA VENOM 2017,HADDON TWP. WHITE HAWKS 2017,VOORHEES-Echelon Complex,,
05/11/2025,15:45,18783312,,GotSport,Soccer,U-9,MEDFORD SC WHITE 2016,GATEWAY UNITED SOCCER CLUB GUSC THUNDER B2016,MEDFORD SC - Bob Meyer Memorial Park,,
05/11/2025,15:45,18762692,,GotSport,Soccer,U-8,MOORESTOWN SC PYTHONS 2017,PITMAN SA PANTHERS 2017,MOORESTOWN - MEMORIAL FIELDS,,
05/11/2025,15:45,18822547,,GotSport,Soccer,U-9,COLLINGSWOOD OAKLYN SOCCER CLUB SPARTANS 2016,FRANKLIN TOWNSHIP YOUTH SOCCER ASSOCIATION UNITED 2016,COSC- Oaklyn Public School,,
05/11/2025,15:50,18783582,,GotSport,Soccer,U-13,PALMYRA RIVERTON SC YOUNGBLOODS 2013,LOGAN FUSION 2012,PAL-RIV - LEGION FIELD 11v11,,
05/11/2025,16:00,18793461,,GotSport,Soccer,U-9,AUDUBON 2016 BOYS,HADDON TWP WHITE HAWKS 2016,AUDUBON PARK FIELD,,
05/11/2025,16:00,18747979,,GotSport,Soccer,U-11,CHERRY HILL SC CHERRY HILL SC WHITE (2014),MOORESTOWN SC WOLVERINES 2014,CHSC - UPPER CHAPEL TURF,,
05/11/2025,16:00,18821153,,GotSport,Soccer,U-12,UPPER TOWNSHIP SA CYCLONES 2013,DEPTFORD SA TORNADOES 2013,UPPER TWP-Amanda's Field Complex,,
05/11/2025,16:15,18748993,,GotSport,Soccer,U-8,WOODBURY WARRIORS,MAPLE SHADE CHAOS 2017,WOODBURY,,
05/13/2025,18:30,18685828,,GotSport,Soccer,U-14,MOUNT LAUREL UNITED (MLU) FLASH 2011,DEPTFORD SA TORNADOES 2011,MLU-TROTTERS,,
05/16/2025,19:00,18755573,,GotSport,Soccer,U-10,VOORHEES SA COBRAS 2015,CINNAMINSON SC PRIME 2015,VOORHEES-Echelon Complex,,
05/18/2025,11:00,18687243,,GotSport,Soccer,U-12,HIGHLAND YOUTH SOCCER CLUB CHAOS 2013,VOORHEES COSMOS 2013,HIGHLAND - GLOUCESTER TWP PARK,,
05/18/2025,11:00,18683041,,GotSport,Soccer,U-19,MAINLAND UNITED SA MUSTANGS 2009 B,HIGHLAND YOUTH SOCCER CLUB FUSION,MAINLAND - MEMORIAL PARK,,
05/18/2025,12:00,18756988,,GotSport,Soccer,U-10,MEDFORD SC WHITE 2015,MEDFORD STRIKERS 2015 BOYS,MEDFORD SC - Bob Meyer Memorial Park,,
05/18/2025,12:15,18683050,,GotSport,Soccer,U-19,HIGHLAND YOUTH SOCCER CLUB GALAXY 2008,PALMYRA RIVERTON SC LEGACY 2006,HIGHLAND - GLOUCESTER TWP PARK,,
05/18/2025,12:30,18783284,,GotSport,Soccer,U-9,SWEDESBORO WOOLWICH SOCCER ASSOC. SWSA HAVOC 2016,TBAA KNIGHTS 2016,SW-Locke Avenue Park,,
05/18/2025,12:30,18695869,,GotSport,Soccer,U-14,RANCOCAS VALLEY SC BOYS 2011 UNITED,PENNS GROVE SC RAGE 2011,Rancocas Valley-LUMBERTON MUNICIPAL,,
05/18/2025,12:30,18734112,,GotSport,Soccer,U-14,SWEDESBORO WOOLWICH SOCCER ASSOC. SWSA RED FLAMES 2011,MEDFORD SC RENEGADES 2011,SW-Locke Avenue Park,,
05/18/2025,13:00,18772009,,GotSport,Soccer,U-10,UPPER TOWNSHIP SA COMETS GREEN 2015,HIGHLAND YOUTH SOCCER CLUB LIGHTNING 2015,UPPER TWP-Amanda's Field Complex,,
05/18/2025,13:00,18759185,,GotSport,Soccer,U-10,WOODSTOWN WILD 2015,MAINLAND UNITED SA MUSTANGS RED 2015 B,WOODSTOWN,,
05/18/2025,13:00,18758643,,GotSport,Soccer,U-8,MAINLAND UNITED SA MUSTANGS RED 2017 B,CAPE EXPRESS CE 2017 BARCA,MAINLAND - MEMORIAL PARK,,
05/18/2025,13:00,18783304,,GotSport,Soccer,U-9,TBAA KNIGHTS 2016,BORDENTOWN FC REVOLUTION 2016,TBAA-VALLEY BROOK,,
05/18/2025,13:00,18772725,,GotSport,Soccer,U-10,MOORESTOWN SC HORNETS 2015,HIGHLAND YOUTH SOCCER CLUB STORM 2015,MOORESTOWN - MEMORIAL FIELDS,,
05/18/2025,13:00,18792462,,GotSport,Soccer,U-8,NORTHERN BURLINGTON FORCE 2017,MOUNT LAUREL UNITED (MLU) EAGLES 2017,NB- MANSFIELD TOWNSHIP ELEMENTARY SCHOOL,,
05/18/2025,13:00,18701088,,GotSport,Soccer,U-11,PITTSGROVE SOCCER CLUB PSC PHANTOMS '14,UPPER TOWNSHIP SA HURRICANES WHITE 2014,PITTSGROVE-GREEN BRANCH,,
05/18/2025,13:00,18758194,,GotSport,Soccer,U-14,PENNSAUKEN YOUTH SOCCER CLUB WARRIORS 2011,CINNAMINSON SC VIPERS 2011,Pennsauken Community Recreation Facility,,
05/18/2025,13:00,18772755,,GotSport,Soccer,U-11,LOGAN CHARGE BLACK 2014,HIGHLAND YOUTH SOCCER CLUB THUNDER 2014,LOGAN - TWP LINE,,
05/18/2025,13:00,18761443,,GotSport,Soccer,U-12,CAPE EXPRESS AVENGERS 2013,MARLTON SC CHIEFS ORANGE 2014,CAPE EX SOCCER COMPLEX At Ockie Wisting,,
05/18/2025,13:00,18818830,,GotSport,Soccer,U-15,ATLANTIC UNITED PREMIER STRIKERS 2010/11 B,WOODSTOWN WOLVERINES 2010,ATLANTIC - TARTAGLIO,,
05/18/2025,13:00,18685840,,GotSport,Soccer,U-14,DEPTFORD SA TORNADOES 2011,CHERRY HILL SC CHAOS 2011,DEPTFORD SC,,
05/18/2025,13:00,18769279,,GotSport,Soccer,U-13,VINELAND SA JERSEY BOYZ 2012,HIGHLAND YOUTH SOCCER CLUB FORCE 2012,VINELAND SA,,
05/18/2025,13:15,18761492,,GotSport,Soccer,U-10,MEDFORD SC COLUMBIA 2015,SJ FUTBOL CLUB RAMS 2015,MEDFORD SC - Bob Meyer Memorial Park,,
05/18/2025,14:00,18793451,,GotSport,Soccer,U-9,SWEDESBORO WOOLWICH SOCCER ASSOC. SWSA VENOM 2016,HADDON TWP WHITE HAWKS 2016,SW-Locke Avenue Park,,
05/18/2025,14:00,18685412,,GotSport,Soccer,U-19,SWEDESBORO WOOLWICH SOCCER ASSOC. SWSA SCORPIONS 2008,MILLVILLE PHANTOMS 2007,SW-Locke Avenue Park,,
05/18/2025,14:00,18769265,,GotSport,Soccer,U-13,HIGHLAND YOUTH SOCCER CLUB FORCE 2012,VINELAND SA JERSEY BOYZ 2012,HIGHLAND - GLOUCESTER TWP PARK,,
05/18/2025,14:00,18793222,,GotSport,Soccer,U-11,NORTHERN BURLINGTON JACKALS 2015,BURLINGTON TOWNSHIP SOCCER DYNAMITE 2014,NB- MANSFIELD TOWNSHIP ELEMENTARY SCHOOL,,
05/18/2025,14:15,18742807,,GotSport,Soccer,U-10,MAINLAND UNITED SA MUSTANGS WHITE 2015-16 B,MANTUA VIPERS 2015-2016,MAINLAND - MEMORIAL PARK,,
05/18/2025,14:30,18756997,,GotSport,Soccer,U-10,VINELAND AVENGERS 2015,MEDFORD SC WHITE 2015,VINELAND SA,,
05/18/2025,14:30,18783287,,GotSport,Soccer,U-9,MEDFORD SC WHITE 2016,CAPE EXPRESS CE NOR'EASTERS 2016,MEDFORD SC - Bob Meyer Memorial Park,,
05/18/2025,14:45,18783504,,GotSport,Soccer,U-9,ATLANTIC UNITED PREMIER RED 2016/2017 B,GATEWAY UNITED SOCCER CLUB GUSC GATORS B2016/2017,ATLANTIC - TARTAGLIO,,
05/18/2025,15:30,18772719,,GotSport,Soccer,U-10,SWEDESBORO WOOLWICH SOCCER ASSOC. SWSA GUNNERS 2015,EAST GREENWICH SA EGSA TIGERS 2015,SW-Locke Avenue Park,,
05/18/2025,15:30,18720611,,GotSport,Soccer,U-9,MAINLAND UNITED SA MUSTANGS RED 2016 B,ATLANTIC UNITED PREMIER BLACK 2016 B,MAINLAND - MEMORIAL PARK,,
05/18/2025,15:30,18763774,,GotSport,Soccer,U-13,HIGHLAND YOUTH SOCCER CLUB MUSTANGS 2012,HADDONFIELD SC BLACK 2012,HIGHLAND - GLOUCESTER TWP PARK,,
05/18/2025,15:45,18760715,,GotSport,Soccer,U-9,MEDFORD SC COLUMBIA 2016,HIGHLAND YOUTH SOCCER CLUB MAYHEM,MEDFORD SC - Bob Meyer Memorial Park,,
